date,channel,spend,impressions,clicks
2024-02-01,Meta Ads,190.86,16698,499
2024-02-01,Google Ads,162.76,21563,638
2024-02-01,Influencer,69.05,7102,208
2024-02-01,Organic/SEO,11.26,1557,44
2024-02-01,Email/Referral,5.23,694,8
2024-02-02,Meta Ads,141.18,17516,553
2024-02-02,Google Ads,153.27,14919,280
2024-02-02,Influencer,81.52,8119,130
2024-02-02,Organic/SEO,14.13,1893,33
2024-02-02,Email/Referral,7.8,1016,29
2024-02-03,Meta Ads,226.53,20372,277
2024-02-03,Google Ads,153.73,17965,395
2024-02-03,Influencer,95.34,8659,190
2024-02-03,Organic/SEO,14.87,1575,42
2024-02-03,Email/Referral,11.77,1177,20
2024-02-04,Meta Ads,170.38,13866,370
2024-02-04,Google Ads,181.06,18337,204
2024-02-04,Influencer,116.29,11143,146
2024-02-04,Organic/SEO,10.55,1311,22
2024-02-04,Email/Referral,13.62,1429,18
2024-02-05,Meta Ads,161.67,19964,505
2024-02-05,Google Ads,115.78,10396,270
2024-02-05,Influencer,106.92,10795,268
2024-02-05,Organic/SEO,7.56,746,7
2024-02-05,Email/Referral,16.52,1719,52
2024-02-06,Meta Ads,202.5,26269,450
2024-02-06,Google Ads,121.66,16827,470
2024-02-06,Influencer,108.04,8728,164
2024-02-06,Organic/SEO,16.14,1366,33
2024-02-06,Email/Referral,11.44,927,14
2024-02-07,Meta Ads,156.76,13592,350
2024-02-07,Google Ads,126.82,12258,397
2024-02-07,Influencer,88.22,9133,256
2024-02-07,Organic/SEO,18.64,1519,32
2024-02-07,Email/Referral,14.16,1403,41
2024-02-08,Meta Ads,230.92,31544,525
2024-02-08,Google Ads,125.37,17232,369
2024-02-08,Influencer,74.25,9089,155
2024-02-08,Organic/SEO,9.01,1196,16
2024-02-08,Email/Referral,5.97,574,14
2024-02-09,Meta Ads,139.29,15084,387
2024-02-09,Google Ads,181.39,17012,517
2024-02-09,Influencer,75.68,9127,189
2024-02-09,Organic/SEO,6.72,825,12
2024-02-09,Email/Referral,7.65,776,20
2024-02-10,Meta Ads,151.27,13768,141
2024-02-10,Google Ads,147.45,15588,247
2024-02-10,Influencer,65.9,6969,207
2024-02-10,Organic/SEO,15.73,2070,21
2024-02-10,Email/Referral,19.5,1959,68
2024-02-11,Meta Ads,153.28,16599,312
2024-02-11,Google Ads,137.02,17886,512
2024-02-11,Influencer,116.58,13617,293
2024-02-11,Organic/SEO,6.35,887,21
2024-02-11,Email/Referral,15.51,1619,38
2024-02-12,Meta Ads,227.8,20498,354
2024-02-12,Google Ads,118.69,15136,174
2024-02-12,Influencer,67.41,6600,150
2024-02-12,Organic/SEO,11.09,917,31
2024-02-12,Email/Referral,19.29,1866,52
2024-02-13,Meta Ads,188.49,17764,294
2024-02-13,Google Ads,149.2,15689,271
2024-02-13,Influencer,106.61,11608,306
2024-02-13,Organic/SEO,7.84,878,15
2024-02-13,Email/Referral,12.9,1636,47
2024-02-14,Meta Ads,164.26,19983,670
2024-02-14,Google Ads,161.31,14341,387
2024-02-14,Influencer,68.66,9085,208
2024-02-14,Organic/SEO,10.78,899,17
2024-02-14,Email/Referral,18.55,1507,32
2024-02-15,Meta Ads,226.57,23493,486
2024-02-15,Google Ads,157.07,16928,240
2024-02-15,Influencer,64.0,7461,246
2024-02-15,Organic/SEO,6.6,611,11
2024-02-15,Email/Referral,17.13,1647,52
2024-02-16,Meta Ads,131.94,18004,432
2024-02-16,Google Ads,164.29,16767,495
2024-02-16,Influencer,71.99,5970,118
2024-02-16,Organic/SEO,17.81,2231,51
2024-02-16,Email/Referral,13.58,1192,36
2024-02-17,Meta Ads,210.99,25189,545
2024-02-17,Google Ads,191.8,25459,664
2024-02-17,Influencer,83.08,9727,237
2024-02-17,Organic/SEO,10.91,1073,21
2024-02-17,Email/Referral,13.61,1438,23
2024-02-18,Meta Ads,208.18,23292,272
2024-02-18,Google Ads,138.15,18387,531
2024-02-18,Influencer,80.46,10965,130
2024-02-18,Organic/SEO,19.42,1839,18
2024-02-18,Email/Referral,11.51,1168,27
2024-02-19,Meta Ads,212.05,27682,554
2024-02-19,Google Ads,143.69,12772,142
2024-02-19,Influencer,97.63,8187,232
2024-02-19,Organic/SEO,13.09,1203,28
2024-02-19,Email/Referral,7.74,822,24
2024-02-20,Meta Ads,175.89,15640,439
2024-02-20,Google Ads,121.81,15142,332
2024-02-20,Influencer,87.5,11470,317
2024-02-20,Organic/SEO,5.49,536,17
2024-02-20,Email/Referral,5.27,594,16
2024-02-21,Meta Ads,193.16,24267,682
2024-02-21,Google Ads,167.28,21628,565
2024-02-21,Influencer,84.73,9177,256
2024-02-21,Organic/SEO,18.14,1747,32
2024-02-21,Email/Referral,18.96,2174,31
2024-02-22,Meta Ads,197.68,27565,843
2024-02-22,Google Ads,172.12,15918,507
2024-02-22,Influencer,91.39,12187,222
2024-02-22,Organic/SEO,5.93,643,10
2024-02-22,Email/Referral,15.73,2161,58
2024-02-23,Meta Ads,221.79,23771,696
2024-02-23,Google Ads,180.87,22184,503
2024-02-23,Influencer,96.8,11812,192
2024-02-23,Organic/SEO,17.14,2348,50
2024-02-23,Email/Referral,15.52,1927,51
2024-02-24,Meta Ads,185.09,24598,522
2024-02-24,Google Ads,110.5,14439,387
2024-02-24,Influencer,108.86,9613,103
2024-02-24,Organic/SEO,19.02,1690,51
2024-02-24,Email/Referral,17.35,2125,28
2024-02-25,Meta Ads,198.08,26413,545
2024-02-25,Google Ads,142.22,15156,182
2024-02-25,Influencer,111.17,14691,513
2024-02-25,Organic/SEO,13.78,1723,25
2024-02-25,Email/Referral,15.01,1785,58
2024-02-26,Meta Ads,215.73,29405,932
2024-02-26,Google Ads,183.18,15354,478
2024-02-26,Influencer,95.8,9850,112
2024-02-26,Organic/SEO,15.17,1512,32
2024-02-26,Email/Referral,15.23,2051,62
2024-02-27,Meta Ads,174.66,18036,288
2024-02-27,Google Ads,138.52,12004,411
2024-02-27,Influencer,93.99,8239,155
2024-02-27,Organic/SEO,13.21,1479,16
2024-02-27,Email/Referral,19.26,1859,19
2024-02-28,Meta Ads,134.26,15414,207
2024-02-28,Google Ads,108.76,11178,285
2024-02-28,Influencer,69.04,6821,139
2024-02-28,Organic/SEO,7.39,815,9
2024-02-28,Email/Referral,5.7,633,10
2024-02-29,Meta Ads,136.3,14370,472
2024-02-29,Google Ads,170.18,21942,697
2024-02-29,Influencer,115.52,14531,366
2024-02-29,Organic/SEO,10.48,952,25
2024-02-29,Email/Referral,19.92,2152,60
2024-03-01,Meta Ads,179.47,19008,385
2024-03-01,Google Ads,150.42,15344,440
2024-03-01,Influencer,110.21,14654,229
2024-03-01,Organic/SEO,18.44,1853,32
2024-03-01,Email/Referral,15.9,1562,17
2024-03-02,Meta Ads,166.35,20508,372
2024-03-02,Google Ads,161.66,19335,548
2024-03-02,Influencer,111.45,11808,167
2024-03-02,Organic/SEO,9.78,1035,28
2024-03-02,Email/Referral,5.2,514,15
2024-03-03,Meta Ads,198.45,24588,744
2024-03-03,Google Ads,175.49,21222,445
2024-03-03,Influencer,116.11,13253,199
2024-03-03,Organic/SEO,9.39,1141,37
2024-03-03,Email/Referral,7.68,652,20
2024-03-04,Meta Ads,224.85,21716,421
2024-03-04,Google Ads,164.42,16408,523
2024-03-04,Influencer,68.81,5661,86
2024-03-04,Organic/SEO,9.29,806,9
2024-03-04,Email/Referral,16.33,1467,48
2024-03-05,Meta Ads,165.74,19927,311
2024-03-05,Google Ads,126.63,14496,348
2024-03-05,Influencer,104.51,13112,350
2024-03-05,Organic/SEO,11.74,1566,40
2024-03-05,Email/Referral,19.85,2563,28
2024-03-06,Meta Ads,160.62,18360,514
2024-03-06,Google Ads,154.53,19651,335
2024-03-06,Influencer,72.93,6070,147
2024-03-06,Organic/SEO,15.33,1526,38
2024-03-06,Email/Referral,5.78,496,13
2024-03-07,Meta Ads,165.75,19936,613
2024-03-07,Google Ads,181.74,16416,363
2024-03-07,Influencer,102.63,12976,384
2024-03-07,Organic/SEO,8.42,770,19
2024-03-07,Email/Referral,16.12,1598,20
2024-03-08,Meta Ads,203.41,19930,282
2024-03-08,Google Ads,118.3,11699,290
2024-03-08,Influencer,82.35,6690,83
2024-03-08,Organic/SEO,9.36,1119,13
2024-03-08,Email/Referral,13.41,1169,17
2024-03-09,Meta Ads,144.6,12151,325
2024-03-09,Google Ads,146.71,19052,237
2024-03-09,Influencer,70.82,6967,203
2024-03-09,Organic/SEO,9.59,1002,17
2024-03-09,Email/Referral,6.2,845,20
2024-03-10,Meta Ads,211.09,25225,576
2024-03-10,Google Ads,113.07,13406,186
2024-03-10,Influencer,85.38,10053,297
2024-03-10,Organic/SEO,15.28,1838,25
2024-03-10,Email/Referral,10.19,841,23
2024-03-11,Meta Ads,228.88,21937,267
2024-03-11,Google Ads,147.8,19421,462
2024-03-11,Influencer,65.53,9073,278
2024-03-11,Organic/SEO,6.97,943,20
2024-03-11,Email/Referral,10.58,1139,35
2024-03-12,Meta Ads,197.22,16478,559
2024-03-12,Google Ads,118.3,14756,382
2024-03-12,Influencer,73.13,6599,209
2024-03-12,Organic/SEO,11.3,1347,30
2024-03-12,Email/Referral,15.91,1730,29
2024-03-13,Meta Ads,165.25,21737,471
2024-03-13,Google Ads,124.21,16902,505
2024-03-13,Influencer,66.01,9237,252
2024-03-13,Organic/SEO,7.4,697,19
2024-03-13,Email/Referral,16.7,1575,25
2024-03-14,Meta Ads,159.17,18444,263
2024-03-14,Google Ads,114.38,13809,407
2024-03-14,Influencer,90.05,9169,190
2024-03-14,Organic/SEO,10.83,1490,43
2024-03-14,Email/Referral,8.12,836,19
2024-03-15,Meta Ads,192.2,20775,628
2024-03-15,Google Ads,174.08,19202,602
2024-03-15,Influencer,103.56,13122,444
2024-03-15,Organic/SEO,9.0,864,27
2024-03-15,Email/Referral,16.58,2248,26
2024-03-16,Meta Ads,193.8,17185,388
2024-03-16,Google Ads,119.02,10436,107
2024-03-16,Influencer,97.03,9852,124
2024-03-16,Organic/SEO,9.84,886,29
2024-03-16,Email/Referral,9.8,980,30
2024-03-17,Meta Ads,195.96,24026,622
2024-03-17,Google Ads,190.16,17574,610
2024-03-17,Influencer,107.87,12441,330
2024-03-17,Organic/SEO,14.73,1230,19
2024-03-17,Email/Referral,19.42,2176,42
2024-03-18,Meta Ads,208.3,23219,239
2024-03-18,Google Ads,171.26,21224,299
2024-03-18,Influencer,114.66,10713,229
2024-03-18,Organic/SEO,6.72,780,15
2024-03-18,Email/Referral,10.3,1335,13
2024-03-19,Meta Ads,212.18,24249,840
2024-03-19,Google Ads,158.05,13169,148
2024-03-19,Influencer,110.69,14442,269
2024-03-19,Organic/SEO,14.27,1560,53
2024-03-19,Email/Referral,19.25,2676,84
2024-03-20,Meta Ads,224.23,20861,642
2024-03-20,Google Ads,168.8,23255,564
2024-03-20,Influencer,67.6,7831,212
2024-03-20,Organic/SEO,8.3,860,21
2024-03-20,Email/Referral,10.61,1087,14
2024-03-21,Meta Ads,227.6,28456,285
2024-03-21,Google Ads,173.91,21632,221
2024-03-21,Influencer,82.96,9656,205
2024-03-21,Organic/SEO,16.67,1759,24
2024-03-21,Email/Referral,19.65,1857,51
2024-03-22,Meta Ads,141.46,14109,297
2024-03-22,Google Ads,122.3,13085,182
2024-03-22,Influencer,93.19,11166,129
2024-03-22,Organic/SEO,18.07,1646,25
2024-03-22,Email/Referral,14.92,1613,36
2024-03-23,Meta Ads,139.84,17947,456
2024-03-23,Google Ads,117.18,12003,363
2024-03-23,Influencer,93.69,8105,156
2024-03-23,Organic/SEO,8.64,959,29
2024-03-23,Email/Referral,11.54,1223,39
2024-03-24,Meta Ads,188.23,21452,354
2024-03-24,Google Ads,159.7,18294,364
2024-03-24,Influencer,116.5,15484,445
2024-03-24,Organic/SEO,13.06,1406,20
2024-03-24,Email/Referral,9.59,1212,25
2024-03-25,Meta Ads,221.29,19667,446
2024-03-25,Google Ads,163.23,18120,584
2024-03-25,Influencer,116.44,10124,134
2024-03-25,Organic/SEO,6.95,840,16
2024-03-25,Email/Referral,16.0,1669,42
2024-03-26,Meta Ads,209.14,23610,554
2024-03-26,Google Ads,112.94,11818,279
2024-03-26,Influencer,87.95,11789,385
2024-03-26,Organic/SEO,17.33,1776,49
2024-03-26,Email/Referral,10.93,1026,19
2024-03-27,Meta Ads,133.66,13353,287
2024-03-27,Google Ads,190.99,18870,614
2024-03-27,Influencer,75.36,6892,158
2024-03-27,Organic/SEO,15.09,1247,19
2024-03-27,Email/Referral,11.84,1182,32
2024-03-28,Meta Ads,181.21,16240,525
2024-03-28,Google Ads,131.36,16271,479
2024-03-28,Influencer,115.01,12640,321
2024-03-28,Organic/SEO,10.02,1209,26
2024-03-28,Email/Referral,11.56,1518,17
2024-03-29,Meta Ads,221.25,29011,657
2024-03-29,Google Ads,149.12,15166,528
2024-03-29,Influencer,69.0,7963,215
2024-03-29,Organic/SEO,19.01,2410,62
2024-03-29,Email/Referral,6.75,691,9
2024-03-30,Meta Ads,221.17,27641,799
2024-03-30,Google Ads,163.7,18076,248
2024-03-30,Influencer,80.8,7127,200
2024-03-30,Organic/SEO,7.4,903,24
2024-03-30,Email/Referral,11.89,1047,18
2024-03-31,Meta Ads,160.57,19593,251
2024-03-31,Google Ads,179.62,22571,330
2024-03-31,Influencer,101.83,12230,351
2024-03-31,Organic/SEO,7.83,700,11
2024-03-31,Email/Referral,10.49,1338,38
2024-04-01,Meta Ads,225.95,18870,194
2024-04-01,Google Ads,167.92,16247,298
2024-04-01,Influencer,92.53,7970,207
2024-04-01,Organic/SEO,9.88,1165,35
2024-04-01,Email/Referral,7.57,1028,23
2024-04-02,Meta Ads,225.68,20867,524
2024-04-02,Google Ads,141.35,17874,449
2024-04-02,Influencer,89.7,12089,234
2024-04-02,Organic/SEO,8.3,966,24
2024-04-02,Email/Referral,11.59,1265,42
2024-04-03,Meta Ads,205.13,17771,271
2024-04-03,Google Ads,192.8,23827,783
2024-04-03,Influencer,79.41,9887,275
2024-04-03,Organic/SEO,9.42,1064,27
2024-04-03,Email/Referral,12.22,1584,48
2024-04-04,Meta Ads,217.86,27930,620
2024-04-04,Google Ads,139.33,18096,402
2024-04-04,Influencer,76.3,8426,114
2024-04-04,Organic/SEO,15.37,1539,25
2024-04-04,Email/Referral,19.35,2449,72
2024-04-05,Meta Ads,193.36,25204,730
2024-04-05,Google Ads,158.89,21873,323
2024-04-05,Influencer,113.94,11859,275
2024-04-05,Organic/SEO,6.84,768,19
2024-04-05,Email/Referral,19.97,2766,94
2024-04-06,Meta Ads,163.63,22822,488
2024-04-06,Google Ads,181.67,16891,382
2024-04-06,Influencer,115.16,15756,426
2024-04-06,Organic/SEO,16.97,1537,43
2024-04-06,Email/Referral,14.27,1219,15
2024-04-07,Meta Ads,137.71,17001,230
2024-04-07,Google Ads,147.1,14918,354
2024-04-07,Influencer,101.15,12247,280
2024-04-07,Organic/SEO,11.97,1243,39
2024-04-07,Email/Referral,9.96,951,27
2024-04-08,Meta Ads,164.85,21565,392
2024-04-08,Google Ads,168.18,13909,273
2024-04-08,Influencer,81.53,10517,359
2024-04-08,Organic/SEO,11.91,1542,42
2024-04-08,Email/Referral,19.51,2510,29
2024-04-09,Meta Ads,203.03,22765,237
2024-04-09,Google Ads,127.62,17267,572
2024-04-09,Influencer,106.14,14743,444
2024-04-09,Organic/SEO,5.15,500,5
2024-04-09,Email/Referral,6.41,596,13
2024-04-10,Meta Ads,217.53,28652,727
2024-04-10,Google Ads,188.54,20740,668
2024-04-10,Influencer,87.52,8457,278
2024-04-10,Organic/SEO,10.82,1192,21
2024-04-10,Email/Referral,14.94,2087,22
2024-04-11,Meta Ads,223.18,17906,342
2024-04-11,Google Ads,120.17,15074,169
2024-04-11,Influencer,92.89,9074,121
2024-04-11,Organic/SEO,16.58,1542,24
2024-04-11,Email/Referral,9.13,1051,27
2024-04-12,Meta Ads,127.9,12088,251
2024-04-12,Google Ads,134.88,17945,532
2024-04-12,Influencer,96.8,9707,267
2024-04-12,Organic/SEO,17.65,2041,60
2024-04-12,Email/Referral,16.24,1856,33
2024-04-13,Meta Ads,206.54,19085,562
2024-04-13,Google Ads,177.41,22944,500
2024-04-13,Influencer,73.39,6310,180
2024-04-13,Organic/SEO,18.29,2177,29
2024-04-13,Email/Referral,19.02,2650,55
2024-04-14,Meta Ads,190.24,24090,684
2024-04-14,Google Ads,192.1,16692,409
2024-04-14,Influencer,100.36,13388,426
2024-04-14,Organic/SEO,19.67,2177,66
2024-04-14,Email/Referral,11.41,1201,19
2024-04-15,Meta Ads,214.37,29829,489
2024-04-15,Google Ads,110.05,14189,361
2024-04-15,Influencer,114.82,10923,128
2024-04-15,Organic/SEO,12.39,1054,17
2024-04-15,Email/Referral,6.89,643,8
2024-04-16,Meta Ads,229.02,22149,467
2024-04-16,Google Ads,185.88,22424,570
2024-04-16,Influencer,101.1,13115,418
2024-04-16,Organic/SEO,14.64,1952,45
2024-04-16,Email/Referral,9.16,1216,28
2024-04-17,Meta Ads,223.86,18448,367
2024-04-17,Google Ads,190.3,18074,606
2024-04-17,Influencer,114.51,15221,366
2024-04-17,Organic/SEO,14.7,1943,57
2024-04-17,Email/Referral,14.45,2007,54
2024-04-18,Meta Ads,231.35,19304,260
2024-04-18,Google Ads,145.63,15013,443
2024-04-18,Influencer,71.67,9931,177
2024-04-18,Organic/SEO,11.43,1102,26
2024-04-18,Email/Referral,5.88,523,14
2024-04-19,Meta Ads,146.14,13756,410
2024-04-19,Google Ads,113.4,12048,127
2024-04-19,Influencer,81.73,9966,122
2024-04-19,Organic/SEO,18.33,2466,31
2024-04-19,Email/Referral,19.86,1943,23
2024-04-20,Meta Ads,126.55,13225,340
2024-04-20,Google Ads,134.9,17564,490
2024-04-20,Influencer,81.91,10161,340
2024-04-20,Organic/SEO,6.4,629,13
2024-04-20,Email/Referral,12.47,1403,24
2024-04-21,Meta Ads,198.06,23510,574
2024-04-21,Google Ads,115.24,12517,236
2024-04-21,Influencer,89.52,12113,266
2024-04-21,Organic/SEO,5.21,553,16
2024-04-21,Email/Referral,16.7,1850,30
2024-04-22,Meta Ads,176.23,20058,701
2024-04-22,Google Ads,162.98,19827,441
2024-04-22,Influencer,82.14,10577,236
2024-04-22,Organic/SEO,19.92,2139,25
2024-04-22,Email/Referral,15.24,1261,20
2024-04-23,Meta Ads,164.2,20421,456
2024-04-23,Google Ads,107.58,12588,255
2024-04-23,Influencer,112.78,12402,343
2024-04-23,Organic/SEO,8.28,1040,29
2024-04-23,Email/Referral,18.56,1522,32
2024-04-24,Meta Ads,199.35,17086,346
2024-04-24,Google Ads,189.79,20147,697
2024-04-24,Influencer,66.07,8131,199
2024-04-24,Organic/SEO,12.51,1729,22
2024-04-24,Email/Referral,18.44,2239,36
2024-04-25,Meta Ads,223.38,23624,717
2024-04-25,Google Ads,140.0,18347,475
2024-04-25,Influencer,70.62,8402,124
2024-04-25,Organic/SEO,11.18,1008,10
2024-04-25,Email/Referral,8.18,917,20
2024-04-26,Meta Ads,180.16,17090,463
2024-04-26,Google Ads,168.38,17086,547
2024-04-26,Influencer,97.78,12005,203
2024-04-26,Organic/SEO,5.01,660,20
2024-04-26,Email/Referral,6.85,701,18
2024-04-27,Meta Ads,196.43,25854,349
2024-04-27,Google Ads,143.69,12333,243
2024-04-27,Influencer,63.82,8545,198
2024-04-27,Organic/SEO,17.75,1483,23
2024-04-27,Email/Referral,8.89,917,27
2024-04-28,Meta Ads,167.75,15479,179
2024-04-28,Google Ads,112.15,14086,297
2024-04-28,Influencer,102.21,12360,165
2024-04-28,Organic/SEO,7.14,894,25
2024-04-28,Email/Referral,10.67,903,9
2024-04-29,Meta Ads,157.12,12656,199
2024-04-29,Google Ads,142.76,12460,157
2024-04-29,Influencer,111.41,12826,427
2024-04-29,Organic/SEO,10.19,1229,18
2024-04-29,Email/Referral,14.28,1253,12
2024-04-30,Meta Ads,226.61,25673,851
2024-04-30,Google Ads,135.04,13459,269
2024-04-30,Influencer,101.13,11523,381
2024-04-30,Organic/SEO,5.38,659,12
2024-04-30,Email/Referral,7.7,851,19
2024-05-01,Meta Ads,140.8,12969,262
2024-05-01,Google Ads,141.79,14044,192
2024-05-01,Influencer,63.24,8740,293
2024-05-01,Organic/SEO,12.25,1711,45
2024-05-01,Email/Referral,6.03,524,17
2024-05-02,Meta Ads,194.05,25341,822
2024-05-02,Google Ads,145.31,12047,177
2024-05-02,Influencer,66.59,6081,123
2024-05-02,Organic/SEO,6.77,609,12
2024-05-02,Email/Referral,10.1,1091,22
2024-05-03,Meta Ads,195.6,26646,338
2024-05-03,Google Ads,113.93,14944,338
2024-05-03,Influencer,104.39,9700,297
2024-05-03,Organic/SEO,18.86,2227,28
2024-05-03,Email/Referral,18.43,2350,67
2024-05-04,Meta Ads,129.97,16628,223
2024-05-04,Google Ads,125.01,14329,238
2024-05-04,Influencer,98.71,11498,146
2024-05-04,Organic/SEO,14.84,2009,28
2024-05-04,Email/Referral,13.96,1403,30
2024-05-05,Meta Ads,157.0,15895,170
2024-05-05,Google Ads,193.34,22715,511
2024-05-05,Influencer,83.72,9406,183
2024-05-05,Organic/SEO,10.4,1121,18
2024-05-05,Email/Referral,7.7,873,27
2024-05-06,Meta Ads,142.51,11680,188
2024-05-06,Google Ads,193.17,25059,623
2024-05-06,Influencer,113.18,12078,417
2024-05-06,Organic/SEO,9.44,891,23
2024-05-06,Email/Referral,10.67,1254,22
2024-05-07,Meta Ads,192.74,18608,209
2024-05-07,Google Ads,187.09,24881,852
2024-05-07,Influencer,101.69,12300,294
2024-05-07,Organic/SEO,6.89,629,10
2024-05-07,Email/Referral,18.35,1658,54
2024-05-08,Meta Ads,182.46,22430,286
2024-05-08,Google Ads,129.21,17767,295
2024-05-08,Influencer,79.01,7257,95
2024-05-08,Organic/SEO,8.5,1007,21
2024-05-08,Email/Referral,13.31,1162,34
2024-05-09,Meta Ads,210.68,17127,335
2024-05-09,Google Ads,111.19,14179,403
2024-05-09,Influencer,111.71,10521,225
2024-05-09,Organic/SEO,7.77,794,18
2024-05-09,Email/Referral,5.8,712,16
2024-05-10,Meta Ads,215.53,20757,676
2024-05-10,Google Ads,194.88,26339,775
2024-05-10,Influencer,106.87,12228,180
2024-05-10,Organic/SEO,15.16,1861,64
2024-05-10,Email/Referral,13.12,1263,34
2024-05-11,Meta Ads,231.77,21005,381
2024-05-11,Google Ads,153.77,13872,146
2024-05-11,Influencer,81.2,10712,118
2024-05-11,Organic/SEO,11.43,1437,48
2024-05-11,Email/Referral,19.78,2083,70
2024-05-12,Meta Ads,129.83,16196,422
2024-05-12,Google Ads,127.46,14076,186
2024-05-12,Influencer,110.07,11169,286
2024-05-12,Organic/SEO,7.38,681,23
2024-05-12,Email/Referral,16.3,2244,39
2024-05-13,Meta Ads,143.77,15841,354
2024-05-13,Google Ads,120.75,14972,285
2024-05-13,Influencer,73.06,7300,175
2024-05-13,Organic/SEO,15.9,1731,40
2024-05-13,Email/Referral,7.08,954,31
2024-05-14,Meta Ads,199.81,16196,379
2024-05-14,Google Ads,161.63,22576,787
2024-05-14,Influencer,109.31,9163,310
2024-05-14,Organic/SEO,14.19,1817,36
2024-05-14,Email/Referral,9.8,1056,14
2024-05-15,Meta Ads,164.56,21632,236
2024-05-15,Google Ads,118.58,10376,208
2024-05-15,Influencer,116.84,10562,144
2024-05-15,Organic/SEO,18.73,2489,26
2024-05-15,Email/Referral,16.28,1942,56
2024-05-16,Meta Ads,179.41,25024,277
2024-05-16,Google Ads,126.09,13087,278
2024-05-16,Influencer,112.75,12808,142
2024-05-16,Organic/SEO,11.12,1167,39
2024-05-16,Email/Referral,13.99,1652,45
2024-05-17,Meta Ads,209.16,24702,393
2024-05-17,Google Ads,183.66,22760,649
2024-05-17,Influencer,116.81,14969,459
2024-05-17,Organic/SEO,19.27,1716,38
2024-05-17,Email/Referral,13.71,1367,42
2024-05-18,Meta Ads,208.34,25678,896
2024-05-18,Google Ads,128.34,15930,378
2024-05-18,Influencer,79.9,7161,231
2024-05-18,Organic/SEO,13.93,1803,42
2024-05-18,Email/Referral,8.3,832,16
2024-05-19,Meta Ads,231.08,18564,643
2024-05-19,Google Ads,193.24,27008,591
2024-05-19,Influencer,115.05,11934,127
2024-05-19,Organic/SEO,8.37,1144,11
2024-05-19,Email/Referral,13.19,1115,19
2024-05-20,Meta Ads,135.51,17829,441
2024-05-20,Google Ads,186.19,22585,774
2024-05-20,Influencer,90.53,10711,261
2024-05-20,Organic/SEO,12.26,1603,41
2024-05-20,Email/Referral,17.02,2164,31
2024-05-21,Meta Ads,196.22,18048,443
2024-05-21,Google Ads,165.97,23208,249
2024-05-21,Influencer,67.93,5748,114
2024-05-21,Organic/SEO,17.32,2262,64
2024-05-21,Email/Referral,18.45,1833,22
2024-05-22,Meta Ads,132.28,17345,490
2024-05-22,Google Ads,167.88,16851,328
2024-05-22,Influencer,114.74,9618,282
2024-05-22,Organic/SEO,9.64,793,22
2024-05-22,Email/Referral,9.96,1228,34
2024-05-23,Meta Ads,183.76,23271,570
2024-05-23,Google Ads,130.8,16225,401
2024-05-23,Influencer,63.69,8540,201
2024-05-23,Organic/SEO,18.03,2397,50
2024-05-23,Email/Referral,12.61,1323,28
2024-05-24,Meta Ads,222.68,28344,373
2024-05-24,Google Ads,159.93,22350,556
2024-05-24,Influencer,105.44,13300,249
2024-05-24,Organic/SEO,10.58,1306,29
2024-05-24,Email/Referral,13.56,1664,48
2024-05-25,Meta Ads,155.32,13793,238
2024-05-25,Google Ads,150.68,15147,366
2024-05-25,Influencer,65.89,7286,139
2024-05-25,Organic/SEO,13.02,1371,23
2024-05-25,Email/Referral,18.56,1690,45
2024-05-26,Meta Ads,225.86,25368,809
2024-05-26,Google Ads,116.24,12743,273
2024-05-26,Influencer,63.44,6762,130
2024-05-26,Organic/SEO,15.05,2051,24
2024-05-26,Email/Referral,9.91,1056,22
2024-05-27,Meta Ads,209.68,22352,238
2024-05-27,Google Ads,168.91,22480,513
2024-05-27,Influencer,94.38,8473,131
2024-05-27,Organic/SEO,8.53,902,29
2024-05-27,Email/Referral,12.83,1174,19
2024-05-28,Meta Ads,167.47,19660,412
2024-05-28,Google Ads,140.32,15980,256
2024-05-28,Influencer,67.26,5479,89
2024-05-28,Organic/SEO,6.37,638,18
2024-05-28,Email/Referral,15.74,1836,57
2024-05-29,Meta Ads,156.46,20825,416
2024-05-29,Google Ads,141.08,14717,183
2024-05-29,Influencer,115.68,10215,189
2024-05-29,Organic/SEO,9.79,827,11
2024-05-29,Email/Referral,5.67,553,17
2024-05-30,Meta Ads,162.66,14219,371
2024-05-30,Google Ads,194.69,18289,310
2024-05-30,Influencer,115.48,10477,238
2024-05-30,Organic/SEO,8.59,1167,40
2024-05-30,Email/Referral,17.22,1702,34
2024-05-31,Meta Ads,152.17,20306,667
2024-05-31,Google Ads,142.7,17037,240
2024-05-31,Influencer,86.49,10196,200
2024-05-31,Organic/SEO,10.36,829,24
2024-05-31,Email/Referral,18.34,2533,70
2024-06-01,Meta Ads,240.85,23159,810
2024-06-01,Google Ads,205.5,24838,672
2024-06-01,Influencer,141.24,11381,176
2024-06-01,Organic/SEO,19.48,2604,70
2024-06-01,Email/Referral,14.56,1480,42
2024-06-02,Meta Ads,267.87,31186,539
2024-06-02,Google Ads,244.74,27683,823
2024-06-02,Influencer,96.94,9756,310
2024-06-02,Organic/SEO,7.48,828,18
2024-06-02,Email/Referral,21.15,2049,31
2024-06-03,Meta Ads,293.83,33585,423
2024-06-03,Google Ads,159.09,22261,331
2024-06-03,Influencer,124.76,13125,421
2024-06-03,Organic/SEO,21.23,2458,25
2024-06-03,Email/Referral,23.66,2524,84
2024-06-04,Meta Ads,233.37,28390,333
2024-06-04,Google Ads,223.68,22430,421
2024-06-04,Influencer,90.23,8013,117
2024-06-04,Organic/SEO,12.9,1722,33
2024-06-04,Email/Referral,20.63,1752,43
2024-06-05,Meta Ads,231.46,32098,1000
2024-06-05,Google Ads,189.72,24001,355
2024-06-05,Influencer,121.38,10253,191
2024-06-05,Organic/SEO,10.9,1342,29
2024-06-05,Email/Referral,21.15,2345,28
2024-06-06,Meta Ads,267.05,34714,1131
2024-06-06,Google Ads,203.42,25471,733
2024-06-06,Influencer,92.83,8341,98
2024-06-06,Organic/SEO,12.74,1381,48
2024-06-06,Email/Referral,14.9,1841,50
2024-06-07,Meta Ads,192.51,16076,380
2024-06-07,Google Ads,218.44,30558,579
2024-06-07,Influencer,144.82,14904,405
2024-06-07,Organic/SEO,18.17,1511,18
2024-06-07,Email/Referral,6.9,705,20
2024-06-08,Meta Ads,188.05,21879,376
2024-06-08,Google Ads,229.75,29385,863
2024-06-08,Influencer,118.74,11526,348
2024-06-08,Organic/SEO,10.13,986,14
2024-06-08,Email/Referral,19.65,2381,62
2024-06-09,Meta Ads,222.15,19107,626
2024-06-09,Google Ads,195.9,20455,505
2024-06-09,Influencer,95.43,8393,169
2024-06-09,Organic/SEO,10.93,1034,33
2024-06-09,Email/Referral,16.85,1836,50
2024-06-10,Meta Ads,297.4,25794,795
2024-06-10,Google Ads,204.83,18182,316
2024-06-10,Influencer,115.76,14061,225
2024-06-10,Organic/SEO,16.93,2049,43
2024-06-10,Email/Referral,23.33,3083,67
2024-06-11,Meta Ads,300.4,25394,256
2024-06-11,Google Ads,181.04,21012,540
2024-06-11,Influencer,115.35,10092,143
2024-06-11,Organic/SEO,23.12,3053,81
2024-06-11,Email/Referral,19.45,2253,33
2024-06-12,Meta Ads,223.93,27264,638
2024-06-12,Google Ads,138.67,19027,592
2024-06-12,Influencer,100.19,11720,387
2024-06-12,Organic/SEO,8.37,922,19
2024-06-12,Email/Referral,14.5,1886,36
2024-06-13,Meta Ads,172.74,14501,160
2024-06-13,Google Ads,184.37,22696,342
2024-06-13,Influencer,127.28,15429,252
2024-06-13,Organic/SEO,18.21,2205,47
2024-06-13,Email/Referral,13.07,1531,52
2024-06-14,Meta Ads,223.73,23156,500
2024-06-14,Google Ads,145.42,16460,299
2024-06-14,Influencer,90.42,9763,98
2024-06-14,Organic/SEO,14.33,1237,13
2024-06-14,Email/Referral,22.58,3047,46
2024-06-15,Meta Ads,239.52,23156,517
2024-06-15,Google Ads,187.59,18035,496
2024-06-15,Influencer,90.78,7551,220
2024-06-15,Organic/SEO,19.49,2142,46
2024-06-15,Email/Referral,16.2,1720,34
2024-06-16,Meta Ads,233.96,26135,713
2024-06-16,Google Ads,219.71,22554,458
2024-06-16,Influencer,108.13,12131,258
2024-06-16,Organic/SEO,23.85,2904,94
2024-06-16,Email/Referral,20.33,2810,72
2024-06-17,Meta Ads,299.08,26764,302
2024-06-17,Google Ads,204.26,28394,580
2024-06-17,Influencer,96.79,10771,282
2024-06-17,Organic/SEO,12.65,1554,53
2024-06-17,Email/Referral,23.99,2338,42
2024-06-18,Meta Ads,215.96,22389,280
2024-06-18,Google Ads,225.65,22998,735
2024-06-18,Influencer,146.97,11973,415
2024-06-18,Organic/SEO,20.35,2263,44
2024-06-18,Email/Referral,16.61,1652,42
2024-06-19,Meta Ads,176.85,20738,350
2024-06-19,Google Ads,138.56,15679,383
2024-06-19,Influencer,111.85,9433,305
2024-06-19,Organic/SEO,18.42,1601,36
2024-06-19,Email/Referral,16.2,1354,34
2024-06-20,Meta Ads,277.29,34644,522
2024-06-20,Google Ads,237.39,23870,803
2024-06-20,Influencer,86.94,9491,236
2024-06-20,Organic/SEO,11.33,1430,36
2024-06-20,Email/Referral,6.85,798,17
2024-06-21,Meta Ads,191.32,26735,866
2024-06-21,Google Ads,170.72,19199,343
2024-06-21,Influencer,136.34,18517,351
2024-06-21,Organic/SEO,22.21,2440,48
2024-06-21,Email/Referral,24.8,2743,59
2024-06-22,Meta Ads,258.21,24703,447
2024-06-22,Google Ads,245.55,29640,908
2024-06-22,Influencer,100.93,11367,389
2024-06-22,Organic/SEO,12.71,1139,25
2024-06-22,Email/Referral,14.06,1259,40
2024-06-23,Meta Ads,302.9,34565,1015
2024-06-23,Google Ads,237.01,28929,321
2024-06-23,Influencer,92.97,7833,80
2024-06-23,Organic/SEO,12.47,1291,20
2024-06-23,Email/Referral,7.76,867,14
2024-06-24,Meta Ads,275.56,22177,688
2024-06-24,Google Ads,248.21,30521,864
2024-06-24,Influencer,147.44,13644,475
2024-06-24,Organic/SEO,21.58,2667,50
2024-06-24,Email/Referral,17.14,2043,52
2024-06-25,Meta Ads,262.78,22321,421
2024-06-25,Google Ads,187.28,17911,256
2024-06-25,Influencer,91.65,9346,208
2024-06-25,Organic/SEO,7.73,1057,30
2024-06-25,Email/Referral,20.75,1875,47
2024-06-26,Meta Ads,238.17,33093,949
2024-06-26,Google Ads,203.86,26715,370
2024-06-26,Influencer,82.97,10073,125
2024-06-26,Organic/SEO,8.75,1090,18
2024-06-26,Email/Referral,18.76,2533,45
2024-06-27,Meta Ads,194.29,16785,222
2024-06-27,Google Ads,143.78,12258,254
2024-06-27,Influencer,104.42,12780,405
2024-06-27,Organic/SEO,21.8,2438,30
2024-06-27,Email/Referral,20.34,2069,25
2024-06-28,Meta Ads,282.08,28290,437
2024-06-28,Google Ads,238.46,31984,590
2024-06-28,Influencer,106.81,12259,347
2024-06-28,Organic/SEO,7.73,893,30
2024-06-28,Email/Referral,11.61,1561,52
2024-06-29,Meta Ads,201.59,25249,403
2024-06-29,Google Ads,222.8,28483,460
2024-06-29,Influencer,132.15,17011,322
2024-06-29,Organic/SEO,9.77,835,20
2024-06-29,Email/Referral,25.57,3308,69
2024-06-30,Meta Ads,239.14,23141,325
2024-06-30,Google Ads,192.9,20796,479
2024-06-30,Influencer,148.79,17294,434
2024-06-30,Organic/SEO,9.0,1258,36
2024-06-30,Email/Referral,23.61,2475,55
2024-07-01,Meta Ads,182.39,16715,455
2024-07-01,Google Ads,186.27,16731,203
2024-07-01,Influencer,102.86,9914,253
2024-07-01,Organic/SEO,15.44,1533,46
2024-07-01,Email/Referral,13.25,1750,50
2024-07-02,Meta Ads,219.81,17850,287
2024-07-02,Google Ads,113.1,12047,388
2024-07-02,Influencer,88.25,11559,210
2024-07-02,Organic/SEO,10.09,1349,27
2024-07-02,Email/Referral,16.85,1587,53
2024-07-03,Meta Ads,188.05,23611,288
2024-07-03,Google Ads,149.34,20020,639
2024-07-03,Influencer,65.53,6436,135
2024-07-03,Organic/SEO,7.58,938,13
2024-07-03,Email/Referral,10.2,1221,26
2024-07-04,Meta Ads,205.77,28328,365
2024-07-04,Google Ads,168.86,15842,322
2024-07-04,Influencer,64.77,5709,102
2024-07-04,Organic/SEO,10.13,1357,38
2024-07-04,Email/Referral,19.58,2270,36
2024-07-05,Meta Ads,161.39,16008,290
2024-07-05,Google Ads,165.57,18518,363
2024-07-05,Influencer,71.05,5778,89
2024-07-05,Organic/SEO,6.61,840,10
2024-07-05,Email/Referral,15.86,1635,19
2024-07-06,Meta Ads,213.77,24536,389
2024-07-06,Google Ads,185.52,15345,230
2024-07-06,Influencer,103.61,12698,218
2024-07-06,Organic/SEO,5.93,779,13
2024-07-06,Email/Referral,7.94,881,28
2024-07-07,Meta Ads,130.7,16461,400
2024-07-07,Google Ads,143.29,17860,609
2024-07-07,Influencer,75.38,6680,219
2024-07-07,Organic/SEO,15.03,1597,38
2024-07-07,Email/Referral,16.18,2044,67
2024-07-08,Meta Ads,172.1,16797,436
2024-07-08,Google Ads,142.42,16474,337
2024-07-08,Influencer,71.26,7707,210
2024-07-08,Organic/SEO,16.99,1862,26
2024-07-08,Email/Referral,11.22,1426,28
2024-07-09,Meta Ads,201.23,22222,356
2024-07-09,Google Ads,176.65,15024,347
2024-07-09,Influencer,74.28,6241,140
2024-07-09,Organic/SEO,12.49,1528,43
2024-07-09,Email/Referral,15.92,1664,42
2024-07-10,Meta Ads,188.31,19827,494
2024-07-10,Google Ads,190.25,17421,568
2024-07-10,Influencer,65.89,6490,111
2024-07-10,Organic/SEO,14.4,1265,40
2024-07-10,Email/Referral,17.43,2076,44
2024-07-11,Meta Ads,226.76,29443,661
2024-07-11,Google Ads,168.17,19174,473
2024-07-11,Influencer,80.87,8711,104
2024-07-11,Organic/SEO,10.36,1261,42
2024-07-11,Email/Referral,19.45,2204,55
2024-07-12,Meta Ads,146.06,17778,209
2024-07-12,Google Ads,130.62,15687,278
2024-07-12,Influencer,65.69,8533,151
2024-07-12,Organic/SEO,5.95,502,8
2024-07-12,Email/Referral,7.67,969,17
2024-07-13,Meta Ads,212.91,19253,429
2024-07-13,Google Ads,166.92,19883,497
2024-07-13,Influencer,112.94,10583,236
2024-07-13,Organic/SEO,18.26,1546,17
2024-07-13,Email/Referral,8.5,1002,16
2024-07-14,Meta Ads,146.55,15758,399
2024-07-14,Google Ads,127.37,12487,316
2024-07-14,Influencer,114.07,13743,406
2024-07-14,Organic/SEO,10.5,1011,21
2024-07-14,Email/Referral,17.11,1837,57
2024-07-15,Meta Ads,232.79,19629,218
2024-07-15,Google Ads,118.46,12208,162
2024-07-15,Influencer,110.02,8954,160
2024-07-15,Organic/SEO,7.77,1055,28
2024-07-15,Email/Referral,18.68,2584,57
2024-07-16,Meta Ads,151.31,13863,215
2024-07-16,Google Ads,168.77,13911,156
2024-07-16,Influencer,95.84,11359,302
2024-07-16,Organic/SEO,10.58,1358,31
2024-07-16,Email/Referral,6.58,841,28
2024-07-17,Meta Ads,132.48,13709,304
2024-07-17,Google Ads,118.18,15607,266
2024-07-17,Influencer,105.28,12660,315
2024-07-17,Organic/SEO,7.88,734,8
2024-07-17,Email/Referral,8.61,867,26
2024-07-18,Meta Ads,165.57,20742,435
2024-07-18,Google Ads,175.64,24339,389
2024-07-18,Influencer,109.57,12853,391
2024-07-18,Organic/SEO,14.77,1557,24
2024-07-18,Email/Referral,6.05,678,23
2024-07-19,Meta Ads,205.71,20497,628
2024-07-19,Google Ads,174.21,16880,174
2024-07-19,Influencer,69.38,9202,284
2024-07-19,Organic/SEO,9.43,915,27
2024-07-19,Email/Referral,19.07,2417,60
2024-07-20,Meta Ads,152.21,16978,268
2024-07-20,Google Ads,177.72,18343,565
2024-07-20,Influencer,83.61,10823,198
2024-07-20,Organic/SEO,11.6,1356,15
2024-07-20,Email/Referral,19.22,2199,49
2024-07-21,Meta Ads,216.65,28586,659
2024-07-21,Google Ads,188.45,15807,202
2024-07-21,Influencer,95.23,9641,208
2024-07-21,Organic/SEO,9.92,1034,31
2024-07-21,Email/Referral,13.9,1943,57
2024-07-22,Meta Ads,155.56,14912,274
2024-07-22,Google Ads,180.89,14767,232
2024-07-22,Influencer,111.87,13244,207
2024-07-22,Organic/SEO,8.29,1092,35
2024-07-22,Email/Referral,8.84,930,28
2024-07-23,Meta Ads,209.27,26961,619
2024-07-23,Google Ads,187.04,18621,259
2024-07-23,Influencer,101.27,11378,356
2024-07-23,Organic/SEO,6.22,812,14
2024-07-23,Email/Referral,14.82,1221,30
2024-07-24,Meta Ads,203.47,20779,319
2024-07-24,Google Ads,153.39,19939,360
2024-07-24,Influencer,76.63,7412,249
2024-07-24,Organic/SEO,10.39,833,24
2024-07-24,Email/Referral,15.49,1358,47
2024-07-25,Meta Ads,191.67,21092,412
2024-07-25,Google Ads,185.88,17591,301
2024-07-25,Influencer,69.61,8739,217
2024-07-25,Organic/SEO,14.14,1316,34
2024-07-25,Email/Referral,16.48,1672,50
2024-07-26,Meta Ads,163.67,20538,222
2024-07-26,Google Ads,154.6,21361,737
2024-07-26,Influencer,78.21,8328,96
2024-07-26,Organic/SEO,18.1,2065,40
2024-07-26,Email/Referral,6.69,915,21
2024-07-27,Meta Ads,156.56,15814,265
2024-07-27,Google Ads,159.16,21613,679
2024-07-27,Influencer,87.86,11385,234
2024-07-27,Organic/SEO,8.78,1220,21
2024-07-27,Email/Referral,9.86,1374,18
2024-07-28,Meta Ads,208.14,28338,645
2024-07-28,Google Ads,105.23,10786,137
2024-07-28,Influencer,85.47,10889,228
2024-07-28,Organic/SEO,11.48,1301,31
2024-07-28,Email/Referral,17.84,1757,53
2024-07-29,Meta Ads,187.12,18343,318
2024-07-29,Google Ads,137.5,16137,254
2024-07-29,Influencer,112.7,12903,425
2024-07-29,Organic/SEO,5.7,573,6
2024-07-29,Email/Referral,9.08,1196,13
2024-07-30,Meta Ads,173.1,15069,307
2024-07-30,Google Ads,180.5,21187,602
2024-07-30,Influencer,81.85,11185,310
2024-07-30,Organic/SEO,11.33,1196,39
2024-07-30,Email/Referral,13.65,1670,34
2024-07-31,Meta Ads,150.16,18531,466
2024-07-31,Google Ads,150.12,17630,268
2024-07-31,Influencer,105.87,14492,467
2024-07-31,Organic/SEO,9.82,1024,30
2024-07-31,Email/Referral,13.93,1572,52
2024-08-01,Meta Ads,156.31,17334,191
2024-08-01,Google Ads,94.56,7606,249
2024-08-01,Influencer,72.29,7815,243
2024-08-01,Organic/SEO,12.02,1401,24
2024-08-01,Email/Referral,14.88,1338,15
2024-08-02,Meta Ads,124.69,11978,204
2024-08-02,Google Ads,140.54,13079,352
2024-08-02,Influencer,57.73,5128,116
2024-08-02,Organic/SEO,16.0,2105,72
2024-08-02,Email/Referral,12.54,1511,38
2024-08-03,Meta Ads,164.27,14591,344
2024-08-03,Google Ads,118.78,12656,292
2024-08-03,Influencer,59.44,6037,69
2024-08-03,Organic/SEO,16.74,1458,24
2024-08-03,Email/Referral,15.61,1700,22
2024-08-04,Meta Ads,142.37,12379,185
2024-08-04,Google Ads,93.23,9909,298
2024-08-04,Influencer,80.45,9362,140
2024-08-04,Organic/SEO,8.63,1128,13
2024-08-04,Email/Referral,15.19,1656,51
2024-08-05,Meta Ads,136.29,13674,393
2024-08-05,Google Ads,149.3,14001,480
2024-08-05,Influencer,57.43,4830,120
2024-08-05,Organic/SEO,13.46,1852,37
2024-08-05,Email/Referral,4.57,530,9
2024-08-06,Meta Ads,146.84,16050,186
2024-08-06,Google Ads,126.43,13348,371
2024-08-06,Influencer,83.19,7579,114
2024-08-06,Organic/SEO,7.45,675,17
2024-08-06,Email/Referral,16.93,2016,50
2024-08-07,Meta Ads,144.73,14292,468
2024-08-07,Google Ads,163.38,17940,309
2024-08-07,Influencer,88.9,7818,227
2024-08-07,Organic/SEO,14.69,1285,44
2024-08-07,Email/Referral,16.82,2290,51
2024-08-08,Meta Ads,129.69,14904,305
2024-08-08,Google Ads,105.01,11070,294
2024-08-08,Influencer,56.8,5680,59
2024-08-08,Organic/SEO,13.81,1635,18
2024-08-08,Email/Referral,16.55,1346,33
2024-08-09,Meta Ads,178.37,22701,246
2024-08-09,Google Ads,158.59,21426,514
2024-08-09,Influencer,75.68,6258,150
2024-08-09,Organic/SEO,9.47,1196,24
2024-08-09,Email/Referral,12.97,1116,14
2024-08-10,Meta Ads,119.93,9921,233
2024-08-10,Google Ads,149.99,17492,426
2024-08-10,Influencer,84.79,8511,162
2024-08-10,Organic/SEO,8.26,1013,14
2024-08-10,Email/Referral,4.42,511,17
2024-08-11,Meta Ads,163.04,20702,555
2024-08-11,Google Ads,127.3,15671,479
2024-08-11,Influencer,63.87,6397,99
2024-08-11,Organic/SEO,10.02,1333,24
2024-08-11,Email/Referral,9.02,1187,27
2024-08-12,Meta Ads,156.25,20570,457
2024-08-12,Google Ads,141.39,12037,174
2024-08-12,Influencer,72.11,7909,270
2024-08-12,Organic/SEO,16.63,2179,38
2024-08-12,Email/Referral,16.54,2007,39
2024-08-13,Meta Ads,171.51,13890,189
2024-08-13,Google Ads,152.72,18133,346
2024-08-13,Influencer,76.53,10278,265
2024-08-13,Organic/SEO,9.33,813,14
2024-08-13,Email/Referral,16.72,1776,38
2024-08-14,Meta Ads,152.87,20338,510
2024-08-14,Google Ads,142.32,14710,157
2024-08-14,Influencer,96.28,13185,444
2024-08-14,Organic/SEO,16.28,2098,56
2024-08-14,Email/Referral,15.02,1742,23
2024-08-15,Meta Ads,143.01,19775,371
2024-08-15,Google Ads,155.64,13321,244
2024-08-15,Influencer,69.66,5788,75
2024-08-15,Organic/SEO,6.71,874,10
2024-08-15,Email/Referral,8.06,649,17
2024-08-16,Meta Ads,164.04,19471,376
2024-08-16,Google Ads,105.18,12960,392
2024-08-16,Influencer,59.91,6542,106
2024-08-16,Organic/SEO,6.39,792,18
2024-08-16,Email/Referral,7.01,691,23
2024-08-17,Meta Ads,185.01,24568,528
2024-08-17,Google Ads,136.97,14053,167
2024-08-17,Influencer,71.96,8321,142
2024-08-17,Organic/SEO,15.06,1341,25
2024-08-17,Email/Referral,5.84,609,6
2024-08-18,Meta Ads,132.12,13746,301
2024-08-18,Google Ads,130.84,12625,291
2024-08-18,Influencer,76.91,7611,234
2024-08-18,Organic/SEO,11.21,1120,37
2024-08-18,Email/Referral,15.03,2088,57
2024-08-19,Meta Ads,141.82,13735,365
2024-08-19,Google Ads,164.28,19319,618
2024-08-19,Influencer,68.66,7169,234
2024-08-19,Organic/SEO,13.9,1930,56
2024-08-19,Email/Referral,9.97,1115,36
2024-08-20,Meta Ads,157.74,15036,314
2024-08-20,Google Ads,128.75,11047,315
2024-08-20,Influencer,58.57,6108,183
2024-08-20,Organic/SEO,10.21,1332,24
2024-08-20,Email/Referral,16.46,1523,16
2024-08-21,Meta Ads,187.19,23423,370
2024-08-21,Google Ads,164.58,18126,612
2024-08-21,Influencer,76.73,8310,176
2024-08-21,Organic/SEO,8.52,954,20
2024-08-21,Email/Referral,4.72,451,6
2024-08-22,Meta Ads,186.73,21648,629
2024-08-22,Google Ads,162.45,19273,666
2024-08-22,Influencer,67.86,6187,124
2024-08-22,Organic/SEO,10.25,1370,32
2024-08-22,Email/Referral,7.98,993,22
2024-08-23,Meta Ads,121.98,13980,458
2024-08-23,Google Ads,153.71,17708,344
2024-08-23,Influencer,57.54,6224,179
2024-08-23,Organic/SEO,8.84,832,27
2024-08-23,Email/Referral,14.72,1741,23
2024-08-24,Meta Ads,120.4,10377,263
2024-08-24,Google Ads,98.09,12806,445
2024-08-24,Influencer,70.37,7545,209
2024-08-24,Organic/SEO,16.2,2165,24
2024-08-24,Email/Referral,6.41,803,21
2024-08-25,Meta Ads,119.33,13141,387
2024-08-25,Google Ads,105.99,14020,158
2024-08-25,Influencer,89.45,10461,187
2024-08-25,Organic/SEO,13.44,1706,56
2024-08-25,Email/Referral,8.94,1083,27
2024-08-26,Meta Ads,155.31,20722,208
2024-08-26,Google Ads,110.83,12445,179
2024-08-26,Influencer,95.22,11317,248
2024-08-26,Organic/SEO,14.64,1567,37
2024-08-26,Email/Referral,4.29,437,5
2024-08-27,Meta Ads,170.41,18530,325
2024-08-27,Google Ads,125.04,11575,383
2024-08-27,Influencer,56.03,7391,168
2024-08-27,Organic/SEO,12.14,1191,40
2024-08-27,Email/Referral,7.84,904,31
2024-08-28,Meta Ads,187.98,21087,732
2024-08-28,Google Ads,142.9,13221,266
2024-08-28,Influencer,68.9,6934,201
2024-08-28,Organic/SEO,11.7,962,30
2024-08-28,Email/Referral,8.03,1122,37
2024-08-29,Meta Ads,193.44,24889,386
2024-08-29,Google Ads,130.0,12149,200
2024-08-29,Influencer,81.59,6727,230
2024-08-29,Organic/SEO,15.96,1641,37
2024-08-29,Email/Referral,10.19,1354,36
2024-08-30,Meta Ads,132.63,14166,293
2024-08-30,Google Ads,162.64,14721,180
2024-08-30,Influencer,93.97,12573,399
2024-08-30,Organic/SEO,10.76,1286,30
2024-08-30,Email/Referral,5.14,594,6
2024-08-31,Meta Ads,136.93,18613,327
2024-08-31,Google Ads,161.15,15310,273
2024-08-31,Influencer,82.39,10356,233
2024-08-31,Organic/SEO,15.5,1277,42
2024-08-31,Email/Referral,6.75,898,17
2024-09-01,Meta Ads,215.94,25977,374
2024-09-01,Google Ads,187.62,17773,286
2024-09-01,Influencer,106.97,9237,143
2024-09-01,Organic/SEO,12.56,1630,22
2024-09-01,Email/Referral,13.22,1621,51
2024-09-02,Meta Ads,227.04,28851,759
2024-09-02,Google Ads,144.03,12491,346
2024-09-02,Influencer,116.61,14483,150
2024-09-02,Organic/SEO,12.44,1453,39
2024-09-02,Email/Referral,15.8,1793,27
2024-09-03,Meta Ads,227.76,27741,441
2024-09-03,Google Ads,134.01,18133,583
2024-09-03,Influencer,84.88,6985,78
2024-09-03,Organic/SEO,9.26,1090,26
2024-09-03,Email/Referral,14.51,1785,18
2024-09-04,Meta Ads,137.35,13950,193
2024-09-04,Google Ads,111.78,13241,402
2024-09-04,Influencer,103.64,13371,356
2024-09-04,Organic/SEO,16.03,1543,53
2024-09-04,Email/Referral,7.75,719,12
2024-09-05,Meta Ads,231.34,32225,962
2024-09-05,Google Ads,161.62,17972,615
2024-09-05,Influencer,100.56,13744,246
2024-09-05,Organic/SEO,10.01,1314,18
2024-09-05,Email/Referral,19.19,2119,70
2024-09-06,Meta Ads,162.37,19964,440
2024-09-06,Google Ads,161.41,17797,608
2024-09-06,Influencer,100.37,9543,312
2024-09-06,Organic/SEO,9.41,962,12
2024-09-06,Email/Referral,18.5,1797,29
2024-09-07,Meta Ads,225.39,28924,391
2024-09-07,Google Ads,174.24,23484,280
2024-09-07,Influencer,107.56,12137,324
2024-09-07,Organic/SEO,12.39,1509,16
2024-09-07,Email/Referral,16.44,1348,28
2024-09-08,Meta Ads,142.3,18415,328
2024-09-08,Google Ads,145.87,15422,452
2024-09-08,Influencer,88.98,11330,134
2024-09-08,Organic/SEO,7.87,890,29
2024-09-08,Email/Referral,6.12,505,7
2024-09-09,Meta Ads,195.24,20293,621
2024-09-09,Google Ads,111.47,10231,179
2024-09-09,Influencer,96.84,11728,153
2024-09-09,Organic/SEO,19.16,1924,53
2024-09-09,Email/Referral,12.86,1200,37
2024-09-10,Meta Ads,214.37,22243,549
2024-09-10,Google Ads,128.2,15562,275
2024-09-10,Influencer,108.58,10102,104
2024-09-10,Organic/SEO,9.03,825,18
2024-09-10,Email/Referral,8.06,1013,16
2024-09-11,Meta Ads,202.35,23211,804
2024-09-11,Google Ads,194.99,25772,747
2024-09-11,Influencer,83.87,10500,356
2024-09-11,Organic/SEO,5.35,600,9
2024-09-11,Email/Referral,13.37,1443,35
2024-09-12,Meta Ads,185.5,25525,607
2024-09-12,Google Ads,181.16,17969,376
2024-09-12,Influencer,88.4,8550,166
2024-09-12,Organic/SEO,13.98,1605,41
2024-09-12,Email/Referral,10.28,1017,25
2024-09-13,Meta Ads,140.35,13358,147
2024-09-13,Google Ads,111.53,10551,110
2024-09-13,Influencer,76.25,9096,104
2024-09-13,Organic/SEO,11.55,1556,46
2024-09-13,Email/Referral,9.58,1297,23
2024-09-14,Meta Ads,133.83,18688,593
2024-09-14,Google Ads,146.93,17629,472
2024-09-14,Influencer,73.5,6762,147
2024-09-14,Organic/SEO,18.67,1504,44
2024-09-14,Email/Referral,5.86,636,16
2024-09-15,Meta Ads,200.17,16715,342
2024-09-15,Google Ads,157.55,13228,176
2024-09-15,Influencer,98.84,11000,154
2024-09-15,Organic/SEO,13.03,1755,18
2024-09-15,Email/Referral,14.64,1235,12
2024-09-16,Meta Ads,142.27,14991,450
2024-09-16,Google Ads,130.36,15322,310
2024-09-16,Influencer,75.65,8386,251
2024-09-16,Organic/SEO,17.49,2287,42
2024-09-16,Email/Referral,16.9,1567,44
2024-09-17,Meta Ads,228.43,18462,387
2024-09-17,Google Ads,163.3,19939,287
2024-09-17,Influencer,115.5,13503,190
2024-09-17,Organic/SEO,5.31,674,8
2024-09-17,Email/Referral,7.12,815,20
2024-09-18,Meta Ads,200.18,20740,608
2024-09-18,Google Ads,192.69,18549,511
2024-09-18,Influencer,113.14,13709,370
2024-09-18,Organic/SEO,8.36,937,22
2024-09-18,Email/Referral,15.5,2167,23
2024-09-19,Meta Ads,133.05,11266,321
2024-09-19,Google Ads,117.27,13761,249
2024-09-19,Influencer,87.7,8150,257
2024-09-19,Organic/SEO,13.79,1884,45
2024-09-19,Email/Referral,6.86,619,21
2024-09-20,Meta Ads,204.36,16953,467
2024-09-20,Google Ads,142.1,13987,193
2024-09-20,Influencer,108.35,9083,156
2024-09-20,Organic/SEO,9.6,860,19
2024-09-20,Email/Referral,5.18,507,16
2024-09-21,Meta Ads,159.54,16213,353
2024-09-21,Google Ads,155.55,19991,295
2024-09-21,Influencer,110.07,13808,387
2024-09-21,Organic/SEO,6.3,512,12
2024-09-21,Email/Referral,17.95,2065,31
2024-09-22,Meta Ads,135.78,16561,464
2024-09-22,Google Ads,120.53,9846,198
2024-09-22,Influencer,94.47,11559,349
2024-09-22,Organic/SEO,14.16,1227,33
2024-09-22,Email/Referral,19.76,2654,84
2024-09-23,Meta Ads,158.63,19836,620
2024-09-23,Google Ads,166.05,15780,534
2024-09-23,Influencer,87.34,7667,97
2024-09-23,Organic/SEO,14.71,1563,19
2024-09-23,Email/Referral,16.11,2061,57
2024-09-24,Meta Ads,147.84,17945,184
2024-09-24,Google Ads,132.46,13766,425
2024-09-24,Influencer,84.08,6783,127
2024-09-24,Organic/SEO,12.48,1709,57
2024-09-24,Email/Referral,7.71,702,9
2024-09-25,Meta Ads,211.2,16972,223
2024-09-25,Google Ads,153.42,14552,179
2024-09-25,Influencer,82.43,7950,181
2024-09-25,Organic/SEO,19.69,1722,33
2024-09-25,Email/Referral,18.98,2516,49
2024-09-26,Meta Ads,201.49,17181,477
2024-09-26,Google Ads,192.56,21614,485
2024-09-26,Influencer,73.12,8630,213
2024-09-26,Organic/SEO,14.78,1205,28
2024-09-26,Email/Referral,13.92,1286,19
2024-09-27,Meta Ads,155.83,19120,480
2024-09-27,Google Ads,181.12,17702,580
2024-09-27,Influencer,103.16,10697,132
2024-09-27,Organic/SEO,8.85,1216,21
2024-09-27,Email/Referral,9.95,909,27
2024-09-28,Meta Ads,155.77,15548,316
2024-09-28,Google Ads,144.04,15078,340
2024-09-28,Influencer,106.98,13817,413
2024-09-28,Organic/SEO,6.52,834,10
2024-09-28,Email/Referral,6.87,940,28
2024-09-29,Meta Ads,185.66,24599,854
2024-09-29,Google Ads,159.96,18679,539
2024-09-29,Influencer,75.54,6800,197
2024-09-29,Organic/SEO,10.17,896,16
2024-09-29,Email/Referral,10.38,1431,39
2024-09-30,Meta Ads,183.33,25323,824
2024-09-30,Google Ads,151.08,20296,408
2024-09-30,Influencer,75.44,7088,188
2024-09-30,Organic/SEO,12.52,1496,40
2024-09-30,Email/Referral,5.33,443,10
2024-10-01,Meta Ads,146.63,17295,411
2024-10-01,Google Ads,157.72,15479,402
2024-10-01,Influencer,107.79,15078,466
2024-10-01,Organic/SEO,13.36,1223,33
2024-10-01,Email/Referral,19.06,1767,28
2024-10-02,Meta Ads,142.09,17648,355
2024-10-02,Google Ads,110.64,14659,350
2024-10-02,Influencer,80.88,8139,140
2024-10-02,Organic/SEO,11.83,1185,28
2024-10-02,Email/Referral,16.6,1999,34
2024-10-03,Meta Ads,183.1,23877,279
2024-10-03,Google Ads,112.05,12703,329
2024-10-03,Influencer,74.42,9281,242
2024-10-03,Organic/SEO,18.85,1699,48
2024-10-03,Email/Referral,6.25,711,16
2024-10-04,Meta Ads,167.95,21946,221
2024-10-04,Google Ads,151.82,14123,403
2024-10-04,Influencer,65.33,8485,262
2024-10-04,Organic/SEO,17.49,1559,40
2024-10-04,Email/Referral,5.22,683,19
2024-10-05,Meta Ads,183.36,22706,280
2024-10-05,Google Ads,152.58,14872,510
2024-10-05,Influencer,109.28,13550,451
2024-10-05,Organic/SEO,10.2,1367,24
2024-10-05,Email/Referral,15.99,1985,20
2024-10-06,Meta Ads,164.99,13391,467
2024-10-06,Google Ads,116.0,13057,388
2024-10-06,Influencer,73.87,8059,202
2024-10-06,Organic/SEO,7.4,937,16
2024-10-06,Email/Referral,8.17,927,18
2024-10-07,Meta Ads,225.39,29932,661
2024-10-07,Google Ads,137.33,13668,228
2024-10-07,Influencer,92.41,11856,210
2024-10-07,Organic/SEO,7.85,851,9
2024-10-07,Email/Referral,15.52,1724,38
2024-10-08,Meta Ads,158.45,21276,260
2024-10-08,Google Ads,183.28,18804,602
2024-10-08,Influencer,102.35,8827,271
2024-10-08,Organic/SEO,15.23,1247,16
2024-10-08,Email/Referral,14.53,1740,49
2024-10-09,Meta Ads,203.79,24367,710
2024-10-09,Google Ads,156.76,14993,491
2024-10-09,Influencer,63.98,6525,184
2024-10-09,Organic/SEO,11.41,929,10
2024-10-09,Email/Referral,14.73,2031,48
2024-10-10,Meta Ads,180.73,17910,294
2024-10-10,Google Ads,106.89,10301,218
2024-10-10,Influencer,73.69,6281,175
2024-10-10,Organic/SEO,18.42,2508,63
2024-10-10,Email/Referral,5.79,720,9
2024-10-11,Meta Ads,198.33,25140,707
2024-10-11,Google Ads,190.67,23698,647
2024-10-11,Influencer,77.13,10450,151
2024-10-11,Organic/SEO,18.57,1833,24
2024-10-11,Email/Referral,17.4,1394,42
2024-10-12,Meta Ads,154.33,20538,560
2024-10-12,Google Ads,164.96,16812,193
2024-10-12,Influencer,107.82,9731,187
2024-10-12,Organic/SEO,14.01,1526,22
2024-10-12,Email/Referral,7.11,621,19
2024-10-13,Meta Ads,129.41,17938,268
2024-10-13,Google Ads,114.93,13173,158
2024-10-13,Influencer,95.53,12518,140
2024-10-13,Organic/SEO,17.0,1762,24
2024-10-13,Email/Referral,7.64,1032,13
2024-10-14,Meta Ads,219.61,24740,271
2024-10-14,Google Ads,146.8,18944,533
2024-10-14,Influencer,89.39,11763,153
2024-10-14,Organic/SEO,18.65,2439,67
2024-10-14,Email/Referral,17.27,1945,52
2024-10-15,Meta Ads,186.54,18901,457
2024-10-15,Google Ads,128.17,13639,232
2024-10-15,Influencer,69.64,6916,216
2024-10-15,Organic/SEO,10.72,1338,19
2024-10-15,Email/Referral,11.37,987,13
2024-10-16,Meta Ads,192.68,22437,344
2024-10-16,Google Ads,147.7,19466,279
2024-10-16,Influencer,64.04,7628,86
2024-10-16,Organic/SEO,19.7,2296,49
2024-10-16,Email/Referral,11.45,1309,16
2024-10-17,Meta Ads,226.44,26615,388
2024-10-17,Google Ads,155.63,13694,142
2024-10-17,Influencer,97.05,11540,283
2024-10-17,Organic/SEO,7.75,900,10
2024-10-17,Email/Referral,14.14,1601,42
2024-10-18,Meta Ads,222.71,29179,1007
2024-10-18,Google Ads,192.86,24365,826
2024-10-18,Influencer,109.83,13581,161
2024-10-18,Organic/SEO,5.74,747,16
2024-10-18,Email/Referral,17.22,1700,33
2024-10-19,Meta Ads,201.62,27202,331
2024-10-19,Google Ads,182.53,23287,416
2024-10-19,Influencer,82.18,6803,70
2024-10-19,Organic/SEO,12.16,1042,15
2024-10-19,Email/Referral,17.7,2022,52
2024-10-20,Meta Ads,146.25,18971,601
2024-10-20,Google Ads,152.1,20496,637
2024-10-20,Influencer,102.49,12713,160
2024-10-20,Organic/SEO,9.06,761,7
2024-10-20,Email/Referral,7.37,978,15
2024-10-21,Meta Ads,230.78,26732,425
2024-10-21,Google Ads,149.74,13947,482
2024-10-21,Influencer,108.75,8871,298
2024-10-21,Organic/SEO,15.82,1343,35
2024-10-21,Email/Referral,14.7,1368,39
2024-10-22,Meta Ads,135.4,14808,151
2024-10-22,Google Ads,192.19,24041,335
2024-10-22,Influencer,81.45,7300,212
2024-10-22,Organic/SEO,5.88,766,25
2024-10-22,Email/Referral,15.15,1405,26
2024-10-23,Meta Ads,177.54,20643,551
2024-10-23,Google Ads,154.88,15655,505
2024-10-23,Influencer,67.4,7277,213
2024-10-23,Organic/SEO,5.91,722,22
2024-10-23,Email/Referral,14.91,1204,17
2024-10-24,Meta Ads,162.95,15320,521
2024-10-24,Google Ads,163.64,16006,532
2024-10-24,Influencer,102.99,9997,194
2024-10-24,Organic/SEO,7.99,1104,25
2024-10-24,Email/Referral,18.44,1858,58
2024-10-25,Meta Ads,131.82,18313,600
2024-10-25,Google Ads,137.69,17415,501
2024-10-25,Influencer,111.67,10992,237
2024-10-25,Organic/SEO,17.97,2277,45
2024-10-25,Email/Referral,17.69,1465,43
2024-10-26,Meta Ads,148.33,14412,321
2024-10-26,Google Ads,145.48,16182,382
2024-10-26,Influencer,80.9,7322,213
2024-10-26,Organic/SEO,11.0,1213,31
2024-10-26,Email/Referral,18.64,2282,25
2024-10-27,Meta Ads,216.56,30180,658
2024-10-27,Google Ads,192.26,21694,466
2024-10-27,Influencer,80.9,9663,152
2024-10-27,Organic/SEO,6.57,536,9
2024-10-27,Email/Referral,10.94,1237,21
2024-10-28,Meta Ads,232.28,22648,476
2024-10-28,Google Ads,114.29,10930,122
2024-10-28,Influencer,93.21,11657,173
2024-10-28,Organic/SEO,10.52,852,26
2024-10-28,Email/Referral,16.7,1399,26
2024-10-29,Meta Ads,229.17,23724,549
2024-10-29,Google Ads,136.97,15856,546
2024-10-29,Influencer,116.87,14782,297
2024-10-29,Organic/SEO,12.42,1259,43
2024-10-29,Email/Referral,15.62,1670,17
2024-10-30,Meta Ads,182.21,25333,584
2024-10-30,Google Ads,121.42,9874,186
2024-10-30,Influencer,112.58,15737,529
2024-10-30,Organic/SEO,15.94,1809,44
2024-10-30,Email/Referral,13.08,1601,32
2024-10-31,Meta Ads,198.27,17308,288
2024-10-31,Google Ads,180.24,24192,567
2024-10-31,Influencer,64.71,8775,241
2024-10-31,Organic/SEO,11.21,1299,26
2024-10-31,Email/Referral,11.98,1595,22
2024-11-01,Meta Ads,301.83,24195,431
2024-11-01,Google Ads,260.19,24249,249
2024-11-01,Influencer,165.59,16552,178
2024-11-01,Organic/SEO,31.06,3544,44
2024-11-01,Email/Referral,30.64,4287,144
2024-11-02,Meta Ads,277.83,35485,668
2024-11-02,Google Ads,243.6,23814,429
2024-11-02,Influencer,200.76,24023,690
2024-11-02,Organic/SEO,19.11,1897,33
2024-11-02,Email/Referral,22.97,3215,94
2024-11-03,Meta Ads,508.86,61870,1247
2024-11-03,Google Ads,308.17,33687,687
2024-11-03,Influencer,237.01,25573,444
2024-11-03,Organic/SEO,36.57,4800,98
2024-11-03,Email/Referral,33.04,2759,64
2024-11-04,Meta Ads,287.89,23535,595
2024-11-04,Google Ads,291.06,36252,1174
2024-11-04,Influencer,155.16,19157,437
2024-11-04,Organic/SEO,14.7,1750,44
2024-11-04,Email/Referral,28.02,3799,87
2024-11-05,Meta Ads,512.55,56664,730
2024-11-05,Google Ads,324.15,29478,734
2024-11-05,Influencer,220.94,23884,297
2024-11-05,Organic/SEO,26.47,2246,60
2024-11-05,Email/Referral,37.08,5107,70
2024-11-06,Meta Ads,403.7,46042,1522
2024-11-06,Google Ads,355.2,31517,658
2024-11-06,Influencer,216.39,26403,833
2024-11-06,Organic/SEO,16.96,2325,26
2024-11-06,Email/Referral,43.46,5713,151
2024-11-07,Meta Ads,451.83,38117,420
2024-11-07,Google Ads,251.15,21408,507
2024-11-07,Influencer,164.19,21609,456
2024-11-07,Organic/SEO,33.95,4045,72
2024-11-07,Email/Referral,19.02,1912,57
2024-11-08,Meta Ads,416.5,39655,1207
2024-11-08,Google Ads,241.84,29492,618
2024-11-08,Influencer,225.48,30585,879
2024-11-08,Organic/SEO,25.58,2278,68
2024-11-08,Email/Referral,26.2,2214,61
2024-11-09,Meta Ads,346.54,28739,935
2024-11-09,Google Ads,326.65,31638,883
2024-11-09,Influencer,243.85,19512,530
2024-11-09,Organic/SEO,36.31,3362,74
2024-11-09,Email/Referral,13.95,1741,54
2024-11-10,Meta Ads,302.91,39071,1144
2024-11-10,Google Ads,299.69,36387,363
2024-11-10,Influencer,249.3,28176,718
2024-11-10,Organic/SEO,32.93,3743,117
2024-11-10,Email/Referral,31.12,4184,102
2024-11-11,Meta Ads,317.86,42851,1158
2024-11-11,Google Ads,369.45,51401,610
2024-11-11,Influencer,189.52,17880,460
2024-11-11,Organic/SEO,37.62,5190,110
2024-11-11,Email/Referral,36.95,4989,135
2024-11-12,Meta Ads,334.87,39002,1335
2024-11-12,Google Ads,426.54,50562,1626
2024-11-12,Influencer,162.4,15389,520
2024-11-12,Organic/SEO,15.46,1414,29
2024-11-12,Email/Referral,30.46,3540,61
2024-11-13,Meta Ads,495.94,66905,1324
2024-11-13,Google Ads,316.99,38720,1028
2024-11-13,Influencer,184.02,19295,360
2024-11-13,Organic/SEO,18.77,2017,54
2024-11-13,Email/Referral,35.48,4496,87
2024-11-14,Meta Ads,458.88,36889,808
2024-11-14,Google Ads,388.19,45729,999
2024-11-14,Influencer,215.18,28923,698
2024-11-14,Organic/SEO,37.39,5191,143
2024-11-14,Email/Referral,29.92,2460,47
2024-11-15,Meta Ads,411.55,52609,1102
2024-11-15,Google Ads,421.09,40554,1160
2024-11-15,Influencer,188.38,20563,618
2024-11-15,Organic/SEO,20.78,1783,41
2024-11-15,Email/Referral,28.45,3636,124
2024-11-16,Meta Ads,290.34,33534,906
2024-11-16,Google Ads,426.19,58198,1618
2024-11-16,Influencer,200.59,17991,352
2024-11-16,Organic/SEO,30.31,3743,96
2024-11-16,Email/Referral,34.57,3655,103
2024-11-17,Meta Ads,311.35,27945,393
2024-11-17,Google Ads,407.39,34449,1034
2024-11-17,Influencer,166.35,17983,591
2024-11-17,Organic/SEO,30.34,2809,48
2024-11-17,Email/Referral,41.37,4369,107
2024-11-18,Meta Ads,386.48,39693,618
2024-11-18,Google Ads,366.87,45159,761
2024-11-18,Influencer,232.33,30498,1006
2024-11-18,Organic/SEO,16.32,1603,50
2024-11-18,Email/Referral,17.55,1407,44
2024-11-19,Meta Ads,354.76,37203,787
2024-11-19,Google Ads,398.96,40005,1292
2024-11-19,Influencer,211.89,23654,429
2024-11-19,Organic/SEO,19.04,2236,47
2024-11-19,Email/Referral,41.05,4494,102
2024-11-20,Meta Ads,376.21,47912,987
2024-11-20,Google Ads,284.33,37452,933
2024-11-20,Influencer,208.87,24364,681
2024-11-20,Organic/SEO,21.33,1749,52
2024-11-20,Email/Referral,15.25,1880,22
2024-11-21,Meta Ads,366.37,30695,707
2024-11-21,Google Ads,360.32,32531,627
2024-11-21,Influencer,249.11,26541,797
2024-11-21,Organic/SEO,41.6,5759,186
2024-11-21,Email/Referral,21.47,2957,89
2024-11-22,Meta Ads,476.11,38522,1304
2024-11-22,Google Ads,385.06,48547,584
2024-11-22,Influencer,166.23,22895,515
2024-11-22,Organic/SEO,24.13,3146,38
2024-11-22,Email/Referral,24.76,2538,47
2024-11-23,Meta Ads,350.31,32440,464
2024-11-23,Google Ads,357.8,48361,1098
2024-11-23,Influencer,174.0,15581,479
2024-11-23,Organic/SEO,43.06,4346,75
2024-11-23,Email/Referral,30.85,3903,83
2024-11-24,Meta Ads,426.91,52506,1785
2024-11-24,Google Ads,263.68,36873,730
2024-11-24,Influencer,224.52,25672,569
2024-11-24,Organic/SEO,34.04,3531,46
2024-11-24,Email/Referral,27.13,3019,45
2024-11-25,Meta Ads,499.5,46777,946
2024-11-25,Google Ads,261.68,29346,519
2024-11-25,Influencer,196.73,18389,208
2024-11-25,Organic/SEO,36.71,4348,80
2024-11-25,Email/Referral,12.57,1658,23
2024-11-26,Meta Ads,498.34,54177,1002
2024-11-26,Google Ads,377.87,50109,965
2024-11-26,Influencer,186.99,19818,655
2024-11-26,Organic/SEO,33.85,3210,46
2024-11-26,Email/Referral,18.6,1782,28
2024-11-27,Meta Ads,433.66,37709,742
2024-11-27,Google Ads,354.76,34571,402
2024-11-27,Influencer,148.32,12986,401
2024-11-27,Organic/SEO,32.71,2743,54
2024-11-27,Email/Referral,20.19,2315,53
2024-11-28,Meta Ads,391.52,38709,520
2024-11-28,Google Ads,377.99,50193,1686
2024-11-28,Influencer,145.56,18106,509
2024-11-28,Organic/SEO,42.25,4021,114
2024-11-28,Email/Referral,12.8,1508,28
2024-11-29,Meta Ads,459.89,60612,1158
2024-11-29,Google Ads,335.07,29165,595
2024-11-29,Influencer,181.46,16510,534
2024-11-29,Organic/SEO,15.89,1877,60
2024-11-29,Email/Referral,41.09,5242,75
2024-11-30,Meta Ads,471.42,45536,1505
2024-11-30,Google Ads,371.4,47210,572
2024-11-30,Influencer,207.83,26865,847
2024-11-30,Organic/SEO,11.94,1628,18
2024-11-30,Email/Referral,31.28,3803,48
2024-12-01,Meta Ads,209.9,26677,523
2024-12-01,Google Ads,183.42,23066,720
2024-12-01,Influencer,151.55,13590,141
2024-12-01,Organic/SEO,24.82,2804,73
2024-12-01,Email/Referral,27.52,2918,38
2024-12-02,Meta Ads,364.03,41031,1041
2024-12-02,Google Ads,302.41,41096,998
2024-12-02,Influencer,126.51,17689,477
2024-12-02,Organic/SEO,17.8,2021,41
2024-12-02,Email/Referral,29.32,3194,97
2024-12-03,Meta Ads,346.78,44894,1259
2024-12-03,Google Ads,291.1,30051,386
2024-12-03,Influencer,173.59,19075,251
2024-12-03,Organic/SEO,10.77,964,27
2024-12-03,Email/Referral,25.06,2311,72
2024-12-04,Meta Ads,250.21,31921,709
2024-12-04,Google Ads,273.34,28122,525
2024-12-04,Influencer,173.49,14246,489
2024-12-04,Organic/SEO,23.56,2496,64
2024-12-04,Email/Referral,10.95,1213,42
2024-12-05,Meta Ads,242.25,29878,623
2024-12-05,Google Ads,261.95,24176,526
2024-12-05,Influencer,185.48,17011,440
2024-12-05,Organic/SEO,21.81,2484,63
2024-12-05,Email/Referral,20.05,1624,52
2024-12-06,Meta Ads,344.5,31160,633
2024-12-06,Google Ads,278.96,38720,1307
2024-12-06,Influencer,178.5,15976,525
2024-12-06,Organic/SEO,29.08,2984,59
2024-12-06,Email/Referral,19.04,2272,37
2024-12-07,Meta Ads,205.57,18187,381
2024-12-07,Google Ads,208.61,26257,332
2024-12-07,Influencer,180.07,24078,787
2024-12-07,Organic/SEO,25.75,2225,46
2024-12-07,Email/Referral,11.15,1552,28
2024-12-08,Meta Ads,302.75,38377,1267
2024-12-08,Google Ads,276.8,33346,721
2024-12-08,Influencer,153.11,13113,420
2024-12-08,Organic/SEO,21.05,1734,57
2024-12-08,Email/Referral,19.74,2607,81
2024-12-09,Meta Ads,342.56,28666,463
2024-12-09,Google Ads,294.08,39388,844
2024-12-09,Influencer,138.82,12564,429
2024-12-09,Organic/SEO,13.12,1199,31
2024-12-09,Email/Referral,13.83,1885,19
2024-12-10,Meta Ads,202.59,22344,496
2024-12-10,Google Ads,191.52,21004,426
2024-12-10,Influencer,177.72,14316,492
2024-12-10,Organic/SEO,22.99,2048,22
2024-12-10,Email/Referral,20.91,1967,34
2024-12-11,Meta Ads,243.96,29033,692
2024-12-11,Google Ads,179.23,20000,595
2024-12-11,Influencer,107.82,14381,351
2024-12-11,Organic/SEO,30.81,2738,95
2024-12-11,Email/Referral,23.46,2675,61
2024-12-12,Meta Ads,205.69,28051,732
2024-12-12,Google Ads,181.19,14722,165
2024-12-12,Influencer,153.45,17929,403
2024-12-12,Organic/SEO,15.36,1718,39
2024-12-12,Email/Referral,8.47,821,9
2024-12-13,Meta Ads,357.15,44112,1539
2024-12-13,Google Ads,211.51,28069,703
2024-12-13,Influencer,139.95,13064,371
2024-12-13,Organic/SEO,29.7,2795,40
2024-12-13,Email/Referral,24.71,3425,98
2024-12-14,Meta Ads,250.78,26381,517
2024-12-14,Google Ads,290.7,36710,907
2024-12-14,Influencer,124.56,16974,446
2024-12-14,Organic/SEO,31.29,3592,109
2024-12-14,Email/Referral,27.51,2757,94
2024-12-15,Meta Ads,205.39,25904,884
2024-12-15,Google Ads,216.8,25774,620
2024-12-15,Influencer,166.59,21984,551
2024-12-15,Organic/SEO,27.58,2723,42
2024-12-15,Email/Referral,18.34,2212,32
2024-12-16,Meta Ads,319.16,33079,988
2024-12-16,Google Ads,173.3,20809,546
2024-12-16,Influencer,182.1,22362,668
2024-12-16,Organic/SEO,29.71,3580,61
2024-12-16,Email/Referral,28.87,3604,74
2024-12-17,Meta Ads,324.38,42838,1473
2024-12-17,Google Ads,305.14,30367,623
2024-12-17,Influencer,110.26,10458,335
2024-12-17,Organic/SEO,16.66,1953,52
2024-12-17,Email/Referral,26.76,2434,42
2024-12-18,Meta Ads,279.07,28434,983
2024-12-18,Google Ads,288.23,31354,1002
2024-12-18,Influencer,130.84,16636,259
2024-12-18,Organic/SEO,26.54,2850,36
2024-12-18,Email/Referral,14.56,1516,43
2024-12-19,Meta Ads,214.21,25613,714
2024-12-19,Google Ads,262.16,32937,476
2024-12-19,Influencer,151.53,20679,522
2024-12-19,Organic/SEO,22.67,2815,51
2024-12-19,Email/Referral,24.81,3348,34
2024-12-20,Meta Ads,351.96,32773,701
2024-12-20,Google Ads,290.74,37631,1215
2024-12-20,Influencer,182.05,19448,513
2024-12-20,Organic/SEO,17.37,1755,36
2024-12-20,Email/Referral,25.83,2843,86
2024-12-21,Meta Ads,330.37,26835,691
2024-12-21,Google Ads,230.87,24794,755
2024-12-21,Influencer,148.11,19718,548
2024-12-21,Organic/SEO,21.27,2664,29
2024-12-21,Email/Referral,8.65,735,15
2024-12-22,Meta Ads,242.29,33691,793
2024-12-22,Google Ads,263.39,25477,459
2024-12-22,Influencer,129.78,15823,345
2024-12-22,Organic/SEO,20.42,2358,68
2024-12-22,Email/Referral,10.17,1287,30
2024-12-23,Meta Ads,317.22,31611,639
2024-12-23,Google Ads,201.29,27930,626
2024-12-23,Influencer,186.86,20440,316
2024-12-23,Organic/SEO,20.18,1662,54
2024-12-23,Email/Referral,27.65,3416,86
2024-12-24,Meta Ads,301.8,42192,715
2024-12-24,Google Ads,280.27,32198,1107
2024-12-24,Influencer,172.32,24109,595
2024-12-24,Organic/SEO,12.91,1422,39
2024-12-24,Email/Referral,26.58,2127,48
2024-12-25,Meta Ads,242.25,32096,443
2024-12-25,Google Ads,263.97,25331,479
2024-12-25,Influencer,182.06,17191,212
2024-12-25,Organic/SEO,9.66,1065,27
2024-12-25,Email/Referral,15.86,1925,22
2024-12-26,Meta Ads,349.75,45115,1562
2024-12-26,Google Ads,302.86,30701,613
2024-12-26,Influencer,165.25,14549,259
2024-12-26,Organic/SEO,10.84,1163,27
2024-12-26,Email/Referral,13.07,1066,29
2024-12-27,Meta Ads,205.06,28381,441
2024-12-27,Google Ads,263.6,27964,321
2024-12-27,Influencer,141.6,15718,493
2024-12-27,Organic/SEO,25.58,2168,33
2024-12-27,Email/Referral,15.49,1347,28
2024-12-28,Meta Ads,371.69,41211,1176
2024-12-28,Google Ads,266.34,34889,537
2024-12-28,Influencer,165.93,22048,315
2024-12-28,Organic/SEO,16.32,2255,66
2024-12-28,Email/Referral,14.78,1682,33
2024-12-29,Meta Ads,286.27,29002,492
2024-12-29,Google Ads,265.17,33600,1070
2024-12-29,Influencer,114.22,14776,241
2024-12-29,Organic/SEO,18.26,2448,52
2024-12-29,Email/Referral,12.73,1140,24
2024-12-30,Meta Ads,333.39,46618,1383
2024-12-30,Google Ads,294.29,36747,1190
2024-12-30,Influencer,107.39,14583,290
2024-12-30,Organic/SEO,30.12,2546,70
2024-12-30,Email/Referral,25.66,3587,104
2024-12-31,Meta Ads,267.71,30367,581
2024-12-31,Google Ads,196.23,18624,289
2024-12-31,Influencer,148.22,19916,653
2024-12-31,Organic/SEO,9.31,789,12
2024-12-31,Email/Referral,14.12,1209,23
2025-01-01,Meta Ads,161.05,18470,435
2025-01-01,Google Ads,115.16,14094,432
2025-01-01,Influencer,69.44,5911,102
2025-01-01,Organic/SEO,6.0,648,9
2025-01-01,Email/Referral,10.15,946,26
2025-01-02,Meta Ads,109.63,12419,176
2025-01-02,Google Ads,89.33,11805,316
2025-01-02,Influencer,58.09,6961,176
2025-01-02,Organic/SEO,10.29,1082,34
2025-01-02,Email/Referral,7.38,766,13
2025-01-03,Meta Ads,177.9,24014,750
2025-01-03,Google Ads,150.27,20918,573
2025-01-03,Influencer,88.02,12231,124
2025-01-03,Organic/SEO,12.33,1533,50
2025-01-03,Email/Referral,15.52,2025,68
2025-01-04,Meta Ads,156.43,12579,129
2025-01-04,Google Ads,130.91,13891,295
2025-01-04,Influencer,71.93,9715,184
2025-01-04,Organic/SEO,15.17,2035,45
2025-01-04,Email/Referral,9.95,1250,34
2025-01-05,Meta Ads,137.26,11825,196
2025-01-05,Google Ads,99.27,9697,160
2025-01-05,Influencer,82.82,11368,308
2025-01-05,Organic/SEO,16.06,2040,57
2025-01-05,Email/Referral,9.53,948,29
2025-01-06,Meta Ads,190.22,20375,208
2025-01-06,Google Ads,149.88,14553,149
2025-01-06,Influencer,90.5,10049,272
2025-01-06,Organic/SEO,15.91,1789,40
2025-01-06,Email/Referral,7.96,782,23
2025-01-07,Meta Ads,148.32,13320,164
2025-01-07,Google Ads,125.43,13533,356
2025-01-07,Influencer,75.17,6660,151
2025-01-07,Organic/SEO,15.81,1416,38
2025-01-07,Email/Referral,11.82,1476,20
2025-01-08,Meta Ads,193.54,22694,707
2025-01-08,Google Ads,108.12,13446,397
2025-01-08,Influencer,71.79,7397,195
2025-01-08,Organic/SEO,5.44,675,7
2025-01-08,Email/Referral,6.68,800,9
2025-01-09,Meta Ads,196.32,25934,665
2025-01-09,Google Ads,151.91,20242,333
2025-01-09,Influencer,92.54,8484,172
2025-01-09,Organic/SEO,11.37,1396,15
2025-01-09,Email/Referral,7.95,926,17
2025-01-10,Meta Ads,178.25,21229,336
2025-01-10,Google Ads,100.41,11822,251
2025-01-10,Influencer,61.31,6105,107
2025-01-10,Organic/SEO,5.63,635,18
2025-01-10,Email/Referral,11.59,1501,19
2025-01-11,Meta Ads,147.09,17145,461
2025-01-11,Google Ads,142.48,17630,463
2025-01-11,Influencer,57.88,7045,198
2025-01-11,Organic/SEO,16.92,2057,55
2025-01-11,Email/Referral,10.81,1427,49
2025-01-12,Meta Ads,178.62,20853,249
2025-01-12,Google Ads,144.85,17746,521
2025-01-12,Influencer,59.27,7066,122
2025-01-12,Organic/SEO,13.94,1316,35
2025-01-12,Email/Referral,8.01,645,16
2025-01-13,Meta Ads,117.5,14048,465
2025-01-13,Google Ads,163.4,15384,465
2025-01-13,Influencer,69.78,9352,277
2025-01-13,Organic/SEO,5.19,541,9
2025-01-13,Email/Referral,14.26,1491,40
2025-01-14,Meta Ads,162.4,22498,752
2025-01-14,Google Ads,121.97,15052,462
2025-01-14,Influencer,94.81,7972,139
2025-01-14,Organic/SEO,8.33,883,12
2025-01-14,Email/Referral,10.58,1267,28
2025-01-15,Meta Ads,168.22,14128,450
2025-01-15,Google Ads,161.09,18859,604
2025-01-15,Influencer,59.58,7617,98
2025-01-15,Organic/SEO,9.45,939,23
2025-01-15,Email/Referral,8.09,956,18
2025-01-16,Meta Ads,186.12,21968,337
2025-01-16,Google Ads,114.96,15041,295
2025-01-16,Influencer,78.14,9293,173
2025-01-16,Organic/SEO,8.0,868,13
2025-01-16,Email/Referral,7.87,658,11
2025-01-17,Meta Ads,136.54,18802,465
2025-01-17,Google Ads,149.48,12365,156
2025-01-17,Influencer,90.94,10677,157
2025-01-17,Organic/SEO,9.41,1056,32
2025-01-17,Email/Referral,5.02,581,16
2025-01-18,Meta Ads,196.87,25283,427
2025-01-18,Google Ads,143.53,18055,509
2025-01-18,Influencer,91.19,12239,152
2025-01-18,Organic/SEO,5.59,714,11
2025-01-18,Email/Referral,5.0,520,15
2025-01-19,Meta Ads,118.72,14283,144
2025-01-19,Google Ads,97.64,9866,119
2025-01-19,Influencer,92.38,12179,351
2025-01-19,Organic/SEO,7.34,817,11
2025-01-19,Email/Referral,7.84,869,24
2025-01-20,Meta Ads,115.79,11324,375
2025-01-20,Google Ads,122.08,16643,578
2025-01-20,Influencer,77.72,7560,225
2025-01-20,Organic/SEO,6.28,597,17
2025-01-20,Email/Referral,9.78,900,23
2025-01-21,Meta Ads,174.37,15258,258
2025-01-21,Google Ads,106.18,10914,317
2025-01-21,Influencer,86.31,10335,104
2025-01-21,Organic/SEO,6.06,565,9
2025-01-21,Email/Referral,6.12,640,7
2025-01-22,Meta Ads,175.95,22391,545
2025-01-22,Google Ads,96.11,12821,437
2025-01-22,Influencer,62.84,7683,238
2025-01-22,Organic/SEO,11.13,1106,24
2025-01-22,Email/Referral,10.78,1121,37
2025-01-23,Meta Ads,175.39,16570,408
2025-01-23,Google Ads,141.93,12547,237
2025-01-23,Influencer,95.11,10845,167
2025-01-23,Organic/SEO,5.82,646,15
2025-01-23,Email/Referral,8.51,1002,11
2025-01-24,Meta Ads,120.42,13580,156
2025-01-24,Google Ads,156.64,13867,372
2025-01-24,Influencer,71.51,7436,216
2025-01-24,Organic/SEO,10.62,1311,29
2025-01-24,Email/Referral,11.81,1483,37
2025-01-25,Meta Ads,163.61,20836,702
2025-01-25,Google Ads,118.07,13534,164
2025-01-25,Influencer,70.02,7332,226
2025-01-25,Organic/SEO,10.8,1337,14
2025-01-25,Email/Referral,10.17,1363,21
2025-01-26,Meta Ads,109.99,11659,321
2025-01-26,Google Ads,124.02,13344,356
2025-01-26,Influencer,65.23,8161,112
2025-01-26,Organic/SEO,9.3,1110,34
2025-01-26,Email/Referral,14.34,1768,33
2025-01-27,Meta Ads,118.33,11005,347
2025-01-27,Google Ads,154.84,21227,252
2025-01-27,Influencer,78.19,9298,258
2025-01-27,Organic/SEO,12.46,1572,29
2025-01-27,Email/Referral,6.54,603,6
2025-01-28,Meta Ads,139.26,11907,214
2025-01-28,Google Ads,137.31,18354,568
2025-01-28,Influencer,65.15,5736,85
2025-01-28,Organic/SEO,16.63,1878,27
2025-01-28,Email/Referral,14.97,1552,50
2025-01-29,Meta Ads,131.03,13573,307
2025-01-29,Google Ads,157.54,20815,507
2025-01-29,Influencer,63.73,6640,228
2025-01-29,Organic/SEO,12.0,1522,32
2025-01-29,Email/Referral,11.03,1166,32
2025-01-30,Meta Ads,185.27,20461,450
2025-01-30,Google Ads,115.28,10447,349
2025-01-30,Influencer,68.06,8714,242
2025-01-30,Organic/SEO,14.33,1951,49
2025-01-30,Email/Referral,15.7,1413,36
2025-01-31,Meta Ads,177.99,17140,488
2025-01-31,Google Ads,148.8,19324,344
2025-01-31,Influencer,84.84,8335,237
2025-01-31,Organic/SEO,10.15,1175,23
2025-01-31,Email/Referral,6.32,573,6
2025-02-01,Meta Ads,192.75,25234,265
2025-02-01,Google Ads,110.96,11922,339
2025-02-01,Influencer,71.52,6887,108
2025-02-01,Organic/SEO,10.99,1027,19
2025-02-01,Email/Referral,15.93,1858,22
2025-02-02,Meta Ads,194.88,21168,706
2025-02-02,Google Ads,131.04,16192,457
2025-02-02,Influencer,74.96,10059,224
2025-02-02,Organic/SEO,15.18,1347,22
2025-02-02,Email/Referral,13.79,1367,30
2025-02-03,Meta Ads,166.39,19706,437
2025-02-03,Google Ads,105.41,12541,257
2025-02-03,Influencer,81.45,6976,108
2025-02-03,Organic/SEO,8.36,1137,23
2025-02-03,Email/Referral,5.63,497,5
2025-02-04,Meta Ads,189.6,17291,388
2025-02-04,Google Ads,138.31,17735,319
2025-02-04,Influencer,87.75,10817,225
2025-02-04,Organic/SEO,16.9,2022,40
2025-02-04,Email/Referral,12.56,1733,45
2025-02-05,Meta Ads,223.74,20298,448
2025-02-05,Google Ads,186.78,18557,634
2025-02-05,Influencer,68.24,9155,193
2025-02-05,Organic/SEO,6.11,811,13
2025-02-05,Email/Referral,5.33,469,12
2025-02-06,Meta Ads,231.6,20076,432
2025-02-06,Google Ads,121.26,15121,195
2025-02-06,Influencer,75.95,6971,166
2025-02-06,Organic/SEO,18.1,2003,22
2025-02-06,Email/Referral,13.45,1719,22
2025-02-07,Meta Ads,133.85,12216,350
2025-02-07,Google Ads,158.25,17792,288
2025-02-07,Influencer,80.94,11165,178
2025-02-07,Organic/SEO,18.52,2126,27
2025-02-07,Email/Referral,12.01,1644,33
2025-02-08,Meta Ads,219.25,20913,507
2025-02-08,Google Ads,180.95,24471,541
2025-02-08,Influencer,97.54,7820,127
2025-02-08,Organic/SEO,9.18,785,13
2025-02-08,Email/Referral,9.82,1356,36
2025-02-09,Meta Ads,172.01,23958,331
2025-02-09,Google Ads,147.84,17566,200
2025-02-09,Influencer,101.72,8747,118
2025-02-09,Organic/SEO,7.4,1004,27
2025-02-09,Email/Referral,14.83,1680,29
2025-02-10,Meta Ads,193.06,20195,275
2025-02-10,Google Ads,167.06,14663,216
2025-02-10,Influencer,107.16,12817,330
2025-02-10,Organic/SEO,11.27,1169,31
2025-02-10,Email/Referral,16.1,1780,60
2025-02-11,Meta Ads,229.22,24009,732
2025-02-11,Google Ads,153.89,17036,193
2025-02-11,Influencer,93.99,12597,371
2025-02-11,Organic/SEO,16.79,1504,28
2025-02-11,Email/Referral,8.5,841,20
2025-02-12,Meta Ads,165.4,18796,394
2025-02-12,Google Ads,130.8,11212,362
2025-02-12,Influencer,63.61,5095,156
2025-02-12,Organic/SEO,19.95,2466,25
2025-02-12,Email/Referral,8.4,1161,35
2025-02-13,Meta Ads,187.21,17637,182
2025-02-13,Google Ads,106.88,12474,131
2025-02-13,Influencer,116.66,10616,294
2025-02-13,Organic/SEO,7.33,823,9
2025-02-13,Email/Referral,16.5,1899,23
2025-02-14,Meta Ads,217.65,24555,811
2025-02-14,Google Ads,187.5,25355,302
2025-02-14,Influencer,69.53,9682,214
2025-02-14,Organic/SEO,8.57,1081,17
2025-02-14,Email/Referral,15.91,2072,61
2025-02-15,Meta Ads,155.6,16197,329
2025-02-15,Google Ads,149.21,13435,286
2025-02-15,Influencer,90.58,10136,309
2025-02-15,Organic/SEO,12.76,1197,31
2025-02-15,Email/Referral,16.96,1681,43
2025-02-16,Meta Ads,141.87,14260,466
2025-02-16,Google Ads,187.02,21417,590
2025-02-16,Influencer,109.12,15005,333
2025-02-16,Organic/SEO,13.42,1408,16
2025-02-16,Email/Referral,11.34,1445,43
2025-02-17,Meta Ads,222.38,18477,428
2025-02-17,Google Ads,114.67,10554,343
2025-02-17,Influencer,89.83,11274,130
2025-02-17,Organic/SEO,11.25,1355,18
2025-02-17,Email/Referral,9.89,829,21
2025-02-18,Meta Ads,230.86,29924,1028
2025-02-18,Google Ads,181.1,23780,580
2025-02-18,Influencer,90.99,9497,289
2025-02-18,Organic/SEO,7.73,644,21
2025-02-18,Email/Referral,5.06,701,19
2025-02-19,Meta Ads,161.48,19679,599
2025-02-19,Google Ads,127.08,16044,483
2025-02-19,Influencer,76.47,6309,95
2025-02-19,Organic/SEO,8.01,672,18
2025-02-19,Email/Referral,10.7,1423,23
2025-02-20,Meta Ads,174.95,20703,661
2025-02-20,Google Ads,152.22,15589,493
2025-02-20,Influencer,79.75,6760,142
2025-02-20,Organic/SEO,16.78,1373,33
2025-02-20,Email/Referral,13.92,1889,32
2025-02-21,Meta Ads,156.11,16614,314
2025-02-21,Google Ads,171.27,20296,588
2025-02-21,Influencer,107.28,14523,301
2025-02-21,Organic/SEO,19.77,1837,51
2025-02-21,Email/Referral,13.01,1678,36
2025-02-22,Meta Ads,210.67,28611,809
2025-02-22,Google Ads,174.85,14692,222
2025-02-22,Influencer,115.61,14057,337
2025-02-22,Organic/SEO,10.5,867,16
2025-02-22,Email/Referral,12.48,1156,16
2025-02-23,Meta Ads,180.91,20832,333
2025-02-23,Google Ads,157.87,21157,461
2025-02-23,Influencer,109.3,14825,182
2025-02-23,Organic/SEO,6.44,699,17
2025-02-23,Email/Referral,11.39,1134,29
2025-02-24,Meta Ads,126.22,17429,275
2025-02-24,Google Ads,187.54,16229,258
2025-02-24,Influencer,75.68,10577,106
2025-02-24,Organic/SEO,14.59,1928,51
2025-02-24,Email/Referral,10.44,1435,46
2025-02-25,Meta Ads,172.87,19776,676
2025-02-25,Google Ads,193.43,20694,645
2025-02-25,Influencer,79.31,8114,114
2025-02-25,Organic/SEO,8.14,972,22
2025-02-25,Email/Referral,8.47,882,17
2025-02-26,Meta Ads,232.63,30524,601
2025-02-26,Google Ads,187.25,18829,502
2025-02-26,Influencer,115.2,11913,321
2025-02-26,Organic/SEO,9.44,906,22
2025-02-26,Email/Referral,19.69,2110,70
2025-02-27,Meta Ads,224.75,21401,428
2025-02-27,Google Ads,162.9,18095,224
2025-02-27,Influencer,116.66,14601,305
2025-02-27,Organic/SEO,14.27,1216,27
2025-02-27,Email/Referral,18.96,2536,46
2025-02-28,Meta Ads,183.39,22344,413
2025-02-28,Google Ads,110.84,12228,306
2025-02-28,Influencer,63.32,5428,82
2025-02-28,Organic/SEO,10.22,1149,19
2025-02-28,Email/Referral,9.14,1207,16
2025-03-01,Meta Ads,179.51,24623,630
2025-03-01,Google Ads,169.55,17950,188
2025-03-01,Influencer,97.89,11542,147
2025-03-01,Organic/SEO,11.93,1609,24
2025-03-01,Email/Referral,11.92,1283,38
2025-03-02,Meta Ads,215.05,27000,516
2025-03-02,Google Ads,111.48,11256,303
2025-03-02,Influencer,100.95,13921,297
2025-03-02,Organic/SEO,14.49,1627,22
2025-03-02,Email/Referral,11.92,1343,45
2025-03-03,Meta Ads,165.59,22984,541
2025-03-03,Google Ads,126.82,11604,157
2025-03-03,Influencer,87.46,7111,150
2025-03-03,Organic/SEO,19.83,2383,69
2025-03-03,Email/Referral,6.79,735,12
2025-03-04,Meta Ads,222.56,20225,434
2025-03-04,Google Ads,157.92,17504,538
2025-03-04,Influencer,75.5,7749,230
2025-03-04,Organic/SEO,12.92,1345,14
2025-03-04,Email/Referral,16.3,2254,57
2025-03-05,Meta Ads,218.51,24257,383
2025-03-05,Google Ads,106.3,12671,282
2025-03-05,Influencer,105.23,12804,444
2025-03-05,Organic/SEO,12.65,1336,22
2025-03-05,Email/Referral,12.15,1608,17
2025-03-06,Meta Ads,231.61,32332,806
2025-03-06,Google Ads,134.84,12591,212
2025-03-06,Influencer,65.71,7129,81
2025-03-06,Organic/SEO,15.78,1614,24
2025-03-06,Email/Referral,13.17,1823,49
2025-03-07,Meta Ads,179.11,22677,644
2025-03-07,Google Ads,185.26,17095,538
2025-03-07,Influencer,79.26,10815,184
2025-03-07,Organic/SEO,18.9,2604,35
2025-03-07,Email/Referral,19.62,1670,25
2025-03-08,Meta Ads,173.97,24288,539
2025-03-08,Google Ads,154.54,18802,643
2025-03-08,Influencer,105.3,9840,172
2025-03-08,Organic/SEO,6.46,766,11
2025-03-08,Email/Referral,8.86,1180,21
2025-03-09,Meta Ads,187.2,19441,230
2025-03-09,Google Ads,137.66,14383,465
2025-03-09,Influencer,80.52,8273,244
2025-03-09,Organic/SEO,16.38,2094,70
2025-03-09,Email/Referral,16.93,1768,53
2025-03-10,Meta Ads,180.94,17490,307
2025-03-10,Google Ads,125.15,11100,162
2025-03-10,Influencer,66.41,8852,294
2025-03-10,Organic/SEO,13.8,1799,26
2025-03-10,Email/Referral,18.53,2045,23
2025-03-11,Meta Ads,141.26,13919,154
2025-03-11,Google Ads,132.84,11104,176
2025-03-11,Influencer,77.35,10802,171
2025-03-11,Organic/SEO,8.59,1041,32
2025-03-11,Email/Referral,10.81,1432,26
2025-03-12,Meta Ads,147.28,14695,370
2025-03-12,Google Ads,138.04,16616,264
2025-03-12,Influencer,100.85,10170,217
2025-03-12,Organic/SEO,13.37,1620,25
2025-03-12,Email/Referral,17.54,2162,34
2025-03-13,Meta Ads,231.3,27730,590
2025-03-13,Google Ads,119.18,13347,188
2025-03-13,Influencer,86.19,9008,252
2025-03-13,Organic/SEO,7.89,1020,18
2025-03-13,Email/Referral,11.66,1473,37
2025-03-14,Meta Ads,159.27,16432,289
2025-03-14,Google Ads,158.53,15846,445
2025-03-14,Influencer,94.31,8369,148
2025-03-14,Organic/SEO,8.32,860,19
2025-03-14,Email/Referral,12.6,1578,23
2025-03-15,Meta Ads,228.22,22952,401
2025-03-15,Google Ads,166.67,21388,416
2025-03-15,Influencer,103.33,13745,400
2025-03-15,Organic/SEO,5.51,714,20
2025-03-15,Email/Referral,15.04,1889,65
2025-03-16,Meta Ads,172.56,14500,312
2025-03-16,Google Ads,109.18,10661,263
2025-03-16,Influencer,79.72,9655,294
2025-03-16,Organic/SEO,11.31,1515,18
2025-03-16,Email/Referral,17.6,2282,41
2025-03-17,Meta Ads,158.26,15557,471
2025-03-17,Google Ads,179.85,17946,445
2025-03-17,Influencer,70.5,7622,266
2025-03-17,Organic/SEO,7.38,1009,30
2025-03-17,Email/Referral,19.58,1777,27
2025-03-18,Meta Ads,127.82,15783,411
2025-03-18,Google Ads,121.03,15427,269
2025-03-18,Influencer,70.29,7405,90
2025-03-18,Organic/SEO,8.95,915,28
2025-03-18,Email/Referral,16.89,1799,50
2025-03-19,Meta Ads,187.41,18825,529
2025-03-19,Google Ads,166.51,19505,496
2025-03-19,Influencer,99.88,10294,326
2025-03-19,Organic/SEO,7.43,988,18
2025-03-19,Email/Referral,6.88,798,15
2025-03-20,Meta Ads,214.07,22658,605
2025-03-20,Google Ads,132.74,12287,242
2025-03-20,Influencer,95.77,11436,279
2025-03-20,Organic/SEO,19.82,2407,80
2025-03-20,Email/Referral,6.77,566,10
2025-03-21,Meta Ads,140.75,15700,360
2025-03-21,Google Ads,156.75,19548,670
2025-03-21,Influencer,110.43,9618,177
2025-03-21,Organic/SEO,8.84,800,18
2025-03-21,Email/Referral,13.3,1245,34
2025-03-22,Meta Ads,205.15,16670,331
2025-03-22,Google Ads,185.11,20587,384
2025-03-22,Influencer,76.7,7255,90
2025-03-22,Organic/SEO,17.26,1470,25
2025-03-22,Email/Referral,5.69,721,7
2025-03-23,Meta Ads,159.3,18223,368
2025-03-23,Google Ads,130.4,12585,376
2025-03-23,Influencer,115.59,11661,128
2025-03-23,Organic/SEO,5.55,696,16
2025-03-23,Email/Referral,16.75,2040,66
2025-03-24,Meta Ads,221.67,28218,617
2025-03-24,Google Ads,132.73,14656,330
2025-03-24,Influencer,95.95,8747,230
2025-03-24,Organic/SEO,11.85,1388,22
2025-03-24,Email/Referral,11.52,1066,33
2025-03-25,Meta Ads,178.7,16708,184
2025-03-25,Google Ads,165.82,15401,535
2025-03-25,Influencer,91.82,8937,236
2025-03-25,Organic/SEO,9.13,1179,20
2025-03-25,Email/Referral,19.82,2305,71
2025-03-26,Meta Ads,133.86,13506,384
2025-03-26,Google Ads,163.96,15027,284
2025-03-26,Influencer,77.23,9020,167
2025-03-26,Organic/SEO,9.64,891,18
2025-03-26,Email/Referral,7.93,1092,15
2025-03-27,Meta Ads,224.64,23746,461
2025-03-27,Google Ads,125.82,14865,403
2025-03-27,Influencer,88.25,7354,242
2025-03-27,Organic/SEO,19.7,2085,52
2025-03-27,Email/Referral,11.75,1166,13
2025-03-28,Meta Ads,175.26,22626,235
2025-03-28,Google Ads,157.39,20908,322
2025-03-28,Influencer,72.9,9209,150
2025-03-28,Organic/SEO,7.88,809,16
2025-03-28,Email/Referral,18.11,2120,42
2025-03-29,Meta Ads,183.71,25211,323
2025-03-29,Google Ads,123.69,17038,578
2025-03-29,Influencer,72.57,6437,132
2025-03-29,Organic/SEO,5.75,685,8
2025-03-29,Email/Referral,5.87,640,21
2025-03-30,Meta Ads,172.09,17448,609
2025-03-30,Google Ads,152.88,15672,307
2025-03-30,Influencer,73.53,8142,170
2025-03-30,Organic/SEO,9.06,812,14
2025-03-30,Email/Referral,12.63,1054,14
2025-03-31,Meta Ads,228.35,25705,297
2025-03-31,Google Ads,167.38,14011,398
2025-03-31,Influencer,103.5,12323,348
2025-03-31,Organic/SEO,6.32,781,10
2025-03-31,Email/Referral,10.09,1377,31
2025-04-01,Meta Ads,230.48,19668,431
2025-04-01,Google Ads,110.62,13032,155
2025-04-01,Influencer,72.47,6923,198
2025-04-01,Organic/SEO,7.46,975,12
2025-04-01,Email/Referral,5.53,573,19
2025-04-02,Meta Ads,137.92,11875,341
2025-04-02,Google Ads,133.09,16374,245
2025-04-02,Influencer,87.84,8425,179
2025-04-02,Organic/SEO,16.54,2079,47
2025-04-02,Email/Referral,18.93,1814,29
2025-04-03,Meta Ads,192.29,22551,251
2025-04-03,Google Ads,159.7,16363,469
2025-04-03,Influencer,106.64,12064,121
2025-04-03,Organic/SEO,14.55,1817,29
2025-04-03,Email/Referral,11.97,1651,28
2025-04-04,Meta Ads,150.1,13906,333
2025-04-04,Google Ads,190.48,22194,390
2025-04-04,Influencer,97.48,11452,285
2025-04-04,Organic/SEO,7.39,872,18
2025-04-04,Email/Referral,5.28,593,20
2025-04-05,Meta Ads,163.77,22589,280
2025-04-05,Google Ads,170.92,14846,249
2025-04-05,Influencer,93.83,10843,318
2025-04-05,Organic/SEO,14.23,1645,53
2025-04-05,Email/Referral,11.78,1101,15
2025-04-06,Meta Ads,169.2,20771,229
2025-04-06,Google Ads,116.61,10071,248
2025-04-06,Influencer,76.11,6848,169
2025-04-06,Organic/SEO,16.42,1640,40
2025-04-06,Email/Referral,6.47,880,16
2025-04-07,Meta Ads,233.73,32421,955
2025-04-07,Google Ads,106.81,12027,146
2025-04-07,Influencer,111.34,14182,486
2025-04-07,Organic/SEO,14.13,1573,36
2025-04-07,Email/Referral,10.8,1167,30
2025-04-08,Meta Ads,226.76,26248,824
2025-04-08,Google Ads,182.65,20297,379
2025-04-08,Influencer,97.54,10412,125
2025-04-08,Organic/SEO,10.67,1490,16
2025-04-08,Email/Referral,15.45,2015,52
2025-04-09,Meta Ads,187.53,22963,476
2025-04-09,Google Ads,113.22,15595,324
2025-04-09,Influencer,98.93,11068,125
2025-04-09,Organic/SEO,19.29,2460,33
2025-04-09,Email/Referral,19.72,2449,53
2025-04-10,Meta Ads,192.03,16592,398
2025-04-10,Google Ads,111.63,12579,299
2025-04-10,Influencer,110.22,13612,221
2025-04-10,Organic/SEO,18.33,2096,52
2025-04-10,Email/Referral,7.53,989,32
2025-04-11,Meta Ads,209.7,28612,502
2025-04-11,Google Ads,182.5,19953,281
2025-04-11,Influencer,99.12,11998,206
2025-04-11,Organic/SEO,5.41,497,9
2025-04-11,Email/Referral,7.51,688,13
2025-04-12,Meta Ads,229.87,28930,520
2025-04-12,Google Ads,190.64,22636,484
2025-04-12,Influencer,88.29,9239,146
2025-04-12,Organic/SEO,10.8,1206,27
2025-04-12,Email/Referral,16.43,1668,46
2025-04-13,Meta Ads,188.43,25948,509
2025-04-13,Google Ads,186.11,24052,623
2025-04-13,Influencer,98.34,8366,282
2025-04-13,Organic/SEO,6.6,751,13
2025-04-13,Email/Referral,11.45,1335,43
2025-04-14,Meta Ads,175.42,24429,606
2025-04-14,Google Ads,119.45,10917,304
2025-04-14,Influencer,65.72,7151,98
2025-04-14,Organic/SEO,11.5,1437,30
2025-04-14,Email/Referral,7.45,708,13
2025-04-15,Meta Ads,133.51,15361,386
2025-04-15,Google Ads,110.59,11516,234
2025-04-15,Influencer,81.03,9194,171
2025-04-15,Organic/SEO,11.25,1438,20
2025-04-15,Email/Referral,14.29,1576,27
2025-04-16,Meta Ads,204.57,23130,507
2025-04-16,Google Ads,165.09,21154,725
2025-04-16,Influencer,96.98,12846,128
2025-04-16,Organic/SEO,12.95,1202,14
2025-04-16,Email/Referral,12.98,1620,32
2025-04-17,Meta Ads,198.37,21698,454
2025-04-17,Google Ads,131.12,13499,253
2025-04-17,Influencer,97.89,8512,104
2025-04-17,Organic/SEO,14.9,1680,34
2025-04-17,Email/Referral,7.29,762,22
2025-04-18,Meta Ads,222.08,27128,311
2025-04-18,Google Ads,165.34,15617,279
2025-04-18,Influencer,73.58,9311,244
2025-04-18,Organic/SEO,14.18,1702,27
2025-04-18,Email/Referral,11.67,1377,35
2025-04-19,Meta Ads,211.52,20565,601
2025-04-19,Google Ads,144.62,17384,371
2025-04-19,Influencer,114.22,10366,278
2025-04-19,Organic/SEO,13.65,1233,14
2025-04-19,Email/Referral,16.99,1519,22
2025-04-20,Meta Ads,231.67,28503,463
2025-04-20,Google Ads,158.19,17724,551
2025-04-20,Influencer,102.38,13299,203
2025-04-20,Organic/SEO,14.6,1203,14
2025-04-20,Email/Referral,15.7,1279,31
2025-04-21,Meta Ads,216.76,22282,247
2025-04-21,Google Ads,169.25,22980,641
2025-04-21,Influencer,94.24,8839,91
2025-04-21,Organic/SEO,15.42,1447,45
2025-04-21,Email/Referral,12.0,1342,38
2025-04-22,Meta Ads,210.18,24918,833
2025-04-22,Google Ads,193.41,26461,809
2025-04-22,Influencer,101.1,12111,152
2025-04-22,Organic/SEO,9.07,728,9
2025-04-22,Email/Referral,11.59,1029,33
2025-04-23,Meta Ads,213.02,17956,291
2025-04-23,Google Ads,178.72,22908,770
2025-04-23,Influencer,116.87,16195,328
2025-04-23,Organic/SEO,8.75,1098,19
2025-04-23,Email/Referral,17.1,1915,57
2025-04-24,Meta Ads,155.8,17213,414
2025-04-24,Google Ads,189.88,18227,609
2025-04-24,Influencer,106.46,13185,391
2025-04-24,Organic/SEO,14.08,1332,19
2025-04-24,Email/Referral,18.0,2223,34
2025-04-25,Meta Ads,192.43,20561,287
2025-04-25,Google Ads,152.87,14811,183
2025-04-25,Influencer,88.22,10181,113
2025-04-25,Organic/SEO,11.03,1052,11
2025-04-25,Email/Referral,6.88,607,8
2025-04-26,Meta Ads,212.76,22631,309
2025-04-26,Google Ads,114.03,11160,334
2025-04-26,Influencer,82.68,7407,148
2025-04-26,Organic/SEO,13.33,1090,28
2025-04-26,Email/Referral,10.93,880,23
2025-04-27,Meta Ads,202.94,23892,443
2025-04-27,Google Ads,152.66,15759,433
2025-04-27,Influencer,94.51,8024,209
2025-04-27,Organic/SEO,15.31,1565,49
2025-04-27,Email/Referral,17.65,1597,52
2025-04-28,Meta Ads,173.61,21427,650
2025-04-28,Google Ads,150.46,15639,514
2025-04-28,Influencer,75.47,7201,137
2025-04-28,Organic/SEO,17.89,2438,37
2025-04-28,Email/Referral,17.96,1715,58
2025-04-29,Meta Ads,190.52,15322,166
2025-04-29,Google Ads,118.27,10792,315
2025-04-29,Influencer,75.03,10365,268
2025-04-29,Organic/SEO,15.39,1432,46
2025-04-29,Email/Referral,15.02,1980,67
2025-04-30,Meta Ads,139.57,11974,360
2025-04-30,Google Ads,182.95,21043,402
2025-04-30,Influencer,98.24,9660,154
2025-04-30,Organic/SEO,12.32,1145,25
2025-04-30,Email/Referral,19.35,2522,84
2025-05-01,Meta Ads,213.08,21581,653
2025-05-01,Google Ads,188.06,25730,696
2025-05-01,Influencer,74.41,6130,83
2025-05-01,Organic/SEO,19.48,2098,65
2025-05-01,Email/Referral,11.98,1433,15
2025-05-02,Meta Ads,152.99,16243,418
2025-05-02,Google Ads,120.44,15160,289
2025-05-02,Influencer,107.14,9200,248
2025-05-02,Organic/SEO,9.4,1200,24
2025-05-02,Email/Referral,14.98,2038,21
2025-05-03,Meta Ads,127.2,16054,419
2025-05-03,Google Ads,131.37,14406,159
2025-05-03,Influencer,73.39,7740,238
2025-05-03,Organic/SEO,12.2,1405,44
2025-05-03,Email/Referral,9.63,1175,37
2025-05-04,Meta Ads,147.88,14993,517
2025-05-04,Google Ads,193.49,18070,210
2025-05-04,Influencer,77.63,8062,169
2025-05-04,Organic/SEO,14.28,1913,34
2025-05-04,Email/Referral,17.75,1519,16
2025-05-05,Meta Ads,180.44,15081,298
2025-05-05,Google Ads,185.71,17547,485
2025-05-05,Influencer,79.33,6560,156
2025-05-05,Organic/SEO,17.52,1832,46
2025-05-05,Email/Referral,18.5,2356,34
2025-05-06,Meta Ads,205.21,22596,647
2025-05-06,Google Ads,149.51,13108,317
2025-05-06,Influencer,89.58,9950,318
2025-05-06,Organic/SEO,18.42,1974,42
2025-05-06,Email/Referral,12.73,1415,47
2025-05-07,Meta Ads,196.14,18956,441
2025-05-07,Google Ads,161.45,19113,470
2025-05-07,Influencer,72.6,5954,109
2025-05-07,Organic/SEO,11.41,955,29
2025-05-07,Email/Referral,10.16,1369,18
2025-05-08,Meta Ads,132.15,14396,212
2025-05-08,Google Ads,189.37,15266,310
2025-05-08,Influencer,113.04,11650,143
2025-05-08,Organic/SEO,9.54,1048,15
2025-05-08,Email/Referral,12.0,1562,49
2025-05-09,Meta Ads,131.32,11773,198
2025-05-09,Google Ads,158.54,16117,501
2025-05-09,Influencer,101.7,8748,224
2025-05-09,Organic/SEO,6.7,638,9
2025-05-09,Email/Referral,7.6,889,21
2025-05-10,Meta Ads,145.01,20215,415
2025-05-10,Google Ads,113.74,9922,244
2025-05-10,Influencer,115.87,13245,446
2025-05-10,Organic/SEO,11.66,1237,27
2025-05-10,Email/Referral,15.46,1577,49
2025-05-11,Meta Ads,129.16,13740,312
2025-05-11,Google Ads,159.63,15414,318
2025-05-11,Influencer,89.17,10808,317
2025-05-11,Organic/SEO,16.07,1614,56
2025-05-11,Email/Referral,17.73,1695,25
2025-05-12,Meta Ads,159.91,17132,535
2025-05-12,Google Ads,175.05,22944,385
2025-05-12,Influencer,95.05,9219,117
2025-05-12,Organic/SEO,15.26,1351,36
2025-05-12,Email/Referral,14.72,1893,25
2025-05-13,Meta Ads,210.62,29477,921
2025-05-13,Google Ads,172.66,20672,424
2025-05-13,Influencer,102.45,12647,326
2025-05-13,Organic/SEO,16.94,1811,23
2025-05-13,Email/Referral,13.39,1284,25
2025-05-14,Meta Ads,127.88,13167,397
2025-05-14,Google Ads,153.85,12398,269
2025-05-14,Influencer,78.74,8555,172
2025-05-14,Organic/SEO,18.98,1565,42
2025-05-14,Email/Referral,17.77,2444,35
2025-05-15,Meta Ads,183.38,15150,340
2025-05-15,Google Ads,116.29,15149,194
2025-05-15,Influencer,90.72,10094,346
2025-05-15,Organic/SEO,14.82,1441,23
2025-05-15,Email/Referral,6.92,867,23
2025-05-16,Meta Ads,191.87,15819,459
2025-05-16,Google Ads,162.77,22435,553
2025-05-16,Influencer,79.41,8170,117
2025-05-16,Organic/SEO,15.84,1939,29
2025-05-16,Email/Referral,7.38,624,20
2025-05-17,Meta Ads,151.17,15215,258
2025-05-17,Google Ads,142.23,17471,554
2025-05-17,Influencer,72.86,8829,166
2025-05-17,Organic/SEO,19.71,1930,19
2025-05-17,Email/Referral,12.73,1133,12
2025-05-18,Meta Ads,201.41,24961,537
2025-05-18,Google Ads,165.92,18631,479
2025-05-18,Influencer,95.22,11421,171
2025-05-18,Organic/SEO,9.03,960,20
2025-05-18,Email/Referral,16.62,1695,23
2025-05-19,Meta Ads,153.16,14226,402
2025-05-19,Google Ads,147.33,18050,368
2025-05-19,Influencer,111.05,15437,412
2025-05-19,Organic/SEO,17.96,1984,66
2025-05-19,Email/Referral,17.47,2437,62
2025-05-20,Meta Ads,210.15,23657,389
2025-05-20,Google Ads,136.93,18299,208
2025-05-20,Influencer,94.94,9717,191
2025-05-20,Organic/SEO,18.27,2397,59
2025-05-20,Email/Referral,9.09,986,19
2025-05-21,Meta Ads,164.19,14147,333
2025-05-21,Google Ads,132.16,15812,284
2025-05-21,Influencer,86.28,7173,249
2025-05-21,Organic/SEO,12.61,1027,24
2025-05-21,Email/Referral,18.06,2281,62
2025-05-22,Meta Ads,141.06,16851,491
2025-05-22,Google Ads,156.52,20905,353
2025-05-22,Influencer,76.08,10055,257
2025-05-22,Organic/SEO,5.02,507,15
2025-05-22,Email/Referral,5.41,433,7
2025-05-23,Meta Ads,224.71,30131,692
2025-05-23,Google Ads,154.79,15466,248
2025-05-23,Influencer,107.02,9244,205
2025-05-23,Organic/SEO,14.52,1251,28
2025-05-23,Email/Referral,13.66,1701,26
2025-05-24,Meta Ads,157.68,18002,622
2025-05-24,Google Ads,124.57,17334,482
2025-05-24,Influencer,107.61,9187,160
2025-05-24,Organic/SEO,5.87,600,20
2025-05-24,Email/Referral,6.58,748,7
2025-05-25,Meta Ads,202.97,18639,246
2025-05-25,Google Ads,135.33,17087,216
2025-05-25,Influencer,75.41,6071,207
2025-05-25,Organic/SEO,13.88,1709,44
2025-05-25,Email/Referral,7.17,829,11
2025-05-26,Meta Ads,169.33,19326,463
2025-05-26,Google Ads,115.72,9496,284
2025-05-26,Influencer,102.2,8677,114
2025-05-26,Organic/SEO,18.39,2319,80
2025-05-26,Email/Referral,8.81,962,15
2025-05-27,Meta Ads,193.26,16799,221
2025-05-27,Google Ads,111.47,13556,303
2025-05-27,Influencer,96.36,12792,364
2025-05-27,Organic/SEO,11.93,1659,35
2025-05-27,Email/Referral,6.69,933,9
2025-05-28,Meta Ads,185.39,18269,412
2025-05-28,Google Ads,155.28,14659,350
2025-05-28,Influencer,103.83,9966,195
2025-05-28,Organic/SEO,9.02,1165,32
2025-05-28,Email/Referral,18.07,1629,19
2025-05-29,Meta Ads,138.89,12453,290
2025-05-29,Google Ads,192.38,19513,662
2025-05-29,Influencer,65.06,8822,128
2025-05-29,Organic/SEO,18.69,1558,52
2025-05-29,Email/Referral,8.01,786,17
2025-05-30,Meta Ads,167.12,20063,689
2025-05-30,Google Ads,159.58,19674,240
2025-05-30,Influencer,96.9,10390,333
2025-05-30,Organic/SEO,10.82,1306,20
2025-05-30,Email/Referral,8.89,911,16
2025-05-31,Meta Ads,153.42,12730,393
2025-05-31,Google Ads,110.79,14761,193
2025-05-31,Influencer,66.52,7568,170
2025-05-31,Organic/SEO,12.37,1415,24
2025-05-31,Email/Referral,14.94,1645,30
2025-06-01,Meta Ads,279.84,34605,686
2025-06-01,Google Ads,235.67,31866,746
2025-06-01,Influencer,96.99,13088,192
2025-06-01,Organic/SEO,7.44,741,20
2025-06-01,Email/Referral,24.5,2896,97
2025-06-02,Meta Ads,176.77,14785,371
2025-06-02,Google Ads,249.54,27490,310
2025-06-02,Influencer,97.43,9225,170
2025-06-02,Organic/SEO,7.35,987,22
2025-06-02,Email/Referral,19.58,1645,18
2025-06-03,Meta Ads,246.14,32795,761
2025-06-03,Google Ads,239.2,30775,366
2025-06-03,Influencer,96.08,11477,242
2025-06-03,Organic/SEO,12.17,1279,27
2025-06-03,Email/Referral,24.26,2091,35
2025-06-04,Meta Ads,239.27,29166,751
2025-06-04,Google Ads,246.67,31508,753
2025-06-04,Influencer,96.97,10380,283
2025-06-04,Organic/SEO,22.84,3142,78
2025-06-04,Email/Referral,16.77,1359,16
2025-06-05,Meta Ads,185.72,15467,309
2025-06-05,Google Ads,175.91,20799,486
2025-06-05,Influencer,123.74,13403,227
2025-06-05,Organic/SEO,25.08,2136,71
2025-06-05,Email/Referral,12.57,1392,17
2025-06-06,Meta Ads,173.76,18379,524
2025-06-06,Google Ads,168.02,19110,324
2025-06-06,Influencer,109.18,14672,460
2025-06-06,Organic/SEO,16.56,1561,23
2025-06-06,Email/Referral,25.1,2313,69
2025-06-07,Meta Ads,215.6,29998,576
2025-06-07,Google Ads,177.63,21004,714
2025-06-07,Influencer,150.43,18417,531
2025-06-07,Organic/SEO,17.49,2192,69
2025-06-07,Email/Referral,15.98,1872,43
2025-06-08,Meta Ads,242.77,32386,611
2025-06-08,Google Ads,160.86,17272,262
2025-06-08,Influencer,116.89,15687,399
2025-06-08,Organic/SEO,23.18,2085,67
2025-06-08,Email/Referral,18.23,1493,38
2025-06-09,Meta Ads,297.38,25202,618
2025-06-09,Google Ads,243.61,19630,505
2025-06-09,Influencer,115.24,11618,298
2025-06-09,Organic/SEO,7.53,942,9
2025-06-09,Email/Referral,12.49,1376,26
2025-06-10,Meta Ads,206.97,26875,896
2025-06-10,Google Ads,238.72,26580,853
2025-06-10,Influencer,146.54,15321,261
2025-06-10,Organic/SEO,8.42,915,30
2025-06-10,Email/Referral,17.44,2093,26
2025-06-11,Meta Ads,183.95,19842,670
2025-06-11,Google Ads,178.71,23705,308
2025-06-11,Influencer,125.21,14528,457
2025-06-11,Organic/SEO,6.56,599,9
2025-06-11,Email/Referral,25.02,2232,24
2025-06-12,Meta Ads,238.84,26681,829
2025-06-12,Google Ads,247.52,27799,924
2025-06-12,Influencer,132.81,12732,422
2025-06-12,Organic/SEO,19.52,2046,55
2025-06-12,Email/Referral,14.33,1244,34
2025-06-13,Meta Ads,279.5,34582,543
2025-06-13,Google Ads,248.43,20250,370
2025-06-13,Influencer,100.16,8302,167
2025-06-13,Organic/SEO,18.65,2479,86
2025-06-13,Email/Referral,22.26,2406,67
2025-06-14,Meta Ads,282.24,30458,902
2025-06-14,Google Ads,192.97,19912,461
2025-06-14,Influencer,129.35,15989,302
2025-06-14,Organic/SEO,17.64,2374,81
2025-06-14,Email/Referral,10.93,1000,26
2025-06-15,Meta Ads,222.02,18084,337
2025-06-15,Google Ads,230.89,29518,660
2025-06-15,Influencer,115.07,13206,204
2025-06-15,Organic/SEO,16.76,1351,29
2025-06-15,Email/Referral,13.05,1572,40
2025-06-16,Meta Ads,217.27,17476,284
2025-06-16,Google Ads,210.6,17762,225
2025-06-16,Influencer,127.32,15959,287
2025-06-16,Organic/SEO,16.05,2194,73
2025-06-16,Email/Referral,12.5,1607,39
2025-06-17,Meta Ads,300.76,32679,959
2025-06-17,Google Ads,226.37,24865,743
2025-06-17,Influencer,100.23,8753,180
2025-06-17,Organic/SEO,24.9,2740,70
2025-06-17,Email/Referral,18.67,1642,32
2025-06-18,Meta Ads,263.05,36384,516
2025-06-18,Google Ads,184.52,15814,253
2025-06-18,Influencer,108.35,12182,192
2025-06-18,Organic/SEO,10.94,1385,47
2025-06-18,Email/Referral,12.81,1553,25
2025-06-19,Meta Ads,294.08,35399,1064
2025-06-19,Google Ads,142.27,16490,382
2025-06-19,Influencer,102.47,9811,240
2025-06-19,Organic/SEO,20.28,1662,40
2025-06-19,Email/Referral,9.82,868,22
2025-06-20,Meta Ads,207.45,22083,419
2025-06-20,Google Ads,212.36,22978,783
2025-06-20,Influencer,106.64,13267,218
2025-06-20,Organic/SEO,16.42,1857,33
2025-06-20,Email/Referral,15.7,1519,15
2025-06-21,Meta Ads,194.08,23678,693
2025-06-21,Google Ads,169.28,17686,193
2025-06-21,Influencer,98.54,12490,314
2025-06-21,Organic/SEO,10.51,1003,30
2025-06-21,Email/Referral,10.58,1058,28
2025-06-22,Meta Ads,242.58,26114,848
2025-06-22,Google Ads,162.21,20192,282
2025-06-22,Influencer,125.12,16545,354
2025-06-22,Organic/SEO,20.62,2664,35
2025-06-22,Email/Referral,20.26,2738,66
2025-06-23,Meta Ads,189.93,16641,274
2025-06-23,Google Ads,148.61,16466,193
2025-06-23,Influencer,97.58,10381,226
2025-06-23,Organic/SEO,17.53,2144,23
2025-06-23,Email/Referral,8.07,675,13
2025-06-24,Meta Ads,169.68,21170,329
2025-06-24,Google Ads,246.39,26901,569
2025-06-24,Influencer,136.69,16784,422
2025-06-24,Organic/SEO,24.74,2606,78
2025-06-24,Email/Referral,13.91,1812,29
2025-06-25,Meta Ads,204.41,24666,377
2025-06-25,Google Ads,163.31,16055,433
2025-06-25,Influencer,144.34,17389,533
2025-06-25,Organic/SEO,17.1,1438,17
2025-06-25,Email/Referral,17.31,1725,26
2025-06-26,Meta Ads,229.26,27508,539
2025-06-26,Google Ads,230.4,28641,812
2025-06-26,Influencer,151.06,14760,385
2025-06-26,Organic/SEO,23.18,2660,79
2025-06-26,Email/Referral,14.58,1682,19
2025-06-27,Meta Ads,302.2,38681,1226
2025-06-27,Google Ads,217.73,19848,213
2025-06-27,Influencer,142.6,14799,245
2025-06-27,Organic/SEO,17.45,1836,48
2025-06-27,Email/Referral,15.93,1940,60
2025-06-28,Meta Ads,191.26,19081,399
2025-06-28,Google Ads,249.06,25384,495
2025-06-28,Influencer,127.77,13435,453
2025-06-28,Organic/SEO,23.94,2652,69
2025-06-28,Email/Referral,7.63,928,25
2025-06-29,Meta Ads,214.23,19962,656
2025-06-29,Google Ads,186.42,22225,240
2025-06-29,Influencer,110.97,14319,281
2025-06-29,Organic/SEO,18.26,1690,34
2025-06-29,Email/Referral,24.59,2802,91
2025-06-30,Meta Ads,290.44,39688,1285
2025-06-30,Google Ads,136.88,18621,250
2025-06-30,Influencer,84.7,7057,132
2025-06-30,Organic/SEO,18.61,1938,20
2025-06-30,Email/Referral,15.79,1682,48
2025-07-01,Meta Ads,156.2,14534,238
2025-07-01,Google Ads,132.34,15344,334
2025-07-01,Influencer,81.19,8318,160
2025-07-01,Organic/SEO,19.59,1841,56
2025-07-01,Email/Referral,15.62,1254,43
2025-07-02,Meta Ads,207.7,25120,505
2025-07-02,Google Ads,154.97,14752,160
2025-07-02,Influencer,108.15,14469,203
2025-07-02,Organic/SEO,16.81,2092,30
2025-07-02,Email/Referral,11.33,1193,34
2025-07-03,Meta Ads,216.47,18548,446
2025-07-03,Google Ads,173.56,22071,302
2025-07-03,Influencer,91.38,12012,215
2025-07-03,Organic/SEO,11.38,1459,17
2025-07-03,Email/Referral,17.89,1765,17
2025-07-04,Meta Ads,151.29,12915,158
2025-07-04,Google Ads,167.36,15537,518
2025-07-04,Influencer,90.89,9780,203
2025-07-04,Organic/SEO,15.39,1648,21
2025-07-04,Email/Referral,18.2,1923,22
2025-07-05,Meta Ads,183.17,21768,367
2025-07-05,Google Ads,177.03,21276,558
2025-07-05,Influencer,85.72,11804,198
2025-07-05,Organic/SEO,13.67,1347,38
2025-07-05,Email/Referral,5.72,473,14
2025-07-06,Meta Ads,172.9,17371,437
2025-07-06,Google Ads,168.17,15483,226
2025-07-06,Influencer,114.74,13238,261
2025-07-06,Organic/SEO,17.02,1897,30
2025-07-06,Email/Referral,8.1,840,26
2025-07-07,Meta Ads,132.64,12350,399
2025-07-07,Google Ads,115.96,13657,209
2025-07-07,Influencer,95.72,9857,123
2025-07-07,Organic/SEO,13.74,1662,44
2025-07-07,Email/Referral,14.56,1601,36
2025-07-08,Meta Ads,194.65,23633,623
2025-07-08,Google Ads,157.83,14102,215
2025-07-08,Influencer,77.05,10415,301
2025-07-08,Organic/SEO,13.29,1264,16
2025-07-08,Email/Referral,18.48,2468,31
2025-07-09,Meta Ads,212.1,22652,409
2025-07-09,Google Ads,171.52,20043,591
2025-07-09,Influencer,67.01,6641,119
2025-07-09,Organic/SEO,9.95,1095,18
2025-07-09,Email/Referral,11.67,1191,33
2025-07-10,Meta Ads,191.18,22792,347
2025-07-10,Google Ads,134.3,10914,138
2025-07-10,Influencer,77.31,6488,162
2025-07-10,Organic/SEO,19.97,1718,52
2025-07-10,Email/Referral,6.78,814,21
2025-07-11,Meta Ads,223.49,19407,347
2025-07-11,Google Ads,113.17,11819,387
2025-07-11,Influencer,105.2,12978,302
2025-07-11,Organic/SEO,18.25,1952,26
2025-07-11,Email/Referral,17.56,1699,19
2025-07-12,Meta Ads,139.61,16270,409
2025-07-12,Google Ads,128.42,15876,465
2025-07-12,Influencer,112.71,12972,382
2025-07-12,Organic/SEO,16.3,1556,27
2025-07-12,Email/Referral,12.18,988,17
2025-07-13,Meta Ads,177.18,15323,201
2025-07-13,Google Ads,146.69,18168,560
2025-07-13,Influencer,92.5,10034,196
2025-07-13,Organic/SEO,7.89,700,20
2025-07-13,Email/Referral,11.98,1526,42
2025-07-14,Meta Ads,146.94,16254,342
2025-07-14,Google Ads,143.15,16112,556
2025-07-14,Influencer,106.9,14348,154
2025-07-14,Organic/SEO,7.11,604,10
2025-07-14,Email/Referral,11.63,1378,31
2025-07-15,Meta Ads,223.54,30488,429
2025-07-15,Google Ads,181.76,19794,422
2025-07-15,Influencer,105.39,9020,289
2025-07-15,Organic/SEO,15.06,1995,69
2025-07-15,Email/Referral,12.77,1093,15
2025-07-16,Meta Ads,160.95,13876,421
2025-07-16,Google Ads,131.72,18250,503
2025-07-16,Influencer,72.37,7856,170
2025-07-16,Organic/SEO,12.39,1389,14
2025-07-16,Email/Referral,15.29,1670,49
2025-07-17,Meta Ads,214.06,20085,225
2025-07-17,Google Ads,168.29,23336,493
2025-07-17,Influencer,77.02,6885,118
2025-07-17,Organic/SEO,9.92,1045,27
2025-07-17,Email/Referral,9.1,755,14
2025-07-18,Meta Ads,218.41,24003,818
2025-07-18,Google Ads,150.33,14514,215
2025-07-18,Influencer,100.5,11274,282
2025-07-18,Organic/SEO,16.33,2017,22
2025-07-18,Email/Referral,17.04,1907,37
2025-07-19,Meta Ads,184.05,21487,295
2025-07-19,Google Ads,142.57,14276,267
2025-07-19,Influencer,67.93,6085,85
2025-07-19,Organic/SEO,10.6,1416,21
2025-07-19,Email/Referral,11.24,1109,32
2025-07-20,Meta Ads,131.41,12062,184
2025-07-20,Google Ads,194.37,22206,299
2025-07-20,Influencer,77.7,6998,91
2025-07-20,Organic/SEO,16.96,1861,47
2025-07-20,Email/Referral,9.97,1128,18
2025-07-21,Meta Ads,159.27,18974,261
2025-07-21,Google Ads,160.55,21053,273
2025-07-21,Influencer,111.46,9448,176
2025-07-21,Organic/SEO,14.16,1608,19
2025-07-21,Email/Referral,16.98,2349,34
2025-07-22,Meta Ads,222.67,25252,843
2025-07-22,Google Ads,120.85,15410,177
2025-07-22,Influencer,110.69,13332,256
2025-07-22,Organic/SEO,7.86,1013,25
2025-07-22,Email/Referral,10.41,1110,34
2025-07-23,Meta Ads,162.6,13882,455
2025-07-23,Google Ads,139.86,14112,213
2025-07-23,Influencer,111.46,10371,268
2025-07-23,Organic/SEO,18.21,1494,45
2025-07-23,Email/Referral,11.16,1333,25
2025-07-24,Meta Ads,201.12,19158,202
2025-07-24,Google Ads,190.3,15410,471
2025-07-24,Influencer,72.13,7467,228
2025-07-24,Organic/SEO,8.09,1067,23
2025-07-24,Email/Referral,10.49,1256,23
2025-07-25,Meta Ads,163.51,20277,359
2025-07-25,Google Ads,123.07,15809,476
2025-07-25,Influencer,89.87,10029,274
2025-07-25,Organic/SEO,12.64,1327,46
2025-07-25,Email/Referral,7.21,833,26
2025-07-26,Meta Ads,200.22,26600,489
2025-07-26,Google Ads,129.48,16971,336
2025-07-26,Influencer,101.32,9003,260
2025-07-26,Organic/SEO,13.23,1271,28
2025-07-26,Email/Referral,15.45,1247,32
2025-07-27,Meta Ads,184.49,17197,495
2025-07-27,Google Ads,132.31,12782,278
2025-07-27,Influencer,99.51,13506,182
2025-07-27,Organic/SEO,10.95,920,26
2025-07-27,Email/Referral,11.72,1434,25
2025-07-28,Meta Ads,217.19,24344,817
2025-07-28,Google Ads,112.09,12425,362
2025-07-28,Influencer,95.41,7765,266
2025-07-28,Organic/SEO,9.47,899,19
2025-07-28,Email/Referral,13.13,1654,32
2025-07-29,Meta Ads,173.52,19451,386
2025-07-29,Google Ads,187.31,24551,524
2025-07-29,Influencer,63.01,8446,110
2025-07-29,Organic/SEO,8.67,772,11
2025-07-29,Email/Referral,17.04,1955,66
2025-07-30,Meta Ads,151.0,16479,567
2025-07-30,Google Ads,179.38,22192,326
2025-07-30,Influencer,104.55,10544,245
2025-07-30,Organic/SEO,14.14,1648,46
2025-07-30,Email/Referral,14.93,1255,26
