customer_id,signup_date,acquisition_channel,country,age_band,gender
CUST00001,2024-09-11,Influencer,UAE,25-34,Female
CUST00002,2025-06-30,Organic/SEO,UK,45-54,Female
CUST00003,2025-02-26,Google Ads,UAE,25-34,Female
CUST00004,2024-12-13,Meta Ads,UAE,35-44,Female
CUST00005,2024-05-06,Meta Ads,India,35-44,Female
CUST00006,2024-05-06,Organic/SEO,UK,25-34,Female
CUST00007,2024-03-07,Email/Referral,Saudi Arabia,18-24,Female
CUST00008,2025-05-19,Organic/SEO,India,35-44,Female
CUST00009,2024-12-14,Google Ads,Qatar,25-34,Female
CUST00010,2025-02-12,Organic/SEO,India,45-54,Female
CUST00011,2024-02-13,Organic/SEO,UAE,25-34,Female
CUST00012,2025-07-12,Meta Ads,UAE,18-24,Female
CUST00013,2025-04-28,Influencer,Saudi Arabia,25-34,Female
CUST00014,2024-06-07,Meta Ads,Kuwait,35-44,Female
CUST00015,2024-05-21,Meta Ads,UK,18-24,Female
CUST00016,2024-05-22,Email/Referral,India,25-34,Female
CUST00017,2024-07-26,Organic/SEO,USA,25-34,Female
CUST00018,2024-11-19,Meta Ads,UAE,25-34,Male
CUST00019,2024-10-16,Email/Referral,Saudi Arabia,35-44,Female
CUST00020,2024-07-18,Email/Referral,Saudi Arabia,25-34,Female
CUST00021,2024-12-18,Influencer,UAE,35-44,Male
CUST00022,2024-04-25,Google Ads,UAE,55+,Female
CUST00023,2024-07-19,Meta Ads,UAE,18-24,Female
CUST00024,2024-09-06,Organic/SEO,Saudi Arabia,18-24,Female
CUST00025,2024-10-31,Email/Referral,India,55+,Male
CUST00026,2025-03-31,Meta Ads,UK,35-44,Female
CUST00027,2024-06-01,Meta Ads,India,18-24,Female
CUST00028,2024-11-16,Google Ads,Qatar,45-54,Female
CUST00029,2024-12-11,Google Ads,UAE,45-54,Male
CUST00030,2024-02-29,Meta Ads,India,35-44,Female
CUST00031,2024-12-17,Organic/SEO,India,35-44,Female
CUST00032,2024-05-14,Meta Ads,Saudi Arabia,18-24,Male
CUST00033,2024-03-11,Email/Referral,USA,25-34,Female
CUST00034,2025-06-30,Email/Referral,Kuwait,18-24,Female
CUST00035,2025-07-10,Meta Ads,UK,35-44,Female
CUST00036,2025-04-14,Google Ads,India,25-34,Male
CUST00037,2024-07-26,Google Ads,UAE,25-34,Female
CUST00038,2024-03-31,Meta Ads,Saudi Arabia,55+,Female
CUST00039,2025-01-28,Google Ads,India,18-24,Female
CUST00040,2024-10-21,Meta Ads,India,25-34,Female
CUST00041,2024-04-15,Meta Ads,India,25-34,Male
CUST00042,2024-11-11,Email/Referral,UAE,25-34,Female
CUST00043,2024-02-21,Meta Ads,UAE,45-54,Female
CUST00044,2025-06-11,Google Ads,USA,35-44,Female
CUST00045,2024-06-29,Meta Ads,Saudi Arabia,25-34,Female
CUST00046,2025-01-12,Organic/SEO,UK,55+,Female
CUST00047,2024-07-30,Google Ads,Saudi Arabia,45-54,Female
CUST00048,2024-11-18,Meta Ads,Saudi Arabia,25-34,Female
CUST00049,2024-11-25,Meta Ads,Kuwait,25-34,Male
CUST00050,2024-05-23,Influencer,UAE,55+,Male
CUST00051,2025-07-12,Email/Referral,Kuwait,45-54,Female
CUST00052,2025-03-24,Google Ads,UAE,25-34,Female
CUST00053,2025-06-25,Google Ads,Qatar,25-34,Male
CUST00054,2025-06-04,Google Ads,Saudi Arabia,55+,Other
CUST00055,2024-12-13,Influencer,UK,18-24,Female
CUST00056,2025-06-17,Email/Referral,India,25-34,Female
CUST00057,2024-03-25,Meta Ads,India,25-34,Male
CUST00058,2024-05-30,Meta Ads,Qatar,18-24,Female
CUST00059,2024-02-28,Influencer,UK,25-34,Female
CUST00060,2024-08-09,Email/Referral,UAE,35-44,Female
CUST00061,2024-09-20,Google Ads,India,25-34,Male
CUST00062,2024-07-06,Meta Ads,UK,25-34,Female
CUST00063,2025-04-26,Influencer,UAE,25-34,Female
CUST00064,2024-09-01,Meta Ads,Saudi Arabia,55+,Other
CUST00065,2024-07-12,Meta Ads,UAE,25-34,Male
CUST00066,2024-11-24,Email/Referral,Kuwait,25-34,Female
CUST00067,2024-04-26,Organic/SEO,UK,35-44,Other
CUST00068,2025-04-10,Influencer,UAE,35-44,Female
CUST00069,2024-03-17,Influencer,Kuwait,18-24,Female
CUST00070,2025-07-23,Meta Ads,India,25-34,Female
CUST00071,2025-03-23,Organic/SEO,UAE,35-44,Female
CUST00072,2024-06-01,Google Ads,Kuwait,45-54,Female
CUST00073,2024-02-04,Google Ads,UAE,18-24,Female
CUST00074,2025-04-18,Influencer,UAE,35-44,Female
CUST00075,2025-02-11,Google Ads,UAE,18-24,Male
CUST00076,2025-02-24,Email/Referral,India,45-54,Female
CUST00077,2025-03-22,Meta Ads,UAE,25-34,Male
CUST00078,2024-03-17,Organic/SEO,USA,45-54,Female
CUST00079,2024-09-02,Meta Ads,UAE,35-44,Male
CUST00080,2024-04-11,Google Ads,India,18-24,Male
CUST00081,2025-05-17,Email/Referral,Qatar,35-44,Male
CUST00082,2024-12-23,Meta Ads,UK,25-34,Male
CUST00083,2024-08-13,Organic/SEO,USA,35-44,Female
CUST00084,2024-03-10,Organic/SEO,UAE,45-54,Male
CUST00085,2024-07-30,Meta Ads,USA,25-34,Female
CUST00086,2024-08-09,Organic/SEO,UAE,18-24,Female
CUST00087,2025-02-25,Meta Ads,USA,55+,Female
CUST00088,2024-12-28,Influencer,Saudi Arabia,55+,Female
CUST00089,2025-06-01,Email/Referral,UAE,55+,Female
CUST00090,2024-11-05,Email/Referral,UAE,18-24,Female
CUST00091,2024-04-13,Organic/SEO,Saudi Arabia,35-44,Female
CUST00092,2025-02-15,Google Ads,India,25-34,Female
CUST00093,2025-03-16,Meta Ads,Kuwait,25-34,Female
CUST00094,2024-11-29,Organic/SEO,UK,25-34,Female
CUST00095,2025-03-22,Influencer,Saudi Arabia,25-34,Male
CUST00096,2024-11-11,Organic/SEO,Saudi Arabia,25-34,Female
CUST00097,2024-11-19,Google Ads,UAE,18-24,Female
CUST00098,2024-10-14,Email/Referral,UK,45-54,Female
CUST00099,2024-02-16,Meta Ads,India,18-24,Female
CUST00100,2024-04-06,Google Ads,India,35-44,Female
CUST00101,2024-02-20,Google Ads,UAE,25-34,Male
CUST00102,2024-12-28,Organic/SEO,UAE,18-24,Female
CUST00103,2024-08-01,Influencer,Saudi Arabia,35-44,Female
CUST00104,2024-11-15,Influencer,UAE,18-24,Female
CUST00105,2025-06-10,Meta Ads,Saudi Arabia,45-54,Female
CUST00106,2024-06-24,Google Ads,India,18-24,Female
CUST00107,2024-10-03,Google Ads,UAE,35-44,Female
CUST00108,2025-03-13,Organic/SEO,USA,18-24,Female
CUST00109,2024-06-15,Meta Ads,Qatar,25-34,Female
CUST00110,2024-03-18,Meta Ads,USA,25-34,Male
CUST00111,2024-07-17,Influencer,Qatar,35-44,Male
CUST00112,2024-05-09,Email/Referral,India,35-44,Female
CUST00113,2025-06-21,Organic/SEO,India,45-54,Female
CUST00114,2025-04-14,Google Ads,UAE,25-34,Female
CUST00115,2024-12-26,Organic/SEO,India,35-44,Female
CUST00116,2025-05-22,Meta Ads,UAE,25-34,Female
CUST00117,2025-04-11,Google Ads,UAE,25-34,Female
CUST00118,2024-05-24,Organic/SEO,UAE,25-34,Female
CUST00119,2025-06-03,Google Ads,UAE,25-34,Male
CUST00120,2024-11-23,Influencer,UK,45-54,Female
CUST00121,2025-04-13,Google Ads,UAE,25-34,Female
CUST00122,2025-06-05,Email/Referral,Qatar,25-34,Female
CUST00123,2024-08-04,Google Ads,India,25-34,Female
CUST00124,2024-04-08,Google Ads,UAE,25-34,Female
CUST00125,2024-06-14,Google Ads,UAE,25-34,Female
CUST00126,2024-10-13,Influencer,UAE,25-34,Female
CUST00127,2025-04-20,Meta Ads,India,18-24,Female
CUST00128,2025-05-16,Meta Ads,Saudi Arabia,25-34,Female
CUST00129,2024-02-05,Organic/SEO,Saudi Arabia,35-44,Male
CUST00130,2024-11-15,Meta Ads,UAE,18-24,Female
CUST00131,2024-10-07,Email/Referral,Saudi Arabia,35-44,Male
CUST00132,2024-06-12,Influencer,UK,45-54,Female
CUST00133,2024-04-14,Meta Ads,UAE,18-24,Female
CUST00134,2024-08-18,Influencer,UAE,35-44,Female
CUST00135,2025-06-27,Meta Ads,India,35-44,Female
CUST00136,2024-08-07,Organic/SEO,Qatar,18-24,Female
CUST00137,2024-11-18,Meta Ads,UK,55+,Female
CUST00138,2025-02-09,Organic/SEO,UAE,35-44,Female
CUST00139,2024-09-05,Meta Ads,USA,45-54,Female
CUST00140,2025-07-13,Meta Ads,Qatar,35-44,Female
CUST00141,2025-07-08,Google Ads,Saudi Arabia,25-34,Female
CUST00142,2024-06-25,Organic/SEO,USA,18-24,Male
CUST00143,2024-11-12,Influencer,USA,35-44,Female
CUST00144,2024-07-24,Organic/SEO,Qatar,25-34,Male
CUST00145,2024-07-14,Google Ads,Saudi Arabia,25-34,Female
CUST00146,2024-02-23,Meta Ads,USA,45-54,Female
CUST00147,2024-12-17,Email/Referral,UAE,25-34,Female
CUST00148,2024-11-13,Google Ads,UAE,45-54,Female
CUST00149,2024-03-03,Meta Ads,USA,25-34,Male
CUST00150,2024-07-10,Organic/SEO,UAE,18-24,Male
CUST00151,2025-06-11,Meta Ads,UK,25-34,Female
CUST00152,2024-06-20,Influencer,India,25-34,Male
CUST00153,2024-04-29,Meta Ads,UAE,35-44,Female
CUST00154,2024-11-10,Influencer,Saudi Arabia,25-34,Female
CUST00155,2025-07-22,Organic/SEO,Saudi Arabia,35-44,Female
CUST00156,2024-06-21,Meta Ads,UAE,18-24,Female
CUST00157,2025-01-19,Google Ads,UK,18-24,Female
CUST00158,2025-03-16,Google Ads,UK,55+,Female
CUST00159,2024-06-19,Meta Ads,UAE,18-24,Female
CUST00160,2025-02-24,Meta Ads,UAE,25-34,Female
CUST00161,2024-09-07,Email/Referral,India,35-44,Female
CUST00162,2024-12-26,Email/Referral,Saudi Arabia,45-54,Female
CUST00163,2024-12-27,Google Ads,Saudi Arabia,18-24,Female
CUST00164,2024-11-22,Email/Referral,Saudi Arabia,35-44,Female
CUST00165,2024-03-27,Meta Ads,India,18-24,Female
CUST00166,2025-04-30,Influencer,Saudi Arabia,55+,Female
CUST00167,2024-08-06,Organic/SEO,India,35-44,Female
CUST00168,2024-05-24,Google Ads,Saudi Arabia,25-34,Male
CUST00169,2024-02-25,Email/Referral,Saudi Arabia,35-44,Female
CUST00170,2024-12-10,Organic/SEO,Kuwait,25-34,Female
CUST00171,2025-01-23,Influencer,UAE,18-24,Female
CUST00172,2024-02-11,Meta Ads,Saudi Arabia,35-44,Female
CUST00173,2024-11-16,Meta Ads,UK,35-44,Female
CUST00174,2024-06-14,Influencer,Kuwait,35-44,Female
CUST00175,2024-12-31,Influencer,Kuwait,25-34,Female
CUST00176,2024-05-17,Influencer,Kuwait,35-44,Female
CUST00177,2025-02-01,Meta Ads,Saudi Arabia,35-44,Female
CUST00178,2024-09-19,Meta Ads,UAE,35-44,Female
CUST00179,2025-06-24,Email/Referral,India,25-34,Female
CUST00180,2024-04-24,Meta Ads,Saudi Arabia,25-34,Female
CUST00181,2024-08-20,Meta Ads,Qatar,45-54,Female
CUST00182,2024-04-10,Email/Referral,Qatar,35-44,Female
CUST00183,2025-06-18,Meta Ads,UK,25-34,Female
CUST00184,2025-05-26,Email/Referral,UAE,35-44,Female
CUST00185,2024-06-28,Google Ads,UAE,25-34,Female
CUST00186,2025-01-10,Influencer,USA,25-34,Female
CUST00187,2025-04-19,Meta Ads,Kuwait,35-44,Female
CUST00188,2024-11-28,Google Ads,Saudi Arabia,25-34,Male
CUST00189,2024-11-21,Google Ads,India,55+,Female
CUST00190,2024-06-21,Google Ads,Saudi Arabia,18-24,Female
CUST00191,2024-03-28,Organic/SEO,India,35-44,Female
CUST00192,2025-06-05,Google Ads,Kuwait,25-34,Female
CUST00193,2025-06-07,Meta Ads,Qatar,35-44,Female
CUST00194,2024-12-26,Meta Ads,India,25-34,Female
CUST00195,2024-08-19,Email/Referral,Kuwait,25-34,Female
CUST00196,2024-08-26,Organic/SEO,Saudi Arabia,35-44,Female
CUST00197,2025-02-23,Meta Ads,USA,55+,Female
CUST00198,2025-06-05,Influencer,Saudi Arabia,45-54,Female
CUST00199,2025-06-01,Email/Referral,USA,25-34,Male
CUST00200,2025-03-27,Google Ads,Kuwait,25-34,Male
CUST00201,2024-12-30,Meta Ads,UAE,35-44,Other
CUST00202,2024-03-23,Google Ads,UAE,25-34,Female
CUST00203,2024-05-09,Influencer,India,25-34,Female
CUST00204,2025-06-06,Meta Ads,UK,25-34,Female
CUST00205,2024-12-16,Organic/SEO,UAE,35-44,Female
CUST00206,2024-02-06,Organic/SEO,Saudi Arabia,35-44,Male
CUST00207,2024-04-02,Email/Referral,Saudi Arabia,18-24,Female
CUST00208,2025-01-13,Influencer,USA,45-54,Female
CUST00209,2024-02-04,Google Ads,Saudi Arabia,35-44,Female
CUST00210,2024-05-08,Influencer,UAE,25-34,Male
CUST00211,2024-11-26,Meta Ads,UK,35-44,Male
CUST00212,2025-02-02,Email/Referral,USA,25-34,Female
CUST00213,2025-01-04,Organic/SEO,UK,45-54,Female
CUST00214,2024-06-13,Meta Ads,India,45-54,Other
CUST00215,2025-02-14,Organic/SEO,Saudi Arabia,18-24,Female
CUST00216,2024-06-19,Email/Referral,Saudi Arabia,35-44,Male
CUST00217,2024-08-09,Meta Ads,USA,25-34,Female
CUST00218,2025-03-07,Meta Ads,India,25-34,Male
CUST00219,2025-01-03,Meta Ads,UAE,45-54,Female
CUST00220,2025-05-09,Meta Ads,Kuwait,18-24,Female
CUST00221,2025-01-08,Meta Ads,UAE,18-24,Male
CUST00222,2024-12-02,Email/Referral,UK,18-24,Female
CUST00223,2024-03-29,Meta Ads,India,35-44,Female
CUST00224,2024-09-07,Meta Ads,USA,18-24,Female
CUST00225,2024-07-02,Google Ads,UAE,25-34,Female
CUST00226,2024-06-22,Email/Referral,UAE,55+,Female
CUST00227,2025-07-14,Meta Ads,India,35-44,Female
CUST00228,2024-09-23,Meta Ads,India,25-34,Male
CUST00229,2025-06-03,Meta Ads,USA,35-44,Female
CUST00230,2024-12-26,Influencer,India,35-44,Female
CUST00231,2025-04-05,Influencer,USA,35-44,Male
CUST00232,2024-11-13,Influencer,Saudi Arabia,25-34,Female
CUST00233,2024-12-05,Organic/SEO,UAE,25-34,Female
CUST00234,2024-11-10,Meta Ads,UAE,25-34,Male
CUST00235,2024-05-29,Google Ads,Kuwait,45-54,Female
CUST00236,2025-02-20,Organic/SEO,Saudi Arabia,35-44,Female
CUST00237,2024-07-12,Meta Ads,UAE,55+,Female
CUST00238,2024-02-15,Email/Referral,USA,35-44,Male
CUST00239,2024-12-31,Email/Referral,USA,25-34,Male
CUST00240,2024-05-18,Meta Ads,India,25-34,Female
CUST00241,2025-06-26,Influencer,India,35-44,Male
CUST00242,2025-07-02,Meta Ads,UAE,18-24,Male
CUST00243,2025-06-14,Influencer,Kuwait,25-34,Female
CUST00244,2024-09-09,Organic/SEO,Kuwait,25-34,Female
CUST00245,2024-02-10,Meta Ads,Kuwait,25-34,Female
CUST00246,2025-06-20,Meta Ads,Kuwait,18-24,Female
CUST00247,2024-10-14,Influencer,UK,45-54,Female
CUST00248,2025-07-10,Organic/SEO,UAE,25-34,Female
CUST00249,2025-07-08,Google Ads,Saudi Arabia,55+,Female
CUST00250,2025-05-11,Google Ads,Saudi Arabia,55+,Male
CUST00251,2024-07-20,Meta Ads,UK,25-34,Male
CUST00252,2024-09-18,Google Ads,Saudi Arabia,18-24,Female
CUST00253,2025-05-10,Organic/SEO,Saudi Arabia,35-44,Female
CUST00254,2024-08-03,Influencer,UAE,35-44,Female
CUST00255,2024-05-14,Meta Ads,India,18-24,Female
CUST00256,2024-11-28,Meta Ads,UAE,45-54,Female
CUST00257,2025-06-24,Meta Ads,Kuwait,18-24,Male
CUST00258,2025-02-04,Meta Ads,UAE,25-34,Female
CUST00259,2024-12-02,Influencer,UAE,18-24,Male
CUST00260,2024-03-31,Meta Ads,Saudi Arabia,18-24,Female
CUST00261,2024-12-19,Organic/SEO,India,35-44,Female
CUST00262,2025-07-24,Organic/SEO,India,18-24,Female
CUST00263,2024-04-26,Email/Referral,UAE,35-44,Male
CUST00264,2024-11-18,Google Ads,Saudi Arabia,55+,Female
CUST00265,2025-05-26,Google Ads,Saudi Arabia,35-44,Female
CUST00266,2025-03-04,Email/Referral,UAE,18-24,Female
CUST00267,2025-02-05,Meta Ads,UAE,35-44,Female
CUST00268,2025-02-08,Meta Ads,Qatar,25-34,Female
CUST00269,2024-09-02,Influencer,UAE,35-44,Male
CUST00270,2024-07-19,Influencer,UK,35-44,Female
CUST00271,2025-04-14,Google Ads,UAE,25-34,Female
CUST00272,2025-04-15,Google Ads,UAE,25-34,Female
CUST00273,2025-05-20,Google Ads,UAE,45-54,Female
CUST00274,2025-06-13,Organic/SEO,UAE,18-24,Female
CUST00275,2024-11-16,Organic/SEO,India,35-44,Female
CUST00276,2024-11-13,Meta Ads,UAE,25-34,Female
CUST00277,2025-04-08,Organic/SEO,USA,35-44,Male
CUST00278,2025-01-03,Influencer,Saudi Arabia,25-34,Female
CUST00279,2025-02-08,Influencer,UAE,18-24,Male
CUST00280,2025-04-06,Google Ads,UK,25-34,Male
CUST00281,2025-06-02,Organic/SEO,Qatar,35-44,Female
CUST00282,2024-08-18,Influencer,UAE,45-54,Male
CUST00283,2024-09-12,Meta Ads,UAE,35-44,Female
CUST00284,2024-03-29,Meta Ads,UAE,45-54,Female
CUST00285,2024-12-05,Google Ads,UAE,35-44,Female
CUST00286,2024-02-22,Organic/SEO,UAE,25-34,Female
CUST00287,2024-11-03,Google Ads,UK,35-44,Female
CUST00288,2024-11-24,Meta Ads,UAE,18-24,Female
CUST00289,2024-07-15,Influencer,UAE,35-44,Female
CUST00290,2024-12-10,Google Ads,UAE,35-44,Female
CUST00291,2024-02-19,Google Ads,UAE,35-44,Female
CUST00292,2024-02-23,Influencer,UAE,25-34,Female
CUST00293,2025-04-22,Meta Ads,Saudi Arabia,25-34,Female
CUST00294,2024-09-03,Meta Ads,Saudi Arabia,18-24,Female
CUST00295,2024-04-18,Meta Ads,Saudi Arabia,35-44,Female
CUST00296,2024-11-19,Organic/SEO,USA,18-24,Male
CUST00297,2025-03-21,Meta Ads,UAE,45-54,Male
CUST00298,2024-06-09,Influencer,India,35-44,Female
CUST00299,2024-12-22,Meta Ads,UAE,25-34,Male
CUST00300,2024-03-24,Influencer,USA,45-54,Female
CUST00301,2024-03-03,Organic/SEO,UAE,35-44,Female
CUST00302,2024-11-21,Google Ads,Saudi Arabia,25-34,Female
CUST00303,2024-11-24,Meta Ads,India,18-24,Female
CUST00304,2024-12-28,Email/Referral,Saudi Arabia,35-44,Male
CUST00305,2025-02-23,Organic/SEO,UAE,18-24,Female
CUST00306,2025-07-16,Influencer,UK,35-44,Female
CUST00307,2024-11-17,Organic/SEO,Saudi Arabia,35-44,Female
CUST00308,2024-08-07,Google Ads,Kuwait,25-34,Female
CUST00309,2025-04-06,Influencer,USA,35-44,Female
CUST00310,2024-07-06,Meta Ads,Saudi Arabia,25-34,Female
CUST00311,2024-10-21,Meta Ads,India,25-34,Female
CUST00312,2024-03-19,Meta Ads,USA,18-24,Male
CUST00313,2024-02-16,Email/Referral,India,25-34,Female
CUST00314,2025-07-08,Influencer,USA,45-54,Female
CUST00315,2025-05-01,Organic/SEO,UK,25-34,Female
CUST00316,2025-02-04,Meta Ads,UAE,18-24,Male
CUST00317,2024-10-02,Meta Ads,UK,25-34,Female
CUST00318,2024-05-16,Meta Ads,Saudi Arabia,25-34,Female
CUST00319,2024-05-06,Meta Ads,Saudi Arabia,25-34,Female
CUST00320,2024-06-25,Meta Ads,India,35-44,Female
CUST00321,2024-11-26,Meta Ads,UAE,35-44,Female
CUST00322,2025-02-16,Organic/SEO,UK,45-54,Male
CUST00323,2025-01-10,Meta Ads,India,18-24,Female
CUST00324,2024-07-11,Email/Referral,UK,25-34,Female
CUST00325,2025-07-03,Email/Referral,Saudi Arabia,25-34,Male
CUST00326,2025-03-02,Organic/SEO,UK,35-44,Female
CUST00327,2024-11-28,Influencer,India,35-44,Female
CUST00328,2024-12-18,Google Ads,Saudi Arabia,18-24,Female
CUST00329,2024-10-09,Email/Referral,Saudi Arabia,25-34,Female
CUST00330,2024-06-24,Meta Ads,USA,18-24,Female
CUST00331,2024-08-31,Organic/SEO,Kuwait,18-24,Female
CUST00332,2025-03-14,Organic/SEO,UAE,25-34,Female
CUST00333,2024-02-09,Organic/SEO,USA,35-44,Female
CUST00334,2024-04-11,Google Ads,Saudi Arabia,35-44,Female
CUST00335,2024-02-29,Google Ads,UAE,35-44,Female
CUST00336,2024-02-25,Google Ads,Saudi Arabia,35-44,Female
CUST00337,2025-05-12,Organic/SEO,Saudi Arabia,45-54,Other
CUST00338,2025-02-09,Google Ads,UAE,25-34,Female
CUST00339,2024-11-05,Email/Referral,USA,35-44,Female
CUST00340,2024-03-31,Meta Ads,India,45-54,Female
CUST00341,2024-11-10,Meta Ads,USA,45-54,Female
CUST00342,2024-11-05,Organic/SEO,UAE,45-54,Female
CUST00343,2024-05-16,Google Ads,Kuwait,25-34,Female
CUST00344,2024-10-17,Meta Ads,UAE,18-24,Female
CUST00345,2024-09-26,Meta Ads,Qatar,25-34,Female
CUST00346,2024-12-20,Email/Referral,USA,35-44,Male
CUST00347,2024-12-27,Meta Ads,UAE,35-44,Female
CUST00348,2024-02-28,Meta Ads,UK,25-34,Female
CUST00349,2024-09-11,Meta Ads,UAE,45-54,Female
CUST00350,2024-12-24,Organic/SEO,India,18-24,Female
CUST00351,2024-11-13,Meta Ads,UAE,25-34,Male
CUST00352,2025-05-13,Google Ads,UAE,45-54,Female
CUST00353,2025-01-09,Meta Ads,India,25-34,Female
CUST00354,2024-05-10,Google Ads,India,25-34,Female
CUST00355,2024-03-14,Influencer,UAE,55+,Female
CUST00356,2024-12-30,Google Ads,India,55+,Female
CUST00357,2024-02-17,Google Ads,Saudi Arabia,35-44,Other
CUST00358,2024-12-08,Meta Ads,UAE,35-44,Female
CUST00359,2025-06-26,Organic/SEO,India,35-44,Female
CUST00360,2024-12-04,Meta Ads,UAE,25-34,Male
CUST00361,2024-09-20,Meta Ads,USA,25-34,Female
CUST00362,2024-12-30,Influencer,USA,18-24,Female
CUST00363,2024-11-01,Google Ads,UAE,18-24,Female
CUST00364,2024-11-25,Meta Ads,Kuwait,25-34,Other
CUST00365,2025-06-26,Google Ads,UAE,35-44,Female
CUST00366,2024-09-18,Google Ads,USA,45-54,Female
CUST00367,2025-07-07,Meta Ads,Saudi Arabia,45-54,Female
CUST00368,2025-06-09,Email/Referral,Saudi Arabia,55+,Female
CUST00369,2024-05-30,Google Ads,Kuwait,25-34,Male
CUST00370,2024-03-14,Organic/SEO,UAE,35-44,Male
CUST00371,2024-04-02,Google Ads,Saudi Arabia,18-24,Female
CUST00372,2024-02-12,Meta Ads,India,25-34,Female
CUST00373,2024-03-29,Google Ads,UAE,45-54,Female
CUST00374,2025-01-27,Email/Referral,UAE,55+,Male
CUST00375,2024-03-15,Meta Ads,India,25-34,Male
CUST00376,2024-08-04,Influencer,Qatar,18-24,Female
CUST00377,2025-05-06,Organic/SEO,UAE,18-24,Female
CUST00378,2024-02-15,Google Ads,Saudi Arabia,25-34,Female
CUST00379,2025-04-17,Influencer,Kuwait,25-34,Female
CUST00380,2024-07-12,Influencer,India,25-34,Female
CUST00381,2024-04-12,Meta Ads,UAE,35-44,Female
CUST00382,2025-02-05,Google Ads,India,25-34,Female
CUST00383,2024-12-25,Google Ads,Qatar,25-34,Male
CUST00384,2025-05-26,Google Ads,UAE,45-54,Female
CUST00385,2025-02-28,Email/Referral,Saudi Arabia,18-24,Female
CUST00386,2025-04-11,Organic/SEO,Saudi Arabia,25-34,Female
CUST00387,2024-07-12,Google Ads,Kuwait,45-54,Female
CUST00388,2024-05-19,Email/Referral,India,35-44,Female
CUST00389,2025-03-10,Meta Ads,UAE,18-24,Male
CUST00390,2025-04-13,Meta Ads,India,25-34,Male
CUST00391,2025-07-25,Influencer,India,18-24,Female
CUST00392,2024-10-05,Email/Referral,UK,25-34,Female
CUST00393,2024-09-10,Organic/SEO,UAE,55+,Female
CUST00394,2025-03-25,Google Ads,UK,25-34,Male
CUST00395,2024-08-20,Organic/SEO,India,18-24,Male
CUST00396,2025-06-21,Google Ads,Kuwait,18-24,Female
CUST00397,2025-05-14,Meta Ads,UAE,25-34,Female
CUST00398,2024-10-15,Meta Ads,Kuwait,45-54,Male
CUST00399,2025-03-10,Meta Ads,India,25-34,Female
CUST00400,2025-03-12,Meta Ads,India,25-34,Female
CUST00401,2024-04-03,Email/Referral,UAE,35-44,Female
CUST00402,2025-06-08,Influencer,USA,25-34,Male
CUST00403,2024-11-14,Meta Ads,UAE,35-44,Female
CUST00404,2025-04-25,Influencer,UK,25-34,Female
CUST00405,2024-08-05,Google Ads,India,25-34,Male
CUST00406,2025-06-05,Google Ads,USA,35-44,Female
CUST00407,2024-09-20,Meta Ads,UAE,25-34,Female
CUST00408,2024-02-07,Meta Ads,India,25-34,Female
CUST00409,2025-06-09,Organic/SEO,USA,55+,Female
CUST00410,2024-03-27,Google Ads,India,25-34,Female
CUST00411,2024-08-05,Meta Ads,UAE,18-24,Female
CUST00412,2025-06-30,Google Ads,India,25-34,Male
CUST00413,2025-06-30,Meta Ads,Saudi Arabia,25-34,Female
CUST00414,2024-12-04,Organic/SEO,Saudi Arabia,25-34,Female
CUST00415,2024-12-26,Meta Ads,UAE,45-54,Female
CUST00416,2024-10-26,Email/Referral,UAE,25-34,Female
CUST00417,2024-07-19,Google Ads,Kuwait,35-44,Female
CUST00418,2024-08-11,Google Ads,USA,25-34,Male
CUST00419,2025-01-19,Organic/SEO,UK,25-34,Female
CUST00420,2025-03-11,Influencer,UAE,25-34,Female
CUST00421,2025-04-04,Google Ads,UK,25-34,Other
CUST00422,2025-04-02,Influencer,UAE,55+,Female
CUST00423,2024-03-27,Organic/SEO,Saudi Arabia,45-54,Female
CUST00424,2024-11-11,Meta Ads,India,25-34,Female
CUST00425,2024-03-07,Meta Ads,Saudi Arabia,25-34,Female
CUST00426,2024-11-26,Influencer,India,25-34,Female
CUST00427,2024-10-22,Meta Ads,Qatar,35-44,Female
CUST00428,2025-06-01,Meta Ads,USA,25-34,Female
CUST00429,2024-08-27,Meta Ads,USA,25-34,Female
CUST00430,2024-04-12,Email/Referral,India,35-44,Female
CUST00431,2024-04-28,Influencer,UAE,25-34,Male
CUST00432,2025-03-16,Organic/SEO,USA,25-34,Female
CUST00433,2024-12-21,Influencer,UAE,35-44,Female
CUST00434,2024-04-02,Organic/SEO,UAE,35-44,Female
CUST00435,2024-03-23,Email/Referral,UAE,18-24,Female
CUST00436,2025-02-07,Meta Ads,UK,25-34,Female
CUST00437,2024-03-16,Email/Referral,Kuwait,35-44,Female
CUST00438,2025-04-22,Meta Ads,UAE,25-34,Female
CUST00439,2025-02-11,Google Ads,Saudi Arabia,18-24,Male
CUST00440,2024-03-21,Meta Ads,Saudi Arabia,35-44,Female
CUST00441,2024-03-23,Influencer,UK,35-44,Female
CUST00442,2025-07-22,Meta Ads,India,25-34,Male
CUST00443,2024-09-11,Meta Ads,UAE,25-34,Female
CUST00444,2024-09-09,Meta Ads,Saudi Arabia,45-54,Male
CUST00445,2025-04-16,Meta Ads,UAE,35-44,Female
CUST00446,2025-06-29,Email/Referral,USA,55+,Male
CUST00447,2025-07-22,Meta Ads,UAE,35-44,Female
CUST00448,2025-03-11,Google Ads,UAE,25-34,Female
CUST00449,2024-09-12,Google Ads,Kuwait,35-44,Female
CUST00450,2024-03-22,Influencer,India,25-34,Female
CUST00451,2025-03-26,Google Ads,India,18-24,Female
CUST00452,2024-11-29,Organic/SEO,UAE,35-44,Female
CUST00453,2024-10-12,Influencer,Kuwait,25-34,Male
CUST00454,2025-06-10,Email/Referral,Saudi Arabia,18-24,Male
CUST00455,2024-04-08,Meta Ads,India,45-54,Female
CUST00456,2024-11-10,Influencer,India,35-44,Male
CUST00457,2024-02-07,Email/Referral,UAE,45-54,Female
CUST00458,2024-11-04,Email/Referral,Qatar,25-34,Female
CUST00459,2024-03-06,Email/Referral,Qatar,45-54,Male
CUST00460,2024-04-13,Meta Ads,India,18-24,Other
CUST00461,2024-04-12,Meta Ads,Qatar,25-34,Female
CUST00462,2025-01-02,Email/Referral,USA,25-34,Female
CUST00463,2025-03-07,Meta Ads,UAE,25-34,Female
CUST00464,2024-12-07,Meta Ads,UK,35-44,Female
CUST00465,2025-07-07,Organic/SEO,UAE,45-54,Male
CUST00466,2024-09-12,Organic/SEO,India,18-24,Female
CUST00467,2024-07-15,Meta Ads,UAE,25-34,Female
CUST00468,2025-05-20,Meta Ads,UAE,35-44,Male
CUST00469,2024-06-12,Meta Ads,UK,18-24,Female
CUST00470,2025-07-08,Influencer,UAE,18-24,Female
CUST00471,2024-02-08,Google Ads,India,45-54,Female
CUST00472,2025-07-12,Meta Ads,UAE,45-54,Female
CUST00473,2024-02-27,Influencer,UAE,18-24,Female
CUST00474,2025-06-03,Organic/SEO,India,25-34,Female
CUST00475,2024-11-20,Google Ads,India,35-44,Female
CUST00476,2025-07-26,Meta Ads,UK,45-54,Female
CUST00477,2024-03-16,Google Ads,UK,18-24,Female
CUST00478,2024-11-27,Meta Ads,India,25-34,Female
CUST00479,2025-07-12,Meta Ads,Saudi Arabia,25-34,Female
CUST00480,2024-11-19,Meta Ads,India,18-24,Female
CUST00481,2024-12-25,Organic/SEO,Saudi Arabia,25-34,Female
CUST00482,2025-02-04,Meta Ads,Saudi Arabia,35-44,Female
CUST00483,2024-10-30,Google Ads,USA,35-44,Female
CUST00484,2024-12-24,Meta Ads,Saudi Arabia,18-24,Other
CUST00485,2024-12-08,Email/Referral,UAE,45-54,Female
CUST00486,2025-06-07,Google Ads,UK,35-44,Male
CUST00487,2024-02-28,Influencer,Saudi Arabia,55+,Female
CUST00488,2024-07-12,Email/Referral,Kuwait,25-34,Female
CUST00489,2025-06-30,Influencer,India,35-44,Female
CUST00490,2025-06-02,Meta Ads,India,25-34,Female
CUST00491,2024-10-31,Meta Ads,UAE,18-24,Female
CUST00492,2024-12-21,Influencer,India,25-34,Male
CUST00493,2024-07-10,Meta Ads,Saudi Arabia,25-34,Male
CUST00494,2024-05-25,Organic/SEO,UAE,35-44,Female
CUST00495,2024-11-02,Organic/SEO,Kuwait,18-24,Female
CUST00496,2024-08-29,Meta Ads,UAE,35-44,Female
CUST00497,2024-12-08,Meta Ads,UK,25-34,Female
CUST00498,2024-03-19,Meta Ads,USA,18-24,Female
CUST00499,2025-07-15,Meta Ads,USA,35-44,Female
CUST00500,2025-07-22,Influencer,UK,25-34,Female
CUST00501,2025-02-06,Meta Ads,UK,25-34,Female
CUST00502,2024-11-22,Meta Ads,Kuwait,45-54,Male
CUST00503,2024-07-29,Influencer,Saudi Arabia,25-34,Male
CUST00504,2025-04-17,Email/Referral,UK,35-44,Female
CUST00505,2025-01-28,Google Ads,UAE,25-34,Female
CUST00506,2024-05-10,Google Ads,USA,25-34,Female
CUST00507,2025-06-12,Organic/SEO,Kuwait,25-34,Male
CUST00508,2025-04-22,Influencer,UAE,25-34,Female
CUST00509,2025-06-30,Influencer,Kuwait,45-54,Female
CUST00510,2025-02-22,Organic/SEO,UAE,25-34,Female
CUST00511,2024-12-19,Influencer,Kuwait,18-24,Female
CUST00512,2024-10-08,Organic/SEO,India,25-34,Male
CUST00513,2025-06-22,Meta Ads,Qatar,18-24,Male
CUST00514,2025-05-19,Email/Referral,UAE,55+,Female
CUST00515,2024-02-28,Meta Ads,India,25-34,Male
CUST00516,2024-02-17,Influencer,USA,25-34,Female
CUST00517,2024-09-13,Google Ads,UAE,25-34,Female
CUST00518,2025-04-15,Meta Ads,Qatar,25-34,Male
CUST00519,2025-07-23,Email/Referral,Saudi Arabia,25-34,Female
CUST00520,2024-05-02,Meta Ads,UAE,25-34,Male
CUST00521,2024-12-12,Influencer,Saudi Arabia,18-24,Female
CUST00522,2024-09-15,Google Ads,USA,25-34,Female
CUST00523,2025-07-12,Influencer,UAE,35-44,Male
CUST00524,2025-05-04,Influencer,Saudi Arabia,18-24,Male
CUST00525,2025-05-02,Meta Ads,UK,25-34,Male
CUST00526,2024-11-04,Google Ads,India,18-24,Female
CUST00527,2024-10-06,Organic/SEO,Kuwait,35-44,Female
CUST00528,2024-07-07,Google Ads,USA,25-34,Female
CUST00529,2024-03-06,Meta Ads,India,25-34,Female
CUST00530,2025-05-18,Influencer,India,25-34,Female
CUST00531,2025-04-17,Meta Ads,India,18-24,Female
CUST00532,2025-07-30,Meta Ads,Qatar,18-24,Male
CUST00533,2025-07-28,Influencer,USA,45-54,Female
CUST00534,2024-11-28,Meta Ads,UAE,18-24,Female
CUST00535,2025-03-21,Organic/SEO,UAE,25-34,Female
CUST00536,2025-06-28,Google Ads,India,55+,Female
CUST00537,2025-05-09,Influencer,USA,35-44,Male
CUST00538,2024-06-23,Organic/SEO,UAE,25-34,Female
CUST00539,2024-10-28,Meta Ads,UAE,18-24,Female
CUST00540,2024-04-19,Google Ads,USA,25-34,Male
CUST00541,2025-07-03,Meta Ads,India,18-24,Female
CUST00542,2024-12-16,Email/Referral,Kuwait,25-34,Female
CUST00543,2024-06-15,Meta Ads,Kuwait,45-54,Female
CUST00544,2025-01-19,Meta Ads,Kuwait,25-34,Male
CUST00545,2024-12-21,Influencer,UK,35-44,Female
CUST00546,2024-09-01,Meta Ads,UAE,25-34,Male
CUST00547,2024-04-10,Google Ads,Kuwait,25-34,Female
CUST00548,2025-01-18,Meta Ads,Qatar,35-44,Female
CUST00549,2024-11-18,Email/Referral,UAE,25-34,Male
CUST00550,2025-03-23,Meta Ads,UK,55+,Female
CUST00551,2024-11-18,Organic/SEO,UAE,25-34,Other
CUST00552,2025-05-10,Google Ads,Saudi Arabia,45-54,Female
CUST00553,2024-11-27,Influencer,UK,18-24,Female
CUST00554,2024-11-29,Organic/SEO,UK,18-24,Female
CUST00555,2025-05-25,Organic/SEO,India,35-44,Female
CUST00556,2024-09-29,Meta Ads,UAE,25-34,Female
CUST00557,2024-04-22,Meta Ads,UAE,18-24,Female
CUST00558,2024-02-18,Influencer,Saudi Arabia,18-24,Female
CUST00559,2025-03-12,Meta Ads,India,25-34,Female
CUST00560,2024-12-22,Meta Ads,Saudi Arabia,18-24,Male
CUST00561,2025-02-09,Email/Referral,Qatar,25-34,Female
CUST00562,2024-06-07,Google Ads,UAE,25-34,Female
CUST00563,2024-04-24,Meta Ads,Saudi Arabia,25-34,Female
CUST00564,2024-02-09,Meta Ads,UAE,25-34,Female
CUST00565,2024-08-27,Influencer,UAE,18-24,Female
CUST00566,2024-12-10,Email/Referral,Saudi Arabia,35-44,Male
CUST00567,2024-09-22,Meta Ads,Saudi Arabia,35-44,Male
CUST00568,2024-10-20,Email/Referral,UAE,25-34,Male
CUST00569,2025-06-09,Meta Ads,Saudi Arabia,55+,Male
CUST00570,2024-08-25,Meta Ads,UK,25-34,Female
CUST00571,2024-11-16,Meta Ads,Saudi Arabia,35-44,Female
CUST00572,2025-03-30,Meta Ads,India,35-44,Female
CUST00573,2024-09-25,Influencer,India,55+,Female
CUST00574,2024-12-22,Organic/SEO,Saudi Arabia,25-34,Female
CUST00575,2025-05-17,Organic/SEO,USA,25-34,Female
CUST00576,2025-06-30,Influencer,UAE,35-44,Female
CUST00577,2024-04-30,Organic/SEO,UAE,55+,Female
CUST00578,2025-06-19,Google Ads,India,45-54,Female
CUST00579,2024-11-10,Google Ads,USA,25-34,Male
CUST00580,2024-06-28,Google Ads,India,18-24,Female
CUST00581,2024-11-01,Influencer,Saudi Arabia,35-44,Female
CUST00582,2025-07-18,Email/Referral,UK,25-34,Female
CUST00583,2024-11-10,Email/Referral,Saudi Arabia,18-24,Female
CUST00584,2024-08-11,Google Ads,India,35-44,Female
CUST00585,2024-12-26,Google Ads,Saudi Arabia,35-44,Female
CUST00586,2024-06-20,Google Ads,Saudi Arabia,18-24,Female
CUST00587,2024-03-18,Google Ads,Qatar,18-24,Male
CUST00588,2024-04-19,Meta Ads,Saudi Arabia,25-34,Female
CUST00589,2024-04-19,Google Ads,Saudi Arabia,25-34,Female
CUST00590,2024-05-03,Meta Ads,Saudi Arabia,35-44,Female
CUST00591,2024-04-25,Organic/SEO,India,35-44,Female
CUST00592,2024-12-29,Email/Referral,UAE,18-24,Female
CUST00593,2024-05-21,Influencer,Qatar,25-34,Female
CUST00594,2024-08-24,Meta Ads,India,25-34,Female
CUST00595,2025-06-05,Influencer,UAE,35-44,Female
CUST00596,2024-11-05,Organic/SEO,UAE,35-44,Male
CUST00597,2025-01-16,Meta Ads,UAE,45-54,Female
CUST00598,2024-05-15,Meta Ads,Saudi Arabia,25-34,Male
CUST00599,2024-05-28,Google Ads,India,35-44,Female
CUST00600,2024-02-25,Influencer,Saudi Arabia,45-54,Female
CUST00601,2024-05-13,Organic/SEO,UK,25-34,Female
CUST00602,2024-07-10,Meta Ads,UAE,18-24,Female
CUST00603,2024-05-18,Meta Ads,UK,25-34,Female
CUST00604,2024-03-26,Meta Ads,Saudi Arabia,18-24,Female
CUST00605,2024-04-14,Influencer,India,55+,Female
CUST00606,2024-11-02,Google Ads,UAE,25-34,Female
CUST00607,2024-06-04,Meta Ads,Saudi Arabia,18-24,Female
CUST00608,2024-09-05,Organic/SEO,Qatar,25-34,Female
CUST00609,2024-11-13,Influencer,Saudi Arabia,45-54,Female
CUST00610,2025-02-01,Meta Ads,UAE,35-44,Female
CUST00611,2024-02-24,Meta Ads,India,18-24,Female
CUST00612,2025-04-08,Organic/SEO,UK,25-34,Female
CUST00613,2024-12-24,Meta Ads,USA,35-44,Female
CUST00614,2024-03-21,Organic/SEO,UAE,35-44,Female
CUST00615,2025-05-23,Email/Referral,UAE,45-54,Female
CUST00616,2025-06-16,Meta Ads,Qatar,25-34,Female
CUST00617,2024-03-09,Organic/SEO,Saudi Arabia,55+,Female
CUST00618,2024-07-09,Meta Ads,USA,35-44,Female
CUST00619,2025-04-12,Organic/SEO,India,18-24,Female
CUST00620,2025-03-08,Meta Ads,UAE,18-24,Female
CUST00621,2024-05-23,Meta Ads,India,25-34,Female
CUST00622,2024-06-06,Meta Ads,UAE,45-54,Other
CUST00623,2024-09-09,Influencer,UAE,55+,Male
CUST00624,2024-11-08,Email/Referral,Qatar,45-54,Female
CUST00625,2024-12-21,Email/Referral,UAE,35-44,Male
CUST00626,2024-09-08,Organic/SEO,UK,25-34,Female
CUST00627,2024-11-02,Meta Ads,Saudi Arabia,25-34,Female
CUST00628,2025-03-08,Email/Referral,UAE,25-34,Female
CUST00629,2024-02-23,Email/Referral,Saudi Arabia,55+,Female
CUST00630,2024-06-26,Meta Ads,USA,35-44,Female
CUST00631,2025-02-15,Google Ads,UK,25-34,Female
CUST00632,2025-06-04,Google Ads,UAE,25-34,Female
CUST00633,2024-11-16,Meta Ads,USA,25-34,Female
CUST00634,2024-11-21,Influencer,Saudi Arabia,25-34,Female
CUST00635,2024-04-06,Meta Ads,UAE,35-44,Female
CUST00636,2024-10-26,Meta Ads,USA,25-34,Female
CUST00637,2024-11-21,Email/Referral,UAE,35-44,Female
CUST00638,2024-06-21,Influencer,UAE,45-54,Female
CUST00639,2024-07-05,Influencer,UAE,25-34,Male
CUST00640,2024-09-13,Meta Ads,Saudi Arabia,25-34,Female
CUST00641,2024-02-13,Meta Ads,UK,35-44,Female
CUST00642,2024-08-07,Google Ads,UAE,25-34,Female
CUST00643,2024-06-07,Meta Ads,UK,35-44,Other
CUST00644,2024-08-11,Google Ads,UAE,18-24,Female
CUST00645,2024-04-13,Organic/SEO,UAE,25-34,Male
CUST00646,2025-06-02,Meta Ads,USA,35-44,Female
CUST00647,2024-12-11,Email/Referral,UAE,25-34,Female
CUST00648,2025-01-24,Influencer,Saudi Arabia,35-44,Female
CUST00649,2025-04-02,Meta Ads,Saudi Arabia,35-44,Male
CUST00650,2024-11-12,Meta Ads,UAE,35-44,Female
CUST00651,2024-03-24,Google Ads,Qatar,25-34,Female
CUST00652,2024-11-23,Meta Ads,UAE,25-34,Female
CUST00653,2024-12-09,Influencer,USA,35-44,Male
CUST00654,2025-03-06,Influencer,Saudi Arabia,25-34,Female
CUST00655,2024-10-16,Organic/SEO,UAE,18-24,Male
CUST00656,2024-04-18,Email/Referral,Saudi Arabia,18-24,Female
CUST00657,2024-07-13,Influencer,India,55+,Other
CUST00658,2024-09-04,Email/Referral,UAE,45-54,Female
CUST00659,2024-12-31,Google Ads,UK,35-44,Male
CUST00660,2024-12-03,Organic/SEO,UAE,18-24,Female
CUST00661,2024-08-31,Meta Ads,UAE,35-44,Female
CUST00662,2025-07-22,Influencer,India,25-34,Female
CUST00663,2024-12-16,Meta Ads,India,35-44,Female
CUST00664,2024-06-19,Meta Ads,India,25-34,Male
CUST00665,2024-04-03,Google Ads,Saudi Arabia,35-44,Male
CUST00666,2024-05-04,Influencer,UAE,35-44,Female
CUST00667,2024-06-23,Organic/SEO,UAE,18-24,Female
CUST00668,2024-05-08,Google Ads,India,25-34,Female
CUST00669,2024-05-24,Organic/SEO,UAE,35-44,Female
CUST00670,2024-07-14,Meta Ads,Qatar,25-34,Male
CUST00671,2024-05-16,Organic/SEO,UAE,18-24,Male
CUST00672,2025-06-05,Meta Ads,Kuwait,35-44,Female
CUST00673,2024-03-20,Organic/SEO,UAE,18-24,Female
CUST00674,2024-11-19,Influencer,UAE,25-34,Female
CUST00675,2024-10-03,Google Ads,India,25-34,Female
CUST00676,2025-07-20,Meta Ads,India,35-44,Female
CUST00677,2024-04-09,Google Ads,UAE,45-54,Female
CUST00678,2024-09-26,Google Ads,Saudi Arabia,18-24,Male
CUST00679,2025-07-12,Email/Referral,India,45-54,Female
CUST00680,2025-05-19,Google Ads,Saudi Arabia,25-34,Female
CUST00681,2025-04-19,Meta Ads,UAE,25-34,Female
CUST00682,2024-06-28,Email/Referral,UAE,35-44,Other
CUST00683,2024-05-15,Email/Referral,UAE,25-34,Female
CUST00684,2025-01-16,Organic/SEO,Saudi Arabia,25-34,Female
CUST00685,2025-06-20,Meta Ads,India,25-34,Female
CUST00686,2024-11-28,Google Ads,India,25-34,Female
CUST00687,2024-12-03,Meta Ads,Kuwait,35-44,Female
CUST00688,2024-07-11,Meta Ads,Saudi Arabia,25-34,Female
CUST00689,2025-03-21,Organic/SEO,Kuwait,55+,Female
CUST00690,2024-05-24,Influencer,USA,35-44,Female
CUST00691,2024-08-08,Google Ads,UAE,25-34,Female
CUST00692,2024-10-12,Email/Referral,UK,18-24,Male
CUST00693,2024-11-15,Email/Referral,India,35-44,Female
CUST00694,2024-06-21,Email/Referral,UAE,18-24,Female
CUST00695,2024-04-10,Organic/SEO,UAE,25-34,Female
CUST00696,2024-12-18,Email/Referral,UAE,25-34,Female
CUST00697,2024-07-16,Organic/SEO,UK,35-44,Female
CUST00698,2024-12-07,Meta Ads,UAE,25-34,Female
CUST00699,2024-05-05,Influencer,UAE,18-24,Female
CUST00700,2024-11-07,Google Ads,India,55+,Female
CUST00701,2024-11-21,Meta Ads,UAE,18-24,Female
CUST00702,2024-03-03,Influencer,USA,35-44,Female
CUST00703,2024-08-17,Organic/SEO,Saudi Arabia,18-24,Female
CUST00704,2024-04-22,Google Ads,India,35-44,Female
CUST00705,2024-03-10,Email/Referral,UAE,25-34,Female
CUST00706,2025-07-24,Organic/SEO,UAE,25-34,Male
CUST00707,2024-08-07,Meta Ads,UAE,45-54,Other
CUST00708,2025-04-15,Meta Ads,USA,25-34,Female
CUST00709,2024-06-27,Influencer,India,25-34,Male
CUST00710,2025-01-26,Meta Ads,UAE,45-54,Female
CUST00711,2025-03-15,Meta Ads,Kuwait,35-44,Female
CUST00712,2024-12-12,Meta Ads,Saudi Arabia,18-24,Female
CUST00713,2024-11-05,Organic/SEO,Saudi Arabia,18-24,Female
CUST00714,2024-10-04,Meta Ads,UAE,18-24,Female
CUST00715,2024-08-26,Email/Referral,UAE,35-44,Female
CUST00716,2025-06-21,Meta Ads,Saudi Arabia,25-34,Female
CUST00717,2025-04-27,Meta Ads,UAE,18-24,Male
CUST00718,2025-07-09,Google Ads,India,35-44,Male
CUST00719,2024-04-16,Email/Referral,USA,25-34,Female
CUST00720,2025-02-26,Google Ads,Kuwait,25-34,Female
CUST00721,2025-06-25,Meta Ads,Saudi Arabia,25-34,Male
CUST00722,2024-05-21,Organic/SEO,UAE,55+,Female
CUST00723,2024-03-12,Organic/SEO,Qatar,55+,Female
CUST00724,2025-03-04,Influencer,UAE,35-44,Male
CUST00725,2024-12-04,Meta Ads,Qatar,25-34,Male
CUST00726,2025-05-04,Organic/SEO,Saudi Arabia,45-54,Male
CUST00727,2024-04-26,Meta Ads,India,35-44,Female
CUST00728,2025-04-06,Email/Referral,UAE,35-44,Male
CUST00729,2024-06-02,Influencer,India,18-24,Other
CUST00730,2024-05-10,Email/Referral,Saudi Arabia,25-34,Female
CUST00731,2024-05-11,Meta Ads,UAE,25-34,Female
CUST00732,2025-04-18,Meta Ads,Kuwait,25-34,Female
CUST00733,2025-01-14,Organic/SEO,Kuwait,45-54,Female
CUST00734,2024-11-19,Meta Ads,India,45-54,Female
CUST00735,2024-09-02,Organic/SEO,USA,55+,Female
CUST00736,2025-05-26,Email/Referral,Saudi Arabia,18-24,Female
CUST00737,2024-09-22,Meta Ads,UAE,45-54,Male
CUST00738,2025-04-19,Email/Referral,India,18-24,Male
CUST00739,2024-10-21,Influencer,Kuwait,35-44,Female
CUST00740,2024-09-13,Influencer,UAE,25-34,Female
CUST00741,2024-11-02,Meta Ads,UK,45-54,Male
CUST00742,2024-07-24,Google Ads,Qatar,55+,Female
CUST00743,2025-03-08,Influencer,Kuwait,55+,Female
CUST00744,2024-11-13,Influencer,Kuwait,18-24,Female
CUST00745,2024-06-16,Meta Ads,Qatar,18-24,Male
CUST00746,2025-06-07,Meta Ads,UK,35-44,Male
CUST00747,2024-09-17,Google Ads,UAE,25-34,Female
CUST00748,2024-11-25,Meta Ads,UAE,18-24,Female
CUST00749,2025-06-10,Organic/SEO,Qatar,45-54,Female
CUST00750,2024-12-23,Google Ads,India,18-24,Female
CUST00751,2024-04-12,Email/Referral,UK,35-44,Female
CUST00752,2025-06-25,Meta Ads,USA,25-34,Female
CUST00753,2024-12-24,Email/Referral,UAE,18-24,Female
CUST00754,2024-08-16,Organic/SEO,India,45-54,Female
CUST00755,2024-04-25,Influencer,India,25-34,Female
CUST00756,2025-04-05,Email/Referral,UAE,45-54,Female
CUST00757,2024-12-21,Meta Ads,UAE,18-24,Female
CUST00758,2024-11-22,Organic/SEO,UK,25-34,Female
CUST00759,2025-06-04,Meta Ads,UAE,25-34,Male
CUST00760,2025-04-02,Meta Ads,Saudi Arabia,25-34,Female
CUST00761,2024-05-03,Influencer,India,18-24,Female
CUST00762,2024-07-30,Meta Ads,UAE,18-24,Male
CUST00763,2024-06-24,Meta Ads,Saudi Arabia,25-34,Female
CUST00764,2025-03-05,Meta Ads,India,18-24,Male
CUST00765,2024-02-21,Google Ads,Saudi Arabia,25-34,Female
CUST00766,2024-12-02,Meta Ads,UAE,18-24,Female
CUST00767,2025-03-17,Influencer,UAE,25-34,Female
CUST00768,2025-05-25,Email/Referral,India,25-34,Male
CUST00769,2024-08-21,Organic/SEO,Saudi Arabia,25-34,Male
CUST00770,2025-04-22,Google Ads,Kuwait,25-34,Female
CUST00771,2024-04-08,Email/Referral,UK,25-34,Male
CUST00772,2025-05-07,Organic/SEO,UK,35-44,Female
CUST00773,2024-04-18,Organic/SEO,UAE,55+,Male
CUST00774,2024-09-25,Organic/SEO,UAE,25-34,Other
CUST00775,2025-04-07,Google Ads,Qatar,35-44,Male
CUST00776,2024-05-02,Meta Ads,Kuwait,45-54,Female
CUST00777,2024-06-15,Google Ads,Saudi Arabia,25-34,Female
CUST00778,2025-02-20,Google Ads,Kuwait,35-44,Female
CUST00779,2025-02-19,Google Ads,Saudi Arabia,25-34,Female
CUST00780,2024-12-29,Influencer,UK,45-54,Male
CUST00781,2025-02-03,Influencer,UAE,25-34,Female
CUST00782,2024-11-24,Meta Ads,Saudi Arabia,25-34,Female
CUST00783,2024-06-25,Influencer,UAE,25-34,Female
CUST00784,2024-08-24,Influencer,UK,18-24,Male
CUST00785,2024-05-21,Meta Ads,UAE,35-44,Male
CUST00786,2025-06-11,Email/Referral,UAE,35-44,Female
CUST00787,2024-12-07,Meta Ads,Saudi Arabia,35-44,Female
CUST00788,2024-09-27,Email/Referral,UAE,55+,Female
CUST00789,2024-11-02,Organic/SEO,UAE,25-34,Female
CUST00790,2025-06-29,Meta Ads,UAE,35-44,Female
CUST00791,2024-05-04,Organic/SEO,USA,35-44,Female
CUST00792,2024-12-09,Meta Ads,Saudi Arabia,25-34,Female
CUST00793,2024-11-14,Email/Referral,Kuwait,18-24,Female
CUST00794,2024-12-18,Organic/SEO,USA,25-34,Female
CUST00795,2024-02-12,Email/Referral,UK,25-34,Male
CUST00796,2025-05-23,Google Ads,India,18-24,Female
CUST00797,2025-06-22,Google Ads,India,18-24,Male
CUST00798,2024-11-30,Influencer,Saudi Arabia,18-24,Male
CUST00799,2025-02-05,Organic/SEO,UK,25-34,Female
CUST00800,2025-06-17,Meta Ads,India,55+,Male
CUST00801,2025-02-11,Influencer,UK,25-34,Female
CUST00802,2024-05-03,Meta Ads,USA,35-44,Female
CUST00803,2024-12-05,Email/Referral,India,35-44,Female
CUST00804,2024-12-16,Meta Ads,USA,25-34,Male
CUST00805,2024-10-12,Influencer,Saudi Arabia,25-34,Female
CUST00806,2025-03-01,Meta Ads,Saudi Arabia,35-44,Male
CUST00807,2025-06-23,Google Ads,UAE,25-34,Female
CUST00808,2025-06-19,Organic/SEO,Saudi Arabia,35-44,Female
CUST00809,2024-10-28,Meta Ads,UAE,18-24,Other
CUST00810,2024-04-09,Influencer,USA,25-34,Female
CUST00811,2025-07-21,Email/Referral,UAE,18-24,Female
CUST00812,2025-05-02,Email/Referral,USA,35-44,Female
CUST00813,2024-04-16,Influencer,UK,35-44,Female
CUST00814,2025-06-16,Email/Referral,UAE,25-34,Female
CUST00815,2025-05-21,Meta Ads,UK,25-34,Female
CUST00816,2024-11-18,Organic/SEO,UAE,25-34,Male
CUST00817,2024-12-10,Email/Referral,UK,25-34,Male
CUST00818,2024-09-26,Organic/SEO,Kuwait,18-24,Female
CUST00819,2024-03-05,Meta Ads,UAE,35-44,Female
CUST00820,2024-08-16,Meta Ads,UK,25-34,Female
CUST00821,2025-04-10,Google Ads,UK,25-34,Male
CUST00822,2024-02-03,Meta Ads,UAE,25-34,Male
CUST00823,2024-08-15,Google Ads,USA,35-44,Male
CUST00824,2024-09-26,Meta Ads,Kuwait,25-34,Male
CUST00825,2024-11-23,Google Ads,UAE,18-24,Male
CUST00826,2025-06-16,Meta Ads,UAE,25-34,Female
CUST00827,2024-08-24,Email/Referral,Saudi Arabia,25-34,Female
CUST00828,2024-08-24,Organic/SEO,Saudi Arabia,35-44,Female
CUST00829,2025-03-02,Influencer,UAE,25-34,Female
CUST00830,2024-10-29,Meta Ads,UK,25-34,Female
CUST00831,2024-06-13,Meta Ads,India,35-44,Female
CUST00832,2024-10-29,Email/Referral,Saudi Arabia,18-24,Female
CUST00833,2024-04-26,Google Ads,UAE,25-34,Male
CUST00834,2024-05-18,Meta Ads,UK,35-44,Female
CUST00835,2024-11-12,Influencer,Saudi Arabia,18-24,Female
CUST00836,2024-10-08,Influencer,UAE,35-44,Female
CUST00837,2025-06-14,Meta Ads,UK,35-44,Female
CUST00838,2024-09-04,Email/Referral,Qatar,25-34,Male
CUST00839,2024-12-06,Google Ads,UAE,45-54,Male
CUST00840,2024-12-26,Google Ads,UAE,35-44,Female
CUST00841,2024-02-08,Organic/SEO,India,18-24,Female
CUST00842,2025-01-13,Influencer,UAE,45-54,Female
CUST00843,2024-05-19,Google Ads,UAE,55+,Female
CUST00844,2025-07-07,Influencer,UAE,35-44,Female
CUST00845,2024-05-01,Google Ads,India,25-34,Female
CUST00846,2024-10-06,Influencer,India,25-34,Female
CUST00847,2024-03-24,Influencer,UAE,35-44,Female
CUST00848,2025-07-29,Organic/SEO,UAE,35-44,Female
CUST00849,2024-11-13,Meta Ads,UAE,18-24,Female
CUST00850,2024-12-12,Meta Ads,India,25-34,Female
CUST00851,2024-03-12,Meta Ads,UAE,25-34,Female
CUST00852,2025-03-09,Email/Referral,Saudi Arabia,18-24,Female
CUST00853,2024-06-06,Email/Referral,USA,35-44,Female
CUST00854,2025-06-06,Meta Ads,India,35-44,Female
CUST00855,2024-06-04,Meta Ads,UAE,55+,Female
CUST00856,2024-05-27,Google Ads,UAE,18-24,Female
CUST00857,2024-02-23,Meta Ads,USA,25-34,Female
CUST00858,2024-11-05,Meta Ads,UK,18-24,Male
CUST00859,2024-11-30,Influencer,UAE,25-34,Female
CUST00860,2024-03-12,Influencer,Kuwait,18-24,Male
CUST00861,2025-03-25,Meta Ads,Saudi Arabia,55+,Female
CUST00862,2024-10-29,Google Ads,USA,35-44,Female
CUST00863,2024-11-19,Organic/SEO,UAE,35-44,Female
CUST00864,2024-10-22,Email/Referral,UAE,25-34,Female
CUST00865,2024-09-27,Organic/SEO,UK,18-24,Female
CUST00866,2024-11-29,Google Ads,UAE,35-44,Male
CUST00867,2024-05-05,Email/Referral,UAE,45-54,Female
CUST00868,2024-05-21,Google Ads,UAE,25-34,Female
CUST00869,2025-05-16,Organic/SEO,UK,35-44,Female
CUST00870,2025-06-28,Influencer,Qatar,35-44,Female
CUST00871,2024-09-11,Google Ads,UK,18-24,Female
CUST00872,2024-07-05,Meta Ads,Saudi Arabia,35-44,Female
CUST00873,2024-12-31,Organic/SEO,India,55+,Female
CUST00874,2024-10-02,Influencer,UAE,45-54,Male
CUST00875,2024-02-16,Email/Referral,UAE,25-34,Female
CUST00876,2024-05-06,Email/Referral,UAE,25-34,Female
CUST00877,2025-02-16,Google Ads,UAE,25-34,Male
CUST00878,2025-01-09,Google Ads,USA,25-34,Female
CUST00879,2024-02-17,Google Ads,UK,18-24,Female
CUST00880,2024-06-11,Influencer,UAE,18-24,Female
CUST00881,2024-06-16,Influencer,Saudi Arabia,25-34,Female
CUST00882,2025-01-19,Influencer,Qatar,25-34,Female
CUST00883,2024-02-13,Meta Ads,Saudi Arabia,25-34,Female
CUST00884,2024-04-04,Google Ads,UK,35-44,Female
CUST00885,2025-04-09,Organic/SEO,UAE,25-34,Male
CUST00886,2024-05-19,Email/Referral,UAE,25-34,Female
CUST00887,2025-01-05,Meta Ads,UAE,18-24,Female
CUST00888,2024-06-19,Organic/SEO,UAE,35-44,Female
CUST00889,2024-04-01,Email/Referral,Saudi Arabia,25-34,Male
CUST00890,2024-06-21,Organic/SEO,UAE,25-34,Male
CUST00891,2025-02-20,Organic/SEO,India,35-44,Female
CUST00892,2025-05-13,Influencer,Qatar,18-24,Female
CUST00893,2025-04-27,Google Ads,UAE,45-54,Male
CUST00894,2024-09-25,Google Ads,India,45-54,Female
CUST00895,2025-01-16,Influencer,UK,18-24,Female
CUST00896,2024-06-03,Influencer,Kuwait,25-34,Female
CUST00897,2024-07-19,Email/Referral,Kuwait,35-44,Female
CUST00898,2025-06-05,Email/Referral,Qatar,25-34,Female
CUST00899,2024-02-08,Google Ads,UK,35-44,Female
CUST00900,2024-03-24,Organic/SEO,USA,35-44,Male
CUST00901,2024-06-05,Influencer,UAE,35-44,Female
CUST00902,2024-02-17,Meta Ads,UK,55+,Female
CUST00903,2024-05-21,Email/Referral,India,35-44,Female
CUST00904,2024-12-07,Meta Ads,Saudi Arabia,25-34,Female
CUST00905,2024-10-10,Influencer,Saudi Arabia,35-44,Male
CUST00906,2025-06-03,Meta Ads,USA,35-44,Female
CUST00907,2025-04-19,Meta Ads,UAE,35-44,Female
CUST00908,2024-08-21,Organic/SEO,UAE,25-34,Female
CUST00909,2024-06-29,Organic/SEO,UK,25-34,Female
CUST00910,2024-09-14,Meta Ads,USA,18-24,Male
CUST00911,2024-12-10,Organic/SEO,USA,35-44,Female
CUST00912,2024-07-04,Meta Ads,USA,35-44,Female
CUST00913,2024-12-23,Influencer,Kuwait,25-34,Male
CUST00914,2024-10-03,Email/Referral,Saudi Arabia,25-34,Female
CUST00915,2024-11-27,Meta Ads,India,35-44,Male
CUST00916,2024-10-19,Organic/SEO,Kuwait,35-44,Female
CUST00917,2024-07-20,Organic/SEO,India,35-44,Female
CUST00918,2025-06-29,Email/Referral,UAE,18-24,Female
CUST00919,2025-03-17,Meta Ads,UAE,25-34,Female
CUST00920,2024-04-26,Google Ads,India,18-24,Female
CUST00921,2025-05-20,Meta Ads,Saudi Arabia,35-44,Female
CUST00922,2024-11-09,Meta Ads,Saudi Arabia,18-24,Male
CUST00923,2025-06-04,Influencer,UK,25-34,Female
CUST00924,2025-04-09,Google Ads,USA,25-34,Female
CUST00925,2024-10-12,Meta Ads,UAE,25-34,Female
CUST00926,2024-02-14,Google Ads,UAE,25-34,Female
CUST00927,2024-07-04,Meta Ads,Saudi Arabia,25-34,Female
CUST00928,2024-11-24,Google Ads,Qatar,35-44,Other
CUST00929,2024-12-27,Meta Ads,UK,25-34,Male
CUST00930,2024-06-28,Influencer,India,55+,Female
CUST00931,2024-04-25,Meta Ads,Kuwait,45-54,Female
CUST00932,2025-04-30,Google Ads,UAE,45-54,Male
CUST00933,2025-07-21,Google Ads,USA,25-34,Female
CUST00934,2024-11-20,Email/Referral,UAE,25-34,Male
CUST00935,2024-05-15,Meta Ads,Qatar,25-34,Female
CUST00936,2024-07-06,Meta Ads,UK,35-44,Male
CUST00937,2024-02-12,Google Ads,UAE,25-34,Female
CUST00938,2025-06-13,Email/Referral,USA,35-44,Male
CUST00939,2024-04-12,Organic/SEO,UAE,25-34,Female
CUST00940,2024-12-05,Meta Ads,UAE,35-44,Female
CUST00941,2024-07-07,Influencer,UAE,25-34,Female
CUST00942,2024-11-27,Influencer,Saudi Arabia,18-24,Female
CUST00943,2025-01-04,Google Ads,India,35-44,Female
CUST00944,2025-04-27,Influencer,UK,18-24,Male
CUST00945,2024-06-04,Meta Ads,USA,25-34,Female
CUST00946,2024-02-07,Organic/SEO,Saudi Arabia,25-34,Female
CUST00947,2024-04-24,Google Ads,India,18-24,Female
CUST00948,2025-06-07,Organic/SEO,India,55+,Female
CUST00949,2025-05-24,Influencer,Kuwait,35-44,Female
CUST00950,2024-12-13,Google Ads,Kuwait,25-34,Female
CUST00951,2024-12-14,Meta Ads,UAE,35-44,Female
CUST00952,2025-01-14,Email/Referral,Saudi Arabia,35-44,Male
CUST00953,2024-05-17,Meta Ads,Saudi Arabia,35-44,Female
CUST00954,2025-06-13,Meta Ads,UAE,45-54,Female
CUST00955,2024-10-08,Meta Ads,USA,45-54,Male
CUST00956,2024-09-17,Email/Referral,Qatar,25-34,Female
CUST00957,2024-11-18,Meta Ads,UAE,18-24,Female
CUST00958,2024-02-29,Google Ads,Saudi Arabia,18-24,Female
CUST00959,2024-05-12,Meta Ads,India,45-54,Female
CUST00960,2025-03-02,Google Ads,India,25-34,Female
CUST00961,2024-03-22,Influencer,Saudi Arabia,25-34,Female
CUST00962,2024-12-15,Meta Ads,UAE,25-34,Female
CUST00963,2024-06-22,Google Ads,USA,18-24,Female
CUST00964,2024-09-20,Email/Referral,Saudi Arabia,25-34,Female
CUST00965,2024-07-16,Influencer,UAE,35-44,Male
CUST00966,2024-08-31,Email/Referral,UAE,25-34,Female
CUST00967,2025-02-18,Email/Referral,UAE,18-24,Female
CUST00968,2024-07-22,Google Ads,UAE,35-44,Female
CUST00969,2024-12-01,Influencer,Kuwait,25-34,Female
CUST00970,2024-11-06,Email/Referral,Saudi Arabia,35-44,Female
CUST00971,2025-01-13,Meta Ads,USA,35-44,Female
CUST00972,2025-06-24,Google Ads,India,25-34,Female
CUST00973,2025-02-27,Influencer,USA,35-44,Female
CUST00974,2024-06-08,Meta Ads,India,25-34,Female
CUST00975,2024-02-19,Email/Referral,UK,55+,Female
CUST00976,2024-06-30,Google Ads,Saudi Arabia,25-34,Female
CUST00977,2024-12-12,Meta Ads,Saudi Arabia,18-24,Female
CUST00978,2024-03-03,Email/Referral,Saudi Arabia,25-34,Female
CUST00979,2024-11-11,Meta Ads,Qatar,25-34,Female
CUST00980,2024-12-13,Google Ads,USA,45-54,Female
CUST00981,2024-08-15,Google Ads,UAE,35-44,Female
CUST00982,2025-03-22,Influencer,USA,25-34,Female
CUST00983,2024-04-05,Email/Referral,India,25-34,Male
CUST00984,2024-03-17,Google Ads,Saudi Arabia,35-44,Female
CUST00985,2025-02-24,Meta Ads,UAE,18-24,Female
CUST00986,2024-11-11,Meta Ads,UAE,25-34,Female
CUST00987,2025-01-30,Meta Ads,UAE,35-44,Female
CUST00988,2024-10-18,Google Ads,Saudi Arabia,25-34,Female
CUST00989,2024-06-23,Organic/SEO,UAE,18-24,Female
CUST00990,2025-04-20,Meta Ads,India,18-24,Female
CUST00991,2025-04-08,Meta Ads,UAE,18-24,Male
CUST00992,2025-02-03,Influencer,India,18-24,Female
CUST00993,2024-07-06,Influencer,UAE,18-24,Female
CUST00994,2024-12-10,Email/Referral,USA,18-24,Male
CUST00995,2024-09-03,Influencer,USA,35-44,Female
CUST00996,2024-03-27,Influencer,UAE,35-44,Female
CUST00997,2025-06-15,Google Ads,India,25-34,Female
CUST00998,2024-04-24,Meta Ads,UAE,45-54,Female
CUST00999,2025-06-30,Google Ads,UAE,18-24,Female
CUST01000,2024-10-25,Influencer,UAE,35-44,Female
CUST01001,2024-05-23,Meta Ads,Saudi Arabia,18-24,Female
CUST01002,2024-11-24,Organic/SEO,Kuwait,35-44,Female
CUST01003,2025-05-23,Google Ads,Saudi Arabia,18-24,Female
CUST01004,2025-02-26,Meta Ads,USA,35-44,Female
CUST01005,2025-04-13,Influencer,UK,35-44,Female
CUST01006,2025-01-09,Meta Ads,UAE,25-34,Female
CUST01007,2025-02-02,Email/Referral,UAE,45-54,Female
CUST01008,2025-05-09,Meta Ads,UK,35-44,Female
CUST01009,2024-06-24,Meta Ads,UAE,35-44,Female
CUST01010,2024-11-10,Meta Ads,Saudi Arabia,18-24,Female
CUST01011,2024-06-11,Meta Ads,USA,25-34,Female
CUST01012,2025-07-23,Meta Ads,UK,35-44,Female
CUST01013,2025-06-27,Organic/SEO,Saudi Arabia,25-34,Female
CUST01014,2024-02-25,Meta Ads,Saudi Arabia,25-34,Female
CUST01015,2025-02-10,Organic/SEO,USA,35-44,Female
CUST01016,2025-06-19,Google Ads,UK,18-24,Female
CUST01017,2024-05-21,Google Ads,Saudi Arabia,25-34,Female
CUST01018,2024-12-02,Organic/SEO,UAE,55+,Female
CUST01019,2025-06-14,Meta Ads,UAE,45-54,Female
CUST01020,2024-02-21,Meta Ads,UAE,18-24,Female
CUST01021,2025-02-05,Google Ads,Qatar,35-44,Female
CUST01022,2024-07-22,Organic/SEO,India,45-54,Male
CUST01023,2025-06-18,Influencer,Saudi Arabia,25-34,Female
CUST01024,2025-07-13,Organic/SEO,UAE,18-24,Female
CUST01025,2025-06-27,Google Ads,UAE,18-24,Female
CUST01026,2024-11-05,Meta Ads,UAE,18-24,Other
CUST01027,2025-05-16,Organic/SEO,Saudi Arabia,25-34,Female
CUST01028,2025-05-06,Google Ads,UK,18-24,Female
CUST01029,2024-08-05,Meta Ads,USA,45-54,Female
CUST01030,2025-04-26,Email/Referral,UAE,35-44,Female
CUST01031,2024-02-23,Email/Referral,India,25-34,Female
CUST01032,2024-12-12,Meta Ads,UAE,25-34,Male
CUST01033,2024-06-15,Organic/SEO,Qatar,45-54,Male
CUST01034,2024-04-14,Influencer,UK,55+,Female
CUST01035,2024-03-18,Organic/SEO,UK,55+,Female
CUST01036,2025-02-04,Google Ads,India,18-24,Female
CUST01037,2024-08-19,Meta Ads,India,55+,Female
CUST01038,2025-02-22,Meta Ads,Saudi Arabia,55+,Female
CUST01039,2024-03-11,Meta Ads,USA,25-34,Female
CUST01040,2024-08-02,Influencer,USA,18-24,Male
CUST01041,2024-11-23,Google Ads,Saudi Arabia,45-54,Female
CUST01042,2025-04-03,Email/Referral,UK,45-54,Female
CUST01043,2024-08-04,Meta Ads,UK,45-54,Female
CUST01044,2024-12-24,Meta Ads,UAE,35-44,Female
CUST01045,2025-05-31,Meta Ads,Kuwait,35-44,Female
CUST01046,2024-12-20,Influencer,UK,25-34,Female
CUST01047,2024-06-17,Google Ads,India,25-34,Other
CUST01048,2024-02-15,Email/Referral,USA,25-34,Other
CUST01049,2025-05-21,Email/Referral,UAE,25-34,Female
CUST01050,2024-02-13,Meta Ads,USA,25-34,Female
CUST01051,2025-05-24,Google Ads,Saudi Arabia,35-44,Female
CUST01052,2024-11-20,Email/Referral,UK,25-34,Female
CUST01053,2025-06-25,Meta Ads,UAE,35-44,Female
CUST01054,2025-04-08,Influencer,UAE,25-34,Female
CUST01055,2025-07-29,Google Ads,India,25-34,Female
CUST01056,2024-08-27,Meta Ads,UK,25-34,Male
CUST01057,2025-03-20,Meta Ads,UAE,18-24,Female
CUST01058,2024-09-28,Meta Ads,UAE,25-34,Female
CUST01059,2024-11-07,Google Ads,Saudi Arabia,18-24,Male
CUST01060,2024-12-24,Meta Ads,USA,18-24,Female
CUST01061,2025-05-24,Email/Referral,USA,25-34,Female
CUST01062,2025-07-21,Organic/SEO,Saudi Arabia,25-34,Female
CUST01063,2025-03-20,Google Ads,UK,18-24,Male
CUST01064,2024-10-08,Google Ads,India,25-34,Female
CUST01065,2024-10-10,Google Ads,India,45-54,Female
CUST01066,2025-03-02,Meta Ads,UAE,45-54,Male
CUST01067,2024-06-19,Meta Ads,India,35-44,Female
CUST01068,2024-04-08,Organic/SEO,Saudi Arabia,35-44,Female
CUST01069,2024-08-30,Organic/SEO,Kuwait,25-34,Female
CUST01070,2024-07-16,Influencer,UAE,18-24,Male
CUST01071,2024-07-21,Meta Ads,India,25-34,Male
CUST01072,2024-06-17,Meta Ads,UAE,25-34,Female
CUST01073,2024-02-26,Meta Ads,UAE,35-44,Female
CUST01074,2024-02-11,Google Ads,USA,25-34,Female
CUST01075,2025-07-23,Email/Referral,Saudi Arabia,18-24,Female
CUST01076,2024-10-14,Organic/SEO,UK,45-54,Female
CUST01077,2024-09-17,Meta Ads,UAE,18-24,Female
CUST01078,2025-01-24,Email/Referral,India,18-24,Female
CUST01079,2024-06-10,Organic/SEO,UAE,25-34,Female
CUST01080,2025-06-30,Influencer,Kuwait,25-34,Female
CUST01081,2025-03-31,Meta Ads,India,18-24,Male
CUST01082,2024-03-26,Meta Ads,UK,45-54,Female
CUST01083,2024-10-08,Google Ads,Qatar,25-34,Female
CUST01084,2025-05-27,Google Ads,Qatar,35-44,Female
CUST01085,2025-06-28,Influencer,India,35-44,Female
CUST01086,2024-11-03,Google Ads,India,25-34,Female
CUST01087,2024-12-19,Google Ads,USA,25-34,Female
CUST01088,2024-05-12,Meta Ads,Saudi Arabia,18-24,Male
CUST01089,2025-07-25,Organic/SEO,Saudi Arabia,25-34,Female
CUST01090,2024-06-16,Email/Referral,Kuwait,25-34,Female
CUST01091,2025-06-27,Google Ads,UAE,25-34,Female
CUST01092,2025-01-03,Google Ads,Saudi Arabia,25-34,Female
CUST01093,2024-12-17,Meta Ads,UK,25-34,Female
CUST01094,2024-11-16,Meta Ads,Saudi Arabia,25-34,Female
CUST01095,2024-06-16,Email/Referral,USA,35-44,Female
CUST01096,2024-05-18,Organic/SEO,USA,25-34,Male
CUST01097,2024-06-11,Meta Ads,UAE,35-44,Female
CUST01098,2024-05-24,Meta Ads,India,18-24,Female
CUST01099,2025-03-27,Meta Ads,India,18-24,Female
CUST01100,2024-08-27,Meta Ads,UK,35-44,Female
CUST01101,2024-03-07,Meta Ads,Saudi Arabia,25-34,Female
CUST01102,2025-07-12,Organic/SEO,Qatar,25-34,Male
CUST01103,2025-05-30,Meta Ads,USA,55+,Female
CUST01104,2025-06-20,Organic/SEO,UAE,25-34,Female
CUST01105,2025-07-27,Organic/SEO,USA,35-44,Female
CUST01106,2024-05-16,Organic/SEO,UAE,35-44,Female
CUST01107,2024-09-25,Organic/SEO,UAE,25-34,Female
CUST01108,2025-03-14,Google Ads,Qatar,25-34,Female
CUST01109,2025-02-04,Meta Ads,Saudi Arabia,35-44,Female
CUST01110,2024-05-04,Email/Referral,India,25-34,Female
CUST01111,2025-04-18,Meta Ads,Kuwait,45-54,Female
CUST01112,2024-06-13,Meta Ads,India,25-34,Female
CUST01113,2024-06-12,Meta Ads,UAE,35-44,Female
CUST01114,2024-11-23,Meta Ads,USA,25-34,Female
CUST01115,2024-12-11,Google Ads,UAE,18-24,Female
CUST01116,2024-12-06,Influencer,Kuwait,55+,Female
CUST01117,2024-03-27,Meta Ads,India,35-44,Male
CUST01118,2025-05-26,Meta Ads,UAE,55+,Male
CUST01119,2024-07-02,Organic/SEO,USA,25-34,Female
CUST01120,2024-04-19,Influencer,Saudi Arabia,18-24,Male
CUST01121,2025-06-01,Google Ads,Saudi Arabia,25-34,Female
CUST01122,2025-07-03,Meta Ads,UAE,25-34,Female
CUST01123,2025-05-16,Meta Ads,USA,45-54,Female
CUST01124,2025-04-14,Meta Ads,UAE,25-34,Female
CUST01125,2025-01-07,Google Ads,UAE,35-44,Female
CUST01126,2024-11-27,Meta Ads,UAE,45-54,Female
CUST01127,2024-03-25,Meta Ads,UK,35-44,Female
CUST01128,2024-10-02,Google Ads,India,25-34,Female
CUST01129,2024-09-10,Influencer,Saudi Arabia,35-44,Female
CUST01130,2024-06-29,Google Ads,UAE,45-54,Female
CUST01131,2025-02-21,Email/Referral,UAE,25-34,Female
CUST01132,2024-11-11,Influencer,USA,35-44,Female
CUST01133,2024-03-21,Organic/SEO,UAE,25-34,Female
CUST01134,2024-06-11,Meta Ads,Kuwait,25-34,Female
CUST01135,2025-01-27,Email/Referral,UAE,35-44,Female
CUST01136,2024-03-18,Influencer,Kuwait,25-34,Female
CUST01137,2025-05-10,Organic/SEO,USA,25-34,Female
CUST01138,2024-11-11,Meta Ads,Saudi Arabia,45-54,Male
CUST01139,2024-11-07,Meta Ads,UK,25-34,Female
CUST01140,2024-12-11,Google Ads,UAE,35-44,Female
CUST01141,2025-04-24,Organic/SEO,Saudi Arabia,18-24,Female
CUST01142,2024-08-25,Google Ads,Saudi Arabia,35-44,Male
CUST01143,2025-01-23,Meta Ads,UAE,25-34,Female
CUST01144,2024-12-01,Meta Ads,Qatar,25-34,Female
CUST01145,2024-07-03,Meta Ads,Qatar,25-34,Female
CUST01146,2025-05-27,Organic/SEO,Saudi Arabia,35-44,Female
CUST01147,2025-04-07,Influencer,UAE,35-44,Male
CUST01148,2025-01-09,Meta Ads,Qatar,25-34,Female
CUST01149,2025-05-09,Organic/SEO,Qatar,35-44,Female
CUST01150,2025-05-20,Email/Referral,Saudi Arabia,25-34,Female
CUST01151,2025-02-12,Email/Referral,UAE,35-44,Female
CUST01152,2025-05-01,Meta Ads,India,25-34,Male
CUST01153,2025-02-05,Meta Ads,UAE,25-34,Female
CUST01154,2025-01-25,Google Ads,India,25-34,Male
CUST01155,2024-12-21,Meta Ads,Saudi Arabia,45-54,Female
CUST01156,2025-03-11,Organic/SEO,USA,18-24,Male
CUST01157,2024-05-07,Influencer,India,45-54,Female
CUST01158,2025-05-28,Meta Ads,UK,25-34,Female
CUST01159,2025-05-22,Meta Ads,USA,25-34,Male
CUST01160,2024-02-18,Google Ads,USA,45-54,Female
CUST01161,2025-04-24,Influencer,India,18-24,Female
CUST01162,2024-04-19,Google Ads,Saudi Arabia,18-24,Female
CUST01163,2024-08-16,Meta Ads,India,25-34,Female
CUST01164,2025-03-05,Organic/SEO,Saudi Arabia,25-34,Female
CUST01165,2024-05-08,Google Ads,UAE,25-34,Female
CUST01166,2025-04-20,Meta Ads,UAE,25-34,Female
CUST01167,2025-04-28,Google Ads,UAE,25-34,Female
CUST01168,2024-11-15,Meta Ads,UAE,25-34,Female
CUST01169,2024-02-04,Influencer,UAE,35-44,Female
CUST01170,2024-07-15,Meta Ads,UAE,35-44,Female
CUST01171,2024-12-20,Email/Referral,UAE,35-44,Female
CUST01172,2025-07-19,Meta Ads,Saudi Arabia,35-44,Female
CUST01173,2024-12-26,Meta Ads,Qatar,35-44,Other
CUST01174,2024-06-29,Google Ads,UAE,18-24,Male
CUST01175,2024-12-27,Meta Ads,Saudi Arabia,35-44,Male
CUST01176,2024-11-24,Meta Ads,UAE,45-54,Male
CUST01177,2025-03-27,Email/Referral,USA,18-24,Female
CUST01178,2024-04-06,Meta Ads,Saudi Arabia,18-24,Female
CUST01179,2025-03-16,Google Ads,UAE,25-34,Female
CUST01180,2024-11-24,Google Ads,UK,18-24,Female
CUST01181,2025-07-08,Meta Ads,India,35-44,Female
CUST01182,2024-08-21,Meta Ads,UAE,35-44,Female
CUST01183,2024-12-26,Meta Ads,UK,18-24,Female
CUST01184,2025-06-22,Meta Ads,USA,35-44,Male
CUST01185,2024-04-03,Meta Ads,USA,35-44,Female
CUST01186,2025-06-24,Google Ads,Qatar,18-24,Female
CUST01187,2025-01-30,Email/Referral,India,18-24,Female
CUST01188,2024-03-13,Google Ads,Kuwait,18-24,Female
CUST01189,2024-07-24,Google Ads,Saudi Arabia,25-34,Female
CUST01190,2025-02-12,Meta Ads,Saudi Arabia,35-44,Female
CUST01191,2024-03-13,Email/Referral,India,35-44,Female
CUST01192,2024-12-07,Email/Referral,Kuwait,35-44,Female
CUST01193,2024-08-24,Influencer,UAE,18-24,Male
CUST01194,2024-12-22,Influencer,UAE,25-34,Male
CUST01195,2024-02-28,Influencer,India,25-34,Female
CUST01196,2025-05-22,Meta Ads,Qatar,45-54,Female
CUST01197,2025-07-14,Google Ads,UAE,18-24,Female
CUST01198,2025-07-12,Organic/SEO,USA,25-34,Female
CUST01199,2025-03-09,Google Ads,UAE,55+,Male
CUST01200,2024-04-20,Meta Ads,Kuwait,45-54,Female
CUST01201,2025-03-14,Influencer,Kuwait,18-24,Female
CUST01202,2024-02-15,Email/Referral,UK,35-44,Male
CUST01203,2024-02-14,Google Ads,Saudi Arabia,25-34,Male
CUST01204,2024-08-08,Email/Referral,Kuwait,25-34,Female
CUST01205,2024-11-09,Meta Ads,UAE,35-44,Female
CUST01206,2025-03-22,Meta Ads,India,25-34,Female
CUST01207,2025-01-27,Influencer,Saudi Arabia,35-44,Female
CUST01208,2024-10-25,Google Ads,India,35-44,Female
CUST01209,2024-07-07,Email/Referral,Saudi Arabia,18-24,Female
CUST01210,2025-07-29,Meta Ads,UK,18-24,Female
CUST01211,2024-10-13,Google Ads,UK,55+,Female
CUST01212,2024-10-28,Meta Ads,Kuwait,55+,Male
CUST01213,2024-05-10,Google Ads,Saudi Arabia,25-34,Female
CUST01214,2025-04-05,Google Ads,UAE,35-44,Female
CUST01215,2025-02-03,Meta Ads,India,35-44,Female
CUST01216,2024-06-11,Google Ads,Kuwait,35-44,Female
CUST01217,2024-03-22,Google Ads,USA,18-24,Other
CUST01218,2025-01-25,Google Ads,Saudi Arabia,35-44,Female
CUST01219,2025-01-06,Google Ads,India,18-24,Female
CUST01220,2024-07-07,Google Ads,Saudi Arabia,35-44,Female
CUST01221,2025-07-01,Google Ads,India,18-24,Female
CUST01222,2024-05-03,Meta Ads,USA,25-34,Female
CUST01223,2024-10-17,Meta Ads,USA,45-54,Female
CUST01224,2025-06-27,Meta Ads,Saudi Arabia,25-34,Female
CUST01225,2024-10-09,Influencer,UK,25-34,Female
CUST01226,2024-12-28,Meta Ads,UK,45-54,Male
CUST01227,2024-09-25,Organic/SEO,UAE,18-24,Female
CUST01228,2024-07-08,Google Ads,India,25-34,Male
CUST01229,2025-07-21,Google Ads,Kuwait,25-34,Female
CUST01230,2024-10-03,Organic/SEO,Kuwait,25-34,Female
CUST01231,2025-06-04,Meta Ads,USA,18-24,Female
CUST01232,2024-06-15,Google Ads,Saudi Arabia,35-44,Female
CUST01233,2024-06-07,Influencer,UAE,18-24,Female
CUST01234,2024-02-19,Influencer,UAE,25-34,Male
CUST01235,2025-01-04,Google Ads,UAE,45-54,Female
CUST01236,2024-09-08,Influencer,Saudi Arabia,25-34,Female
CUST01237,2025-05-18,Influencer,UAE,25-34,Female
CUST01238,2024-11-05,Influencer,USA,18-24,Female
CUST01239,2025-07-11,Influencer,UAE,45-54,Female
CUST01240,2024-05-24,Organic/SEO,UAE,45-54,Female
CUST01241,2025-05-20,Google Ads,UAE,35-44,Female
CUST01242,2025-03-25,Influencer,India,35-44,Female
CUST01243,2025-03-22,Google Ads,India,45-54,Female
CUST01244,2025-05-06,Meta Ads,Saudi Arabia,25-34,Female
CUST01245,2025-03-16,Google Ads,India,25-34,Female
CUST01246,2024-12-24,Influencer,UAE,25-34,Female
CUST01247,2024-04-20,Influencer,India,18-24,Female
CUST01248,2024-02-20,Influencer,Qatar,25-34,Female
CUST01249,2025-06-16,Email/Referral,Qatar,25-34,Female
CUST01250,2024-12-20,Meta Ads,India,55+,Female
CUST01251,2025-04-07,Meta Ads,India,25-34,Female
CUST01252,2024-11-07,Google Ads,UAE,35-44,Female
CUST01253,2024-04-12,Email/Referral,UAE,18-24,Female
CUST01254,2024-04-17,Meta Ads,USA,35-44,Other
CUST01255,2025-01-28,Google Ads,Saudi Arabia,25-34,Female
CUST01256,2024-10-15,Meta Ads,UAE,25-34,Male
CUST01257,2024-06-01,Meta Ads,India,25-34,Female
CUST01258,2024-11-10,Influencer,Saudi Arabia,35-44,Female
CUST01259,2024-03-11,Meta Ads,UAE,25-34,Female
CUST01260,2024-12-07,Influencer,Kuwait,35-44,Female
CUST01261,2024-07-04,Google Ads,India,45-54,Female
CUST01262,2025-04-07,Meta Ads,USA,25-34,Female
CUST01263,2024-07-30,Organic/SEO,UAE,35-44,Female
CUST01264,2024-10-31,Google Ads,UAE,35-44,Male
CUST01265,2024-02-08,Email/Referral,Saudi Arabia,55+,Female
CUST01266,2024-03-16,Meta Ads,Qatar,35-44,Male
CUST01267,2024-09-22,Influencer,Saudi Arabia,35-44,Male
CUST01268,2024-11-07,Organic/SEO,UK,25-34,Female
CUST01269,2024-12-14,Google Ads,Saudi Arabia,25-34,Female
CUST01270,2024-07-18,Email/Referral,UAE,25-34,Female
CUST01271,2025-02-04,Organic/SEO,USA,45-54,Female
CUST01272,2025-05-15,Meta Ads,Saudi Arabia,25-34,Female
CUST01273,2025-03-27,Email/Referral,UK,25-34,Female
CUST01274,2024-02-25,Meta Ads,Kuwait,35-44,Male
CUST01275,2024-11-07,Influencer,UAE,35-44,Female
CUST01276,2024-04-04,Organic/SEO,India,18-24,Male
CUST01277,2024-06-21,Influencer,India,18-24,Female
CUST01278,2025-07-22,Meta Ads,India,35-44,Female
CUST01279,2024-04-27,Influencer,Saudi Arabia,45-54,Female
CUST01280,2024-11-12,Meta Ads,UAE,25-34,Female
CUST01281,2024-12-21,Meta Ads,UAE,25-34,Female
CUST01282,2025-02-08,Influencer,India,25-34,Female
CUST01283,2024-11-29,Meta Ads,UAE,35-44,Female
CUST01284,2024-02-06,Meta Ads,UAE,35-44,Female
CUST01285,2024-08-10,Google Ads,UAE,25-34,Female
CUST01286,2024-11-17,Meta Ads,UAE,25-34,Female
CUST01287,2024-03-25,Influencer,India,45-54,Female
CUST01288,2024-08-27,Influencer,Saudi Arabia,35-44,Female
CUST01289,2024-02-21,Influencer,India,55+,Female
CUST01290,2024-03-19,Google Ads,UAE,35-44,Male
CUST01291,2024-09-25,Google Ads,Saudi Arabia,35-44,Female
CUST01292,2024-04-21,Google Ads,UAE,25-34,Male
CUST01293,2024-12-01,Influencer,Kuwait,25-34,Female
CUST01294,2025-01-31,Influencer,USA,45-54,Female
CUST01295,2025-04-09,Meta Ads,Saudi Arabia,25-34,Female
CUST01296,2024-06-01,Meta Ads,UK,35-44,Female
CUST01297,2024-05-13,Meta Ads,USA,35-44,Female
CUST01298,2024-04-04,Influencer,USA,25-34,Female
CUST01299,2024-12-28,Google Ads,India,25-34,Male
CUST01300,2025-02-11,Google Ads,Saudi Arabia,35-44,Female
CUST01301,2024-02-20,Organic/SEO,Saudi Arabia,35-44,Female
CUST01302,2025-06-24,Meta Ads,UK,18-24,Male
CUST01303,2024-03-03,Influencer,Saudi Arabia,35-44,Female
CUST01304,2024-11-24,Influencer,USA,18-24,Male
CUST01305,2025-02-12,Meta Ads,UAE,35-44,Female
CUST01306,2025-05-22,Google Ads,Saudi Arabia,35-44,Female
CUST01307,2025-02-15,Organic/SEO,Kuwait,45-54,Female
CUST01308,2025-04-10,Meta Ads,UAE,18-24,Female
CUST01309,2024-08-19,Google Ads,India,18-24,Female
CUST01310,2025-04-18,Meta Ads,India,45-54,Female
CUST01311,2024-03-20,Email/Referral,Saudi Arabia,55+,Female
CUST01312,2025-06-04,Meta Ads,UAE,55+,Female
CUST01313,2024-11-26,Meta Ads,UAE,25-34,Female
CUST01314,2025-04-19,Meta Ads,UK,35-44,Female
CUST01315,2024-10-29,Email/Referral,USA,25-34,Female
CUST01316,2024-12-30,Google Ads,Saudi Arabia,25-34,Female
CUST01317,2024-11-20,Google Ads,UK,25-34,Female
CUST01318,2025-02-26,Google Ads,Kuwait,45-54,Female
CUST01319,2024-03-21,Email/Referral,UK,18-24,Female
CUST01320,2024-03-08,Meta Ads,UK,25-34,Female
CUST01321,2024-06-23,Email/Referral,UAE,35-44,Female
CUST01322,2024-05-08,Google Ads,USA,35-44,Female
CUST01323,2025-05-22,Meta Ads,India,25-34,Female
CUST01324,2024-06-10,Google Ads,UAE,35-44,Female
CUST01325,2025-07-16,Organic/SEO,UAE,25-34,Female
CUST01326,2024-08-17,Google Ads,Saudi Arabia,55+,Female
CUST01327,2024-05-21,Organic/SEO,UAE,25-34,Female
CUST01328,2025-04-02,Meta Ads,UK,55+,Other
CUST01329,2025-01-09,Organic/SEO,Saudi Arabia,18-24,Male
CUST01330,2024-11-12,Meta Ads,Saudi Arabia,35-44,Male
CUST01331,2024-11-28,Meta Ads,India,35-44,Female
CUST01332,2025-02-18,Meta Ads,Saudi Arabia,35-44,Female
CUST01333,2024-06-14,Google Ads,Saudi Arabia,35-44,Female
CUST01334,2025-07-28,Email/Referral,USA,25-34,Female
CUST01335,2025-07-15,Email/Referral,UK,35-44,Female
CUST01336,2025-01-03,Meta Ads,Saudi Arabia,18-24,Female
CUST01337,2024-06-01,Email/Referral,USA,35-44,Female
CUST01338,2025-01-25,Meta Ads,India,45-54,Female
CUST01339,2024-03-15,Meta Ads,UAE,45-54,Female
CUST01340,2024-02-19,Meta Ads,UAE,35-44,Female
CUST01341,2024-06-28,Google Ads,USA,25-34,Female
CUST01342,2024-11-02,Google Ads,USA,45-54,Female
CUST01343,2025-05-20,Meta Ads,UAE,45-54,Female
CUST01344,2025-02-23,Google Ads,Qatar,35-44,Female
CUST01345,2025-03-05,Google Ads,India,25-34,Female
CUST01346,2024-10-12,Meta Ads,India,35-44,Female
CUST01347,2024-08-24,Meta Ads,Saudi Arabia,25-34,Female
CUST01348,2024-09-09,Organic/SEO,India,25-34,Female
CUST01349,2025-07-23,Google Ads,UAE,45-54,Female
CUST01350,2024-02-25,Email/Referral,Saudi Arabia,35-44,Male
CUST01351,2025-05-19,Influencer,UAE,45-54,Female
CUST01352,2024-12-06,Email/Referral,Saudi Arabia,45-54,Male
CUST01353,2024-10-20,Meta Ads,UAE,18-24,Female
CUST01354,2025-02-22,Google Ads,USA,35-44,Female
CUST01355,2024-11-09,Influencer,UAE,25-34,Female
CUST01356,2025-05-23,Meta Ads,India,35-44,Male
CUST01357,2025-06-07,Meta Ads,UAE,18-24,Female
CUST01358,2024-10-10,Meta Ads,UAE,18-24,Female
CUST01359,2024-07-09,Meta Ads,Kuwait,35-44,Male
CUST01360,2024-12-11,Email/Referral,India,35-44,Female
CUST01361,2025-06-13,Email/Referral,UAE,35-44,Male
CUST01362,2024-06-06,Influencer,Qatar,45-54,Female
CUST01363,2024-12-23,Meta Ads,Saudi Arabia,45-54,Female
CUST01364,2024-12-26,Email/Referral,UAE,25-34,Male
CUST01365,2025-02-27,Organic/SEO,Saudi Arabia,18-24,Female
CUST01366,2024-04-21,Organic/SEO,Saudi Arabia,25-34,Female
CUST01367,2025-02-16,Email/Referral,UAE,25-34,Female
CUST01368,2025-06-11,Email/Referral,India,18-24,Female
CUST01369,2024-05-20,Meta Ads,UK,25-34,Female
CUST01370,2024-06-19,Email/Referral,UK,18-24,Female
CUST01371,2025-07-13,Influencer,UAE,25-34,Male
CUST01372,2024-05-21,Meta Ads,India,45-54,Female
CUST01373,2025-05-12,Meta Ads,UK,45-54,Female
CUST01374,2024-11-10,Google Ads,Kuwait,25-34,Female
CUST01375,2024-06-23,Organic/SEO,USA,35-44,Female
CUST01376,2025-05-22,Meta Ads,Qatar,35-44,Female
CUST01377,2024-10-24,Influencer,Kuwait,25-34,Female
CUST01378,2024-11-17,Google Ads,India,55+,Female
CUST01379,2024-09-02,Google Ads,Qatar,18-24,Female
CUST01380,2024-12-11,Organic/SEO,India,18-24,Female
CUST01381,2024-05-10,Google Ads,UAE,35-44,Male
CUST01382,2024-09-21,Influencer,Saudi Arabia,18-24,Female
CUST01383,2025-07-12,Organic/SEO,UAE,18-24,Female
CUST01384,2024-06-28,Influencer,Saudi Arabia,18-24,Female
CUST01385,2025-01-08,Meta Ads,India,45-54,Female
CUST01386,2024-08-09,Email/Referral,UAE,18-24,Male
CUST01387,2025-03-23,Meta Ads,UAE,35-44,Female
CUST01388,2024-04-20,Google Ads,UK,45-54,Female
CUST01389,2025-07-12,Influencer,Kuwait,18-24,Female
CUST01390,2024-10-30,Influencer,Saudi Arabia,45-54,Female
CUST01391,2024-06-18,Organic/SEO,UAE,18-24,Female
CUST01392,2024-03-16,Meta Ads,USA,25-34,Female
CUST01393,2024-05-14,Influencer,USA,18-24,Female
CUST01394,2024-11-18,Organic/SEO,UAE,35-44,Female
CUST01395,2024-08-17,Organic/SEO,Qatar,35-44,Female
CUST01396,2025-04-26,Email/Referral,India,18-24,Male
CUST01397,2024-10-16,Organic/SEO,UK,35-44,Female
CUST01398,2024-06-24,Meta Ads,UAE,25-34,Female
CUST01399,2024-12-20,Influencer,Saudi Arabia,45-54,Female
CUST01400,2025-02-11,Meta Ads,USA,35-44,Female
CUST01401,2024-05-12,Meta Ads,Saudi Arabia,18-24,Female
CUST01402,2024-05-13,Meta Ads,UK,45-54,Female
CUST01403,2024-02-23,Organic/SEO,USA,35-44,Female
CUST01404,2025-03-01,Influencer,India,25-34,Male
CUST01405,2025-01-13,Influencer,UAE,18-24,Female
CUST01406,2024-11-05,Email/Referral,India,35-44,Female
CUST01407,2025-05-06,Meta Ads,UAE,18-24,Female
CUST01408,2025-04-12,Meta Ads,Saudi Arabia,35-44,Female
CUST01409,2024-12-08,Meta Ads,USA,35-44,Female
CUST01410,2025-05-20,Meta Ads,USA,35-44,Male
CUST01411,2024-06-04,Google Ads,UAE,35-44,Female
CUST01412,2024-04-09,Influencer,UAE,25-34,Female
CUST01413,2024-07-05,Organic/SEO,UK,18-24,Female
CUST01414,2024-03-06,Email/Referral,UAE,35-44,Female
CUST01415,2024-11-21,Meta Ads,Kuwait,35-44,Female
CUST01416,2025-06-24,Meta Ads,UAE,35-44,Female
CUST01417,2024-02-24,Organic/SEO,Saudi Arabia,18-24,Female
CUST01418,2024-04-15,Email/Referral,Saudi Arabia,25-34,Female
CUST01419,2024-10-29,Google Ads,Kuwait,18-24,Male
CUST01420,2025-06-23,Google Ads,Saudi Arabia,18-24,Female
CUST01421,2024-08-02,Influencer,Qatar,25-34,Female
CUST01422,2024-11-14,Influencer,UAE,18-24,Male
CUST01423,2024-02-26,Google Ads,UAE,25-34,Male
CUST01424,2024-05-01,Influencer,USA,35-44,Female
CUST01425,2025-07-22,Meta Ads,Qatar,45-54,Female
CUST01426,2025-07-09,Email/Referral,Saudi Arabia,55+,Female
CUST01427,2024-02-04,Organic/SEO,UAE,35-44,Female
CUST01428,2025-07-01,Meta Ads,Saudi Arabia,25-34,Male
CUST01429,2024-12-29,Influencer,UAE,25-34,Female
CUST01430,2025-05-20,Email/Referral,UAE,25-34,Female
CUST01431,2024-10-30,Meta Ads,India,25-34,Male
CUST01432,2024-11-17,Organic/SEO,Saudi Arabia,25-34,Female
CUST01433,2024-11-09,Meta Ads,UK,45-54,Female
CUST01434,2025-01-15,Meta Ads,India,18-24,Female
CUST01435,2024-04-26,Meta Ads,UK,45-54,Female
CUST01436,2024-02-19,Meta Ads,Saudi Arabia,35-44,Male
CUST01437,2024-07-28,Google Ads,USA,25-34,Female
CUST01438,2025-02-10,Influencer,USA,18-24,Male
CUST01439,2024-06-02,Meta Ads,UAE,25-34,Female
CUST01440,2025-01-20,Email/Referral,India,35-44,Male
CUST01441,2025-07-12,Meta Ads,Kuwait,35-44,Female
CUST01442,2024-03-29,Email/Referral,UK,45-54,Female
CUST01443,2025-01-19,Google Ads,India,25-34,Female
CUST01444,2024-10-24,Influencer,UAE,35-44,Female
CUST01445,2025-05-20,Email/Referral,UAE,18-24,Female
CUST01446,2024-05-18,Email/Referral,India,55+,Female
CUST01447,2025-02-02,Organic/SEO,UAE,25-34,Female
CUST01448,2025-05-02,Influencer,UAE,18-24,Female
CUST01449,2025-06-28,Google Ads,India,18-24,Female
CUST01450,2025-01-27,Influencer,India,25-34,Female
CUST01451,2024-11-12,Organic/SEO,Kuwait,35-44,Male
CUST01452,2024-12-21,Meta Ads,Kuwait,25-34,Female
CUST01453,2025-05-21,Email/Referral,UAE,55+,Female
CUST01454,2024-12-03,Meta Ads,UK,25-34,Male
CUST01455,2024-02-19,Google Ads,India,25-34,Male
CUST01456,2025-06-21,Google Ads,UAE,25-34,Female
CUST01457,2025-01-31,Influencer,UAE,18-24,Male
CUST01458,2025-01-22,Meta Ads,Kuwait,35-44,Female
CUST01459,2024-06-09,Meta Ads,India,25-34,Female
CUST01460,2025-01-09,Influencer,USA,25-34,Female
CUST01461,2024-09-23,Meta Ads,USA,18-24,Female
CUST01462,2025-01-04,Google Ads,Qatar,35-44,Female
CUST01463,2024-04-05,Google Ads,Saudi Arabia,18-24,Male
CUST01464,2025-01-09,Organic/SEO,UAE,55+,Male
CUST01465,2025-07-30,Influencer,UK,18-24,Female
CUST01466,2024-03-01,Meta Ads,Saudi Arabia,18-24,Female
CUST01467,2025-07-17,Meta Ads,India,18-24,Female
CUST01468,2024-10-01,Meta Ads,Saudi Arabia,25-34,Female
CUST01469,2025-05-22,Meta Ads,Kuwait,25-34,Female
CUST01470,2025-03-29,Meta Ads,Saudi Arabia,25-34,Female
CUST01471,2024-12-01,Organic/SEO,Qatar,25-34,Female
CUST01472,2025-03-02,Google Ads,UAE,45-54,Other
CUST01473,2025-05-26,Influencer,UAE,25-34,Male
CUST01474,2024-09-29,Google Ads,UK,35-44,Male
CUST01475,2024-08-10,Meta Ads,India,25-34,Female
CUST01476,2025-01-16,Organic/SEO,Saudi Arabia,18-24,Female
CUST01477,2025-04-13,Influencer,India,25-34,Male
CUST01478,2025-03-17,Meta Ads,UAE,25-34,Female
CUST01479,2025-04-07,Influencer,UAE,25-34,Female
CUST01480,2024-10-19,Meta Ads,India,45-54,Male
CUST01481,2025-04-20,Google Ads,UAE,45-54,Female
CUST01482,2024-04-14,Google Ads,UAE,25-34,Male
CUST01483,2024-11-25,Email/Referral,UAE,35-44,Female
CUST01484,2024-02-04,Email/Referral,USA,25-34,Male
CUST01485,2024-08-08,Email/Referral,Saudi Arabia,45-54,Female
CUST01486,2024-09-06,Influencer,UAE,25-34,Female
CUST01487,2024-09-25,Email/Referral,Qatar,18-24,Male
CUST01488,2025-02-04,Organic/SEO,UAE,25-34,Male
CUST01489,2024-09-20,Google Ads,India,35-44,Female
CUST01490,2024-10-27,Meta Ads,UAE,25-34,Female
CUST01491,2024-06-19,Meta Ads,USA,45-54,Female
CUST01492,2024-09-11,Influencer,Saudi Arabia,18-24,Female
CUST01493,2024-06-14,Meta Ads,Qatar,45-54,Female
CUST01494,2024-03-16,Influencer,Kuwait,25-34,Female
CUST01495,2024-12-15,Influencer,UAE,18-24,Female
CUST01496,2025-01-16,Email/Referral,UAE,35-44,Female
CUST01497,2024-12-21,Influencer,USA,35-44,Female
CUST01498,2024-11-02,Influencer,UAE,25-34,Female
CUST01499,2024-09-15,Organic/SEO,UAE,18-24,Female
CUST01500,2025-05-17,Email/Referral,UAE,18-24,Female
CUST01501,2024-11-18,Google Ads,Kuwait,25-34,Female
CUST01502,2024-11-07,Google Ads,Kuwait,25-34,Female
CUST01503,2024-02-16,Meta Ads,UAE,35-44,Female
CUST01504,2024-08-20,Email/Referral,USA,35-44,Female
CUST01505,2024-09-15,Influencer,UK,18-24,Female
CUST01506,2024-09-26,Organic/SEO,UAE,25-34,Female
CUST01507,2024-12-06,Google Ads,Saudi Arabia,45-54,Female
CUST01508,2024-11-22,Meta Ads,UAE,18-24,Male
CUST01509,2024-12-17,Influencer,USA,25-34,Female
CUST01510,2025-03-18,Influencer,UK,18-24,Female
CUST01511,2025-04-17,Meta Ads,USA,45-54,Female
CUST01512,2025-02-18,Meta Ads,Saudi Arabia,35-44,Male
CUST01513,2025-07-03,Influencer,UK,25-34,Female
CUST01514,2024-02-12,Meta Ads,USA,25-34,Male
CUST01515,2024-05-30,Meta Ads,UAE,18-24,Female
CUST01516,2024-02-05,Meta Ads,UK,35-44,Female
CUST01517,2025-01-01,Organic/SEO,UK,18-24,Female
CUST01518,2025-06-06,Organic/SEO,India,18-24,Female
CUST01519,2024-06-22,Meta Ads,UAE,35-44,Female
CUST01520,2025-06-19,Organic/SEO,Kuwait,25-34,Male
CUST01521,2024-03-08,Meta Ads,Saudi Arabia,18-24,Male
CUST01522,2025-06-23,Email/Referral,Kuwait,25-34,Female
CUST01523,2024-08-28,Google Ads,UK,25-34,Female
CUST01524,2024-04-02,Meta Ads,India,18-24,Female
CUST01525,2024-11-09,Meta Ads,UAE,45-54,Female
CUST01526,2024-06-28,Email/Referral,UAE,25-34,Female
CUST01527,2024-07-14,Organic/SEO,Saudi Arabia,35-44,Female
CUST01528,2024-07-28,Email/Referral,UAE,25-34,Female
CUST01529,2025-04-10,Meta Ads,UAE,18-24,Other
CUST01530,2024-11-23,Meta Ads,UAE,18-24,Female
CUST01531,2024-07-30,Organic/SEO,India,18-24,Female
CUST01532,2024-12-18,Meta Ads,UAE,35-44,Female
CUST01533,2025-02-17,Email/Referral,Saudi Arabia,25-34,Female
CUST01534,2024-07-07,Email/Referral,UAE,18-24,Male
CUST01535,2024-10-05,Google Ads,UK,18-24,Other
CUST01536,2024-04-15,Google Ads,UAE,25-34,Female
CUST01537,2024-05-21,Meta Ads,UAE,25-34,Female
CUST01538,2025-01-25,Meta Ads,Kuwait,55+,Female
CUST01539,2024-05-21,Email/Referral,Saudi Arabia,35-44,Other
CUST01540,2024-11-19,Meta Ads,USA,35-44,Female
CUST01541,2025-02-12,Organic/SEO,India,25-34,Male
CUST01542,2024-04-06,Influencer,Saudi Arabia,25-34,Female
CUST01543,2024-12-01,Google Ads,Saudi Arabia,25-34,Female
CUST01544,2024-06-28,Meta Ads,UAE,25-34,Female
CUST01545,2025-07-08,Meta Ads,UAE,18-24,Female
CUST01546,2024-11-08,Influencer,Qatar,25-34,Female
CUST01547,2025-04-12,Meta Ads,India,18-24,Female
CUST01548,2024-11-26,Organic/SEO,UK,35-44,Female
CUST01549,2024-02-27,Influencer,Saudi Arabia,25-34,Female
CUST01550,2024-12-26,Email/Referral,India,55+,Female
CUST01551,2025-07-01,Google Ads,Kuwait,25-34,Female
CUST01552,2024-12-14,Google Ads,Saudi Arabia,18-24,Female
CUST01553,2025-04-20,Email/Referral,Saudi Arabia,35-44,Female
CUST01554,2025-05-30,Meta Ads,UK,25-34,Female
CUST01555,2024-06-14,Influencer,UK,35-44,Female
CUST01556,2024-06-07,Google Ads,USA,25-34,Female
CUST01557,2024-12-18,Google Ads,Qatar,35-44,Female
CUST01558,2024-10-04,Email/Referral,Saudi Arabia,18-24,Female
CUST01559,2025-05-03,Organic/SEO,Saudi Arabia,35-44,Female
CUST01560,2025-06-07,Email/Referral,Saudi Arabia,18-24,Female
CUST01561,2024-08-29,Google Ads,Saudi Arabia,35-44,Female
CUST01562,2024-06-18,Influencer,India,45-54,Female
CUST01563,2025-03-28,Meta Ads,Saudi Arabia,18-24,Female
CUST01564,2024-07-08,Google Ads,USA,25-34,Male
CUST01565,2025-04-22,Meta Ads,UK,35-44,Other
CUST01566,2024-10-11,Google Ads,Saudi Arabia,25-34,Male
CUST01567,2025-01-16,Meta Ads,UK,25-34,Female
CUST01568,2024-03-30,Organic/SEO,Saudi Arabia,35-44,Female
CUST01569,2024-12-23,Google Ads,Saudi Arabia,45-54,Male
CUST01570,2024-10-28,Organic/SEO,India,25-34,Female
CUST01571,2024-12-09,Email/Referral,Saudi Arabia,25-34,Female
CUST01572,2024-05-13,Meta Ads,USA,18-24,Female
CUST01573,2025-03-01,Meta Ads,USA,25-34,Female
CUST01574,2025-05-17,Organic/SEO,UK,25-34,Male
CUST01575,2024-06-09,Google Ads,India,25-34,Female
CUST01576,2024-03-30,Influencer,Saudi Arabia,35-44,Female
CUST01577,2024-02-15,Meta Ads,UK,45-54,Female
CUST01578,2024-12-30,Meta Ads,Qatar,35-44,Female
CUST01579,2024-12-16,Email/Referral,India,35-44,Female
CUST01580,2024-11-25,Google Ads,India,35-44,Female
CUST01581,2024-06-16,Google Ads,UAE,18-24,Female
CUST01582,2024-09-21,Meta Ads,Saudi Arabia,25-34,Male
CUST01583,2024-12-12,Meta Ads,UAE,25-34,Male
CUST01584,2024-11-12,Influencer,UAE,35-44,Female
CUST01585,2025-07-23,Meta Ads,UAE,25-34,Male
CUST01586,2024-04-24,Google Ads,India,25-34,Female
CUST01587,2025-02-04,Meta Ads,UAE,18-24,Female
CUST01588,2024-09-30,Organic/SEO,UK,18-24,Male
CUST01589,2024-10-14,Email/Referral,Saudi Arabia,18-24,Male
CUST01590,2025-02-17,Meta Ads,India,45-54,Male
CUST01591,2025-02-02,Google Ads,Saudi Arabia,35-44,Female
CUST01592,2025-07-25,Email/Referral,UK,18-24,Female
CUST01593,2024-04-19,Organic/SEO,Kuwait,25-34,Male
CUST01594,2024-04-04,Email/Referral,Kuwait,25-34,Male
CUST01595,2025-02-22,Meta Ads,UAE,35-44,Female
CUST01596,2024-12-06,Influencer,Saudi Arabia,35-44,Female
CUST01597,2024-07-08,Google Ads,UAE,18-24,Male
CUST01598,2024-03-20,Google Ads,UAE,35-44,Female
CUST01599,2024-03-24,Google Ads,Kuwait,25-34,Female
CUST01600,2025-06-04,Influencer,Qatar,45-54,Male
CUST01601,2024-05-27,Google Ads,UK,35-44,Female
CUST01602,2024-08-08,Email/Referral,India,45-54,Female
CUST01603,2024-06-14,Email/Referral,UK,35-44,Female
CUST01604,2024-08-30,Influencer,Saudi Arabia,55+,Female
CUST01605,2024-03-14,Organic/SEO,UAE,45-54,Male
CUST01606,2024-11-18,Google Ads,Kuwait,25-34,Male
CUST01607,2024-03-13,Meta Ads,UAE,35-44,Female
CUST01608,2025-04-09,Meta Ads,Kuwait,45-54,Female
CUST01609,2024-06-17,Email/Referral,UK,25-34,Female
CUST01610,2024-11-24,Email/Referral,USA,45-54,Female
CUST01611,2025-05-27,Google Ads,USA,35-44,Male
CUST01612,2025-01-04,Organic/SEO,USA,35-44,Female
CUST01613,2024-11-22,Google Ads,India,35-44,Female
CUST01614,2024-08-08,Google Ads,UAE,18-24,Female
CUST01615,2024-08-14,Influencer,USA,18-24,Female
CUST01616,2025-01-17,Influencer,Saudi Arabia,18-24,Female
CUST01617,2025-07-27,Google Ads,Qatar,45-54,Female
CUST01618,2025-01-11,Organic/SEO,UK,35-44,Female
CUST01619,2024-11-28,Google Ads,UK,25-34,Female
CUST01620,2025-02-25,Organic/SEO,USA,18-24,Female
CUST01621,2024-11-03,Meta Ads,Kuwait,45-54,Male
CUST01622,2024-03-08,Meta Ads,Kuwait,45-54,Female
CUST01623,2024-11-30,Influencer,Kuwait,55+,Female
CUST01624,2025-07-05,Organic/SEO,UAE,25-34,Female
CUST01625,2024-05-17,Meta Ads,UAE,25-34,Male
CUST01626,2025-02-01,Meta Ads,UK,25-34,Male
CUST01627,2024-06-02,Google Ads,UK,18-24,Female
CUST01628,2024-11-22,Meta Ads,USA,35-44,Female
CUST01629,2024-03-30,Google Ads,UAE,45-54,Female
CUST01630,2024-10-28,Email/Referral,UAE,35-44,Female
CUST01631,2025-03-13,Google Ads,UAE,25-34,Female
CUST01632,2024-08-25,Influencer,Kuwait,25-34,Female
CUST01633,2025-01-14,Google Ads,UAE,18-24,Female
CUST01634,2025-04-06,Influencer,UK,35-44,Female
CUST01635,2025-06-19,Organic/SEO,UAE,18-24,Female
CUST01636,2024-06-17,Meta Ads,UAE,45-54,Other
CUST01637,2024-09-26,Email/Referral,Qatar,35-44,Female
CUST01638,2024-05-03,Meta Ads,UAE,35-44,Female
CUST01639,2025-07-26,Google Ads,Saudi Arabia,55+,Female
CUST01640,2025-06-19,Influencer,UAE,25-34,Male
CUST01641,2024-11-24,Email/Referral,UAE,25-34,Female
CUST01642,2025-05-04,Meta Ads,UAE,18-24,Female
CUST01643,2024-11-18,Email/Referral,USA,35-44,Male
CUST01644,2024-12-23,Meta Ads,Kuwait,35-44,Female
CUST01645,2024-03-26,Meta Ads,Saudi Arabia,45-54,Female
CUST01646,2025-03-12,Email/Referral,UK,18-24,Male
CUST01647,2024-04-18,Influencer,USA,18-24,Female
CUST01648,2025-04-25,Meta Ads,UAE,25-34,Female
CUST01649,2025-03-29,Google Ads,Qatar,45-54,Female
CUST01650,2025-02-12,Google Ads,UK,25-34,Female
CUST01651,2024-02-23,Organic/SEO,USA,18-24,Female
CUST01652,2024-07-25,Email/Referral,UAE,18-24,Female
CUST01653,2024-07-01,Meta Ads,Kuwait,35-44,Female
CUST01654,2024-09-03,Email/Referral,India,25-34,Female
CUST01655,2024-03-25,Meta Ads,UK,35-44,Male
CUST01656,2025-06-24,Meta Ads,UK,35-44,Female
CUST01657,2024-11-27,Influencer,Qatar,45-54,Female
CUST01658,2024-07-27,Meta Ads,USA,35-44,Female
CUST01659,2024-09-25,Email/Referral,India,18-24,Male
CUST01660,2024-10-26,Influencer,Qatar,25-34,Female
CUST01661,2024-12-14,Organic/SEO,Qatar,25-34,Female
CUST01662,2024-11-17,Meta Ads,India,25-34,Female
CUST01663,2025-06-16,Meta Ads,Qatar,25-34,Female
CUST01664,2024-11-12,Meta Ads,Qatar,45-54,Female
CUST01665,2025-07-26,Email/Referral,UAE,35-44,Female
CUST01666,2025-05-10,Organic/SEO,UK,18-24,Female
CUST01667,2024-06-05,Google Ads,USA,25-34,Female
CUST01668,2025-06-21,Meta Ads,UK,45-54,Female
CUST01669,2024-04-11,Google Ads,Kuwait,25-34,Female
CUST01670,2025-04-19,Google Ads,UK,35-44,Female
CUST01671,2024-09-15,Google Ads,Saudi Arabia,18-24,Female
CUST01672,2025-05-26,Google Ads,UAE,35-44,Female
CUST01673,2025-05-20,Google Ads,India,25-34,Female
CUST01674,2025-04-12,Google Ads,Kuwait,25-34,Female
CUST01675,2025-04-03,Meta Ads,Kuwait,45-54,Female
CUST01676,2024-07-26,Meta Ads,UAE,18-24,Female
CUST01677,2024-03-21,Meta Ads,Saudi Arabia,18-24,Female
CUST01678,2024-09-29,Influencer,UAE,25-34,Female
CUST01679,2024-05-16,Google Ads,UAE,35-44,Female
CUST01680,2025-02-04,Meta Ads,Saudi Arabia,18-24,Male
CUST01681,2024-08-24,Meta Ads,India,25-34,Female
CUST01682,2025-07-16,Influencer,UAE,55+,Male
CUST01683,2024-12-29,Meta Ads,UAE,35-44,Female
CUST01684,2025-04-22,Email/Referral,UAE,25-34,Female
CUST01685,2024-04-21,Meta Ads,UAE,25-34,Female
CUST01686,2025-05-16,Email/Referral,Qatar,35-44,Female
CUST01687,2025-06-17,Influencer,Qatar,25-34,Female
CUST01688,2024-11-09,Influencer,Saudi Arabia,25-34,Female
CUST01689,2024-12-16,Meta Ads,UAE,18-24,Male
CUST01690,2025-03-18,Email/Referral,UAE,35-44,Female
CUST01691,2024-05-17,Google Ads,India,35-44,Female
CUST01692,2024-11-13,Meta Ads,Saudi Arabia,25-34,Female
CUST01693,2024-09-26,Meta Ads,UAE,35-44,Male
CUST01694,2024-04-30,Google Ads,USA,35-44,Female
CUST01695,2024-09-07,Influencer,USA,18-24,Female
CUST01696,2024-03-13,Influencer,UK,55+,Male
CUST01697,2024-02-16,Organic/SEO,India,25-34,Female
CUST01698,2024-04-23,Google Ads,Saudi Arabia,35-44,Female
CUST01699,2025-07-08,Influencer,USA,25-34,Female
CUST01700,2024-11-26,Google Ads,Saudi Arabia,25-34,Female
CUST01701,2025-07-10,Email/Referral,Saudi Arabia,25-34,Female
CUST01702,2024-10-17,Email/Referral,Saudi Arabia,35-44,Female
CUST01703,2024-07-30,Meta Ads,UAE,25-34,Female
CUST01704,2024-11-14,Meta Ads,Kuwait,25-34,Female
CUST01705,2024-10-21,Organic/SEO,UK,18-24,Female
CUST01706,2024-04-05,Organic/SEO,Qatar,45-54,Female
CUST01707,2024-12-29,Organic/SEO,USA,35-44,Male
CUST01708,2024-06-09,Influencer,UAE,35-44,Female
CUST01709,2024-12-21,Meta Ads,UAE,35-44,Female
CUST01710,2025-01-03,Google Ads,Qatar,25-34,Female
CUST01711,2024-05-03,Meta Ads,UAE,45-54,Female
CUST01712,2024-03-09,Meta Ads,USA,45-54,Female
CUST01713,2025-03-28,Meta Ads,Saudi Arabia,35-44,Female
CUST01714,2024-11-01,Meta Ads,UAE,25-34,Female
CUST01715,2024-03-07,Meta Ads,Kuwait,25-34,Female
CUST01716,2025-07-27,Influencer,India,35-44,Female
CUST01717,2024-03-07,Email/Referral,Saudi Arabia,25-34,Male
CUST01718,2025-02-04,Meta Ads,UAE,35-44,Male
CUST01719,2025-07-21,Email/Referral,USA,18-24,Female
CUST01720,2024-06-20,Influencer,Kuwait,45-54,Female
CUST01721,2024-04-27,Meta Ads,Saudi Arabia,25-34,Female
CUST01722,2024-04-14,Meta Ads,India,25-34,Female
CUST01723,2024-07-25,Organic/SEO,Saudi Arabia,25-34,Female
CUST01724,2024-04-02,Meta Ads,USA,25-34,Female
CUST01725,2025-02-02,Meta Ads,Saudi Arabia,35-44,Female
CUST01726,2024-03-09,Influencer,UAE,35-44,Female
CUST01727,2024-11-15,Meta Ads,USA,25-34,Female
CUST01728,2025-07-28,Google Ads,USA,35-44,Female
CUST01729,2025-04-17,Meta Ads,UAE,18-24,Male
CUST01730,2024-12-20,Email/Referral,UAE,25-34,Other
CUST01731,2024-07-27,Meta Ads,UAE,35-44,Female
CUST01732,2024-12-23,Influencer,Kuwait,18-24,Female
CUST01733,2024-11-20,Organic/SEO,UK,25-34,Female
CUST01734,2024-10-13,Google Ads,UK,25-34,Female
CUST01735,2024-04-20,Organic/SEO,Kuwait,18-24,Female
CUST01736,2025-05-31,Google Ads,Kuwait,35-44,Female
CUST01737,2024-10-27,Meta Ads,India,35-44,Female
CUST01738,2024-05-29,Influencer,Kuwait,35-44,Female
CUST01739,2024-09-07,Meta Ads,Saudi Arabia,18-24,Female
CUST01740,2024-10-05,Organic/SEO,UK,18-24,Other
CUST01741,2025-04-25,Meta Ads,UAE,25-34,Female
CUST01742,2025-02-27,Organic/SEO,UAE,18-24,Male
CUST01743,2025-03-21,Influencer,UAE,35-44,Female
CUST01744,2024-02-07,Email/Referral,UAE,18-24,Female
CUST01745,2024-10-07,Influencer,Saudi Arabia,18-24,Female
CUST01746,2024-11-07,Meta Ads,UAE,35-44,Female
CUST01747,2024-02-12,Email/Referral,USA,55+,Female
CUST01748,2024-06-29,Email/Referral,India,25-34,Female
CUST01749,2025-03-15,Google Ads,UAE,35-44,Female
CUST01750,2024-04-24,Influencer,UK,25-34,Female
CUST01751,2024-11-22,Meta Ads,India,35-44,Female
CUST01752,2024-06-08,Meta Ads,UK,35-44,Female
CUST01753,2024-02-08,Meta Ads,Kuwait,25-34,Female
CUST01754,2024-06-20,Google Ads,India,35-44,Female
CUST01755,2025-07-16,Google Ads,UAE,25-34,Female
CUST01756,2025-04-10,Google Ads,Kuwait,25-34,Male
CUST01757,2025-07-06,Organic/SEO,UAE,18-24,Female
CUST01758,2024-11-09,Meta Ads,UK,45-54,Female
CUST01759,2024-04-07,Meta Ads,Saudi Arabia,35-44,Male
CUST01760,2024-11-26,Google Ads,Qatar,35-44,Female
CUST01761,2024-10-30,Meta Ads,India,18-24,Female
CUST01762,2025-05-06,Google Ads,Qatar,25-34,Female
CUST01763,2024-03-31,Organic/SEO,UAE,35-44,Female
CUST01764,2024-11-09,Email/Referral,Kuwait,25-34,Male
CUST01765,2024-05-02,Google Ads,UAE,25-34,Male
CUST01766,2024-08-09,Google Ads,India,25-34,Male
CUST01767,2025-03-01,Organic/SEO,Saudi Arabia,35-44,Female
CUST01768,2024-11-06,Organic/SEO,India,25-34,Female
CUST01769,2024-09-12,Google Ads,USA,25-34,Male
CUST01770,2024-09-24,Influencer,Saudi Arabia,25-34,Female
CUST01771,2024-11-01,Google Ads,Qatar,45-54,Female
CUST01772,2025-03-31,Influencer,USA,35-44,Female
CUST01773,2025-06-03,Organic/SEO,UK,25-34,Female
CUST01774,2025-07-03,Influencer,UAE,35-44,Female
CUST01775,2025-04-01,Meta Ads,India,18-24,Female
CUST01776,2024-08-02,Email/Referral,UAE,45-54,Female
CUST01777,2025-01-30,Meta Ads,USA,25-34,Female
CUST01778,2024-10-20,Email/Referral,Saudi Arabia,35-44,Female
CUST01779,2024-06-27,Google Ads,UAE,45-54,Female
CUST01780,2025-05-04,Google Ads,Saudi Arabia,45-54,Female
CUST01781,2024-02-24,Meta Ads,UAE,18-24,Female
CUST01782,2025-06-08,Meta Ads,UAE,18-24,Female
CUST01783,2024-11-02,Google Ads,UAE,35-44,Female
CUST01784,2024-12-28,Meta Ads,UAE,25-34,Female
CUST01785,2025-01-10,Google Ads,Saudi Arabia,25-34,Male
CUST01786,2025-06-04,Meta Ads,UAE,35-44,Female
CUST01787,2024-12-28,Google Ads,UK,25-34,Female
CUST01788,2024-12-19,Meta Ads,Saudi Arabia,25-34,Female
CUST01789,2024-03-12,Google Ads,UAE,45-54,Female
CUST01790,2024-11-18,Email/Referral,UK,25-34,Female
CUST01791,2024-05-02,Organic/SEO,Saudi Arabia,25-34,Female
CUST01792,2025-03-02,Influencer,UAE,55+,Female
CUST01793,2024-11-16,Email/Referral,USA,25-34,Female
CUST01794,2025-01-25,Email/Referral,Saudi Arabia,18-24,Female
CUST01795,2024-02-26,Organic/SEO,UAE,55+,Female
CUST01796,2024-03-23,Email/Referral,Saudi Arabia,35-44,Male
CUST01797,2025-02-17,Google Ads,Saudi Arabia,35-44,Female
CUST01798,2024-03-15,Google Ads,UAE,35-44,Female
CUST01799,2024-03-15,Meta Ads,Saudi Arabia,18-24,Female
CUST01800,2024-02-08,Influencer,UAE,25-34,Female
CUST01801,2025-07-04,Email/Referral,Saudi Arabia,35-44,Female
CUST01802,2025-03-02,Meta Ads,UK,25-34,Female
CUST01803,2024-08-29,Email/Referral,Saudi Arabia,25-34,Female
CUST01804,2024-07-21,Meta Ads,UK,35-44,Female
CUST01805,2024-08-26,Google Ads,Kuwait,35-44,Female
CUST01806,2025-03-24,Email/Referral,UK,35-44,Female
CUST01807,2025-01-11,Organic/SEO,India,18-24,Female
CUST01808,2024-05-23,Organic/SEO,UK,35-44,Female
CUST01809,2024-05-17,Organic/SEO,USA,25-34,Female
CUST01810,2024-03-31,Organic/SEO,UK,18-24,Female
CUST01811,2025-01-10,Email/Referral,Saudi Arabia,25-34,Female
CUST01812,2025-03-18,Meta Ads,Kuwait,25-34,Female
CUST01813,2024-07-02,Influencer,Saudi Arabia,35-44,Female
CUST01814,2024-02-13,Google Ads,Saudi Arabia,25-34,Male
CUST01815,2024-03-22,Organic/SEO,UAE,18-24,Male
CUST01816,2025-07-11,Google Ads,USA,25-34,Female
CUST01817,2024-07-21,Influencer,UK,25-34,Female
CUST01818,2025-03-21,Influencer,UAE,18-24,Female
CUST01819,2024-12-23,Meta Ads,India,25-34,Female
CUST01820,2024-09-16,Organic/SEO,UAE,35-44,Other
CUST01821,2024-06-04,Influencer,India,25-34,Female
CUST01822,2024-04-14,Google Ads,Kuwait,35-44,Male
CUST01823,2024-12-19,Meta Ads,Kuwait,25-34,Other
CUST01824,2025-03-24,Meta Ads,UK,25-34,Female
CUST01825,2024-12-30,Organic/SEO,Kuwait,25-34,Female
CUST01826,2024-11-21,Google Ads,Saudi Arabia,18-24,Female
CUST01827,2024-02-26,Meta Ads,India,18-24,Female
CUST01828,2025-07-11,Email/Referral,Saudi Arabia,18-24,Female
CUST01829,2025-04-08,Meta Ads,Saudi Arabia,35-44,Female
CUST01830,2024-07-19,Google Ads,USA,35-44,Female
CUST01831,2025-07-18,Meta Ads,UAE,18-24,Female
CUST01832,2024-12-14,Meta Ads,UAE,25-34,Male
CUST01833,2024-12-07,Email/Referral,USA,35-44,Female
CUST01834,2025-03-08,Influencer,India,18-24,Female
CUST01835,2025-04-16,Meta Ads,Saudi Arabia,45-54,Female
CUST01836,2025-01-08,Meta Ads,Kuwait,25-34,Female
CUST01837,2024-04-19,Influencer,UAE,35-44,Female
CUST01838,2024-08-18,Meta Ads,Saudi Arabia,18-24,Female
CUST01839,2025-06-20,Meta Ads,India,35-44,Female
CUST01840,2024-06-13,Google Ads,USA,45-54,Female
CUST01841,2024-09-10,Meta Ads,Kuwait,35-44,Female
CUST01842,2024-10-16,Meta Ads,UAE,18-24,Female
CUST01843,2024-10-21,Meta Ads,USA,18-24,Female
CUST01844,2024-12-19,Influencer,UAE,25-34,Female
CUST01845,2025-06-27,Google Ads,UAE,35-44,Female
CUST01846,2024-06-20,Meta Ads,Saudi Arabia,55+,Female
CUST01847,2024-04-15,Meta Ads,Kuwait,35-44,Female
CUST01848,2024-05-31,Meta Ads,Saudi Arabia,25-34,Female
CUST01849,2025-06-01,Influencer,UK,18-24,Female
CUST01850,2024-12-31,Organic/SEO,USA,25-34,Female
CUST01851,2024-07-15,Meta Ads,Kuwait,35-44,Female
CUST01852,2025-04-18,Influencer,UK,55+,Female
CUST01853,2025-05-16,Meta Ads,India,55+,Female
CUST01854,2025-05-07,Google Ads,UAE,25-34,Male
CUST01855,2025-06-16,Meta Ads,UAE,18-24,Female
CUST01856,2024-06-26,Meta Ads,India,25-34,Female
CUST01857,2025-03-12,Email/Referral,Saudi Arabia,35-44,Female
CUST01858,2024-11-02,Meta Ads,Qatar,25-34,Female
CUST01859,2025-05-04,Meta Ads,UAE,25-34,Female
CUST01860,2025-02-24,Influencer,UK,18-24,Female
CUST01861,2025-03-25,Meta Ads,UAE,45-54,Female
CUST01862,2025-01-07,Meta Ads,India,18-24,Female
CUST01863,2024-05-19,Organic/SEO,Kuwait,18-24,Female
CUST01864,2024-11-25,Google Ads,USA,18-24,Male
CUST01865,2025-07-21,Meta Ads,UAE,35-44,Female
CUST01866,2025-06-24,Email/Referral,Qatar,55+,Male
CUST01867,2024-02-27,Email/Referral,UAE,18-24,Male
CUST01868,2024-05-11,Organic/SEO,UAE,25-34,Female
CUST01869,2024-04-21,Influencer,Qatar,25-34,Female
CUST01870,2025-02-23,Influencer,UAE,25-34,Male
CUST01871,2025-04-19,Meta Ads,UAE,35-44,Male
CUST01872,2024-06-07,Email/Referral,Qatar,45-54,Female
CUST01873,2024-11-14,Meta Ads,Saudi Arabia,35-44,Female
CUST01874,2025-05-03,Google Ads,UK,35-44,Female
CUST01875,2025-02-27,Google Ads,Saudi Arabia,25-34,Female
CUST01876,2024-11-24,Influencer,UK,25-34,Female
CUST01877,2024-12-10,Google Ads,Kuwait,35-44,Female
CUST01878,2024-11-15,Meta Ads,UAE,45-54,Female
CUST01879,2024-07-22,Meta Ads,Kuwait,25-34,Male
CUST01880,2024-11-30,Google Ads,India,18-24,Female
CUST01881,2025-01-31,Google Ads,Saudi Arabia,35-44,Female
CUST01882,2025-05-23,Influencer,Saudi Arabia,25-34,Female
CUST01883,2024-12-28,Organic/SEO,Saudi Arabia,25-34,Female
CUST01884,2025-03-16,Meta Ads,India,25-34,Female
CUST01885,2024-05-08,Organic/SEO,India,35-44,Male
CUST01886,2024-11-02,Email/Referral,UAE,18-24,Female
CUST01887,2024-02-06,Meta Ads,UAE,25-34,Female
CUST01888,2024-06-23,Organic/SEO,UK,25-34,Female
CUST01889,2025-02-23,Email/Referral,Qatar,35-44,Female
CUST01890,2025-07-26,Email/Referral,UAE,25-34,Male
CUST01891,2024-04-01,Organic/SEO,Saudi Arabia,25-34,Female
CUST01892,2024-09-28,Influencer,Saudi Arabia,25-34,Female
CUST01893,2025-04-09,Meta Ads,Saudi Arabia,25-34,Female
CUST01894,2024-06-03,Google Ads,India,35-44,Female
CUST01895,2024-11-28,Organic/SEO,Saudi Arabia,35-44,Female
CUST01896,2025-02-27,Meta Ads,USA,35-44,Female
CUST01897,2024-12-20,Google Ads,India,25-34,Female
CUST01898,2024-05-25,Meta Ads,Kuwait,18-24,Male
CUST01899,2024-08-31,Organic/SEO,Saudi Arabia,25-34,Female
CUST01900,2025-03-30,Google Ads,USA,25-34,Female
CUST01901,2024-11-27,Meta Ads,USA,45-54,Female
CUST01902,2024-02-04,Email/Referral,Saudi Arabia,35-44,Female
CUST01903,2025-03-16,Influencer,USA,55+,Female
CUST01904,2024-02-22,Google Ads,India,18-24,Female
CUST01905,2025-03-07,Influencer,Saudi Arabia,45-54,Female
CUST01906,2024-06-02,Meta Ads,India,18-24,Female
CUST01907,2025-07-05,Google Ads,UAE,18-24,Male
CUST01908,2024-09-07,Meta Ads,UAE,35-44,Female
CUST01909,2024-08-10,Meta Ads,India,18-24,Male
CUST01910,2024-05-01,Google Ads,UAE,18-24,Female
CUST01911,2024-07-27,Google Ads,UAE,55+,Male
CUST01912,2025-05-25,Meta Ads,UAE,25-34,Female
CUST01913,2025-07-28,Google Ads,India,45-54,Female
CUST01914,2024-09-08,Google Ads,UK,25-34,Female
CUST01915,2024-10-26,Meta Ads,UAE,25-34,Male
CUST01916,2025-02-20,Google Ads,Kuwait,45-54,Female
CUST01917,2025-05-31,Influencer,UK,25-34,Male
CUST01918,2024-12-11,Google Ads,UK,35-44,Female
CUST01919,2024-09-22,Influencer,USA,18-24,Female
CUST01920,2024-10-05,Email/Referral,UK,25-34,Male
CUST01921,2025-02-04,Meta Ads,India,25-34,Male
CUST01922,2024-02-02,Meta Ads,Kuwait,25-34,Female
CUST01923,2024-12-21,Meta Ads,Kuwait,35-44,Female
CUST01924,2024-08-31,Meta Ads,Saudi Arabia,55+,Female
CUST01925,2025-04-05,Email/Referral,UAE,18-24,Female
CUST01926,2024-03-28,Meta Ads,Saudi Arabia,25-34,Female
CUST01927,2024-12-09,Google Ads,UAE,35-44,Female
CUST01928,2024-11-07,Google Ads,UK,45-54,Female
CUST01929,2024-12-30,Meta Ads,UAE,45-54,Female
CUST01930,2024-03-11,Organic/SEO,Saudi Arabia,18-24,Female
CUST01931,2024-12-06,Meta Ads,Qatar,18-24,Male
CUST01932,2024-11-29,Organic/SEO,UAE,18-24,Female
CUST01933,2024-11-29,Meta Ads,India,25-34,Female
CUST01934,2024-12-15,Organic/SEO,UK,18-24,Female
CUST01935,2025-01-22,Meta Ads,UAE,35-44,Female
CUST01936,2025-04-12,Influencer,USA,35-44,Female
CUST01937,2024-07-05,Organic/SEO,Kuwait,25-34,Female
CUST01938,2025-04-24,Meta Ads,UAE,35-44,Female
CUST01939,2024-11-12,Email/Referral,Saudi Arabia,25-34,Female
CUST01940,2024-03-18,Google Ads,Qatar,25-34,Female
CUST01941,2024-03-07,Influencer,UAE,45-54,Male
CUST01942,2024-08-15,Organic/SEO,UAE,18-24,Female
CUST01943,2025-03-30,Meta Ads,Saudi Arabia,25-34,Female
CUST01944,2025-02-11,Meta Ads,India,45-54,Female
CUST01945,2025-04-02,Meta Ads,Saudi Arabia,18-24,Female
CUST01946,2024-11-17,Meta Ads,Saudi Arabia,25-34,Female
CUST01947,2024-10-21,Organic/SEO,India,25-34,Female
CUST01948,2024-04-30,Meta Ads,Saudi Arabia,35-44,Other
CUST01949,2024-08-11,Meta Ads,India,55+,Male
CUST01950,2024-10-18,Meta Ads,Qatar,35-44,Other
CUST01951,2024-03-25,Influencer,UK,55+,Female
CUST01952,2024-06-11,Meta Ads,India,45-54,Female
CUST01953,2024-12-13,Email/Referral,Saudi Arabia,25-34,Female
CUST01954,2025-02-28,Influencer,Saudi Arabia,35-44,Female
CUST01955,2025-07-29,Influencer,Qatar,25-34,Female
CUST01956,2025-06-22,Email/Referral,Saudi Arabia,35-44,Female
CUST01957,2024-12-30,Influencer,UAE,25-34,Female
CUST01958,2024-10-10,Meta Ads,UAE,18-24,Male
CUST01959,2024-12-28,Influencer,Kuwait,35-44,Female
CUST01960,2025-03-31,Meta Ads,India,35-44,Female
CUST01961,2024-04-13,Email/Referral,India,25-34,Female
CUST01962,2024-10-03,Organic/SEO,Saudi Arabia,25-34,Female
CUST01963,2025-05-03,Email/Referral,UK,25-34,Female
CUST01964,2024-09-17,Organic/SEO,India,25-34,Female
CUST01965,2024-12-03,Google Ads,UAE,45-54,Female
CUST01966,2024-12-09,Meta Ads,India,18-24,Female
CUST01967,2024-05-23,Meta Ads,India,45-54,Male
CUST01968,2024-09-04,Meta Ads,UAE,35-44,Female
CUST01969,2024-08-16,Organic/SEO,UAE,18-24,Female
CUST01970,2024-02-16,Meta Ads,Saudi Arabia,35-44,Female
CUST01971,2024-02-15,Organic/SEO,UAE,55+,Female
CUST01972,2025-04-28,Meta Ads,Saudi Arabia,25-34,Female
CUST01973,2024-07-07,Organic/SEO,USA,35-44,Female
CUST01974,2024-11-17,Google Ads,USA,35-44,Male
CUST01975,2024-07-23,Influencer,UAE,35-44,Female
CUST01976,2025-06-26,Google Ads,Saudi Arabia,25-34,Female
CUST01977,2024-06-29,Meta Ads,UAE,25-34,Female
CUST01978,2024-10-15,Meta Ads,UAE,25-34,Female
CUST01979,2025-05-23,Google Ads,Kuwait,45-54,Male
CUST01980,2025-05-04,Google Ads,Saudi Arabia,35-44,Female
CUST01981,2024-05-24,Google Ads,UAE,45-54,Female
CUST01982,2025-04-10,Influencer,UAE,25-34,Female
CUST01983,2024-11-01,Email/Referral,UK,25-34,Female
CUST01984,2024-11-08,Influencer,UK,35-44,Male
CUST01985,2024-04-22,Organic/SEO,UAE,18-24,Male
CUST01986,2024-03-21,Influencer,UK,35-44,Female
CUST01987,2025-02-24,Meta Ads,Saudi Arabia,35-44,Female
CUST01988,2024-11-11,Influencer,Qatar,45-54,Female
CUST01989,2024-10-19,Organic/SEO,India,45-54,Female
CUST01990,2025-02-25,Influencer,Kuwait,25-34,Female
CUST01991,2025-03-19,Google Ads,USA,25-34,Female
CUST01992,2024-05-07,Email/Referral,UK,25-34,Female
CUST01993,2024-12-18,Google Ads,Kuwait,35-44,Female
CUST01994,2024-04-23,Influencer,USA,25-34,Female
CUST01995,2025-03-10,Organic/SEO,Kuwait,25-34,Female
CUST01996,2025-01-08,Email/Referral,USA,18-24,Female
CUST01997,2025-07-04,Influencer,India,35-44,Female
CUST01998,2024-03-14,Meta Ads,Saudi Arabia,35-44,Female
CUST01999,2024-03-06,Meta Ads,Kuwait,25-34,Male
CUST02000,2024-07-12,Meta Ads,UAE,18-24,Female
CUST02001,2024-06-30,Meta Ads,Kuwait,25-34,Female
CUST02002,2024-06-23,Influencer,USA,18-24,Female
CUST02003,2025-06-10,Google Ads,UAE,25-34,Female
CUST02004,2024-06-24,Google Ads,UK,18-24,Female
CUST02005,2024-07-06,Organic/SEO,UAE,35-44,Other
CUST02006,2025-03-15,Meta Ads,India,18-24,Female
CUST02007,2024-10-27,Email/Referral,UK,45-54,Female
CUST02008,2025-03-25,Meta Ads,Saudi Arabia,25-34,Male
CUST02009,2024-03-11,Email/Referral,USA,45-54,Female
CUST02010,2024-11-09,Google Ads,UAE,25-34,Female
CUST02011,2024-02-21,Meta Ads,Saudi Arabia,35-44,Female
CUST02012,2024-03-10,Email/Referral,UAE,35-44,Male
CUST02013,2025-06-10,Meta Ads,UK,35-44,Female
CUST02014,2024-04-25,Influencer,UK,25-34,Female
CUST02015,2024-11-21,Meta Ads,Qatar,55+,Male
CUST02016,2024-10-04,Meta Ads,Saudi Arabia,18-24,Male
CUST02017,2024-08-25,Meta Ads,Saudi Arabia,35-44,Female
CUST02018,2025-06-07,Influencer,UAE,25-34,Male
CUST02019,2024-02-14,Email/Referral,Qatar,45-54,Male
CUST02020,2025-01-13,Organic/SEO,UAE,18-24,Female
CUST02021,2025-07-08,Google Ads,India,45-54,Female
CUST02022,2024-11-29,Meta Ads,USA,25-34,Female
CUST02023,2025-06-24,Google Ads,Kuwait,18-24,Female
CUST02024,2024-03-03,Meta Ads,UK,25-34,Female
CUST02025,2024-10-08,Organic/SEO,UK,18-24,Female
CUST02026,2024-06-29,Organic/SEO,UAE,45-54,Male
CUST02027,2025-02-25,Organic/SEO,UAE,25-34,Female
CUST02028,2025-07-19,Email/Referral,UAE,18-24,Female
CUST02029,2024-06-28,Organic/SEO,UAE,35-44,Male
CUST02030,2025-01-06,Email/Referral,UK,35-44,Female
CUST02031,2024-05-31,Google Ads,UK,35-44,Female
CUST02032,2024-12-01,Influencer,India,45-54,Male
CUST02033,2024-11-02,Meta Ads,UAE,18-24,Female
CUST02034,2025-07-13,Organic/SEO,Kuwait,35-44,Female
CUST02035,2024-12-17,Google Ads,USA,55+,Female
CUST02036,2024-08-26,Meta Ads,UAE,25-34,Male
CUST02037,2024-04-10,Email/Referral,Saudi Arabia,25-34,Female
CUST02038,2024-05-03,Organic/SEO,India,35-44,Female
CUST02039,2024-06-13,Google Ads,India,25-34,Female
CUST02040,2024-06-25,Email/Referral,USA,25-34,Female
CUST02041,2025-05-09,Influencer,UAE,35-44,Male
CUST02042,2024-11-29,Organic/SEO,India,25-34,Other
CUST02043,2024-11-19,Meta Ads,Qatar,35-44,Female
CUST02044,2024-04-10,Organic/SEO,Saudi Arabia,35-44,Female
CUST02045,2025-05-15,Email/Referral,Saudi Arabia,35-44,Female
CUST02046,2025-02-21,Organic/SEO,USA,35-44,Female
CUST02047,2024-03-13,Email/Referral,UAE,25-34,Female
CUST02048,2025-02-11,Email/Referral,UK,45-54,Other
CUST02049,2024-11-25,Google Ads,Saudi Arabia,35-44,Other
CUST02050,2024-03-21,Organic/SEO,Saudi Arabia,25-34,Female
CUST02051,2024-11-01,Influencer,UAE,45-54,Female
CUST02052,2024-11-08,Meta Ads,UK,35-44,Male
CUST02053,2024-05-12,Organic/SEO,UK,25-34,Female
CUST02054,2025-06-28,Meta Ads,UK,25-34,Female
CUST02055,2025-05-09,Meta Ads,UK,35-44,Female
CUST02056,2025-01-17,Organic/SEO,India,35-44,Other
CUST02057,2024-11-02,Meta Ads,Qatar,25-34,Male
CUST02058,2024-10-04,Email/Referral,UAE,55+,Female
CUST02059,2025-01-04,Meta Ads,Qatar,35-44,Female
CUST02060,2024-11-25,Email/Referral,India,25-34,Female
CUST02061,2024-03-09,Meta Ads,Saudi Arabia,35-44,Male
CUST02062,2024-11-16,Influencer,Saudi Arabia,35-44,Male
CUST02063,2025-04-13,Influencer,USA,45-54,Female
CUST02064,2024-11-01,Meta Ads,UK,25-34,Female
CUST02065,2024-03-03,Meta Ads,Saudi Arabia,35-44,Female
CUST02066,2025-03-31,Meta Ads,India,25-34,Female
CUST02067,2024-06-02,Organic/SEO,USA,18-24,Female
CUST02068,2024-06-29,Influencer,Saudi Arabia,25-34,Female
CUST02069,2024-05-11,Meta Ads,Kuwait,35-44,Female
CUST02070,2024-08-13,Organic/SEO,UAE,25-34,Female
CUST02071,2025-03-13,Organic/SEO,Saudi Arabia,25-34,Female
CUST02072,2024-11-18,Organic/SEO,USA,18-24,Female
CUST02073,2024-06-03,Email/Referral,Kuwait,18-24,Female
CUST02074,2025-05-26,Meta Ads,India,35-44,Female
CUST02075,2025-05-27,Meta Ads,UAE,18-24,Female
CUST02076,2025-05-22,Email/Referral,UAE,55+,Female
CUST02077,2024-06-19,Google Ads,India,25-34,Male
CUST02078,2024-10-28,Meta Ads,Saudi Arabia,45-54,Female
CUST02079,2025-07-21,Organic/SEO,UK,25-34,Female
CUST02080,2025-03-23,Influencer,India,55+,Female
CUST02081,2024-02-17,Google Ads,UAE,18-24,Male
CUST02082,2024-03-11,Meta Ads,UAE,25-34,Male
CUST02083,2024-11-02,Email/Referral,India,25-34,Female
CUST02084,2025-06-11,Meta Ads,India,18-24,Female
CUST02085,2024-11-23,Google Ads,Kuwait,25-34,Female
CUST02086,2024-11-12,Meta Ads,Saudi Arabia,35-44,Female
CUST02087,2024-04-05,Meta Ads,UK,55+,Female
CUST02088,2025-01-08,Meta Ads,Saudi Arabia,35-44,Male
CUST02089,2025-04-22,Influencer,Saudi Arabia,18-24,Other
CUST02090,2024-09-15,Google Ads,UAE,35-44,Female
CUST02091,2025-03-25,Meta Ads,UAE,25-34,Female
CUST02092,2025-07-09,Influencer,Saudi Arabia,25-34,Female
CUST02093,2024-06-03,Email/Referral,UAE,18-24,Female
CUST02094,2024-11-19,Email/Referral,Saudi Arabia,18-24,Male
CUST02095,2024-07-15,Meta Ads,UK,25-34,Male
CUST02096,2025-04-04,Google Ads,India,35-44,Male
CUST02097,2024-12-05,Influencer,India,45-54,Female
CUST02098,2024-12-27,Email/Referral,Saudi Arabia,25-34,Female
CUST02099,2025-04-07,Email/Referral,India,35-44,Male
CUST02100,2024-09-24,Google Ads,UAE,18-24,Female
CUST02101,2025-06-14,Meta Ads,UAE,25-34,Female
CUST02102,2024-11-22,Meta Ads,UK,55+,Female
CUST02103,2024-05-07,Meta Ads,India,35-44,Female
CUST02104,2025-02-04,Email/Referral,USA,25-34,Female
CUST02105,2025-04-05,Google Ads,Kuwait,45-54,Male
CUST02106,2024-08-03,Meta Ads,USA,45-54,Female
CUST02107,2025-05-13,Meta Ads,UAE,18-24,Female
CUST02108,2025-06-10,Email/Referral,UAE,18-24,Female
CUST02109,2024-07-09,Influencer,Saudi Arabia,45-54,Male
CUST02110,2025-07-20,Google Ads,India,35-44,Female
CUST02111,2024-04-26,Google Ads,Qatar,45-54,Female
CUST02112,2024-06-02,Google Ads,India,45-54,Female
CUST02113,2024-05-23,Organic/SEO,UK,35-44,Female
CUST02114,2025-06-04,Organic/SEO,Qatar,35-44,Male
CUST02115,2025-01-06,Google Ads,India,35-44,Male
CUST02116,2024-05-03,Influencer,Kuwait,25-34,Female
CUST02117,2024-10-21,Meta Ads,USA,25-34,Male
CUST02118,2024-12-20,Google Ads,Saudi Arabia,25-34,Female
CUST02119,2024-03-22,Email/Referral,UAE,25-34,Female
CUST02120,2025-05-29,Meta Ads,UAE,25-34,Female
CUST02121,2025-04-11,Organic/SEO,India,25-34,Female
CUST02122,2024-11-14,Email/Referral,India,35-44,Female
CUST02123,2025-07-10,Google Ads,India,25-34,Female
CUST02124,2024-10-08,Influencer,Saudi Arabia,25-34,Female
CUST02125,2025-07-21,Email/Referral,UAE,25-34,Female
CUST02126,2025-01-16,Google Ads,UAE,25-34,Female
CUST02127,2024-12-27,Meta Ads,Saudi Arabia,18-24,Female
CUST02128,2024-05-12,Meta Ads,Saudi Arabia,25-34,Female
CUST02129,2025-05-29,Meta Ads,USA,18-24,Female
CUST02130,2024-10-14,Organic/SEO,UAE,25-34,Female
CUST02131,2024-05-09,Google Ads,Kuwait,18-24,Female
CUST02132,2024-02-08,Meta Ads,Saudi Arabia,35-44,Male
CUST02133,2024-11-29,Meta Ads,UAE,25-34,Female
CUST02134,2024-11-20,Meta Ads,Saudi Arabia,25-34,Male
CUST02135,2025-02-19,Organic/SEO,Saudi Arabia,35-44,Male
CUST02136,2025-06-02,Google Ads,Kuwait,45-54,Female
CUST02137,2024-03-20,Meta Ads,UAE,18-24,Female
CUST02138,2025-02-26,Google Ads,UK,25-34,Female
CUST02139,2024-05-25,Meta Ads,Qatar,35-44,Female
CUST02140,2025-05-14,Meta Ads,Saudi Arabia,35-44,Female
CUST02141,2025-04-20,Meta Ads,India,25-34,Female
CUST02142,2024-11-24,Email/Referral,Qatar,25-34,Male
CUST02143,2025-02-13,Meta Ads,UK,35-44,Female
CUST02144,2024-08-01,Google Ads,UAE,55+,Female
CUST02145,2024-11-04,Influencer,UAE,18-24,Female
CUST02146,2025-04-22,Email/Referral,Kuwait,25-34,Female
CUST02147,2024-11-01,Meta Ads,UAE,25-34,Female
CUST02148,2024-09-01,Influencer,UAE,25-34,Female
CUST02149,2024-11-11,Google Ads,India,25-34,Female
CUST02150,2025-04-26,Meta Ads,Saudi Arabia,25-34,Female
CUST02151,2024-08-16,Meta Ads,UAE,18-24,Female
CUST02152,2024-05-16,Meta Ads,Saudi Arabia,45-54,Female
CUST02153,2025-02-14,Meta Ads,Kuwait,25-34,Female
CUST02154,2025-04-24,Meta Ads,UAE,25-34,Male
CUST02155,2024-04-02,Meta Ads,UK,25-34,Female
CUST02156,2024-06-20,Google Ads,Saudi Arabia,35-44,Female
CUST02157,2024-04-27,Google Ads,Kuwait,18-24,Female
CUST02158,2024-08-25,Meta Ads,India,45-54,Female
CUST02159,2024-10-28,Meta Ads,UK,45-54,Female
CUST02160,2025-03-08,Google Ads,Saudi Arabia,35-44,Other
CUST02161,2025-01-04,Meta Ads,UK,18-24,Female
CUST02162,2024-12-22,Influencer,UAE,45-54,Male
CUST02163,2024-08-28,Email/Referral,Qatar,45-54,Female
CUST02164,2025-05-04,Organic/SEO,Kuwait,18-24,Female
CUST02165,2024-11-05,Email/Referral,India,18-24,Female
CUST02166,2025-07-18,Influencer,UAE,18-24,Female
CUST02167,2024-12-27,Organic/SEO,UK,35-44,Female
CUST02168,2024-04-17,Influencer,Kuwait,55+,Female
CUST02169,2025-01-22,Organic/SEO,Saudi Arabia,35-44,Female
CUST02170,2024-08-09,Meta Ads,UAE,18-24,Female
CUST02171,2025-01-29,Influencer,Kuwait,35-44,Female
CUST02172,2024-03-14,Organic/SEO,India,25-34,Female
CUST02173,2024-05-17,Organic/SEO,India,18-24,Female
CUST02174,2025-05-13,Meta Ads,UAE,18-24,Male
CUST02175,2024-06-14,Email/Referral,UAE,35-44,Female
CUST02176,2025-05-01,Meta Ads,USA,25-34,Female
CUST02177,2024-07-11,Meta Ads,India,25-34,Female
CUST02178,2024-12-30,Organic/SEO,India,35-44,Female
CUST02179,2025-02-03,Influencer,Saudi Arabia,18-24,Male
CUST02180,2024-11-16,Organic/SEO,UAE,55+,Female
CUST02181,2024-07-27,Email/Referral,India,55+,Female
CUST02182,2024-06-07,Organic/SEO,UAE,35-44,Female
CUST02183,2024-02-21,Influencer,Kuwait,35-44,Female
CUST02184,2024-07-26,Organic/SEO,UAE,25-34,Female
CUST02185,2025-01-05,Organic/SEO,UK,18-24,Female
CUST02186,2025-06-25,Organic/SEO,Saudi Arabia,45-54,Female
CUST02187,2025-05-22,Meta Ads,UAE,45-54,Female
CUST02188,2025-03-19,Google Ads,UK,35-44,Female
CUST02189,2025-04-02,Meta Ads,UAE,25-34,Female
CUST02190,2025-01-14,Meta Ads,UAE,25-34,Male
CUST02191,2024-06-29,Email/Referral,UAE,25-34,Female
CUST02192,2025-06-10,Organic/SEO,India,25-34,Female
CUST02193,2025-01-18,Organic/SEO,UK,35-44,Female
CUST02194,2024-11-29,Meta Ads,UAE,18-24,Female
CUST02195,2024-04-08,Meta Ads,Qatar,55+,Female
CUST02196,2024-10-26,Organic/SEO,Saudi Arabia,35-44,Female
CUST02197,2024-11-01,Google Ads,India,25-34,Female
CUST02198,2025-05-18,Meta Ads,UAE,18-24,Female
CUST02199,2024-11-25,Influencer,UAE,35-44,Female
CUST02200,2024-09-15,Meta Ads,India,45-54,Female
CUST02201,2025-07-16,Email/Referral,UAE,25-34,Female
CUST02202,2024-04-08,Influencer,UAE,45-54,Female
CUST02203,2024-10-11,Email/Referral,USA,18-24,Female
CUST02204,2024-02-26,Meta Ads,UAE,55+,Female
CUST02205,2025-03-03,Influencer,UAE,45-54,Male
CUST02206,2025-06-15,Email/Referral,India,18-24,Female
CUST02207,2024-07-11,Influencer,UK,18-24,Female
CUST02208,2025-05-14,Meta Ads,USA,25-34,Female
CUST02209,2024-07-19,Email/Referral,UK,45-54,Male
CUST02210,2025-06-12,Organic/SEO,UAE,18-24,Male
CUST02211,2025-03-12,Meta Ads,UK,25-34,Female
CUST02212,2025-04-12,Organic/SEO,USA,25-34,Female
CUST02213,2024-02-11,Influencer,Qatar,25-34,Female
CUST02214,2025-07-08,Email/Referral,UAE,25-34,Female
CUST02215,2025-02-23,Google Ads,UK,25-34,Male
CUST02216,2024-07-26,Meta Ads,USA,35-44,Female
CUST02217,2025-04-27,Google Ads,Saudi Arabia,25-34,Female
CUST02218,2024-07-12,Organic/SEO,Saudi Arabia,35-44,Female
CUST02219,2025-05-23,Influencer,UK,35-44,Female
CUST02220,2024-04-09,Meta Ads,UAE,55+,Female
CUST02221,2025-02-09,Influencer,Qatar,45-54,Female
CUST02222,2024-11-24,Meta Ads,USA,45-54,Male
CUST02223,2024-03-30,Meta Ads,UAE,45-54,Male
CUST02224,2024-06-21,Email/Referral,UAE,35-44,Female
CUST02225,2024-02-08,Meta Ads,Qatar,35-44,Female
CUST02226,2024-11-04,Meta Ads,Qatar,25-34,Female
CUST02227,2024-07-24,Influencer,UAE,45-54,Male
CUST02228,2024-12-13,Meta Ads,Saudi Arabia,18-24,Female
CUST02229,2024-07-22,Influencer,USA,18-24,Female
CUST02230,2024-07-23,Organic/SEO,UK,35-44,Female
CUST02231,2025-03-05,Google Ads,Saudi Arabia,35-44,Female
CUST02232,2024-03-01,Meta Ads,UAE,45-54,Female
CUST02233,2025-06-08,Organic/SEO,India,18-24,Male
CUST02234,2025-05-10,Influencer,Kuwait,25-34,Male
CUST02235,2025-01-16,Email/Referral,India,35-44,Female
CUST02236,2024-12-11,Meta Ads,Qatar,25-34,Male
CUST02237,2025-06-03,Meta Ads,UAE,35-44,Female
CUST02238,2024-05-23,Meta Ads,UK,25-34,Male
CUST02239,2024-03-20,Organic/SEO,Saudi Arabia,25-34,Female
CUST02240,2024-06-20,Organic/SEO,UAE,35-44,Female
CUST02241,2025-04-05,Meta Ads,UAE,18-24,Female
CUST02242,2024-02-22,Organic/SEO,UAE,25-34,Female
CUST02243,2024-12-07,Meta Ads,India,35-44,Female
CUST02244,2025-07-28,Influencer,India,18-24,Female
CUST02245,2025-05-13,Email/Referral,India,25-34,Male
CUST02246,2024-11-18,Meta Ads,Saudi Arabia,45-54,Female
CUST02247,2024-03-10,Google Ads,UAE,25-34,Female
CUST02248,2025-04-28,Organic/SEO,UK,55+,Female
CUST02249,2024-12-13,Meta Ads,Saudi Arabia,35-44,Female
CUST02250,2024-04-11,Organic/SEO,UAE,35-44,Female
CUST02251,2024-03-29,Influencer,USA,25-34,Female
CUST02252,2025-06-11,Google Ads,Kuwait,18-24,Female
CUST02253,2025-01-17,Email/Referral,USA,35-44,Female
CUST02254,2025-04-26,Meta Ads,Qatar,25-34,Female
CUST02255,2025-05-27,Influencer,Kuwait,25-34,Male
CUST02256,2024-12-03,Meta Ads,Saudi Arabia,45-54,Female
CUST02257,2024-11-17,Email/Referral,USA,25-34,Female
CUST02258,2024-10-15,Influencer,UAE,18-24,Female
CUST02259,2024-08-03,Google Ads,USA,18-24,Male
CUST02260,2024-10-18,Google Ads,Qatar,35-44,Female
CUST02261,2025-03-24,Meta Ads,Saudi Arabia,45-54,Female
CUST02262,2024-12-15,Meta Ads,Saudi Arabia,18-24,Female
CUST02263,2025-06-03,Organic/SEO,UAE,25-34,Female
CUST02264,2024-10-23,Email/Referral,UK,18-24,Female
CUST02265,2024-12-16,Influencer,UAE,45-54,Female
CUST02266,2024-12-26,Email/Referral,Kuwait,18-24,Female
CUST02267,2024-12-11,Organic/SEO,Qatar,25-34,Female
CUST02268,2025-02-08,Google Ads,UAE,45-54,Female
CUST02269,2024-06-19,Influencer,India,35-44,Female
CUST02270,2024-11-16,Organic/SEO,UAE,45-54,Female
CUST02271,2024-04-04,Meta Ads,Saudi Arabia,18-24,Female
CUST02272,2024-09-17,Google Ads,UAE,25-34,Female
CUST02273,2024-11-09,Email/Referral,Saudi Arabia,18-24,Female
CUST02274,2025-01-05,Email/Referral,Kuwait,35-44,Female
CUST02275,2025-06-30,Meta Ads,Saudi Arabia,55+,Female
CUST02276,2024-12-14,Organic/SEO,Saudi Arabia,25-34,Female
CUST02277,2025-03-05,Meta Ads,Saudi Arabia,35-44,Female
CUST02278,2024-11-14,Meta Ads,India,25-34,Male
CUST02279,2024-12-27,Google Ads,Saudi Arabia,25-34,Female
CUST02280,2024-03-15,Email/Referral,Qatar,35-44,Female
CUST02281,2024-06-27,Influencer,UAE,18-24,Female
CUST02282,2024-09-04,Meta Ads,UK,45-54,Female
CUST02283,2024-11-05,Influencer,UAE,45-54,Female
CUST02284,2024-02-28,Email/Referral,Saudi Arabia,35-44,Female
CUST02285,2024-04-26,Meta Ads,Saudi Arabia,25-34,Female
CUST02286,2024-07-09,Meta Ads,UK,25-34,Female
CUST02287,2025-07-13,Google Ads,UAE,35-44,Female
CUST02288,2024-08-13,Meta Ads,UK,35-44,Female
CUST02289,2024-11-07,Email/Referral,Kuwait,35-44,Female
CUST02290,2024-05-30,Meta Ads,UAE,25-34,Female
CUST02291,2024-12-18,Email/Referral,UAE,55+,Female
CUST02292,2024-07-12,Google Ads,UAE,25-34,Male
CUST02293,2024-06-04,Meta Ads,Saudi Arabia,55+,Female
CUST02294,2024-11-17,Meta Ads,Qatar,25-34,Female
CUST02295,2024-02-04,Meta Ads,Saudi Arabia,25-34,Male
CUST02296,2024-02-05,Email/Referral,India,18-24,Male
CUST02297,2024-06-10,Meta Ads,Kuwait,25-34,Male
CUST02298,2024-02-23,Influencer,India,25-34,Female
CUST02299,2024-04-06,Google Ads,India,25-34,Female
CUST02300,2024-08-19,Meta Ads,UAE,25-34,Female
CUST02301,2025-04-10,Influencer,India,25-34,Male
CUST02302,2024-12-03,Influencer,Saudi Arabia,25-34,Female
CUST02303,2024-11-16,Email/Referral,USA,55+,Male
CUST02304,2024-07-19,Meta Ads,India,35-44,Female
CUST02305,2025-06-22,Google Ads,UK,45-54,Female
CUST02306,2024-09-25,Google Ads,India,18-24,Female
CUST02307,2024-03-25,Google Ads,UAE,25-34,Female
CUST02308,2024-12-20,Meta Ads,Saudi Arabia,18-24,Male
CUST02309,2024-04-10,Email/Referral,Saudi Arabia,35-44,Female
CUST02310,2024-08-23,Organic/SEO,UAE,25-34,Female
CUST02311,2024-11-15,Meta Ads,Kuwait,25-34,Male
CUST02312,2025-05-24,Organic/SEO,Saudi Arabia,25-34,Male
CUST02313,2024-11-11,Google Ads,UAE,18-24,Female
CUST02314,2025-02-08,Organic/SEO,USA,35-44,Female
CUST02315,2025-07-26,Email/Referral,Qatar,25-34,Male
CUST02316,2024-04-21,Meta Ads,India,35-44,Male
CUST02317,2024-07-08,Influencer,UAE,35-44,Male
CUST02318,2024-09-24,Meta Ads,Kuwait,25-34,Female
CUST02319,2024-10-10,Meta Ads,USA,25-34,Female
CUST02320,2024-10-04,Organic/SEO,USA,35-44,Female
CUST02321,2025-06-10,Influencer,Kuwait,25-34,Female
CUST02322,2025-02-15,Google Ads,India,35-44,Female
CUST02323,2024-12-17,Organic/SEO,Kuwait,18-24,Female
CUST02324,2024-07-29,Organic/SEO,UAE,25-34,Female
CUST02325,2025-04-23,Google Ads,UAE,45-54,Female
CUST02326,2025-07-03,Google Ads,UAE,35-44,Male
CUST02327,2025-04-22,Organic/SEO,UK,25-34,Male
CUST02328,2024-02-01,Influencer,India,25-34,Female
CUST02329,2024-12-28,Google Ads,India,18-24,Female
CUST02330,2024-03-03,Email/Referral,UAE,25-34,Female
CUST02331,2024-06-28,Organic/SEO,Saudi Arabia,25-34,Female
CUST02332,2024-03-08,Meta Ads,Qatar,18-24,Female
CUST02333,2024-12-15,Google Ads,Saudi Arabia,45-54,Male
CUST02334,2025-01-29,Meta Ads,UAE,18-24,Female
CUST02335,2024-04-10,Influencer,UAE,55+,Other
CUST02336,2024-09-17,Google Ads,India,25-34,Female
CUST02337,2024-10-31,Organic/SEO,Kuwait,18-24,Female
CUST02338,2024-09-08,Meta Ads,India,18-24,Male
CUST02339,2024-04-14,Meta Ads,UAE,25-34,Female
CUST02340,2024-10-08,Organic/SEO,Kuwait,25-34,Female
CUST02341,2025-03-10,Email/Referral,Saudi Arabia,25-34,Female
CUST02342,2024-03-15,Organic/SEO,Saudi Arabia,25-34,Female
CUST02343,2024-03-20,Meta Ads,UAE,35-44,Male
CUST02344,2024-08-30,Meta Ads,Saudi Arabia,35-44,Female
CUST02345,2025-06-26,Meta Ads,USA,55+,Female
CUST02346,2025-01-16,Email/Referral,Saudi Arabia,35-44,Male
CUST02347,2025-01-24,Influencer,India,25-34,Female
CUST02348,2024-09-04,Google Ads,India,18-24,Female
CUST02349,2024-12-11,Meta Ads,India,35-44,Female
CUST02350,2024-02-07,Organic/SEO,India,55+,Female
CUST02351,2024-12-28,Meta Ads,UAE,25-34,Male
CUST02352,2025-06-13,Google Ads,UAE,35-44,Female
CUST02353,2024-12-19,Organic/SEO,UAE,25-34,Female
CUST02354,2025-05-24,Meta Ads,Saudi Arabia,35-44,Male
CUST02355,2025-02-21,Influencer,Saudi Arabia,35-44,Female
CUST02356,2024-04-14,Meta Ads,UAE,35-44,Male
CUST02357,2025-06-08,Email/Referral,UAE,45-54,Female
CUST02358,2024-03-12,Organic/SEO,Saudi Arabia,25-34,Female
CUST02359,2024-11-22,Organic/SEO,Saudi Arabia,55+,Female
CUST02360,2024-04-27,Meta Ads,UAE,25-34,Female
CUST02361,2024-02-08,Influencer,UAE,35-44,Male
CUST02362,2024-10-10,Email/Referral,Kuwait,25-34,Male
CUST02363,2024-07-20,Google Ads,Kuwait,45-54,Female
CUST02364,2024-11-09,Influencer,UAE,18-24,Male
CUST02365,2024-12-05,Organic/SEO,UAE,35-44,Female
CUST02366,2024-02-27,Influencer,Saudi Arabia,35-44,Female
CUST02367,2024-04-15,Influencer,Saudi Arabia,45-54,Male
CUST02368,2024-11-29,Meta Ads,Saudi Arabia,35-44,Female
CUST02369,2024-08-22,Meta Ads,UAE,18-24,Female
CUST02370,2025-02-24,Influencer,Saudi Arabia,18-24,Female
CUST02371,2025-01-05,Email/Referral,Saudi Arabia,45-54,Other
CUST02372,2025-05-06,Email/Referral,USA,25-34,Male
CUST02373,2025-02-02,Meta Ads,Kuwait,18-24,Female
CUST02374,2024-10-15,Influencer,USA,25-34,Female
CUST02375,2025-01-19,Meta Ads,Saudi Arabia,18-24,Male
CUST02376,2024-07-08,Organic/SEO,Kuwait,55+,Female
CUST02377,2024-07-27,Google Ads,UAE,25-34,Female
CUST02378,2025-04-02,Influencer,Qatar,25-34,Female
CUST02379,2024-10-25,Meta Ads,UAE,25-34,Female
CUST02380,2025-04-08,Influencer,Kuwait,35-44,Female
CUST02381,2025-04-22,Meta Ads,UAE,55+,Female
CUST02382,2025-05-14,Meta Ads,UAE,35-44,Female
CUST02383,2025-06-15,Meta Ads,UAE,35-44,Female
CUST02384,2024-10-16,Email/Referral,UK,25-34,Female
CUST02385,2024-08-04,Meta Ads,India,45-54,Female
CUST02386,2024-12-07,Google Ads,Qatar,45-54,Female
CUST02387,2024-09-09,Organic/SEO,UAE,25-34,Female
CUST02388,2024-12-14,Meta Ads,USA,35-44,Female
CUST02389,2025-02-10,Email/Referral,UK,25-34,Male
CUST02390,2025-01-30,Meta Ads,UAE,35-44,Female
CUST02391,2024-09-11,Meta Ads,Kuwait,18-24,Female
CUST02392,2024-05-12,Meta Ads,India,25-34,Female
CUST02393,2024-10-15,Meta Ads,UAE,35-44,Female
CUST02394,2024-04-27,Google Ads,UAE,25-34,Female
CUST02395,2025-06-02,Google Ads,Saudi Arabia,25-34,Female
CUST02396,2024-08-24,Influencer,Qatar,25-34,Female
CUST02397,2024-05-05,Meta Ads,UAE,18-24,Female
CUST02398,2024-02-16,Meta Ads,India,35-44,Female
CUST02399,2024-12-31,Meta Ads,UK,45-54,Female
CUST02400,2024-12-28,Meta Ads,USA,25-34,Female
CUST02401,2024-08-20,Influencer,UK,18-24,Female
CUST02402,2024-03-15,Organic/SEO,Saudi Arabia,25-34,Male
CUST02403,2024-10-03,Meta Ads,Saudi Arabia,18-24,Female
CUST02404,2024-07-30,Email/Referral,UAE,18-24,Female
CUST02405,2025-01-22,Meta Ads,UAE,25-34,Female
CUST02406,2024-12-16,Influencer,USA,35-44,Male
CUST02407,2024-09-05,Influencer,Saudi Arabia,25-34,Female
CUST02408,2024-06-10,Organic/SEO,India,55+,Male
CUST02409,2025-07-23,Google Ads,UAE,18-24,Female
CUST02410,2024-10-30,Meta Ads,UK,25-34,Female
CUST02411,2025-01-30,Email/Referral,UAE,25-34,Female
CUST02412,2024-04-26,Meta Ads,Saudi Arabia,35-44,Male
CUST02413,2024-11-08,Organic/SEO,USA,45-54,Female
CUST02414,2024-02-17,Meta Ads,UK,35-44,Female
CUST02415,2024-11-14,Email/Referral,USA,35-44,Female
CUST02416,2025-07-09,Google Ads,UAE,35-44,Male
CUST02417,2024-09-17,Google Ads,UK,18-24,Male
CUST02418,2024-02-24,Influencer,Qatar,45-54,Female
CUST02419,2024-02-19,Email/Referral,Saudi Arabia,55+,Female
CUST02420,2024-09-20,Meta Ads,UK,45-54,Female
CUST02421,2024-05-08,Google Ads,Qatar,25-34,Female
CUST02422,2024-02-15,Google Ads,Saudi Arabia,35-44,Female
CUST02423,2025-03-13,Google Ads,Qatar,35-44,Female
CUST02424,2024-11-01,Email/Referral,Saudi Arabia,35-44,Female
CUST02425,2024-07-17,Meta Ads,Qatar,35-44,Female
CUST02426,2025-06-07,Meta Ads,UAE,35-44,Female
CUST02427,2024-04-11,Meta Ads,UAE,35-44,Female
CUST02428,2025-07-04,Meta Ads,Saudi Arabia,35-44,Female
CUST02429,2024-08-01,Meta Ads,Saudi Arabia,25-34,Male
CUST02430,2025-06-01,Influencer,UK,18-24,Female
CUST02431,2024-12-15,Meta Ads,Qatar,18-24,Female
CUST02432,2025-04-25,Meta Ads,UAE,25-34,Female
CUST02433,2025-07-21,Organic/SEO,India,25-34,Male
CUST02434,2024-07-16,Meta Ads,UAE,25-34,Female
CUST02435,2025-07-07,Influencer,UK,25-34,Female
CUST02436,2024-09-20,Influencer,UAE,18-24,Female
CUST02437,2024-09-18,Meta Ads,UAE,25-34,Female
CUST02438,2024-08-20,Google Ads,Saudi Arabia,45-54,Female
CUST02439,2024-11-24,Meta Ads,Saudi Arabia,25-34,Male
CUST02440,2024-05-04,Organic/SEO,Saudi Arabia,25-34,Female
CUST02441,2024-11-27,Google Ads,UAE,25-34,Male
CUST02442,2024-11-24,Google Ads,UK,35-44,Female
CUST02443,2025-03-16,Meta Ads,India,18-24,Female
CUST02444,2025-04-29,Influencer,UAE,35-44,Female
CUST02445,2024-10-22,Google Ads,UAE,35-44,Male
CUST02446,2024-07-25,Google Ads,UAE,18-24,Male
CUST02447,2024-06-29,Influencer,Saudi Arabia,18-24,Female
CUST02448,2024-05-29,Google Ads,Saudi Arabia,18-24,Female
CUST02449,2024-03-07,Influencer,UK,18-24,Female
CUST02450,2024-08-21,Meta Ads,UK,25-34,Female
CUST02451,2024-07-05,Influencer,USA,25-34,Female
CUST02452,2025-07-10,Email/Referral,UAE,25-34,Female
CUST02453,2024-11-28,Meta Ads,UAE,35-44,Female
CUST02454,2024-08-25,Meta Ads,UAE,25-34,Male
CUST02455,2024-12-06,Google Ads,UAE,18-24,Female
CUST02456,2024-04-25,Email/Referral,USA,45-54,Female
CUST02457,2024-10-24,Organic/SEO,UK,45-54,Female
CUST02458,2024-12-24,Google Ads,India,18-24,Male
CUST02459,2024-11-09,Influencer,UAE,35-44,Female
CUST02460,2024-09-28,Google Ads,UAE,35-44,Male
CUST02461,2025-07-27,Google Ads,UK,25-34,Female
CUST02462,2025-05-28,Meta Ads,Saudi Arabia,25-34,Female
CUST02463,2024-12-23,Google Ads,India,18-24,Female
CUST02464,2024-12-02,Influencer,Kuwait,35-44,Female
CUST02465,2024-12-22,Email/Referral,Qatar,25-34,Female
CUST02466,2024-06-02,Meta Ads,Qatar,25-34,Male
CUST02467,2024-09-24,Google Ads,Saudi Arabia,35-44,Female
CUST02468,2024-02-25,Meta Ads,UK,25-34,Female
CUST02469,2024-11-06,Meta Ads,UK,35-44,Female
CUST02470,2024-11-24,Organic/SEO,Saudi Arabia,25-34,Male
CUST02471,2024-06-14,Influencer,Saudi Arabia,25-34,Female
CUST02472,2025-07-09,Influencer,Kuwait,35-44,Female
CUST02473,2025-06-11,Meta Ads,Saudi Arabia,55+,Female
CUST02474,2025-02-20,Influencer,Saudi Arabia,18-24,Male
CUST02475,2024-11-22,Meta Ads,UAE,18-24,Male
CUST02476,2025-05-21,Google Ads,UK,55+,Male
CUST02477,2024-04-20,Organic/SEO,UAE,45-54,Female
CUST02478,2025-04-03,Email/Referral,UK,25-34,Female
CUST02479,2024-04-17,Influencer,UAE,45-54,Female
CUST02480,2025-04-05,Organic/SEO,India,45-54,Male
CUST02481,2024-07-09,Meta Ads,UK,25-34,Other
CUST02482,2025-05-26,Influencer,UAE,25-34,Female
CUST02483,2025-06-27,Meta Ads,UAE,18-24,Male
CUST02484,2024-05-01,Organic/SEO,UAE,35-44,Female
CUST02485,2024-11-02,Influencer,UAE,35-44,Male
CUST02486,2025-07-19,Google Ads,Saudi Arabia,25-34,Female
CUST02487,2024-11-08,Meta Ads,UK,45-54,Female
CUST02488,2025-05-17,Google Ads,USA,25-34,Female
CUST02489,2024-12-09,Google Ads,India,25-34,Female
CUST02490,2024-09-12,Meta Ads,Saudi Arabia,25-34,Female
CUST02491,2024-07-15,Meta Ads,USA,25-34,Female
CUST02492,2024-06-03,Meta Ads,India,25-34,Female
CUST02493,2025-03-16,Email/Referral,Kuwait,25-34,Female
CUST02494,2024-09-19,Meta Ads,Kuwait,55+,Female
CUST02495,2024-11-16,Influencer,USA,45-54,Female
CUST02496,2024-11-10,Google Ads,UAE,35-44,Female
CUST02497,2024-12-05,Google Ads,Kuwait,25-34,Female
CUST02498,2025-05-19,Meta Ads,UAE,25-34,Female
CUST02499,2025-07-19,Meta Ads,India,35-44,Male
CUST02500,2024-10-01,Influencer,Kuwait,25-34,Female
CUST02501,2025-04-25,Email/Referral,Kuwait,35-44,Female
CUST02502,2025-03-18,Meta Ads,Qatar,45-54,Female
CUST02503,2024-12-04,Influencer,UAE,25-34,Male
CUST02504,2025-07-04,Meta Ads,UAE,18-24,Female
CUST02505,2024-06-01,Influencer,Saudi Arabia,25-34,Male
CUST02506,2024-04-07,Email/Referral,UAE,18-24,Female
CUST02507,2025-05-12,Organic/SEO,India,45-54,Female
CUST02508,2024-10-21,Organic/SEO,India,18-24,Female
CUST02509,2025-05-07,Influencer,Saudi Arabia,25-34,Female
CUST02510,2025-06-03,Google Ads,Kuwait,55+,Female
CUST02511,2024-03-10,Meta Ads,Saudi Arabia,18-24,Female
CUST02512,2025-05-29,Influencer,UAE,35-44,Male
CUST02513,2024-10-26,Organic/SEO,India,55+,Female
CUST02514,2024-11-15,Organic/SEO,USA,18-24,Female
CUST02515,2024-12-24,Meta Ads,UAE,25-34,Female
CUST02516,2025-06-19,Meta Ads,UAE,35-44,Female
CUST02517,2024-02-12,Meta Ads,UAE,25-34,Female
CUST02518,2024-11-06,Google Ads,UK,25-34,Male
CUST02519,2025-01-30,Meta Ads,UK,45-54,Male
CUST02520,2025-02-21,Meta Ads,UK,25-34,Female
CUST02521,2025-02-02,Influencer,India,18-24,Male
CUST02522,2024-04-22,Organic/SEO,India,25-34,Female
CUST02523,2024-07-23,Meta Ads,Qatar,25-34,Female
CUST02524,2024-09-02,Meta Ads,Saudi Arabia,35-44,Female
CUST02525,2025-04-11,Email/Referral,UK,35-44,Female
CUST02526,2024-07-10,Meta Ads,Saudi Arabia,18-24,Female
CUST02527,2024-06-06,Google Ads,USA,18-24,Female
CUST02528,2025-07-05,Influencer,Saudi Arabia,45-54,Female
CUST02529,2024-02-06,Meta Ads,UAE,18-24,Female
CUST02530,2025-07-29,Meta Ads,Saudi Arabia,25-34,Female
CUST02531,2025-01-22,Meta Ads,India,45-54,Male
CUST02532,2025-04-26,Email/Referral,USA,35-44,Female
CUST02533,2024-07-20,Meta Ads,USA,25-34,Female
CUST02534,2024-02-09,Organic/SEO,UK,18-24,Female
CUST02535,2025-03-02,Google Ads,UK,35-44,Male
CUST02536,2025-04-29,Email/Referral,Saudi Arabia,25-34,Female
CUST02537,2025-03-03,Google Ads,UAE,25-34,Female
CUST02538,2024-04-28,Email/Referral,UAE,18-24,Male
CUST02539,2025-03-11,Email/Referral,UAE,25-34,Female
CUST02540,2025-03-21,Meta Ads,Saudi Arabia,35-44,Female
CUST02541,2025-01-09,Influencer,USA,35-44,Female
CUST02542,2025-03-19,Meta Ads,India,25-34,Female
CUST02543,2025-05-07,Meta Ads,Saudi Arabia,25-34,Female
CUST02544,2024-12-19,Email/Referral,Saudi Arabia,45-54,Female
CUST02545,2024-03-25,Meta Ads,Kuwait,25-34,Female
CUST02546,2024-11-09,Meta Ads,UAE,18-24,Female
CUST02547,2024-03-19,Meta Ads,USA,18-24,Female
CUST02548,2024-10-01,Meta Ads,India,18-24,Female
CUST02549,2024-10-01,Meta Ads,UK,45-54,Female
CUST02550,2024-03-12,Meta Ads,UK,18-24,Female
CUST02551,2024-08-26,Meta Ads,UAE,35-44,Male
CUST02552,2024-04-08,Google Ads,UK,35-44,Female
CUST02553,2025-04-14,Meta Ads,Saudi Arabia,25-34,Female
CUST02554,2025-06-29,Meta Ads,Saudi Arabia,35-44,Female
CUST02555,2024-03-16,Influencer,Kuwait,18-24,Female
CUST02556,2025-07-03,Organic/SEO,Saudi Arabia,25-34,Female
CUST02557,2024-11-19,Google Ads,Qatar,35-44,Female
CUST02558,2024-07-23,Meta Ads,Kuwait,45-54,Female
CUST02559,2024-03-18,Influencer,USA,25-34,Male
CUST02560,2024-11-13,Google Ads,India,25-34,Female
CUST02561,2025-04-05,Organic/SEO,UAE,35-44,Female
CUST02562,2025-02-11,Email/Referral,UAE,18-24,Male
CUST02563,2024-03-02,Meta Ads,India,25-34,Female
CUST02564,2024-03-16,Google Ads,UK,45-54,Female
CUST02565,2024-09-29,Meta Ads,Saudi Arabia,25-34,Female
CUST02566,2024-07-20,Meta Ads,USA,25-34,Female
CUST02567,2024-06-16,Meta Ads,UK,25-34,Female
CUST02568,2024-07-12,Organic/SEO,UAE,25-34,Female
CUST02569,2025-04-11,Email/Referral,Saudi Arabia,25-34,Female
CUST02570,2025-06-20,Email/Referral,UK,35-44,Female
CUST02571,2024-09-30,Google Ads,India,35-44,Female
CUST02572,2025-06-10,Google Ads,USA,25-34,Female
CUST02573,2024-08-06,Meta Ads,UAE,25-34,Female
CUST02574,2024-11-06,Meta Ads,Saudi Arabia,55+,Female
CUST02575,2024-06-13,Influencer,USA,45-54,Male
CUST02576,2024-12-29,Meta Ads,UAE,25-34,Female
CUST02577,2025-07-18,Email/Referral,UK,18-24,Female
CUST02578,2024-12-15,Google Ads,UK,55+,Female
CUST02579,2024-09-01,Email/Referral,Kuwait,45-54,Female
CUST02580,2025-01-01,Google Ads,India,35-44,Female
CUST02581,2024-04-15,Email/Referral,Kuwait,35-44,Female
CUST02582,2025-06-01,Email/Referral,UAE,35-44,Female
CUST02583,2024-11-13,Google Ads,Saudi Arabia,25-34,Male
CUST02584,2024-10-27,Meta Ads,Saudi Arabia,18-24,Female
CUST02585,2024-12-08,Organic/SEO,Kuwait,45-54,Female
CUST02586,2024-12-23,Email/Referral,India,25-34,Female
CUST02587,2024-03-15,Google Ads,Saudi Arabia,25-34,Female
CUST02588,2025-01-26,Email/Referral,UAE,25-34,Female
CUST02589,2024-06-21,Influencer,Kuwait,25-34,Male
CUST02590,2025-02-15,Google Ads,Saudi Arabia,25-34,Female
CUST02591,2025-04-22,Meta Ads,USA,35-44,Other
CUST02592,2025-04-11,Meta Ads,India,25-34,Female
CUST02593,2024-11-27,Meta Ads,UAE,18-24,Female
CUST02594,2024-11-18,Google Ads,Kuwait,25-34,Male
CUST02595,2024-04-28,Email/Referral,UK,45-54,Female
CUST02596,2025-03-25,Meta Ads,UAE,45-54,Female
CUST02597,2024-07-06,Meta Ads,Kuwait,55+,Female
CUST02598,2024-11-12,Organic/SEO,UAE,45-54,Female
CUST02599,2024-07-14,Meta Ads,Kuwait,25-34,Female
CUST02600,2024-04-22,Google Ads,USA,25-34,Female
CUST02601,2024-12-25,Organic/SEO,USA,25-34,Female
CUST02602,2024-03-05,Meta Ads,USA,55+,Female
CUST02603,2025-03-08,Meta Ads,Saudi Arabia,18-24,Male
CUST02604,2024-08-03,Organic/SEO,Saudi Arabia,25-34,Female
CUST02605,2024-02-01,Influencer,India,35-44,Female
CUST02606,2024-11-16,Meta Ads,Kuwait,25-34,Male
CUST02607,2024-02-29,Organic/SEO,Saudi Arabia,45-54,Female
CUST02608,2024-07-09,Email/Referral,UAE,35-44,Female
CUST02609,2025-02-11,Meta Ads,Saudi Arabia,45-54,Female
CUST02610,2024-03-10,Meta Ads,UAE,35-44,Female
CUST02611,2025-05-03,Meta Ads,UAE,45-54,Male
CUST02612,2024-02-03,Email/Referral,UK,18-24,Female
CUST02613,2024-06-23,Influencer,UAE,18-24,Female
CUST02614,2025-03-04,Meta Ads,Saudi Arabia,35-44,Female
CUST02615,2024-08-03,Google Ads,UK,18-24,Female
CUST02616,2024-04-03,Meta Ads,UAE,25-34,Male
CUST02617,2024-09-03,Google Ads,Saudi Arabia,25-34,Female
CUST02618,2024-07-05,Meta Ads,Kuwait,35-44,Female
CUST02619,2025-05-05,Email/Referral,Saudi Arabia,35-44,Female
CUST02620,2024-07-31,Google Ads,Saudi Arabia,18-24,Female
CUST02621,2025-04-02,Organic/SEO,USA,25-34,Male
CUST02622,2025-06-03,Google Ads,Saudi Arabia,25-34,Female
CUST02623,2024-10-17,Google Ads,Kuwait,35-44,Female
CUST02624,2025-06-11,Organic/SEO,UAE,25-34,Female
CUST02625,2024-09-13,Google Ads,Saudi Arabia,45-54,Female
CUST02626,2025-07-09,Organic/SEO,Saudi Arabia,35-44,Female
CUST02627,2024-03-26,Google Ads,India,18-24,Female
CUST02628,2025-01-30,Influencer,Kuwait,35-44,Female
CUST02629,2024-11-11,Influencer,UAE,35-44,Male
CUST02630,2024-09-19,Meta Ads,UK,45-54,Female
CUST02631,2024-12-26,Influencer,UK,25-34,Female
CUST02632,2025-02-09,Meta Ads,UAE,25-34,Male
CUST02633,2024-02-03,Meta Ads,USA,45-54,Female
CUST02634,2024-05-12,Meta Ads,UK,45-54,Female
CUST02635,2025-02-15,Meta Ads,Kuwait,18-24,Female
CUST02636,2025-01-15,Google Ads,UAE,25-34,Female
CUST02637,2025-07-10,Organic/SEO,UAE,25-34,Female
CUST02638,2025-03-16,Organic/SEO,UK,18-24,Female
CUST02639,2025-07-01,Meta Ads,UAE,18-24,Female
CUST02640,2025-02-08,Organic/SEO,Saudi Arabia,18-24,Male
CUST02641,2024-07-22,Influencer,UAE,35-44,Male
CUST02642,2024-04-05,Meta Ads,India,25-34,Female
CUST02643,2025-03-29,Google Ads,UAE,25-34,Female
CUST02644,2024-12-31,Meta Ads,UK,25-34,Female
CUST02645,2024-03-01,Meta Ads,Qatar,25-34,Female
CUST02646,2024-09-03,Email/Referral,India,25-34,Female
CUST02647,2025-07-04,Google Ads,Saudi Arabia,25-34,Female
CUST02648,2024-11-13,Meta Ads,UAE,55+,Female
CUST02649,2024-10-17,Meta Ads,Saudi Arabia,25-34,Female
CUST02650,2024-11-01,Meta Ads,USA,55+,Female
CUST02651,2024-06-05,Meta Ads,USA,25-34,Female
CUST02652,2024-09-08,Meta Ads,India,25-34,Female
CUST02653,2024-09-08,Influencer,UAE,35-44,Female
CUST02654,2024-03-03,Meta Ads,Saudi Arabia,18-24,Female
CUST02655,2025-03-20,Influencer,Saudi Arabia,18-24,Female
CUST02656,2024-10-07,Organic/SEO,USA,25-34,Female
CUST02657,2025-04-22,Influencer,Saudi Arabia,35-44,Female
CUST02658,2025-05-09,Email/Referral,Qatar,18-24,Female
CUST02659,2024-06-07,Influencer,Saudi Arabia,35-44,Female
CUST02660,2025-01-08,Organic/SEO,UAE,25-34,Male
CUST02661,2024-11-05,Meta Ads,Saudi Arabia,18-24,Male
CUST02662,2025-05-27,Google Ads,UK,25-34,Female
CUST02663,2024-06-09,Meta Ads,Saudi Arabia,25-34,Male
CUST02664,2025-01-23,Influencer,India,35-44,Female
CUST02665,2024-12-17,Influencer,UAE,25-34,Female
CUST02666,2024-07-20,Influencer,UK,25-34,Female
CUST02667,2024-04-24,Google Ads,Kuwait,45-54,Female
CUST02668,2025-01-04,Email/Referral,UAE,25-34,Male
CUST02669,2025-03-02,Meta Ads,Saudi Arabia,18-24,Female
CUST02670,2024-08-02,Email/Referral,Saudi Arabia,18-24,Female
CUST02671,2024-12-31,Google Ads,Saudi Arabia,18-24,Female
CUST02672,2024-09-24,Meta Ads,Saudi Arabia,25-34,Female
CUST02673,2025-02-15,Influencer,Kuwait,25-34,Male
CUST02674,2024-06-01,Email/Referral,India,25-34,Female
CUST02675,2025-06-02,Google Ads,UAE,25-34,Female
CUST02676,2024-07-16,Meta Ads,UAE,35-44,Female
CUST02677,2024-09-07,Meta Ads,UAE,35-44,Female
CUST02678,2024-03-07,Organic/SEO,Saudi Arabia,35-44,Female
CUST02679,2024-04-08,Meta Ads,USA,45-54,Female
CUST02680,2024-11-17,Google Ads,UAE,35-44,Other
CUST02681,2024-07-04,Meta Ads,USA,18-24,Female
CUST02682,2025-04-30,Email/Referral,Saudi Arabia,45-54,Female
CUST02683,2024-02-09,Google Ads,Saudi Arabia,35-44,Female
CUST02684,2024-09-14,Google Ads,UAE,25-34,Female
CUST02685,2024-08-18,Google Ads,Saudi Arabia,25-34,Female
CUST02686,2024-02-12,Google Ads,Kuwait,45-54,Male
CUST02687,2024-04-16,Email/Referral,USA,35-44,Male
CUST02688,2024-10-05,Influencer,Saudi Arabia,35-44,Female
CUST02689,2024-11-10,Influencer,Saudi Arabia,25-34,Female
CUST02690,2024-09-29,Google Ads,Saudi Arabia,35-44,Female
CUST02691,2024-11-21,Meta Ads,India,55+,Male
CUST02692,2024-12-12,Google Ads,UAE,35-44,Female
CUST02693,2024-02-07,Google Ads,India,18-24,Female
CUST02694,2024-11-03,Meta Ads,Saudi Arabia,25-34,Male
CUST02695,2025-07-08,Influencer,UAE,25-34,Female
CUST02696,2024-11-18,Meta Ads,UK,25-34,Female
CUST02697,2025-01-23,Email/Referral,USA,45-54,Male
CUST02698,2024-07-31,Email/Referral,India,25-34,Female
CUST02699,2025-03-24,Email/Referral,UK,35-44,Female
CUST02700,2025-03-23,Meta Ads,Kuwait,18-24,Female
CUST02701,2024-11-18,Email/Referral,UAE,25-34,Male
CUST02702,2025-07-16,Meta Ads,India,18-24,Female
CUST02703,2024-04-17,Google Ads,Qatar,18-24,Female
CUST02704,2024-02-11,Meta Ads,USA,45-54,Female
CUST02705,2025-03-21,Organic/SEO,Kuwait,35-44,Male
CUST02706,2025-04-13,Google Ads,Kuwait,25-34,Male
CUST02707,2024-04-14,Influencer,UAE,35-44,Female
CUST02708,2024-07-02,Organic/SEO,UAE,25-34,Female
CUST02709,2024-02-11,Meta Ads,India,18-24,Female
CUST02710,2024-07-19,Organic/SEO,UAE,25-34,Female
CUST02711,2025-03-23,Meta Ads,India,35-44,Female
CUST02712,2024-11-17,Google Ads,UAE,18-24,Female
CUST02713,2024-08-25,Meta Ads,India,55+,Female
CUST02714,2024-09-10,Organic/SEO,UAE,25-34,Female
CUST02715,2024-02-01,Organic/SEO,UAE,45-54,Female
CUST02716,2024-07-23,Email/Referral,UAE,35-44,Female
CUST02717,2024-12-31,Meta Ads,UK,18-24,Female
CUST02718,2025-07-15,Meta Ads,UAE,18-24,Male
CUST02719,2025-05-07,Meta Ads,UAE,35-44,Female
CUST02720,2024-02-15,Google Ads,India,25-34,Female
CUST02721,2025-06-06,Google Ads,India,45-54,Female
CUST02722,2025-03-29,Organic/SEO,Saudi Arabia,25-34,Female
CUST02723,2025-03-28,Organic/SEO,Saudi Arabia,35-44,Male
CUST02724,2024-11-01,Meta Ads,UK,25-34,Male
CUST02725,2024-09-26,Organic/SEO,UAE,35-44,Female
CUST02726,2024-07-25,Google Ads,UAE,18-24,Female
CUST02727,2024-03-12,Meta Ads,UAE,35-44,Female
CUST02728,2024-06-14,Google Ads,India,18-24,Female
CUST02729,2024-06-23,Influencer,USA,18-24,Female
CUST02730,2024-11-08,Meta Ads,India,18-24,Male
CUST02731,2025-03-08,Meta Ads,Saudi Arabia,18-24,Female
CUST02732,2024-11-05,Organic/SEO,Saudi Arabia,25-34,Female
CUST02733,2024-03-07,Google Ads,USA,25-34,Female
CUST02734,2025-07-05,Meta Ads,UK,25-34,Male
CUST02735,2025-06-27,Email/Referral,UK,45-54,Female
CUST02736,2025-03-31,Google Ads,USA,55+,Female
CUST02737,2025-07-25,Meta Ads,India,45-54,Male
CUST02738,2024-11-25,Email/Referral,Kuwait,18-24,Male
CUST02739,2025-07-08,Organic/SEO,UAE,25-34,Male
CUST02740,2024-03-18,Email/Referral,Saudi Arabia,35-44,Male
CUST02741,2024-09-06,Google Ads,UAE,18-24,Female
CUST02742,2024-06-13,Email/Referral,Saudi Arabia,18-24,Female
CUST02743,2024-05-30,Meta Ads,UAE,25-34,Female
CUST02744,2024-04-26,Organic/SEO,Saudi Arabia,25-34,Female
CUST02745,2024-12-22,Google Ads,UK,35-44,Male
CUST02746,2025-03-28,Influencer,USA,35-44,Female
CUST02747,2024-12-06,Meta Ads,UAE,35-44,Female
CUST02748,2024-04-30,Organic/SEO,Kuwait,35-44,Female
CUST02749,2025-04-15,Google Ads,Saudi Arabia,18-24,Female
CUST02750,2024-12-27,Organic/SEO,India,25-34,Female
CUST02751,2024-09-20,Organic/SEO,Saudi Arabia,25-34,Male
CUST02752,2025-01-20,Influencer,UK,45-54,Female
CUST02753,2024-06-29,Meta Ads,UAE,25-34,Female
CUST02754,2024-08-23,Meta Ads,UK,25-34,Female
CUST02755,2025-06-15,Google Ads,USA,18-24,Male
CUST02756,2024-07-18,Google Ads,UAE,35-44,Male
CUST02757,2024-11-04,Google Ads,UAE,35-44,Female
CUST02758,2025-06-02,Email/Referral,USA,18-24,Female
CUST02759,2025-02-11,Influencer,Saudi Arabia,25-34,Female
CUST02760,2024-03-09,Email/Referral,Saudi Arabia,35-44,Female
CUST02761,2024-04-30,Meta Ads,India,35-44,Male
CUST02762,2024-02-05,Google Ads,Saudi Arabia,25-34,Female
CUST02763,2024-12-26,Google Ads,Saudi Arabia,35-44,Other
CUST02764,2024-10-26,Google Ads,Saudi Arabia,35-44,Female
CUST02765,2024-04-22,Meta Ads,Kuwait,35-44,Female
CUST02766,2025-07-05,Organic/SEO,UK,25-34,Female
CUST02767,2024-11-21,Meta Ads,UAE,25-34,Female
CUST02768,2024-06-21,Email/Referral,UK,25-34,Female
CUST02769,2024-11-13,Meta Ads,USA,25-34,Female
CUST02770,2025-01-24,Google Ads,UAE,25-34,Female
CUST02771,2024-03-18,Influencer,Saudi Arabia,18-24,Female
CUST02772,2024-07-08,Meta Ads,UAE,18-24,Female
CUST02773,2025-04-13,Influencer,Saudi Arabia,25-34,Male
CUST02774,2024-11-01,Influencer,UAE,35-44,Male
CUST02775,2024-11-25,Organic/SEO,India,25-34,Female
CUST02776,2024-10-17,Google Ads,UAE,55+,Female
CUST02777,2024-02-27,Email/Referral,Saudi Arabia,55+,Female
CUST02778,2024-05-11,Email/Referral,UK,25-34,Female
CUST02779,2024-10-25,Email/Referral,UAE,35-44,Male
CUST02780,2024-06-05,Organic/SEO,Saudi Arabia,18-24,Female
CUST02781,2024-03-02,Meta Ads,Saudi Arabia,25-34,Male
CUST02782,2025-05-05,Meta Ads,USA,25-34,Female
CUST02783,2025-07-19,Organic/SEO,Saudi Arabia,35-44,Female
CUST02784,2025-04-04,Meta Ads,UK,35-44,Male
CUST02785,2025-05-11,Influencer,UAE,25-34,Female
CUST02786,2024-06-21,Google Ads,UAE,25-34,Female
CUST02787,2025-07-07,Email/Referral,Saudi Arabia,25-34,Female
CUST02788,2024-05-30,Meta Ads,UAE,25-34,Female
CUST02789,2025-07-01,Organic/SEO,India,35-44,Female
CUST02790,2025-07-27,Google Ads,Kuwait,18-24,Female
CUST02791,2025-02-14,Meta Ads,Saudi Arabia,25-34,Female
CUST02792,2025-07-19,Meta Ads,UK,35-44,Female
CUST02793,2024-12-02,Meta Ads,USA,55+,Female
CUST02794,2024-06-29,Influencer,Saudi Arabia,25-34,Other
CUST02795,2024-10-19,Google Ads,UAE,25-34,Female
CUST02796,2024-12-11,Meta Ads,India,18-24,Female
CUST02797,2024-03-16,Google Ads,Qatar,18-24,Male
CUST02798,2024-12-22,Influencer,Saudi Arabia,25-34,Male
CUST02799,2025-07-19,Meta Ads,India,45-54,Female
CUST02800,2024-05-26,Meta Ads,Qatar,25-34,Female
CUST02801,2025-04-04,Meta Ads,USA,35-44,Female
CUST02802,2025-06-10,Google Ads,UK,25-34,Female
CUST02803,2025-06-27,Meta Ads,Saudi Arabia,18-24,Male
CUST02804,2025-07-06,Email/Referral,UK,25-34,Female
CUST02805,2024-11-18,Google Ads,USA,25-34,Female
CUST02806,2025-07-17,Organic/SEO,Saudi Arabia,45-54,Female
CUST02807,2025-03-14,Meta Ads,India,25-34,Female
CUST02808,2024-05-09,Meta Ads,Kuwait,25-34,Female
CUST02809,2024-11-06,Email/Referral,Saudi Arabia,35-44,Female
CUST02810,2025-02-18,Meta Ads,India,55+,Female
CUST02811,2024-06-23,Organic/SEO,Kuwait,25-34,Female
CUST02812,2024-12-29,Influencer,Saudi Arabia,18-24,Female
CUST02813,2025-01-15,Organic/SEO,Kuwait,35-44,Female
CUST02814,2024-05-10,Email/Referral,USA,18-24,Female
CUST02815,2024-11-30,Email/Referral,UAE,45-54,Male
CUST02816,2025-03-22,Meta Ads,UAE,45-54,Female
CUST02817,2024-11-12,Google Ads,UAE,35-44,Other
CUST02818,2024-02-08,Organic/SEO,Qatar,25-34,Female
CUST02819,2024-02-06,Influencer,Saudi Arabia,45-54,Female
CUST02820,2024-09-01,Google Ads,Qatar,18-24,Female
CUST02821,2025-06-19,Influencer,USA,55+,Male
CUST02822,2024-06-15,Meta Ads,Saudi Arabia,25-34,Female
CUST02823,2024-12-27,Meta Ads,USA,35-44,Female
CUST02824,2024-06-12,Meta Ads,Saudi Arabia,35-44,Female
CUST02825,2024-08-06,Google Ads,USA,35-44,Female
CUST02826,2025-05-08,Organic/SEO,India,35-44,Female
CUST02827,2025-02-24,Meta Ads,UAE,25-34,Male
CUST02828,2024-03-30,Organic/SEO,UAE,18-24,Female
CUST02829,2024-10-14,Meta Ads,Kuwait,35-44,Female
CUST02830,2024-02-18,Meta Ads,India,18-24,Male
CUST02831,2024-11-07,Google Ads,UAE,25-34,Female
CUST02832,2025-01-12,Google Ads,USA,35-44,Female
CUST02833,2024-04-13,Influencer,UK,18-24,Female
CUST02834,2024-07-17,Meta Ads,Saudi Arabia,25-34,Female
CUST02835,2024-09-26,Email/Referral,UAE,35-44,Female
CUST02836,2025-06-16,Google Ads,UAE,35-44,Female
CUST02837,2025-07-26,Meta Ads,UAE,25-34,Female
CUST02838,2024-02-28,Meta Ads,UAE,25-34,Female
CUST02839,2025-03-16,Meta Ads,UK,35-44,Other
CUST02840,2024-09-10,Google Ads,India,18-24,Female
CUST02841,2024-09-22,Meta Ads,USA,25-34,Female
CUST02842,2025-03-12,Email/Referral,Saudi Arabia,18-24,Female
CUST02843,2025-06-15,Meta Ads,Kuwait,18-24,Male
CUST02844,2025-07-01,Meta Ads,Saudi Arabia,25-34,Female
CUST02845,2024-12-05,Organic/SEO,USA,35-44,Female
CUST02846,2024-09-01,Google Ads,Kuwait,45-54,Male
CUST02847,2025-04-01,Organic/SEO,USA,25-34,Female
CUST02848,2024-06-25,Meta Ads,UK,25-34,Female
CUST02849,2024-11-30,Meta Ads,UAE,25-34,Female
CUST02850,2024-09-02,Organic/SEO,Kuwait,55+,Female
CUST02851,2025-01-08,Influencer,UAE,25-34,Female
CUST02852,2024-06-20,Influencer,UK,25-34,Female
CUST02853,2024-05-27,Google Ads,UAE,35-44,Female
CUST02854,2025-06-15,Meta Ads,UAE,45-54,Female
CUST02855,2024-04-03,Email/Referral,India,18-24,Female
CUST02856,2024-11-14,Influencer,India,25-34,Female
CUST02857,2024-06-11,Organic/SEO,Saudi Arabia,35-44,Female
CUST02858,2024-02-24,Meta Ads,UAE,18-24,Female
CUST02859,2024-02-22,Meta Ads,Saudi Arabia,25-34,Female
CUST02860,2024-05-17,Email/Referral,UAE,45-54,Female
CUST02861,2025-05-19,Meta Ads,USA,35-44,Female
CUST02862,2024-07-13,Meta Ads,UK,35-44,Female
CUST02863,2025-06-30,Meta Ads,India,25-34,Male
CUST02864,2024-12-07,Meta Ads,USA,25-34,Female
CUST02865,2024-10-19,Influencer,Saudi Arabia,25-34,Male
CUST02866,2024-12-06,Email/Referral,Saudi Arabia,25-34,Male
CUST02867,2024-11-17,Google Ads,UAE,18-24,Female
CUST02868,2025-03-15,Meta Ads,Kuwait,25-34,Female
CUST02869,2024-07-13,Google Ads,UAE,35-44,Female
CUST02870,2024-08-29,Meta Ads,India,25-34,Female
CUST02871,2025-06-04,Meta Ads,Saudi Arabia,35-44,Female
CUST02872,2025-06-28,Meta Ads,UAE,35-44,Male
CUST02873,2025-06-03,Email/Referral,India,18-24,Male
CUST02874,2024-10-09,Email/Referral,UK,35-44,Female
CUST02875,2025-03-28,Meta Ads,Kuwait,25-34,Male
CUST02876,2024-11-06,Meta Ads,UAE,25-34,Female
CUST02877,2024-11-12,Organic/SEO,Saudi Arabia,25-34,Female
CUST02878,2024-06-03,Google Ads,UK,25-34,Male
CUST02879,2024-12-10,Google Ads,USA,55+,Female
CUST02880,2024-05-24,Meta Ads,UK,25-34,Female
CUST02881,2024-08-13,Meta Ads,Saudi Arabia,25-34,Male
CUST02882,2025-05-12,Meta Ads,India,18-24,Female
CUST02883,2024-06-04,Google Ads,USA,18-24,Female
CUST02884,2024-03-15,Meta Ads,Saudi Arabia,35-44,Female
CUST02885,2024-03-14,Email/Referral,UAE,35-44,Female
CUST02886,2025-06-26,Email/Referral,Saudi Arabia,25-34,Female
CUST02887,2024-11-14,Google Ads,UAE,35-44,Female
CUST02888,2024-10-03,Google Ads,Kuwait,18-24,Female
CUST02889,2025-04-15,Organic/SEO,Saudi Arabia,35-44,Female
CUST02890,2025-04-30,Meta Ads,UAE,25-34,Female
CUST02891,2024-08-14,Meta Ads,UAE,25-34,Female
CUST02892,2025-02-03,Meta Ads,India,25-34,Female
CUST02893,2025-03-22,Organic/SEO,UAE,35-44,Female
CUST02894,2025-01-06,Meta Ads,USA,45-54,Female
CUST02895,2024-05-03,Email/Referral,UAE,25-34,Female
CUST02896,2025-05-25,Meta Ads,UK,35-44,Female
CUST02897,2024-11-23,Organic/SEO,UAE,18-24,Female
CUST02898,2024-07-13,Google Ads,Saudi Arabia,18-24,Female
CUST02899,2024-10-12,Email/Referral,India,18-24,Female
CUST02900,2024-02-23,Meta Ads,India,35-44,Male
CUST02901,2024-04-18,Google Ads,India,35-44,Female
CUST02902,2025-03-19,Influencer,Qatar,35-44,Female
CUST02903,2024-02-01,Organic/SEO,USA,18-24,Male
CUST02904,2024-10-07,Influencer,Qatar,35-44,Female
CUST02905,2024-11-19,Google Ads,UAE,25-34,Male
CUST02906,2024-03-05,Organic/SEO,UK,18-24,Female
CUST02907,2025-07-14,Meta Ads,India,35-44,Male
CUST02908,2024-06-13,Google Ads,UAE,25-34,Female
CUST02909,2024-07-26,Organic/SEO,UAE,25-34,Female
CUST02910,2024-07-26,Meta Ads,UAE,35-44,Female
CUST02911,2024-06-15,Google Ads,UK,35-44,Female
CUST02912,2024-02-01,Google Ads,Kuwait,45-54,Female
CUST02913,2025-02-25,Organic/SEO,UAE,18-24,Female
CUST02914,2025-07-10,Influencer,USA,35-44,Female
CUST02915,2024-06-13,Email/Referral,Saudi Arabia,25-34,Female
CUST02916,2025-01-12,Meta Ads,Saudi Arabia,25-34,Female
CUST02917,2025-03-04,Email/Referral,UAE,25-34,Female
CUST02918,2025-05-08,Email/Referral,Saudi Arabia,45-54,Female
CUST02919,2024-10-11,Google Ads,UK,35-44,Female
CUST02920,2024-07-25,Google Ads,Saudi Arabia,25-34,Female
CUST02921,2024-08-09,Organic/SEO,UAE,18-24,Male
CUST02922,2025-02-14,Organic/SEO,UAE,35-44,Female
CUST02923,2025-04-19,Google Ads,India,35-44,Female
CUST02924,2024-05-21,Meta Ads,Qatar,35-44,Female
CUST02925,2024-09-09,Meta Ads,UAE,25-34,Female
CUST02926,2025-06-08,Organic/SEO,Saudi Arabia,45-54,Female
CUST02927,2025-04-13,Email/Referral,USA,25-34,Male
CUST02928,2025-07-21,Meta Ads,Qatar,18-24,Female
CUST02929,2025-03-12,Google Ads,Saudi Arabia,55+,Female
CUST02930,2024-09-23,Influencer,Saudi Arabia,18-24,Female
CUST02931,2024-12-10,Influencer,UAE,18-24,Female
CUST02932,2025-01-11,Organic/SEO,UAE,35-44,Male
CUST02933,2024-03-19,Influencer,Saudi Arabia,25-34,Female
CUST02934,2024-11-25,Meta Ads,Kuwait,55+,Female
CUST02935,2025-02-12,Organic/SEO,UAE,45-54,Female
CUST02936,2024-05-12,Meta Ads,Saudi Arabia,25-34,Female
CUST02937,2025-03-28,Email/Referral,UAE,25-34,Male
CUST02938,2024-12-08,Meta Ads,Kuwait,18-24,Male
CUST02939,2025-07-01,Email/Referral,UAE,25-34,Female
CUST02940,2024-02-26,Google Ads,UAE,18-24,Male
CUST02941,2024-07-02,Meta Ads,Qatar,18-24,Female
CUST02942,2024-12-14,Email/Referral,USA,25-34,Female
CUST02943,2024-07-21,Influencer,India,25-34,Female
CUST02944,2025-02-15,Email/Referral,UAE,35-44,Female
CUST02945,2025-03-15,Influencer,UK,25-34,Female
CUST02946,2024-04-03,Email/Referral,UAE,25-34,Female
CUST02947,2024-11-16,Email/Referral,UAE,18-24,Female
CUST02948,2024-11-15,Google Ads,Kuwait,18-24,Female
CUST02949,2024-09-08,Meta Ads,UK,25-34,Male
CUST02950,2025-06-22,Influencer,India,25-34,Male
CUST02951,2025-04-25,Organic/SEO,UAE,25-34,Female
CUST02952,2025-02-05,Influencer,Kuwait,18-24,Male
CUST02953,2025-02-15,Google Ads,UAE,18-24,Female
CUST02954,2024-11-02,Meta Ads,UAE,35-44,Female
CUST02955,2025-06-17,Meta Ads,India,25-34,Female
CUST02956,2025-02-03,Influencer,USA,25-34,Female
CUST02957,2025-02-24,Meta Ads,India,25-34,Female
CUST02958,2025-05-16,Meta Ads,UK,45-54,Female
CUST02959,2024-07-07,Email/Referral,UAE,35-44,Female
CUST02960,2025-04-13,Google Ads,UK,35-44,Female
CUST02961,2024-05-29,Google Ads,UAE,25-34,Female
CUST02962,2024-08-23,Email/Referral,UAE,25-34,Female
CUST02963,2024-08-16,Meta Ads,India,25-34,Male
CUST02964,2025-07-17,Meta Ads,Saudi Arabia,55+,Female
CUST02965,2025-05-13,Email/Referral,India,25-34,Male
CUST02966,2025-02-07,Email/Referral,UAE,45-54,Female
CUST02967,2025-02-23,Meta Ads,UK,25-34,Female
CUST02968,2024-11-30,Meta Ads,USA,25-34,Male
CUST02969,2025-06-29,Google Ads,UAE,45-54,Female
CUST02970,2024-11-11,Google Ads,UAE,18-24,Female
CUST02971,2024-09-15,Influencer,USA,35-44,Female
CUST02972,2024-05-10,Email/Referral,India,45-54,Female
CUST02973,2025-03-31,Email/Referral,Kuwait,25-34,Male
CUST02974,2025-02-28,Email/Referral,Kuwait,25-34,Female
CUST02975,2024-09-17,Email/Referral,UAE,25-34,Female
CUST02976,2024-02-16,Meta Ads,Kuwait,35-44,Male
CUST02977,2025-05-02,Meta Ads,Saudi Arabia,18-24,Male
CUST02978,2024-02-07,Organic/SEO,USA,55+,Female
CUST02979,2025-02-09,Organic/SEO,India,25-34,Female
CUST02980,2025-07-12,Organic/SEO,UAE,55+,Female
CUST02981,2024-10-20,Email/Referral,UAE,35-44,Male
CUST02982,2024-06-18,Meta Ads,Saudi Arabia,35-44,Female
CUST02983,2025-02-10,Meta Ads,UAE,25-34,Female
CUST02984,2025-04-19,Influencer,Saudi Arabia,35-44,Female
CUST02985,2024-11-25,Meta Ads,UK,25-34,Female
CUST02986,2025-07-10,Email/Referral,Kuwait,25-34,Female
CUST02987,2024-03-03,Email/Referral,Saudi Arabia,45-54,Female
CUST02988,2024-11-14,Google Ads,India,45-54,Female
CUST02989,2025-02-18,Organic/SEO,UK,25-34,Female
CUST02990,2025-05-17,Email/Referral,India,35-44,Female
CUST02991,2024-05-20,Email/Referral,UK,45-54,Male
CUST02992,2025-04-09,Google Ads,India,45-54,Female
CUST02993,2024-11-27,Organic/SEO,UAE,25-34,Female
CUST02994,2024-09-25,Google Ads,USA,55+,Female
CUST02995,2024-04-21,Meta Ads,USA,25-34,Female
CUST02996,2025-05-18,Influencer,UK,18-24,Male
CUST02997,2024-05-06,Organic/SEO,India,45-54,Female
CUST02998,2024-07-29,Google Ads,Kuwait,25-34,Female
CUST02999,2024-07-17,Influencer,USA,55+,Female
CUST03000,2025-05-22,Meta Ads,UK,25-34,Female
CUST03001,2025-01-19,Email/Referral,Saudi Arabia,25-34,Female
CUST03002,2025-04-07,Meta Ads,USA,45-54,Female
CUST03003,2024-06-25,Google Ads,Kuwait,35-44,Female
CUST03004,2024-12-23,Organic/SEO,UK,18-24,Female
CUST03005,2024-12-03,Meta Ads,Kuwait,18-24,Male
CUST03006,2025-04-29,Organic/SEO,UK,45-54,Female
CUST03007,2025-06-10,Organic/SEO,Saudi Arabia,55+,Female
CUST03008,2024-02-08,Google Ads,UAE,25-34,Other
CUST03009,2025-01-20,Meta Ads,USA,25-34,Female
CUST03010,2024-03-03,Google Ads,Saudi Arabia,25-34,Female
CUST03011,2024-11-26,Organic/SEO,USA,45-54,Female
CUST03012,2024-07-16,Influencer,UK,45-54,Female
CUST03013,2024-07-27,Organic/SEO,UAE,35-44,Female
CUST03014,2024-08-29,Meta Ads,Saudi Arabia,18-24,Female
CUST03015,2024-12-22,Meta Ads,UK,25-34,Male
CUST03016,2024-08-15,Email/Referral,UK,55+,Female
CUST03017,2025-02-27,Meta Ads,India,45-54,Female
CUST03018,2024-09-30,Influencer,UK,25-34,Female
CUST03019,2024-03-13,Influencer,UAE,18-24,Female
CUST03020,2025-03-30,Email/Referral,Saudi Arabia,25-34,Female
CUST03021,2024-07-15,Google Ads,Saudi Arabia,45-54,Female
CUST03022,2024-10-17,Email/Referral,USA,45-54,Female
CUST03023,2025-01-28,Influencer,UAE,55+,Female
CUST03024,2024-08-14,Meta Ads,India,35-44,Female
CUST03025,2024-03-06,Google Ads,USA,55+,Female
CUST03026,2024-09-11,Meta Ads,India,25-34,Female
CUST03027,2025-06-28,Meta Ads,UAE,35-44,Male
CUST03028,2024-12-30,Google Ads,India,25-34,Female
CUST03029,2025-01-18,Organic/SEO,India,35-44,Male
CUST03030,2024-12-26,Email/Referral,UK,35-44,Other
CUST03031,2024-06-01,Organic/SEO,UAE,25-34,Male
CUST03032,2024-10-08,Email/Referral,Saudi Arabia,25-34,Male
CUST03033,2025-03-10,Meta Ads,USA,55+,Female
CUST03034,2024-04-02,Google Ads,UAE,55+,Male
CUST03035,2024-07-10,Google Ads,Saudi Arabia,25-34,Male
CUST03036,2024-07-09,Influencer,UK,35-44,Female
CUST03037,2024-10-16,Influencer,Qatar,25-34,Female
CUST03038,2025-07-19,Meta Ads,India,25-34,Female
CUST03039,2024-03-13,Email/Referral,UAE,25-34,Female
CUST03040,2024-11-18,Meta Ads,Saudi Arabia,45-54,Female
CUST03041,2024-05-20,Influencer,UAE,35-44,Female
CUST03042,2025-07-13,Email/Referral,UK,35-44,Female
CUST03043,2024-04-10,Organic/SEO,Kuwait,55+,Female
CUST03044,2024-09-29,Google Ads,India,35-44,Female
CUST03045,2025-03-02,Influencer,Kuwait,45-54,Female
CUST03046,2025-02-09,Google Ads,UK,25-34,Female
CUST03047,2024-10-11,Influencer,UK,25-34,Female
CUST03048,2024-08-24,Email/Referral,India,25-34,Female
CUST03049,2024-09-25,Organic/SEO,UAE,35-44,Female
CUST03050,2024-07-02,Meta Ads,UAE,35-44,Female
CUST03051,2024-06-04,Meta Ads,UAE,45-54,Female
CUST03052,2024-11-08,Email/Referral,Saudi Arabia,25-34,Female
CUST03053,2024-07-04,Meta Ads,Saudi Arabia,18-24,Female
CUST03054,2024-07-16,Organic/SEO,Kuwait,25-34,Female
CUST03055,2025-01-08,Google Ads,UAE,55+,Female
CUST03056,2025-07-11,Meta Ads,UK,25-34,Female
CUST03057,2024-12-15,Influencer,Qatar,18-24,Female
CUST03058,2024-03-18,Meta Ads,Qatar,25-34,Female
CUST03059,2024-03-18,Google Ads,UAE,45-54,Female
CUST03060,2025-07-01,Email/Referral,Qatar,18-24,Female
CUST03061,2024-07-22,Meta Ads,UAE,25-34,Male
CUST03062,2024-03-28,Email/Referral,India,25-34,Male
CUST03063,2024-12-13,Organic/SEO,Kuwait,18-24,Female
CUST03064,2024-12-23,Organic/SEO,UAE,18-24,Female
CUST03065,2025-01-02,Email/Referral,Kuwait,35-44,Female
CUST03066,2024-07-03,Meta Ads,Saudi Arabia,18-24,Female
CUST03067,2024-02-10,Email/Referral,Saudi Arabia,35-44,Other
CUST03068,2025-07-09,Email/Referral,Kuwait,45-54,Female
CUST03069,2024-06-25,Google Ads,Saudi Arabia,18-24,Female
CUST03070,2025-01-22,Meta Ads,Saudi Arabia,25-34,Male
CUST03071,2025-02-11,Meta Ads,Saudi Arabia,25-34,Male
CUST03072,2024-12-18,Email/Referral,USA,45-54,Female
CUST03073,2024-07-31,Organic/SEO,UAE,25-34,Female
CUST03074,2024-07-06,Meta Ads,India,25-34,Female
CUST03075,2024-12-13,Google Ads,India,25-34,Female
CUST03076,2025-05-19,Google Ads,UAE,45-54,Female
CUST03077,2025-06-29,Google Ads,UAE,18-24,Female
CUST03078,2024-04-05,Influencer,India,25-34,Other
CUST03079,2024-05-05,Organic/SEO,USA,35-44,Female
CUST03080,2025-06-28,Meta Ads,Kuwait,25-34,Female
CUST03081,2025-03-01,Email/Referral,India,35-44,Female
CUST03082,2025-05-29,Google Ads,UAE,25-34,Female
CUST03083,2024-06-02,Email/Referral,UAE,35-44,Male
CUST03084,2024-12-09,Organic/SEO,India,18-24,Female
CUST03085,2025-02-07,Influencer,Kuwait,18-24,Male
CUST03086,2025-01-25,Email/Referral,UK,18-24,Female
CUST03087,2024-10-02,Meta Ads,India,18-24,Male
CUST03088,2024-02-10,Meta Ads,UK,45-54,Female
CUST03089,2024-12-07,Meta Ads,USA,45-54,Other
CUST03090,2024-06-26,Email/Referral,USA,25-34,Male
CUST03091,2024-10-27,Meta Ads,UAE,25-34,Female
CUST03092,2025-07-05,Email/Referral,Saudi Arabia,25-34,Male
CUST03093,2024-09-26,Influencer,UAE,45-54,Female
CUST03094,2025-05-03,Meta Ads,UK,25-34,Female
CUST03095,2024-05-25,Meta Ads,Kuwait,35-44,Female
CUST03096,2025-01-19,Influencer,India,25-34,Female
CUST03097,2025-07-16,Google Ads,UK,25-34,Female
CUST03098,2024-04-03,Meta Ads,Kuwait,25-34,Female
CUST03099,2024-02-06,Meta Ads,Kuwait,25-34,Female
CUST03100,2024-10-17,Email/Referral,Saudi Arabia,25-34,Female
CUST03101,2024-03-28,Influencer,UAE,18-24,Male
CUST03102,2025-03-08,Email/Referral,Qatar,25-34,Female
CUST03103,2025-06-14,Meta Ads,Qatar,25-34,Female
CUST03104,2024-10-18,Meta Ads,USA,18-24,Female
CUST03105,2024-06-29,Organic/SEO,UAE,35-44,Female
CUST03106,2024-10-18,Meta Ads,India,18-24,Male
CUST03107,2025-02-21,Organic/SEO,UAE,25-34,Female
CUST03108,2024-02-06,Influencer,Kuwait,25-34,Male
CUST03109,2024-12-10,Email/Referral,Saudi Arabia,25-34,Female
CUST03110,2024-12-19,Google Ads,UAE,25-34,Female
CUST03111,2024-12-28,Meta Ads,UAE,35-44,Female
CUST03112,2024-06-21,Email/Referral,UAE,25-34,Female
CUST03113,2025-02-15,Influencer,UAE,55+,Female
CUST03114,2024-03-27,Influencer,Saudi Arabia,25-34,Female
CUST03115,2024-06-01,Meta Ads,Kuwait,25-34,Female
CUST03116,2025-05-26,Meta Ads,UAE,25-34,Female
CUST03117,2025-03-02,Organic/SEO,UK,18-24,Female
CUST03118,2024-02-09,Influencer,India,18-24,Female
CUST03119,2024-06-24,Email/Referral,Kuwait,35-44,Female
CUST03120,2024-06-08,Influencer,Saudi Arabia,35-44,Female
CUST03121,2024-07-06,Influencer,Saudi Arabia,55+,Female
CUST03122,2024-06-23,Email/Referral,UAE,25-34,Female
CUST03123,2024-03-10,Meta Ads,India,18-24,Male
CUST03124,2024-11-01,Email/Referral,Kuwait,25-34,Female
CUST03125,2025-02-27,Organic/SEO,UAE,25-34,Female
CUST03126,2024-12-16,Google Ads,UAE,25-34,Male
CUST03127,2025-01-19,Google Ads,Kuwait,25-34,Female
CUST03128,2024-03-21,Organic/SEO,Saudi Arabia,25-34,Female
CUST03129,2025-07-01,Meta Ads,Saudi Arabia,35-44,Female
CUST03130,2025-05-02,Meta Ads,UAE,18-24,Male
CUST03131,2025-04-12,Influencer,India,45-54,Female
CUST03132,2025-04-23,Organic/SEO,Saudi Arabia,35-44,Female
CUST03133,2025-06-22,Meta Ads,UAE,35-44,Female
CUST03134,2024-11-25,Organic/SEO,USA,35-44,Female
CUST03135,2024-06-01,Meta Ads,India,18-24,Female
CUST03136,2024-12-20,Google Ads,UAE,25-34,Female
CUST03137,2025-03-05,Google Ads,UK,25-34,Female
CUST03138,2025-03-02,Influencer,UAE,25-34,Male
CUST03139,2024-11-18,Meta Ads,Saudi Arabia,25-34,Male
CUST03140,2024-03-13,Meta Ads,Kuwait,25-34,Male
CUST03141,2024-09-09,Influencer,UK,45-54,Female
CUST03142,2025-06-16,Organic/SEO,UAE,18-24,Male
CUST03143,2024-12-08,Meta Ads,USA,25-34,Male
CUST03144,2024-11-23,Meta Ads,UAE,25-34,Male
CUST03145,2024-07-04,Google Ads,Kuwait,35-44,Male
CUST03146,2024-09-08,Google Ads,UK,25-34,Female
CUST03147,2025-06-05,Influencer,Kuwait,18-24,Female
CUST03148,2025-01-15,Google Ads,India,18-24,Female
CUST03149,2025-04-01,Google Ads,Qatar,35-44,Male
CUST03150,2024-10-30,Email/Referral,UK,18-24,Female
CUST03151,2024-12-25,Organic/SEO,UAE,25-34,Female
CUST03152,2024-06-24,Meta Ads,UAE,35-44,Male
CUST03153,2025-02-10,Email/Referral,India,18-24,Male
CUST03154,2024-10-14,Email/Referral,Kuwait,25-34,Male
CUST03155,2024-10-23,Email/Referral,Kuwait,18-24,Female
CUST03156,2025-01-02,Meta Ads,Saudi Arabia,18-24,Other
CUST03157,2025-06-24,Organic/SEO,UK,55+,Female
CUST03158,2024-03-10,Organic/SEO,Kuwait,18-24,Female
CUST03159,2025-04-24,Organic/SEO,UAE,45-54,Female
CUST03160,2024-07-19,Meta Ads,USA,18-24,Female
CUST03161,2024-10-24,Google Ads,Kuwait,25-34,Male
CUST03162,2024-02-14,Meta Ads,UAE,25-34,Female
CUST03163,2024-07-24,Google Ads,UAE,35-44,Female
CUST03164,2024-11-13,Google Ads,UAE,25-34,Female
CUST03165,2024-03-06,Email/Referral,India,35-44,Female
CUST03166,2024-11-10,Google Ads,Kuwait,25-34,Female
CUST03167,2025-06-19,Influencer,UK,25-34,Male
CUST03168,2024-04-05,Email/Referral,USA,25-34,Female
CUST03169,2025-03-18,Email/Referral,UK,25-34,Female
CUST03170,2024-10-03,Meta Ads,Kuwait,45-54,Female
CUST03171,2025-01-07,Influencer,Saudi Arabia,25-34,Female
CUST03172,2024-06-29,Organic/SEO,USA,18-24,Female
CUST03173,2024-05-08,Google Ads,UAE,35-44,Female
CUST03174,2024-05-08,Email/Referral,UAE,18-24,Male
CUST03175,2024-03-14,Email/Referral,India,18-24,Female
CUST03176,2024-05-24,Email/Referral,Saudi Arabia,45-54,Male
CUST03177,2025-01-13,Meta Ads,UAE,35-44,Female
CUST03178,2025-05-28,Organic/SEO,UAE,18-24,Male
CUST03179,2025-04-17,Meta Ads,USA,25-34,Female
CUST03180,2025-01-28,Meta Ads,Saudi Arabia,25-34,Female
CUST03181,2024-04-08,Meta Ads,Qatar,35-44,Female
CUST03182,2024-07-17,Meta Ads,UK,45-54,Female
CUST03183,2024-07-29,Meta Ads,UAE,18-24,Female
CUST03184,2024-06-25,Meta Ads,India,55+,Female
CUST03185,2024-11-17,Organic/SEO,UAE,18-24,Female
CUST03186,2024-11-22,Email/Referral,UAE,35-44,Female
CUST03187,2024-09-01,Influencer,India,25-34,Female
CUST03188,2024-08-29,Organic/SEO,UK,25-34,Female
CUST03189,2025-04-26,Email/Referral,UAE,35-44,Female
CUST03190,2025-04-02,Meta Ads,Saudi Arabia,35-44,Female
CUST03191,2024-07-28,Organic/SEO,UAE,35-44,Female
CUST03192,2025-06-13,Meta Ads,UK,18-24,Female
CUST03193,2025-07-02,Email/Referral,Saudi Arabia,35-44,Female
CUST03194,2024-08-10,Meta Ads,UAE,45-54,Female
CUST03195,2024-08-30,Organic/SEO,Saudi Arabia,25-34,Female
CUST03196,2024-11-14,Meta Ads,Qatar,18-24,Female
CUST03197,2025-06-26,Meta Ads,Saudi Arabia,25-34,Female
CUST03198,2025-05-25,Email/Referral,USA,55+,Female
CUST03199,2024-04-03,Email/Referral,Saudi Arabia,18-24,Female
CUST03200,2024-09-22,Google Ads,UAE,18-24,Female
CUST03201,2024-11-27,Email/Referral,India,25-34,Female
CUST03202,2024-11-13,Organic/SEO,UK,18-24,Female
CUST03203,2024-05-29,Meta Ads,UAE,25-34,Female
CUST03204,2025-05-14,Meta Ads,UAE,25-34,Female
CUST03205,2025-01-22,Email/Referral,India,25-34,Female
CUST03206,2025-05-02,Organic/SEO,Saudi Arabia,45-54,Female
CUST03207,2025-05-14,Email/Referral,UAE,55+,Female
CUST03208,2025-03-08,Meta Ads,Saudi Arabia,25-34,Female
CUST03209,2024-10-21,Email/Referral,USA,25-34,Female
CUST03210,2024-12-18,Meta Ads,UAE,35-44,Female
CUST03211,2024-05-08,Google Ads,UAE,18-24,Female
CUST03212,2025-01-20,Organic/SEO,USA,45-54,Female
CUST03213,2024-05-20,Email/Referral,UAE,25-34,Female
CUST03214,2025-02-03,Meta Ads,Saudi Arabia,25-34,Male
CUST03215,2024-06-15,Meta Ads,Kuwait,55+,Male
CUST03216,2024-04-12,Influencer,India,25-34,Female
CUST03217,2024-05-11,Meta Ads,Saudi Arabia,35-44,Male
CUST03218,2024-02-02,Meta Ads,India,25-34,Male
CUST03219,2025-02-18,Google Ads,Saudi Arabia,18-24,Female
CUST03220,2025-02-26,Meta Ads,UK,35-44,Female
CUST03221,2024-11-17,Google Ads,India,45-54,Male
CUST03222,2024-05-09,Meta Ads,Saudi Arabia,35-44,Male
CUST03223,2024-03-22,Meta Ads,UAE,45-54,Female
CUST03224,2024-02-12,Meta Ads,India,25-34,Male
CUST03225,2024-05-11,Google Ads,UAE,25-34,Female
CUST03226,2025-06-02,Email/Referral,India,25-34,Male
CUST03227,2024-06-21,Influencer,Qatar,35-44,Female
CUST03228,2024-08-30,Organic/SEO,UK,18-24,Male
CUST03229,2024-04-05,Meta Ads,USA,25-34,Male
CUST03230,2024-06-12,Meta Ads,UAE,18-24,Female
CUST03231,2024-11-18,Influencer,UK,18-24,Female
CUST03232,2024-12-17,Email/Referral,UAE,35-44,Female
CUST03233,2024-06-22,Influencer,UK,18-24,Female
CUST03234,2024-03-07,Meta Ads,UK,25-34,Female
CUST03235,2024-09-21,Meta Ads,Qatar,18-24,Male
CUST03236,2024-06-17,Influencer,Saudi Arabia,25-34,Female
CUST03237,2024-06-10,Influencer,India,35-44,Female
CUST03238,2025-07-06,Meta Ads,USA,18-24,Female
CUST03239,2024-12-20,Influencer,India,45-54,Female
CUST03240,2024-11-28,Organic/SEO,UAE,18-24,Female
CUST03241,2024-10-06,Meta Ads,India,45-54,Female
CUST03242,2024-10-15,Organic/SEO,Qatar,25-34,Female
CUST03243,2024-11-24,Organic/SEO,Saudi Arabia,25-34,Female
CUST03244,2025-02-05,Influencer,Saudi Arabia,18-24,Male
CUST03245,2025-02-08,Organic/SEO,Saudi Arabia,18-24,Male
CUST03246,2024-05-15,Meta Ads,UAE,35-44,Female
CUST03247,2024-11-12,Meta Ads,USA,25-34,Female
CUST03248,2024-10-04,Meta Ads,UAE,18-24,Male
CUST03249,2025-05-22,Google Ads,Saudi Arabia,35-44,Female
CUST03250,2024-12-26,Meta Ads,UK,25-34,Female
CUST03251,2024-11-21,Influencer,India,18-24,Female
CUST03252,2024-04-11,Meta Ads,India,18-24,Female
CUST03253,2024-12-16,Influencer,Saudi Arabia,45-54,Female
CUST03254,2024-04-12,Meta Ads,India,45-54,Female
CUST03255,2024-08-18,Meta Ads,India,25-34,Female
CUST03256,2024-04-28,Meta Ads,India,25-34,Female
CUST03257,2025-02-02,Meta Ads,UAE,25-34,Female
CUST03258,2024-06-04,Influencer,UK,25-34,Female
CUST03259,2024-09-22,Meta Ads,UAE,35-44,Female
CUST03260,2025-06-05,Email/Referral,UAE,25-34,Female
CUST03261,2024-06-03,Organic/SEO,UK,45-54,Male
CUST03262,2024-11-15,Google Ads,UAE,35-44,Female
CUST03263,2024-10-09,Email/Referral,UAE,25-34,Female
CUST03264,2024-02-12,Meta Ads,UAE,25-34,Female
CUST03265,2025-04-04,Organic/SEO,UK,25-34,Female
CUST03266,2024-03-14,Organic/SEO,Kuwait,25-34,Female
CUST03267,2024-11-05,Organic/SEO,UK,45-54,Female
CUST03268,2024-11-29,Meta Ads,UAE,18-24,Female
CUST03269,2024-12-25,Meta Ads,UAE,18-24,Female
CUST03270,2025-01-31,Organic/SEO,Qatar,18-24,Female
CUST03271,2024-06-26,Influencer,Qatar,35-44,Female
CUST03272,2024-02-07,Meta Ads,UK,25-34,Female
CUST03273,2025-02-21,Meta Ads,UAE,25-34,Male
CUST03274,2024-11-22,Email/Referral,Kuwait,18-24,Female
CUST03275,2025-05-01,Email/Referral,USA,45-54,Male
CUST03276,2025-04-22,Meta Ads,UAE,35-44,Female
CUST03277,2025-05-05,Email/Referral,UK,25-34,Female
CUST03278,2024-11-08,Influencer,UAE,35-44,Female
CUST03279,2024-08-15,Google Ads,Saudi Arabia,18-24,Female
CUST03280,2025-04-03,Google Ads,UAE,18-24,Male
CUST03281,2024-10-28,Influencer,Qatar,45-54,Female
CUST03282,2024-05-22,Organic/SEO,UAE,25-34,Female
CUST03283,2025-05-12,Email/Referral,UAE,35-44,Male
CUST03284,2025-05-29,Email/Referral,UAE,25-34,Male
CUST03285,2024-11-03,Influencer,UK,35-44,Female
CUST03286,2024-03-18,Organic/SEO,UAE,18-24,Female
CUST03287,2024-09-19,Organic/SEO,India,25-34,Male
CUST03288,2025-04-11,Organic/SEO,India,25-34,Female
CUST03289,2025-06-08,Google Ads,India,25-34,Other
CUST03290,2024-06-03,Organic/SEO,UAE,35-44,Male
CUST03291,2024-03-12,Influencer,Saudi Arabia,55+,Female
CUST03292,2025-05-26,Meta Ads,UAE,45-54,Female
CUST03293,2024-09-20,Google Ads,India,35-44,Male
CUST03294,2024-11-24,Meta Ads,Kuwait,55+,Female
CUST03295,2025-07-11,Meta Ads,India,35-44,Male
CUST03296,2024-03-12,Influencer,Qatar,35-44,Male
CUST03297,2025-01-02,Google Ads,USA,45-54,Other
CUST03298,2024-03-17,Google Ads,India,25-34,Female
CUST03299,2024-09-12,Influencer,Kuwait,35-44,Female
CUST03300,2025-04-11,Organic/SEO,Saudi Arabia,25-34,Male
CUST03301,2024-10-17,Google Ads,Kuwait,25-34,Male
CUST03302,2025-07-29,Meta Ads,Saudi Arabia,25-34,Female
CUST03303,2024-11-29,Meta Ads,India,25-34,Male
CUST03304,2024-08-06,Email/Referral,UAE,18-24,Male
CUST03305,2024-06-11,Google Ads,UAE,18-24,Female
CUST03306,2024-08-27,Email/Referral,UAE,25-34,Male
CUST03307,2024-09-10,Google Ads,UAE,35-44,Female
CUST03308,2024-03-13,Meta Ads,UAE,18-24,Female
CUST03309,2024-09-08,Meta Ads,UAE,55+,Female
CUST03310,2024-11-03,Google Ads,Saudi Arabia,35-44,Female
CUST03311,2025-02-21,Google Ads,UAE,25-34,Female
CUST03312,2025-01-08,Google Ads,India,18-24,Female
CUST03313,2025-02-12,Meta Ads,Saudi Arabia,18-24,Female
CUST03314,2024-02-06,Email/Referral,Saudi Arabia,25-34,Female
CUST03315,2024-06-09,Influencer,India,25-34,Male
CUST03316,2025-01-11,Google Ads,UAE,18-24,Female
CUST03317,2024-11-08,Email/Referral,Saudi Arabia,25-34,Female
CUST03318,2024-02-04,Organic/SEO,UK,45-54,Female
CUST03319,2025-04-11,Organic/SEO,UAE,55+,Female
CUST03320,2025-03-23,Meta Ads,USA,45-54,Female
CUST03321,2024-11-26,Google Ads,UAE,18-24,Male
CUST03322,2024-03-12,Organic/SEO,Kuwait,25-34,Female
CUST03323,2025-03-19,Google Ads,UK,25-34,Male
CUST03324,2024-12-08,Influencer,UAE,35-44,Female
CUST03325,2025-03-29,Google Ads,Kuwait,25-34,Female
CUST03326,2025-03-10,Meta Ads,Saudi Arabia,18-24,Female
CUST03327,2025-04-10,Organic/SEO,UAE,25-34,Female
CUST03328,2024-11-17,Organic/SEO,USA,45-54,Female
CUST03329,2024-04-26,Meta Ads,UAE,25-34,Female
CUST03330,2025-01-18,Organic/SEO,UAE,25-34,Female
CUST03331,2024-12-22,Email/Referral,UAE,18-24,Female
CUST03332,2025-03-04,Email/Referral,India,25-34,Female
CUST03333,2024-05-14,Influencer,UAE,25-34,Female
CUST03334,2024-05-29,Influencer,UAE,25-34,Female
CUST03335,2025-06-02,Influencer,Saudi Arabia,18-24,Female
CUST03336,2025-03-09,Email/Referral,Saudi Arabia,25-34,Male
CUST03337,2025-06-11,Email/Referral,Kuwait,18-24,Female
CUST03338,2025-03-14,Influencer,UK,25-34,Other
CUST03339,2024-12-13,Google Ads,UAE,18-24,Male
CUST03340,2025-01-06,Meta Ads,Saudi Arabia,25-34,Female
CUST03341,2025-06-02,Meta Ads,UAE,35-44,Female
CUST03342,2024-12-06,Meta Ads,USA,18-24,Female
CUST03343,2024-12-26,Influencer,UAE,45-54,Female
CUST03344,2024-05-06,Email/Referral,USA,35-44,Female
CUST03345,2024-11-05,Google Ads,Saudi Arabia,18-24,Female
CUST03346,2025-02-17,Influencer,India,35-44,Female
CUST03347,2024-07-06,Meta Ads,India,45-54,Female
CUST03348,2024-06-02,Google Ads,Qatar,25-34,Female
CUST03349,2024-08-01,Organic/SEO,USA,25-34,Female
CUST03350,2024-06-21,Meta Ads,UAE,25-34,Male
CUST03351,2024-06-08,Organic/SEO,UAE,35-44,Male
CUST03352,2024-10-12,Google Ads,India,45-54,Female
CUST03353,2025-06-10,Meta Ads,India,35-44,Male
CUST03354,2024-11-14,Influencer,UK,18-24,Female
CUST03355,2024-05-25,Meta Ads,USA,25-34,Female
CUST03356,2024-03-18,Meta Ads,UAE,45-54,Female
CUST03357,2025-02-04,Influencer,Saudi Arabia,25-34,Female
CUST03358,2024-09-16,Organic/SEO,Kuwait,25-34,Female
CUST03359,2025-04-22,Meta Ads,Saudi Arabia,45-54,Female
CUST03360,2025-01-10,Google Ads,Kuwait,35-44,Female
CUST03361,2025-04-06,Email/Referral,India,35-44,Female
CUST03362,2024-07-06,Google Ads,UAE,25-34,Female
CUST03363,2025-02-02,Google Ads,India,25-34,Female
CUST03364,2024-07-01,Meta Ads,UAE,25-34,Female
CUST03365,2025-06-25,Email/Referral,Kuwait,25-34,Female
CUST03366,2024-12-28,Meta Ads,USA,25-34,Female
CUST03367,2024-08-08,Meta Ads,Saudi Arabia,35-44,Female
CUST03368,2024-07-05,Email/Referral,UAE,35-44,Female
CUST03369,2024-05-27,Influencer,Saudi Arabia,25-34,Female
CUST03370,2025-02-03,Organic/SEO,India,18-24,Female
CUST03371,2024-06-10,Email/Referral,India,25-34,Male
CUST03372,2024-12-12,Organic/SEO,UAE,35-44,Female
CUST03373,2024-07-02,Meta Ads,Saudi Arabia,25-34,Female
CUST03374,2025-01-12,Google Ads,UAE,35-44,Female
CUST03375,2025-04-18,Email/Referral,USA,55+,Female
CUST03376,2025-03-26,Meta Ads,Kuwait,45-54,Female
CUST03377,2025-03-16,Email/Referral,India,25-34,Female
CUST03378,2024-05-25,Meta Ads,UAE,25-34,Other
CUST03379,2024-03-25,Influencer,Saudi Arabia,25-34,Female
CUST03380,2025-02-06,Meta Ads,Saudi Arabia,35-44,Female
CUST03381,2024-09-08,Organic/SEO,UAE,25-34,Female
CUST03382,2024-10-17,Organic/SEO,Kuwait,35-44,Female
CUST03383,2024-02-19,Email/Referral,India,18-24,Female
CUST03384,2024-06-29,Influencer,UAE,25-34,Female
CUST03385,2024-02-21,Influencer,India,25-34,Female
CUST03386,2025-05-27,Organic/SEO,UAE,25-34,Female
CUST03387,2024-06-22,Meta Ads,USA,35-44,Female
CUST03388,2024-11-28,Influencer,Qatar,18-24,Female
CUST03389,2024-02-24,Email/Referral,UAE,25-34,Female
CUST03390,2025-01-15,Organic/SEO,UAE,25-34,Female
CUST03391,2024-08-07,Meta Ads,UAE,18-24,Female
CUST03392,2025-06-06,Meta Ads,India,35-44,Female
CUST03393,2025-06-01,Meta Ads,UAE,18-24,Female
CUST03394,2024-08-09,Google Ads,UK,25-34,Female
CUST03395,2025-06-07,Google Ads,India,25-34,Male
CUST03396,2025-07-28,Google Ads,USA,25-34,Female
CUST03397,2025-04-24,Google Ads,India,45-54,Female
CUST03398,2025-05-06,Google Ads,UK,35-44,Female
CUST03399,2024-06-24,Google Ads,USA,25-34,Female
CUST03400,2024-12-05,Google Ads,UAE,25-34,Female
CUST03401,2024-03-12,Influencer,Saudi Arabia,18-24,Male
CUST03402,2024-03-29,Meta Ads,UK,25-34,Male
CUST03403,2025-07-30,Google Ads,Saudi Arabia,25-34,Female
CUST03404,2024-08-10,Organic/SEO,Kuwait,18-24,Female
CUST03405,2025-03-08,Meta Ads,Saudi Arabia,55+,Female
CUST03406,2025-04-13,Meta Ads,USA,35-44,Female
CUST03407,2025-05-14,Organic/SEO,USA,55+,Female
CUST03408,2025-07-29,Organic/SEO,UAE,45-54,Female
CUST03409,2024-06-21,Influencer,UAE,18-24,Male
CUST03410,2024-02-25,Google Ads,UAE,45-54,Female
CUST03411,2024-10-04,Email/Referral,UAE,25-34,Female
CUST03412,2024-04-20,Meta Ads,UAE,18-24,Female
CUST03413,2024-02-14,Organic/SEO,Qatar,45-54,Female
CUST03414,2024-09-03,Google Ads,Kuwait,45-54,Female
CUST03415,2025-03-30,Organic/SEO,UAE,35-44,Female
CUST03416,2024-12-01,Meta Ads,USA,18-24,Female
CUST03417,2024-07-31,Google Ads,UK,35-44,Female
CUST03418,2025-01-06,Email/Referral,UAE,18-24,Male
CUST03419,2024-06-16,Organic/SEO,India,18-24,Female
CUST03420,2024-02-09,Meta Ads,UAE,18-24,Female
CUST03421,2025-03-18,Meta Ads,USA,45-54,Female
CUST03422,2024-12-23,Meta Ads,UAE,18-24,Female
CUST03423,2025-03-17,Meta Ads,India,35-44,Female
CUST03424,2024-02-24,Google Ads,UAE,25-34,Male
CUST03425,2025-05-01,Influencer,Saudi Arabia,25-34,Female
CUST03426,2024-12-21,Google Ads,Qatar,45-54,Female
CUST03427,2024-11-30,Influencer,UK,35-44,Female
CUST03428,2024-12-23,Google Ads,Saudi Arabia,25-34,Female
CUST03429,2025-05-18,Organic/SEO,UAE,35-44,Female
CUST03430,2024-12-09,Meta Ads,India,25-34,Female
CUST03431,2024-12-07,Google Ads,Saudi Arabia,18-24,Female
CUST03432,2025-07-25,Google Ads,India,18-24,Male
CUST03433,2025-03-13,Organic/SEO,UK,35-44,Female
CUST03434,2024-10-23,Meta Ads,UAE,25-34,Female
CUST03435,2025-02-11,Google Ads,Saudi Arabia,25-34,Male
CUST03436,2024-09-20,Google Ads,Saudi Arabia,18-24,Male
CUST03437,2024-06-15,Email/Referral,Kuwait,25-34,Female
CUST03438,2024-12-13,Google Ads,Saudi Arabia,35-44,Female
CUST03439,2025-06-20,Influencer,Saudi Arabia,25-34,Female
CUST03440,2025-06-20,Email/Referral,USA,25-34,Female
CUST03441,2024-08-21,Meta Ads,Kuwait,18-24,Other
CUST03442,2024-11-20,Meta Ads,UK,25-34,Female
CUST03443,2024-06-07,Meta Ads,India,18-24,Female
CUST03444,2025-07-28,Organic/SEO,Saudi Arabia,35-44,Female
CUST03445,2025-07-19,Meta Ads,India,18-24,Female
CUST03446,2025-01-03,Google Ads,UK,18-24,Female
CUST03447,2025-04-11,Organic/SEO,India,18-24,Male
CUST03448,2025-02-16,Email/Referral,Saudi Arabia,35-44,Female
CUST03449,2024-12-11,Organic/SEO,UAE,18-24,Male
CUST03450,2024-03-04,Meta Ads,Saudi Arabia,25-34,Female
CUST03451,2024-10-30,Meta Ads,Qatar,18-24,Female
CUST03452,2025-01-21,Google Ads,USA,18-24,Female
CUST03453,2025-01-23,Meta Ads,Kuwait,18-24,Female
CUST03454,2024-09-10,Email/Referral,UAE,25-34,Female
CUST03455,2025-06-26,Google Ads,Qatar,45-54,Female
CUST03456,2024-05-12,Meta Ads,Saudi Arabia,45-54,Female
CUST03457,2024-11-13,Email/Referral,USA,55+,Female
CUST03458,2025-02-01,Influencer,Kuwait,35-44,Female
CUST03459,2025-02-05,Influencer,India,35-44,Male
CUST03460,2025-01-02,Influencer,UK,35-44,Female
CUST03461,2024-07-08,Meta Ads,USA,25-34,Female
CUST03462,2024-05-06,Email/Referral,Saudi Arabia,55+,Other
CUST03463,2024-12-27,Meta Ads,India,35-44,Female
CUST03464,2024-12-14,Organic/SEO,India,45-54,Female
CUST03465,2024-05-20,Email/Referral,Saudi Arabia,18-24,Female
CUST03466,2025-02-10,Google Ads,Saudi Arabia,35-44,Female
CUST03467,2024-10-30,Meta Ads,UAE,18-24,Female
CUST03468,2025-01-16,Email/Referral,UAE,25-34,Male
CUST03469,2025-05-01,Google Ads,USA,18-24,Female
CUST03470,2024-05-14,Meta Ads,Kuwait,18-24,Female
CUST03471,2024-02-12,Email/Referral,Saudi Arabia,55+,Female
CUST03472,2025-03-27,Google Ads,USA,25-34,Female
CUST03473,2024-12-17,Meta Ads,UAE,25-34,Female
CUST03474,2025-02-06,Meta Ads,UAE,35-44,Female
CUST03475,2025-05-02,Google Ads,Saudi Arabia,18-24,Male
CUST03476,2025-04-10,Organic/SEO,India,55+,Female
CUST03477,2025-07-07,Meta Ads,UAE,55+,Female
CUST03478,2024-11-22,Influencer,USA,25-34,Female
CUST03479,2024-11-09,Meta Ads,Kuwait,25-34,Female
CUST03480,2024-09-28,Influencer,Qatar,35-44,Male
CUST03481,2024-05-04,Meta Ads,UAE,25-34,Other
CUST03482,2024-12-03,Meta Ads,India,35-44,Female
CUST03483,2024-07-09,Organic/SEO,UAE,18-24,Female
CUST03484,2025-06-17,Meta Ads,India,35-44,Female
CUST03485,2024-12-07,Influencer,UK,18-24,Male
CUST03486,2024-12-11,Influencer,UK,35-44,Female
CUST03487,2024-08-30,Google Ads,UAE,35-44,Female
CUST03488,2024-03-03,Organic/SEO,UAE,55+,Female
CUST03489,2024-02-20,Meta Ads,UAE,18-24,Female
CUST03490,2024-10-11,Meta Ads,India,18-24,Female
CUST03491,2024-03-23,Google Ads,UAE,18-24,Female
CUST03492,2024-12-16,Influencer,India,35-44,Female
CUST03493,2025-05-28,Meta Ads,India,45-54,Female
CUST03494,2025-05-29,Influencer,Kuwait,25-34,Female
CUST03495,2025-01-09,Meta Ads,UAE,18-24,Female
CUST03496,2024-06-06,Meta Ads,USA,25-34,Female
CUST03497,2025-05-17,Google Ads,UK,25-34,Female
CUST03498,2025-05-31,Meta Ads,UAE,25-34,Male
CUST03499,2024-05-30,Google Ads,Saudi Arabia,45-54,Female
CUST03500,2025-03-02,Influencer,UAE,35-44,Male
CUST03501,2024-07-15,Google Ads,Saudi Arabia,55+,Female
CUST03502,2025-04-10,Email/Referral,UAE,35-44,Male
CUST03503,2025-07-29,Email/Referral,UK,25-34,Female
CUST03504,2024-02-19,Influencer,UK,35-44,Female
CUST03505,2025-06-05,Meta Ads,Saudi Arabia,35-44,Female
CUST03506,2024-12-22,Meta Ads,Saudi Arabia,35-44,Female
CUST03507,2025-07-14,Google Ads,India,45-54,Other
CUST03508,2024-11-03,Influencer,India,25-34,Male
CUST03509,2025-05-08,Organic/SEO,Saudi Arabia,35-44,Female
CUST03510,2024-03-10,Google Ads,UK,18-24,Female
CUST03511,2024-08-16,Google Ads,India,35-44,Female
CUST03512,2024-03-12,Email/Referral,Kuwait,45-54,Female
CUST03513,2025-07-15,Meta Ads,Saudi Arabia,35-44,Female
CUST03514,2025-04-19,Meta Ads,UK,18-24,Female
CUST03515,2025-05-11,Email/Referral,UAE,25-34,Female
CUST03516,2025-06-25,Meta Ads,Qatar,25-34,Female
CUST03517,2024-03-23,Google Ads,Qatar,35-44,Female
CUST03518,2024-09-18,Organic/SEO,India,25-34,Female
CUST03519,2024-03-15,Email/Referral,USA,35-44,Female
CUST03520,2024-06-06,Influencer,UAE,55+,Female
CUST03521,2024-06-15,Influencer,UAE,18-24,Female
CUST03522,2024-11-04,Email/Referral,India,25-34,Female
CUST03523,2024-07-04,Meta Ads,UK,18-24,Female
CUST03524,2024-04-02,Email/Referral,UAE,18-24,Female
CUST03525,2024-05-13,Meta Ads,UK,35-44,Female
CUST03526,2024-04-30,Email/Referral,UAE,18-24,Female
CUST03527,2025-07-14,Email/Referral,Saudi Arabia,25-34,Female
CUST03528,2025-03-15,Meta Ads,Qatar,45-54,Male
CUST03529,2025-07-11,Meta Ads,UAE,35-44,Male
CUST03530,2024-10-21,Email/Referral,Qatar,18-24,Female
CUST03531,2024-07-10,Meta Ads,UK,35-44,Female
CUST03532,2025-04-08,Meta Ads,UK,25-34,Female
CUST03533,2024-08-10,Organic/SEO,Saudi Arabia,25-34,Female
CUST03534,2024-07-23,Email/Referral,UK,45-54,Female
CUST03535,2024-06-16,Email/Referral,UK,55+,Female
CUST03536,2024-04-20,Meta Ads,India,35-44,Female
CUST03537,2024-06-28,Email/Referral,UK,25-34,Female
CUST03538,2024-08-30,Google Ads,UK,18-24,Female
CUST03539,2025-01-20,Organic/SEO,UAE,18-24,Female
CUST03540,2024-03-10,Organic/SEO,UK,18-24,Other
CUST03541,2024-06-06,Meta Ads,UK,45-54,Female
CUST03542,2025-04-14,Organic/SEO,Saudi Arabia,35-44,Female
CUST03543,2024-04-30,Meta Ads,Saudi Arabia,18-24,Female
CUST03544,2024-08-21,Email/Referral,Kuwait,35-44,Female
CUST03545,2025-05-18,Organic/SEO,Qatar,45-54,Female
CUST03546,2024-05-05,Organic/SEO,India,25-34,Female
CUST03547,2024-03-22,Meta Ads,Saudi Arabia,55+,Female
CUST03548,2024-11-08,Meta Ads,India,18-24,Male
CUST03549,2024-07-25,Meta Ads,Saudi Arabia,35-44,Female
CUST03550,2024-11-30,Email/Referral,UAE,25-34,Male
CUST03551,2025-04-11,Meta Ads,UAE,25-34,Female
CUST03552,2024-04-24,Meta Ads,Saudi Arabia,18-24,Female
CUST03553,2024-12-06,Meta Ads,Saudi Arabia,25-34,Female
CUST03554,2024-11-14,Email/Referral,Saudi Arabia,35-44,Male
CUST03555,2024-04-28,Email/Referral,India,45-54,Female
CUST03556,2024-12-23,Meta Ads,UAE,25-34,Male
CUST03557,2024-07-07,Meta Ads,UAE,35-44,Female
CUST03558,2024-11-09,Meta Ads,USA,25-34,Female
CUST03559,2024-03-22,Email/Referral,USA,25-34,Female
CUST03560,2024-11-01,Influencer,UAE,25-34,Female
CUST03561,2024-07-27,Email/Referral,UK,18-24,Male
CUST03562,2025-04-22,Google Ads,UK,25-34,Female
CUST03563,2024-03-06,Meta Ads,Kuwait,35-44,Female
CUST03564,2024-10-08,Google Ads,Saudi Arabia,25-34,Female
CUST03565,2024-11-01,Meta Ads,India,25-34,Male
CUST03566,2025-02-22,Meta Ads,UAE,35-44,Female
CUST03567,2024-12-04,Email/Referral,India,18-24,Female
CUST03568,2025-01-15,Organic/SEO,UAE,55+,Male
CUST03569,2025-03-26,Google Ads,Qatar,18-24,Female
CUST03570,2025-05-17,Meta Ads,USA,35-44,Female
CUST03571,2024-08-01,Google Ads,UAE,25-34,Female
CUST03572,2024-11-23,Meta Ads,India,25-34,Female
CUST03573,2025-05-03,Influencer,Kuwait,25-34,Female
CUST03574,2025-07-24,Email/Referral,UAE,25-34,Female
CUST03575,2025-06-02,Google Ads,Qatar,25-34,Female
CUST03576,2024-09-09,Meta Ads,UAE,18-24,Female
CUST03577,2024-05-29,Meta Ads,UK,18-24,Female
CUST03578,2024-11-10,Email/Referral,UK,35-44,Female
CUST03579,2025-03-04,Meta Ads,UAE,55+,Female
CUST03580,2024-11-10,Influencer,UK,35-44,Female
CUST03581,2024-11-08,Meta Ads,UAE,18-24,Female
CUST03582,2025-05-02,Organic/SEO,USA,25-34,Female
CUST03583,2024-09-03,Influencer,UK,25-34,Female
CUST03584,2025-05-15,Influencer,UAE,25-34,Male
CUST03585,2024-10-01,Email/Referral,UK,25-34,Male
CUST03586,2024-08-11,Google Ads,UAE,25-34,Female
CUST03587,2024-10-30,Organic/SEO,USA,35-44,Female
CUST03588,2025-03-17,Meta Ads,UAE,25-34,Female
CUST03589,2024-04-17,Meta Ads,UK,25-34,Female
CUST03590,2024-05-30,Meta Ads,Saudi Arabia,25-34,Female
CUST03591,2025-07-01,Meta Ads,USA,45-54,Male
CUST03592,2024-05-17,Meta Ads,Saudi Arabia,25-34,Female
CUST03593,2024-12-01,Organic/SEO,India,25-34,Other
CUST03594,2024-12-06,Influencer,India,18-24,Female
CUST03595,2024-11-10,Google Ads,UAE,18-24,Male
CUST03596,2024-12-31,Google Ads,Saudi Arabia,25-34,Female
CUST03597,2024-06-15,Email/Referral,UAE,45-54,Female
CUST03598,2024-11-27,Meta Ads,Qatar,45-54,Male
CUST03599,2024-09-10,Influencer,Kuwait,45-54,Female
CUST03600,2025-01-11,Email/Referral,UAE,55+,Female
CUST03601,2024-04-27,Influencer,India,25-34,Female
CUST03602,2024-12-03,Meta Ads,UAE,25-34,Female
CUST03603,2024-05-23,Meta Ads,USA,35-44,Female
CUST03604,2024-07-10,Influencer,Qatar,25-34,Female
CUST03605,2024-06-10,Google Ads,India,45-54,Female
CUST03606,2024-05-22,Email/Referral,Saudi Arabia,35-44,Female
CUST03607,2025-04-24,Google Ads,Saudi Arabia,25-34,Female
CUST03608,2024-07-15,Meta Ads,Kuwait,25-34,Male
CUST03609,2025-06-19,Meta Ads,Saudi Arabia,55+,Female
CUST03610,2025-07-12,Influencer,Qatar,25-34,Female
CUST03611,2024-12-03,Organic/SEO,UAE,18-24,Female
CUST03612,2024-04-28,Email/Referral,Saudi Arabia,55+,Female
CUST03613,2024-09-11,Email/Referral,Kuwait,18-24,Male
CUST03614,2025-04-07,Influencer,UAE,25-34,Female
CUST03615,2024-09-07,Organic/SEO,Kuwait,25-34,Female
CUST03616,2024-03-25,Meta Ads,UAE,35-44,Female
CUST03617,2024-11-28,Email/Referral,Saudi Arabia,55+,Male
CUST03618,2025-05-06,Email/Referral,UAE,25-34,Female
CUST03619,2025-04-06,Influencer,UAE,35-44,Male
CUST03620,2024-05-17,Organic/SEO,India,18-24,Female
CUST03621,2025-01-19,Email/Referral,India,35-44,Female
CUST03622,2024-06-11,Organic/SEO,UAE,18-24,Female
CUST03623,2024-06-10,Organic/SEO,UAE,25-34,Female
CUST03624,2025-05-24,Google Ads,India,18-24,Female
CUST03625,2024-06-24,Organic/SEO,Saudi Arabia,35-44,Female
CUST03626,2024-07-01,Organic/SEO,Saudi Arabia,35-44,Male
CUST03627,2024-02-01,Meta Ads,Saudi Arabia,18-24,Female
CUST03628,2025-05-22,Meta Ads,USA,25-34,Female
CUST03629,2025-04-04,Meta Ads,UAE,25-34,Female
CUST03630,2024-12-24,Influencer,UAE,35-44,Female
CUST03631,2025-03-09,Email/Referral,India,45-54,Female
CUST03632,2024-05-03,Email/Referral,India,25-34,Female
CUST03633,2024-11-01,Organic/SEO,India,35-44,Female
CUST03634,2024-08-28,Google Ads,UAE,45-54,Female
CUST03635,2024-03-29,Meta Ads,India,45-54,Male
CUST03636,2024-11-09,Organic/SEO,UAE,25-34,Female
CUST03637,2025-06-16,Google Ads,UAE,35-44,Male
CUST03638,2024-02-25,Meta Ads,UAE,35-44,Female
CUST03639,2024-07-18,Email/Referral,India,25-34,Female
CUST03640,2024-06-05,Organic/SEO,USA,18-24,Female
CUST03641,2024-06-19,Email/Referral,USA,25-34,Female
CUST03642,2025-06-11,Email/Referral,India,18-24,Female
CUST03643,2024-11-04,Meta Ads,India,18-24,Female
CUST03644,2024-11-03,Google Ads,USA,18-24,Female
CUST03645,2025-03-16,Organic/SEO,UAE,35-44,Female
CUST03646,2024-05-05,Meta Ads,UAE,25-34,Female
CUST03647,2024-11-09,Influencer,UAE,35-44,Female
CUST03648,2024-10-15,Influencer,Qatar,25-34,Female
CUST03649,2024-12-13,Meta Ads,UAE,35-44,Female
CUST03650,2025-07-30,Organic/SEO,UAE,25-34,Female
CUST03651,2025-03-21,Organic/SEO,India,18-24,Female
CUST03652,2024-09-26,Email/Referral,UAE,35-44,Female
CUST03653,2025-04-25,Google Ads,USA,35-44,Female
CUST03654,2024-05-15,Organic/SEO,Qatar,25-34,Female
CUST03655,2024-02-19,Organic/SEO,India,25-34,Female
CUST03656,2024-06-03,Meta Ads,India,18-24,Female
CUST03657,2024-08-20,Google Ads,UAE,25-34,Female
CUST03658,2024-11-15,Meta Ads,USA,25-34,Female
CUST03659,2024-12-20,Meta Ads,Saudi Arabia,18-24,Female
CUST03660,2025-06-12,Meta Ads,India,18-24,Female
CUST03661,2024-11-15,Meta Ads,Saudi Arabia,25-34,Female
CUST03662,2024-11-13,Google Ads,India,25-34,Female
CUST03663,2024-03-02,Meta Ads,UAE,25-34,Female
CUST03664,2024-02-22,Meta Ads,UK,25-34,Male
CUST03665,2024-11-27,Organic/SEO,Saudi Arabia,18-24,Female
CUST03666,2024-10-20,Influencer,UAE,25-34,Female
CUST03667,2025-05-03,Email/Referral,India,35-44,Male
CUST03668,2024-05-08,Meta Ads,India,35-44,Male
CUST03669,2024-02-16,Email/Referral,UAE,18-24,Female
CUST03670,2024-10-27,Meta Ads,UAE,25-34,Male
CUST03671,2024-06-19,Meta Ads,India,25-34,Female
CUST03672,2024-03-02,Influencer,UAE,45-54,Female
CUST03673,2025-02-22,Email/Referral,Saudi Arabia,45-54,Female
CUST03674,2024-04-08,Google Ads,UK,25-34,Female
CUST03675,2024-12-17,Meta Ads,UAE,18-24,Female
CUST03676,2024-07-12,Influencer,UAE,18-24,Female
CUST03677,2024-05-16,Influencer,UK,25-34,Female
CUST03678,2024-09-15,Meta Ads,Saudi Arabia,35-44,Female
CUST03679,2025-04-10,Organic/SEO,India,25-34,Female
CUST03680,2024-09-22,Organic/SEO,UAE,45-54,Male
CUST03681,2025-03-10,Meta Ads,Qatar,25-34,Female
CUST03682,2024-04-17,Organic/SEO,UK,45-54,Female
CUST03683,2025-03-23,Google Ads,UAE,35-44,Female
CUST03684,2024-06-18,Influencer,UAE,55+,Male
CUST03685,2025-01-23,Meta Ads,UAE,25-34,Female
CUST03686,2024-12-01,Meta Ads,UAE,25-34,Male
CUST03687,2025-06-20,Google Ads,Kuwait,35-44,Female
CUST03688,2024-09-19,Google Ads,India,25-34,Female
CUST03689,2024-03-12,Email/Referral,Saudi Arabia,55+,Female
CUST03690,2024-02-12,Organic/SEO,UAE,35-44,Female
CUST03691,2025-04-25,Influencer,UAE,45-54,Female
CUST03692,2024-11-19,Email/Referral,UAE,35-44,Female
CUST03693,2025-03-25,Organic/SEO,UAE,25-34,Female
CUST03694,2024-06-17,Google Ads,UAE,18-24,Female
CUST03695,2024-08-23,Meta Ads,India,25-34,Female
CUST03696,2024-02-19,Organic/SEO,India,35-44,Female
CUST03697,2025-07-07,Influencer,India,18-24,Female
CUST03698,2025-01-16,Google Ads,Saudi Arabia,25-34,Male
CUST03699,2025-06-22,Email/Referral,UK,55+,Male
CUST03700,2024-07-02,Influencer,India,35-44,Female
CUST03701,2024-12-18,Google Ads,Saudi Arabia,25-34,Female
CUST03702,2025-01-23,Influencer,USA,45-54,Female
CUST03703,2024-08-03,Meta Ads,USA,55+,Female
CUST03704,2025-05-08,Meta Ads,USA,18-24,Female
CUST03705,2025-06-29,Influencer,Kuwait,25-34,Female
CUST03706,2025-05-30,Google Ads,UK,25-34,Female
CUST03707,2025-03-03,Email/Referral,UAE,35-44,Female
CUST03708,2024-07-10,Meta Ads,India,25-34,Female
CUST03709,2024-07-12,Organic/SEO,UAE,18-24,Female
CUST03710,2025-07-08,Meta Ads,UAE,25-34,Female
CUST03711,2024-02-07,Meta Ads,India,25-34,Female
CUST03712,2025-02-16,Google Ads,USA,35-44,Female
CUST03713,2025-02-11,Google Ads,UAE,35-44,Male
CUST03714,2024-12-22,Influencer,India,18-24,Female
CUST03715,2025-07-24,Meta Ads,Saudi Arabia,18-24,Male
CUST03716,2024-07-31,Influencer,USA,25-34,Female
CUST03717,2024-08-19,Google Ads,UK,35-44,Female
CUST03718,2024-03-20,Organic/SEO,Saudi Arabia,25-34,Female
CUST03719,2024-10-23,Google Ads,USA,18-24,Female
CUST03720,2024-06-30,Meta Ads,UAE,35-44,Female
CUST03721,2024-08-22,Meta Ads,UAE,55+,Female
CUST03722,2025-04-30,Meta Ads,Saudi Arabia,45-54,Female
CUST03723,2025-06-23,Email/Referral,UAE,18-24,Female
CUST03724,2024-05-24,Meta Ads,UK,18-24,Female
CUST03725,2024-09-10,Meta Ads,Kuwait,25-34,Male
CUST03726,2025-06-20,Google Ads,UAE,25-34,Female
CUST03727,2024-03-09,Organic/SEO,Saudi Arabia,25-34,Male
CUST03728,2024-03-28,Influencer,Qatar,45-54,Female
CUST03729,2024-05-10,Email/Referral,UAE,25-34,Female
CUST03730,2024-12-12,Organic/SEO,Qatar,35-44,Female
CUST03731,2024-05-02,Meta Ads,USA,45-54,Female
CUST03732,2025-07-11,Google Ads,Saudi Arabia,25-34,Female
CUST03733,2024-10-25,Influencer,UAE,18-24,Female
CUST03734,2024-11-13,Influencer,UAE,35-44,Female
CUST03735,2024-06-23,Email/Referral,India,18-24,Female
CUST03736,2024-11-04,Influencer,Kuwait,35-44,Female
CUST03737,2025-01-12,Meta Ads,USA,25-34,Female
CUST03738,2025-03-10,Influencer,Kuwait,25-34,Female
CUST03739,2025-03-12,Organic/SEO,USA,35-44,Male
CUST03740,2024-12-05,Influencer,UK,35-44,Female
CUST03741,2025-06-09,Organic/SEO,USA,18-24,Female
CUST03742,2025-04-19,Meta Ads,USA,25-34,Female
CUST03743,2025-03-13,Influencer,UAE,25-34,Female
CUST03744,2024-03-05,Organic/SEO,Kuwait,25-34,Male
CUST03745,2024-02-05,Email/Referral,Qatar,45-54,Female
CUST03746,2024-06-07,Organic/SEO,USA,25-34,Male
CUST03747,2025-01-13,Organic/SEO,Saudi Arabia,25-34,Male
CUST03748,2024-10-04,Meta Ads,India,18-24,Female
CUST03749,2024-09-28,Meta Ads,India,25-34,Female
CUST03750,2025-05-30,Email/Referral,India,18-24,Female
CUST03751,2025-06-05,Influencer,Qatar,25-34,Female
CUST03752,2025-06-11,Meta Ads,UK,45-54,Female
CUST03753,2024-08-01,Email/Referral,India,35-44,Female
CUST03754,2025-02-01,Meta Ads,USA,25-34,Female
CUST03755,2024-07-06,Meta Ads,Saudi Arabia,35-44,Other
CUST03756,2024-05-27,Email/Referral,India,25-34,Female
CUST03757,2024-05-23,Organic/SEO,USA,25-34,Female
CUST03758,2024-08-21,Google Ads,UAE,35-44,Female
CUST03759,2024-10-15,Influencer,India,25-34,Female
CUST03760,2025-04-27,Email/Referral,UAE,25-34,Male
CUST03761,2024-04-14,Meta Ads,USA,45-54,Female
CUST03762,2025-02-28,Organic/SEO,Saudi Arabia,25-34,Male
CUST03763,2024-11-21,Meta Ads,USA,35-44,Female
CUST03764,2024-07-16,Meta Ads,India,35-44,Male
CUST03765,2024-11-10,Meta Ads,Kuwait,45-54,Male
CUST03766,2024-07-23,Meta Ads,UK,18-24,Female
CUST03767,2024-12-12,Google Ads,India,45-54,Female
CUST03768,2024-10-17,Email/Referral,UAE,55+,Female
CUST03769,2024-05-11,Meta Ads,UAE,18-24,Female
CUST03770,2024-04-12,Organic/SEO,USA,18-24,Male
CUST03771,2024-11-25,Google Ads,UAE,35-44,Female
CUST03772,2025-06-08,Influencer,UAE,35-44,Female
CUST03773,2024-08-22,Google Ads,UAE,35-44,Female
CUST03774,2025-02-27,Influencer,Saudi Arabia,25-34,Female
CUST03775,2025-01-09,Organic/SEO,UAE,25-34,Female
CUST03776,2025-06-21,Google Ads,Saudi Arabia,25-34,Female
CUST03777,2025-04-21,Organic/SEO,Saudi Arabia,18-24,Female
CUST03778,2024-12-01,Email/Referral,UK,35-44,Female
CUST03779,2025-01-08,Influencer,UAE,45-54,Female
CUST03780,2025-06-06,Organic/SEO,Kuwait,45-54,Other
CUST03781,2024-09-27,Influencer,Kuwait,18-24,Female
CUST03782,2024-08-10,Meta Ads,Kuwait,35-44,Female
CUST03783,2024-02-07,Email/Referral,UAE,25-34,Female
CUST03784,2025-04-25,Meta Ads,Kuwait,25-34,Male
CUST03785,2025-04-09,Meta Ads,Kuwait,25-34,Female
CUST03786,2024-04-04,Email/Referral,Saudi Arabia,25-34,Other
CUST03787,2024-12-05,Email/Referral,UK,18-24,Female
CUST03788,2024-11-02,Google Ads,UAE,25-34,Male
CUST03789,2024-04-13,Email/Referral,Saudi Arabia,25-34,Female
CUST03790,2025-07-19,Email/Referral,Saudi Arabia,18-24,Female
CUST03791,2024-06-08,Email/Referral,India,25-34,Female
CUST03792,2024-03-12,Organic/SEO,UAE,25-34,Female
CUST03793,2024-12-12,Email/Referral,UAE,18-24,Male
CUST03794,2025-03-02,Google Ads,UAE,18-24,Female
CUST03795,2024-02-20,Influencer,USA,25-34,Female
CUST03796,2025-01-09,Email/Referral,Kuwait,35-44,Female
CUST03797,2024-11-21,Google Ads,Kuwait,18-24,Male
CUST03798,2024-04-03,Influencer,Kuwait,45-54,Female
CUST03799,2024-05-16,Organic/SEO,UAE,18-24,Female
CUST03800,2024-12-02,Email/Referral,UAE,25-34,Female
CUST03801,2024-07-21,Google Ads,UK,35-44,Female
CUST03802,2025-06-25,Google Ads,USA,45-54,Female
CUST03803,2025-04-20,Email/Referral,USA,18-24,Female
CUST03804,2025-07-20,Meta Ads,UAE,25-34,Female
CUST03805,2024-06-29,Email/Referral,UAE,35-44,Female
CUST03806,2025-07-12,Organic/SEO,Saudi Arabia,35-44,Other
CUST03807,2024-10-16,Google Ads,UK,25-34,Male
CUST03808,2024-08-25,Meta Ads,Saudi Arabia,35-44,Female
CUST03809,2024-03-02,Organic/SEO,Saudi Arabia,18-24,Female
CUST03810,2024-03-04,Meta Ads,USA,18-24,Female
CUST03811,2025-02-02,Meta Ads,UAE,55+,Female
CUST03812,2024-11-01,Influencer,UAE,25-34,Other
CUST03813,2024-06-14,Email/Referral,UK,25-34,Female
CUST03814,2024-12-19,Meta Ads,UK,45-54,Female
CUST03815,2024-06-26,Influencer,Saudi Arabia,25-34,Female
CUST03816,2024-12-05,Influencer,UAE,35-44,Female
CUST03817,2024-09-02,Meta Ads,Saudi Arabia,35-44,Female
CUST03818,2025-04-23,Google Ads,UAE,18-24,Male
CUST03819,2025-04-21,Meta Ads,Saudi Arabia,18-24,Female
CUST03820,2024-11-06,Organic/SEO,UK,25-34,Male
CUST03821,2024-08-27,Influencer,UK,25-34,Female
CUST03822,2024-09-04,Meta Ads,Kuwait,25-34,Female
CUST03823,2025-04-12,Google Ads,India,35-44,Female
CUST03824,2024-08-11,Google Ads,India,25-34,Male
CUST03825,2024-06-05,Email/Referral,UK,25-34,Female
CUST03826,2024-03-23,Meta Ads,Kuwait,25-34,Female
CUST03827,2024-11-03,Meta Ads,UK,35-44,Female
CUST03828,2024-11-08,Influencer,UAE,35-44,Male
CUST03829,2025-05-04,Meta Ads,India,55+,Female
CUST03830,2024-06-11,Google Ads,Saudi Arabia,18-24,Female
CUST03831,2024-09-15,Email/Referral,India,35-44,Female
CUST03832,2025-04-14,Organic/SEO,Saudi Arabia,25-34,Female
CUST03833,2025-04-23,Organic/SEO,USA,25-34,Female
CUST03834,2024-09-17,Meta Ads,India,35-44,Male
CUST03835,2024-11-01,Google Ads,UK,45-54,Female
CUST03836,2024-07-25,Email/Referral,UK,25-34,Female
CUST03837,2025-06-22,Meta Ads,Saudi Arabia,18-24,Female
CUST03838,2024-04-13,Meta Ads,Kuwait,18-24,Female
CUST03839,2025-06-23,Email/Referral,UAE,18-24,Female
CUST03840,2025-01-27,Google Ads,Saudi Arabia,18-24,Male
CUST03841,2024-11-21,Influencer,UAE,25-34,Male
CUST03842,2024-02-20,Influencer,UK,45-54,Male
CUST03843,2024-11-06,Organic/SEO,UAE,45-54,Female
CUST03844,2024-10-02,Email/Referral,India,18-24,Female
CUST03845,2024-05-09,Meta Ads,UK,45-54,Female
CUST03846,2025-01-08,Organic/SEO,UK,45-54,Female
CUST03847,2025-07-13,Email/Referral,Saudi Arabia,55+,Female
CUST03848,2024-11-30,Email/Referral,UAE,35-44,Female
CUST03849,2025-02-16,Influencer,UK,18-24,Male
CUST03850,2024-03-13,Email/Referral,UAE,35-44,Female
CUST03851,2024-10-08,Meta Ads,India,25-34,Male
CUST03852,2024-04-11,Email/Referral,India,18-24,Female
CUST03853,2024-12-19,Google Ads,UK,35-44,Female
CUST03854,2025-06-25,Meta Ads,India,18-24,Female
CUST03855,2025-01-11,Google Ads,India,45-54,Female
CUST03856,2024-03-18,Google Ads,Saudi Arabia,18-24,Female
CUST03857,2024-08-30,Organic/SEO,India,25-34,Female
CUST03858,2024-11-26,Organic/SEO,UAE,25-34,Female
CUST03859,2024-09-29,Google Ads,Saudi Arabia,25-34,Female
CUST03860,2025-04-29,Organic/SEO,Saudi Arabia,45-54,Male
CUST03861,2025-04-18,Google Ads,USA,25-34,Female
CUST03862,2024-12-18,Google Ads,USA,18-24,Male
CUST03863,2024-09-11,Meta Ads,USA,35-44,Female
CUST03864,2024-06-27,Meta Ads,Qatar,35-44,Female
CUST03865,2024-04-05,Google Ads,Saudi Arabia,35-44,Male
CUST03866,2024-08-30,Meta Ads,India,25-34,Female
CUST03867,2024-10-05,Organic/SEO,UAE,25-34,Female
CUST03868,2025-01-21,Meta Ads,USA,25-34,Male
CUST03869,2025-01-09,Meta Ads,UAE,18-24,Female
CUST03870,2024-03-14,Organic/SEO,USA,25-34,Female
CUST03871,2024-09-24,Meta Ads,USA,25-34,Male
CUST03872,2024-05-21,Google Ads,Saudi Arabia,25-34,Female
CUST03873,2024-05-06,Google Ads,Saudi Arabia,25-34,Female
CUST03874,2025-04-25,Influencer,India,25-34,Female
CUST03875,2024-02-26,Email/Referral,USA,25-34,Female
CUST03876,2024-10-09,Influencer,UAE,18-24,Male
CUST03877,2024-05-13,Email/Referral,Qatar,35-44,Female
CUST03878,2025-05-27,Meta Ads,UAE,45-54,Male
CUST03879,2024-11-28,Meta Ads,USA,25-34,Female
CUST03880,2024-06-16,Influencer,UAE,55+,Female
CUST03881,2024-11-13,Email/Referral,Kuwait,35-44,Male
CUST03882,2025-02-26,Email/Referral,UAE,18-24,Female
CUST03883,2025-07-05,Meta Ads,UAE,35-44,Female
CUST03884,2024-06-11,Meta Ads,UAE,25-34,Male
CUST03885,2025-05-31,Google Ads,Saudi Arabia,35-44,Other
CUST03886,2025-06-23,Google Ads,Saudi Arabia,45-54,Other
CUST03887,2025-06-14,Meta Ads,Saudi Arabia,35-44,Female
CUST03888,2024-12-27,Email/Referral,India,18-24,Female
CUST03889,2024-12-25,Google Ads,India,35-44,Female
CUST03890,2024-09-29,Google Ads,UAE,55+,Female
CUST03891,2025-03-11,Organic/SEO,UAE,25-34,Male
CUST03892,2024-11-21,Organic/SEO,UAE,18-24,Female
CUST03893,2025-01-23,Meta Ads,USA,18-24,Female
CUST03894,2024-10-14,Meta Ads,Saudi Arabia,18-24,Female
CUST03895,2025-02-26,Meta Ads,UAE,18-24,Female
CUST03896,2025-04-24,Google Ads,UAE,18-24,Female
CUST03897,2024-04-30,Google Ads,UAE,25-34,Male
CUST03898,2025-04-29,Email/Referral,Saudi Arabia,25-34,Female
CUST03899,2024-11-24,Google Ads,India,25-34,Female
CUST03900,2025-05-06,Email/Referral,Kuwait,25-34,Female
CUST03901,2024-10-16,Google Ads,USA,35-44,Female
CUST03902,2024-09-14,Email/Referral,India,35-44,Female
CUST03903,2025-06-14,Google Ads,UAE,25-34,Female
CUST03904,2024-06-25,Google Ads,UAE,35-44,Female
CUST03905,2025-05-06,Organic/SEO,UK,45-54,Female
CUST03906,2024-11-08,Email/Referral,Qatar,45-54,Female
CUST03907,2024-11-16,Meta Ads,India,25-34,Female
CUST03908,2024-07-28,Organic/SEO,Kuwait,55+,Female
CUST03909,2024-12-04,Organic/SEO,UK,35-44,Female
CUST03910,2024-08-09,Meta Ads,India,25-34,Female
CUST03911,2024-02-24,Influencer,UK,25-34,Female
CUST03912,2024-07-06,Email/Referral,UAE,25-34,Female
CUST03913,2024-02-04,Google Ads,Saudi Arabia,35-44,Female
CUST03914,2025-07-17,Email/Referral,UAE,35-44,Female
CUST03915,2025-07-10,Email/Referral,India,25-34,Female
CUST03916,2024-09-24,Organic/SEO,USA,35-44,Female
CUST03917,2025-02-24,Meta Ads,Saudi Arabia,35-44,Male
CUST03918,2024-08-24,Google Ads,UAE,18-24,Female
CUST03919,2025-01-18,Meta Ads,UAE,45-54,Female
CUST03920,2025-04-12,Google Ads,Saudi Arabia,18-24,Female
CUST03921,2025-06-29,Email/Referral,Saudi Arabia,25-34,Female
CUST03922,2024-09-27,Email/Referral,UAE,18-24,Male
CUST03923,2025-03-29,Organic/SEO,UAE,35-44,Female
CUST03924,2024-07-03,Organic/SEO,USA,25-34,Female
CUST03925,2025-07-25,Email/Referral,UAE,25-34,Female
CUST03926,2024-02-16,Email/Referral,Kuwait,25-34,Female
CUST03927,2024-12-15,Influencer,Saudi Arabia,25-34,Female
CUST03928,2025-01-10,Organic/SEO,Saudi Arabia,25-34,Female
CUST03929,2025-01-30,Influencer,Saudi Arabia,18-24,Male
CUST03930,2024-04-14,Organic/SEO,Qatar,35-44,Female
CUST03931,2025-06-25,Meta Ads,Saudi Arabia,45-54,Female
CUST03932,2024-05-21,Organic/SEO,USA,25-34,Female
CUST03933,2024-12-22,Meta Ads,USA,18-24,Female
CUST03934,2024-06-12,Organic/SEO,Kuwait,45-54,Female
CUST03935,2024-07-28,Meta Ads,India,35-44,Female
CUST03936,2024-11-25,Influencer,Saudi Arabia,18-24,Female
CUST03937,2024-10-07,Google Ads,UK,35-44,Female
CUST03938,2024-05-08,Influencer,UAE,18-24,Female
CUST03939,2024-05-15,Google Ads,UAE,35-44,Female
CUST03940,2024-10-08,Email/Referral,UAE,18-24,Female
CUST03941,2025-03-14,Meta Ads,UAE,18-24,Female
CUST03942,2025-06-06,Organic/SEO,Saudi Arabia,25-34,Female
CUST03943,2024-03-23,Meta Ads,India,35-44,Female
CUST03944,2024-09-23,Meta Ads,Saudi Arabia,18-24,Female
CUST03945,2024-04-02,Meta Ads,UK,25-34,Female
CUST03946,2024-02-11,Influencer,Kuwait,35-44,Male
CUST03947,2025-01-11,Meta Ads,India,35-44,Female
CUST03948,2024-12-15,Influencer,Saudi Arabia,25-34,Female
CUST03949,2024-05-10,Influencer,Saudi Arabia,45-54,Male
CUST03950,2024-06-17,Organic/SEO,UAE,35-44,Female
CUST03951,2024-02-15,Meta Ads,UAE,35-44,Female
CUST03952,2025-04-30,Influencer,UAE,25-34,Female
CUST03953,2025-07-15,Influencer,Qatar,18-24,Female
CUST03954,2024-04-23,Meta Ads,USA,35-44,Female
CUST03955,2024-06-16,Google Ads,Qatar,35-44,Male
CUST03956,2025-05-20,Meta Ads,UK,35-44,Male
CUST03957,2025-06-19,Meta Ads,UK,35-44,Female
CUST03958,2024-10-09,Influencer,Saudi Arabia,18-24,Female
CUST03959,2024-03-02,Email/Referral,UAE,25-34,Female
CUST03960,2024-02-25,Google Ads,Saudi Arabia,25-34,Female
CUST03961,2024-12-04,Email/Referral,UAE,18-24,Male
CUST03962,2024-09-23,Email/Referral,USA,18-24,Other
CUST03963,2024-02-18,Email/Referral,Saudi Arabia,25-34,Female
CUST03964,2024-12-07,Meta Ads,Saudi Arabia,18-24,Female
CUST03965,2024-02-07,Meta Ads,UK,55+,Female
CUST03966,2025-04-01,Email/Referral,UAE,25-34,Female
CUST03967,2024-07-27,Meta Ads,UK,45-54,Female
CUST03968,2024-02-25,Meta Ads,USA,35-44,Female
CUST03969,2024-12-09,Influencer,UAE,35-44,Female
CUST03970,2024-09-25,Meta Ads,UAE,35-44,Male
CUST03971,2025-07-15,Google Ads,Saudi Arabia,45-54,Female
CUST03972,2024-11-25,Google Ads,Kuwait,25-34,Female
CUST03973,2024-07-08,Google Ads,UK,55+,Female
CUST03974,2025-02-12,Google Ads,UAE,25-34,Female
CUST03975,2024-07-06,Meta Ads,USA,25-34,Female
CUST03976,2025-06-09,Meta Ads,India,35-44,Male
CUST03977,2024-09-11,Google Ads,UAE,18-24,Male
CUST03978,2024-11-26,Organic/SEO,India,18-24,Female
CUST03979,2024-03-02,Organic/SEO,UAE,18-24,Female
CUST03980,2024-10-13,Google Ads,India,35-44,Female
CUST03981,2025-04-28,Google Ads,UAE,18-24,Female
CUST03982,2025-04-12,Email/Referral,UK,25-34,Female
CUST03983,2024-06-13,Meta Ads,Saudi Arabia,25-34,Female
CUST03984,2024-06-13,Meta Ads,UAE,18-24,Male
CUST03985,2025-04-19,Google Ads,India,25-34,Female
CUST03986,2025-06-21,Organic/SEO,UAE,35-44,Female
CUST03987,2024-03-30,Influencer,UAE,25-34,Female
CUST03988,2024-10-27,Google Ads,Saudi Arabia,25-34,Female
CUST03989,2024-08-18,Meta Ads,UAE,18-24,Female
CUST03990,2025-05-22,Influencer,Kuwait,25-34,Female
CUST03991,2024-03-22,Organic/SEO,Kuwait,25-34,Female
CUST03992,2024-06-06,Google Ads,Saudi Arabia,35-44,Female
CUST03993,2025-03-11,Influencer,India,45-54,Female
CUST03994,2024-03-03,Google Ads,UAE,55+,Female
CUST03995,2024-11-10,Google Ads,Saudi Arabia,25-34,Female
CUST03996,2024-10-23,Organic/SEO,USA,18-24,Female
CUST03997,2024-08-16,Influencer,UAE,25-34,Female
CUST03998,2024-09-24,Influencer,India,25-34,Male
CUST03999,2024-11-21,Meta Ads,UK,35-44,Male
CUST04000,2024-05-09,Influencer,UAE,18-24,Female
CUST04001,2024-12-03,Email/Referral,UAE,35-44,Female
CUST04002,2025-04-12,Influencer,India,35-44,Female
CUST04003,2025-03-15,Organic/SEO,USA,45-54,Female
CUST04004,2024-05-04,Influencer,Qatar,35-44,Female
CUST04005,2024-05-01,Meta Ads,India,35-44,Male
CUST04006,2024-07-04,Google Ads,India,25-34,Female
CUST04007,2024-09-03,Google Ads,UAE,25-34,Female
CUST04008,2024-10-02,Meta Ads,Saudi Arabia,25-34,Female
CUST04009,2025-01-24,Meta Ads,Saudi Arabia,18-24,Female
CUST04010,2024-03-06,Email/Referral,UK,35-44,Female
CUST04011,2024-02-22,Email/Referral,Qatar,25-34,Female
CUST04012,2024-09-22,Organic/SEO,Kuwait,18-24,Female
CUST04013,2025-02-05,Email/Referral,UK,18-24,Female
CUST04014,2024-05-28,Google Ads,USA,25-34,Female
CUST04015,2024-12-30,Meta Ads,UAE,18-24,Female
CUST04016,2024-06-29,Meta Ads,USA,35-44,Female
CUST04017,2025-05-31,Email/Referral,Kuwait,45-54,Male
CUST04018,2025-06-05,Meta Ads,UK,35-44,Female
CUST04019,2024-07-22,Influencer,Kuwait,35-44,Female
CUST04020,2024-06-15,Meta Ads,UAE,55+,Male
CUST04021,2024-10-04,Organic/SEO,India,35-44,Male
CUST04022,2024-06-20,Email/Referral,India,35-44,Male
CUST04023,2025-01-19,Email/Referral,Kuwait,45-54,Female
CUST04024,2025-04-25,Meta Ads,UK,25-34,Male
CUST04025,2025-01-20,Google Ads,India,45-54,Female
CUST04026,2025-04-23,Google Ads,India,25-34,Female
CUST04027,2024-09-25,Meta Ads,USA,25-34,Female
CUST04028,2024-05-06,Google Ads,Saudi Arabia,18-24,Male
CUST04029,2025-03-02,Organic/SEO,Saudi Arabia,18-24,Female
CUST04030,2024-09-03,Meta Ads,India,18-24,Female
CUST04031,2025-01-18,Email/Referral,UK,35-44,Male
CUST04032,2024-07-05,Influencer,Saudi Arabia,45-54,Female
CUST04033,2024-03-21,Organic/SEO,Saudi Arabia,45-54,Female
CUST04034,2025-07-26,Organic/SEO,UK,18-24,Female
CUST04035,2024-05-06,Google Ads,UK,25-34,Male
CUST04036,2025-07-23,Organic/SEO,Saudi Arabia,25-34,Female
CUST04037,2025-07-17,Email/Referral,India,18-24,Female
CUST04038,2025-04-05,Email/Referral,UK,25-34,Female
CUST04039,2025-01-10,Google Ads,UAE,45-54,Female
CUST04040,2024-12-05,Email/Referral,UK,35-44,Female
CUST04041,2025-05-19,Influencer,Kuwait,45-54,Female
CUST04042,2024-07-17,Meta Ads,India,25-34,Female
CUST04043,2024-11-04,Meta Ads,India,18-24,Female
CUST04044,2024-12-21,Meta Ads,UAE,18-24,Female
CUST04045,2024-10-04,Meta Ads,UAE,55+,Female
CUST04046,2024-10-14,Organic/SEO,USA,25-34,Female
CUST04047,2024-08-13,Meta Ads,India,25-34,Male
CUST04048,2024-11-30,Meta Ads,India,25-34,Female
CUST04049,2025-05-09,Influencer,Kuwait,18-24,Female
CUST04050,2024-06-02,Google Ads,Qatar,35-44,Female
CUST04051,2025-06-23,Influencer,Saudi Arabia,35-44,Female
CUST04052,2025-01-31,Meta Ads,UAE,35-44,Female
CUST04053,2025-04-23,Organic/SEO,UK,25-34,Female
CUST04054,2024-11-28,Influencer,USA,55+,Male
CUST04055,2025-03-27,Organic/SEO,UAE,25-34,Female
CUST04056,2024-02-10,Email/Referral,Saudi Arabia,55+,Female
CUST04057,2025-04-20,Meta Ads,India,18-24,Female
CUST04058,2024-02-25,Organic/SEO,UAE,18-24,Male
CUST04059,2025-06-02,Meta Ads,Saudi Arabia,18-24,Female
CUST04060,2025-07-26,Meta Ads,Saudi Arabia,18-24,Female
CUST04061,2024-07-20,Meta Ads,UAE,25-34,Female
CUST04062,2024-06-06,Meta Ads,UK,25-34,Male
CUST04063,2025-03-19,Organic/SEO,USA,18-24,Female
CUST04064,2024-06-26,Google Ads,UK,35-44,Female
CUST04065,2025-05-19,Email/Referral,UK,45-54,Female
CUST04066,2024-04-03,Influencer,UAE,18-24,Female
CUST04067,2024-04-17,Google Ads,Qatar,35-44,Male
CUST04068,2025-07-18,Influencer,Kuwait,35-44,Male
CUST04069,2025-01-20,Google Ads,India,25-34,Male
CUST04070,2025-05-07,Meta Ads,Qatar,25-34,Female
CUST04071,2024-08-08,Google Ads,Kuwait,25-34,Female
CUST04072,2025-01-22,Email/Referral,UAE,25-34,Female
CUST04073,2024-12-12,Meta Ads,UK,18-24,Female
CUST04074,2024-12-15,Organic/SEO,UK,18-24,Female
CUST04075,2025-01-26,Google Ads,Saudi Arabia,35-44,Female
CUST04076,2024-12-04,Influencer,Saudi Arabia,18-24,Female
CUST04077,2024-10-15,Influencer,UAE,45-54,Female
CUST04078,2024-07-09,Organic/SEO,USA,25-34,Female
CUST04079,2025-03-20,Google Ads,UK,18-24,Female
CUST04080,2024-06-13,Meta Ads,Saudi Arabia,18-24,Female
CUST04081,2025-02-02,Meta Ads,India,35-44,Female
CUST04082,2024-06-17,Meta Ads,India,35-44,Female
CUST04083,2024-12-23,Meta Ads,Saudi Arabia,25-34,Male
CUST04084,2025-03-07,Organic/SEO,UK,25-34,Female
CUST04085,2024-06-10,Google Ads,UAE,35-44,Female
CUST04086,2024-03-08,Meta Ads,USA,25-34,Female
CUST04087,2024-04-20,Google Ads,UK,25-34,Male
CUST04088,2024-12-16,Influencer,USA,25-34,Female
CUST04089,2025-05-09,Meta Ads,USA,35-44,Female
CUST04090,2024-02-28,Meta Ads,USA,25-34,Male
CUST04091,2025-02-28,Email/Referral,USA,45-54,Female
CUST04092,2024-08-20,Google Ads,UK,18-24,Female
CUST04093,2024-11-07,Meta Ads,India,25-34,Female
CUST04094,2025-06-20,Influencer,UK,18-24,Female
CUST04095,2024-08-14,Meta Ads,UAE,55+,Male
CUST04096,2024-11-03,Google Ads,Kuwait,35-44,Female
CUST04097,2024-02-09,Google Ads,UK,35-44,Female
CUST04098,2024-03-21,Meta Ads,UAE,35-44,Female
CUST04099,2024-06-29,Google Ads,Qatar,25-34,Male
CUST04100,2024-02-17,Google Ads,India,25-34,Female
CUST04101,2024-12-26,Organic/SEO,Qatar,18-24,Female
CUST04102,2024-10-13,Google Ads,Saudi Arabia,35-44,Other
CUST04103,2024-11-26,Meta Ads,Kuwait,18-24,Female
CUST04104,2024-05-17,Email/Referral,Saudi Arabia,35-44,Female
CUST04105,2024-07-21,Organic/SEO,Saudi Arabia,55+,Female
CUST04106,2025-01-13,Meta Ads,UAE,35-44,Female
CUST04107,2025-07-09,Organic/SEO,Kuwait,18-24,Female
CUST04108,2024-03-02,Meta Ads,UK,25-34,Female
CUST04109,2025-06-02,Meta Ads,India,25-34,Female
CUST04110,2024-12-05,Meta Ads,India,55+,Female
CUST04111,2024-11-30,Google Ads,UAE,25-34,Female
CUST04112,2024-11-13,Meta Ads,India,35-44,Female
CUST04113,2024-03-14,Email/Referral,Saudi Arabia,35-44,Male
CUST04114,2024-03-26,Meta Ads,UK,25-34,Female
CUST04115,2024-12-14,Google Ads,UK,25-34,Female
CUST04116,2024-08-20,Meta Ads,Kuwait,18-24,Male
CUST04117,2025-06-15,Meta Ads,UK,25-34,Female
CUST04118,2024-10-01,Influencer,UK,55+,Female
CUST04119,2024-04-28,Influencer,USA,18-24,Female
CUST04120,2025-02-16,Organic/SEO,UK,25-34,Female
CUST04121,2024-07-19,Influencer,UK,25-34,Female
CUST04122,2024-11-20,Email/Referral,India,25-34,Female
CUST04123,2025-02-05,Meta Ads,Saudi Arabia,35-44,Female
CUST04124,2025-06-07,Meta Ads,USA,35-44,Female
CUST04125,2025-04-04,Meta Ads,UAE,25-34,Female
CUST04126,2025-01-22,Meta Ads,India,35-44,Female
CUST04127,2025-01-24,Organic/SEO,India,18-24,Female
CUST04128,2025-06-28,Meta Ads,USA,45-54,Female
CUST04129,2024-07-21,Email/Referral,USA,35-44,Female
CUST04130,2024-02-01,Google Ads,UK,25-34,Female
CUST04131,2024-07-06,Meta Ads,Kuwait,45-54,Female
CUST04132,2024-06-10,Meta Ads,UAE,45-54,Male
CUST04133,2025-01-11,Meta Ads,Saudi Arabia,35-44,Female
CUST04134,2024-12-27,Google Ads,Saudi Arabia,18-24,Female
CUST04135,2024-12-11,Meta Ads,UK,25-34,Female
CUST04136,2024-02-10,Influencer,UK,35-44,Female
CUST04137,2025-02-24,Meta Ads,India,18-24,Female
CUST04138,2024-08-08,Google Ads,UK,45-54,Female
CUST04139,2025-01-14,Organic/SEO,India,25-34,Female
CUST04140,2024-11-28,Google Ads,UAE,45-54,Female
CUST04141,2024-08-21,Meta Ads,Qatar,25-34,Female
CUST04142,2024-04-22,Meta Ads,Saudi Arabia,25-34,Female
CUST04143,2024-03-29,Meta Ads,Saudi Arabia,18-24,Female
CUST04144,2025-04-28,Organic/SEO,India,35-44,Female
CUST04145,2025-06-15,Meta Ads,UAE,45-54,Male
CUST04146,2025-01-03,Influencer,India,18-24,Female
CUST04147,2024-04-04,Influencer,UAE,55+,Other
CUST04148,2024-09-28,Influencer,Saudi Arabia,25-34,Male
CUST04149,2025-02-24,Email/Referral,India,55+,Female
CUST04150,2025-03-27,Google Ads,UAE,25-34,Male
CUST04151,2024-04-13,Meta Ads,UAE,35-44,Female
CUST04152,2024-02-01,Meta Ads,Kuwait,18-24,Female
CUST04153,2025-02-14,Google Ads,Saudi Arabia,18-24,Male
CUST04154,2024-08-31,Google Ads,India,35-44,Female
CUST04155,2024-06-27,Organic/SEO,Saudi Arabia,25-34,Female
CUST04156,2024-02-08,Meta Ads,UAE,25-34,Male
CUST04157,2024-11-24,Meta Ads,Kuwait,25-34,Female
CUST04158,2025-05-10,Email/Referral,India,35-44,Female
CUST04159,2025-07-05,Google Ads,UAE,25-34,Female
CUST04160,2024-12-01,Organic/SEO,USA,35-44,Female
CUST04161,2024-11-16,Meta Ads,USA,35-44,Male
CUST04162,2024-03-23,Organic/SEO,UAE,18-24,Female
CUST04163,2024-11-26,Meta Ads,USA,25-34,Female
CUST04164,2024-09-15,Google Ads,USA,45-54,Male
CUST04165,2024-12-16,Influencer,Saudi Arabia,18-24,Female
CUST04166,2024-09-20,Influencer,Saudi Arabia,55+,Female
CUST04167,2024-06-20,Google Ads,UAE,18-24,Female
CUST04168,2024-03-29,Email/Referral,UAE,18-24,Female
CUST04169,2024-08-02,Organic/SEO,Qatar,25-34,Female
CUST04170,2024-03-30,Organic/SEO,India,18-24,Female
CUST04171,2024-05-18,Email/Referral,India,35-44,Female
CUST04172,2025-07-23,Google Ads,UAE,35-44,Female
CUST04173,2024-10-24,Google Ads,India,25-34,Female
CUST04174,2024-11-21,Google Ads,India,35-44,Female
CUST04175,2025-05-23,Influencer,USA,25-34,Female
CUST04176,2025-07-28,Influencer,India,35-44,Female
CUST04177,2024-12-07,Google Ads,UK,35-44,Male
CUST04178,2025-04-16,Meta Ads,UAE,35-44,Female
CUST04179,2024-08-10,Google Ads,USA,25-34,Male
CUST04180,2024-07-27,Meta Ads,India,18-24,Male
CUST04181,2024-09-29,Meta Ads,Kuwait,35-44,Female
CUST04182,2025-01-19,Organic/SEO,India,25-34,Male
CUST04183,2025-01-26,Meta Ads,UAE,55+,Female
CUST04184,2024-08-02,Meta Ads,Kuwait,45-54,Female
CUST04185,2024-04-22,Meta Ads,UAE,25-34,Female
CUST04186,2024-12-26,Meta Ads,Qatar,25-34,Female
CUST04187,2024-04-19,Organic/SEO,UK,18-24,Female
CUST04188,2024-12-06,Influencer,USA,18-24,Female
CUST04189,2025-02-03,Organic/SEO,India,25-34,Female
CUST04190,2025-02-07,Influencer,Kuwait,25-34,Female
CUST04191,2025-03-11,Meta Ads,Kuwait,25-34,Female
CUST04192,2025-05-23,Google Ads,USA,45-54,Male
CUST04193,2024-11-12,Meta Ads,UK,25-34,Female
CUST04194,2025-02-25,Organic/SEO,Saudi Arabia,25-34,Female
CUST04195,2024-12-21,Organic/SEO,Saudi Arabia,35-44,Female
CUST04196,2024-05-24,Organic/SEO,UAE,45-54,Female
CUST04197,2024-02-16,Organic/SEO,UK,18-24,Female
CUST04198,2024-07-14,Meta Ads,Saudi Arabia,45-54,Male
CUST04199,2024-10-23,Google Ads,Qatar,25-34,Female
CUST04200,2024-12-20,Meta Ads,USA,25-34,Female
CUST04201,2025-05-09,Meta Ads,India,25-34,Female
CUST04202,2024-05-30,Organic/SEO,UAE,18-24,Female
CUST04203,2024-04-17,Email/Referral,USA,18-24,Female
CUST04204,2025-07-08,Organic/SEO,UAE,18-24,Female
CUST04205,2024-04-06,Google Ads,Kuwait,45-54,Male
CUST04206,2024-11-06,Google Ads,Saudi Arabia,18-24,Female
CUST04207,2024-12-08,Influencer,UK,45-54,Female
CUST04208,2024-11-24,Influencer,Qatar,35-44,Male
CUST04209,2024-03-24,Email/Referral,UAE,35-44,Female
CUST04210,2024-03-06,Meta Ads,UAE,45-54,Female
CUST04211,2024-04-05,Meta Ads,USA,35-44,Female
CUST04212,2024-12-08,Influencer,UAE,18-24,Female
CUST04213,2024-11-25,Google Ads,Saudi Arabia,18-24,Male
CUST04214,2024-06-17,Meta Ads,UK,55+,Female
CUST04215,2024-12-28,Google Ads,USA,25-34,Female
CUST04216,2025-04-21,Meta Ads,USA,18-24,Female
CUST04217,2024-02-26,Google Ads,India,25-34,Male
CUST04218,2024-11-12,Google Ads,UAE,25-34,Male
CUST04219,2025-01-31,Organic/SEO,Saudi Arabia,35-44,Male
CUST04220,2024-06-26,Organic/SEO,India,18-24,Female
CUST04221,2024-07-28,Organic/SEO,USA,18-24,Male
CUST04222,2024-12-19,Organic/SEO,UAE,25-34,Female
CUST04223,2025-06-06,Google Ads,India,35-44,Female
CUST04224,2025-04-15,Meta Ads,Saudi Arabia,25-34,Male
CUST04225,2024-12-07,Organic/SEO,UK,25-34,Female
CUST04226,2025-02-25,Email/Referral,UAE,45-54,Female
CUST04227,2024-09-05,Google Ads,Saudi Arabia,25-34,Female
CUST04228,2024-12-29,Meta Ads,Saudi Arabia,18-24,Female
CUST04229,2024-11-03,Email/Referral,Qatar,45-54,Male
CUST04230,2024-05-26,Google Ads,India,55+,Female
CUST04231,2025-02-08,Meta Ads,Kuwait,35-44,Female
CUST04232,2024-11-28,Organic/SEO,Saudi Arabia,18-24,Female
CUST04233,2024-09-02,Meta Ads,Saudi Arabia,25-34,Female
CUST04234,2025-06-12,Meta Ads,Saudi Arabia,35-44,Female
CUST04235,2024-02-13,Google Ads,Saudi Arabia,25-34,Female
CUST04236,2024-08-02,Organic/SEO,India,25-34,Female
CUST04237,2024-03-06,Organic/SEO,UAE,25-34,Female
CUST04238,2025-03-19,Organic/SEO,UK,35-44,Male
CUST04239,2025-02-08,Meta Ads,UAE,18-24,Female
CUST04240,2024-08-13,Email/Referral,UAE,55+,Female
CUST04241,2025-01-21,Meta Ads,UAE,45-54,Female
CUST04242,2024-09-24,Meta Ads,UK,18-24,Female
CUST04243,2025-03-13,Organic/SEO,Saudi Arabia,25-34,Male
CUST04244,2024-10-30,Email/Referral,UK,18-24,Female
CUST04245,2024-10-04,Meta Ads,UAE,18-24,Female
CUST04246,2025-06-23,Meta Ads,USA,25-34,Male
CUST04247,2024-06-25,Meta Ads,UAE,25-34,Male
CUST04248,2024-04-14,Email/Referral,UAE,18-24,Female
CUST04249,2024-12-08,Organic/SEO,UAE,45-54,Male
CUST04250,2025-07-12,Influencer,UK,25-34,Female
CUST04251,2024-09-13,Influencer,UAE,25-34,Male
CUST04252,2024-03-09,Google Ads,UK,35-44,Male
CUST04253,2024-08-19,Google Ads,India,45-54,Female
CUST04254,2024-11-14,Influencer,Saudi Arabia,18-24,Female
CUST04255,2024-05-09,Organic/SEO,UAE,18-24,Female
CUST04256,2025-01-09,Email/Referral,India,55+,Female
CUST04257,2025-07-29,Meta Ads,UK,25-34,Female
CUST04258,2024-10-28,Meta Ads,Kuwait,45-54,Female
CUST04259,2024-08-30,Google Ads,UK,35-44,Female
CUST04260,2024-09-27,Google Ads,India,45-54,Male
CUST04261,2024-04-11,Email/Referral,Saudi Arabia,35-44,Male
CUST04262,2025-05-29,Email/Referral,Saudi Arabia,35-44,Female
CUST04263,2024-10-06,Google Ads,India,18-24,Female
CUST04264,2024-09-19,Meta Ads,UAE,55+,Female
CUST04265,2025-01-10,Influencer,India,25-34,Female
CUST04266,2024-10-22,Email/Referral,USA,18-24,Female
CUST04267,2025-01-02,Organic/SEO,Saudi Arabia,18-24,Female
CUST04268,2024-03-09,Meta Ads,Saudi Arabia,25-34,Female
CUST04269,2025-04-17,Organic/SEO,Qatar,35-44,Female
CUST04270,2025-06-26,Meta Ads,India,55+,Female
CUST04271,2025-01-02,Meta Ads,UAE,25-34,Female
CUST04272,2025-07-03,Organic/SEO,UAE,25-34,Female
CUST04273,2024-05-03,Influencer,USA,18-24,Female
CUST04274,2024-11-06,Google Ads,UAE,45-54,Female
CUST04275,2024-12-14,Meta Ads,India,18-24,Female
CUST04276,2024-12-07,Meta Ads,Kuwait,35-44,Female
CUST04277,2024-09-28,Organic/SEO,Saudi Arabia,45-54,Female
CUST04278,2024-08-18,Organic/SEO,UAE,18-24,Male
CUST04279,2024-04-18,Google Ads,UK,25-34,Female
CUST04280,2024-09-22,Organic/SEO,India,45-54,Female
CUST04281,2024-05-10,Meta Ads,UAE,45-54,Female
CUST04282,2025-02-28,Google Ads,UAE,18-24,Male
CUST04283,2024-06-05,Meta Ads,UK,55+,Male
CUST04284,2024-03-07,Google Ads,UK,55+,Female
CUST04285,2024-11-27,Email/Referral,Saudi Arabia,45-54,Male
CUST04286,2024-12-12,Meta Ads,India,35-44,Female
CUST04287,2025-05-22,Meta Ads,UAE,55+,Female
CUST04288,2024-12-05,Influencer,Kuwait,35-44,Male
CUST04289,2024-08-23,Meta Ads,Saudi Arabia,25-34,Female
CUST04290,2025-04-10,Google Ads,Saudi Arabia,18-24,Female
CUST04291,2024-11-24,Meta Ads,Saudi Arabia,18-24,Female
CUST04292,2024-03-20,Meta Ads,UK,25-34,Female
CUST04293,2024-12-01,Google Ads,Qatar,18-24,Male
CUST04294,2025-06-10,Organic/SEO,UAE,25-34,Male
CUST04295,2024-09-25,Organic/SEO,India,45-54,Female
CUST04296,2024-07-21,Influencer,India,25-34,Female
CUST04297,2024-04-28,Google Ads,UAE,25-34,Female
CUST04298,2024-05-03,Meta Ads,India,25-34,Female
CUST04299,2024-10-17,Influencer,Saudi Arabia,35-44,Female
CUST04300,2024-12-12,Influencer,UAE,18-24,Other
CUST04301,2024-03-21,Meta Ads,UAE,25-34,Male
CUST04302,2025-06-25,Influencer,UAE,25-34,Female
CUST04303,2025-03-12,Email/Referral,India,35-44,Male
CUST04304,2024-12-09,Organic/SEO,UAE,55+,Female
CUST04305,2025-04-26,Meta Ads,UAE,25-34,Female
CUST04306,2024-03-20,Organic/SEO,UAE,18-24,Female
CUST04307,2024-11-06,Influencer,India,35-44,Male
CUST04308,2024-12-25,Meta Ads,UK,18-24,Female
CUST04309,2025-04-26,Meta Ads,Saudi Arabia,25-34,Female
CUST04310,2025-03-30,Meta Ads,UK,25-34,Female
CUST04311,2024-07-09,Google Ads,Qatar,25-34,Female
CUST04312,2025-06-26,Meta Ads,UAE,18-24,Female
CUST04313,2024-04-16,Meta Ads,UAE,25-34,Female
CUST04314,2025-05-24,Email/Referral,UK,25-34,Female
CUST04315,2025-07-13,Organic/SEO,Saudi Arabia,45-54,Female
CUST04316,2024-05-18,Email/Referral,UAE,35-44,Female
CUST04317,2025-02-20,Organic/SEO,UAE,18-24,Female
CUST04318,2024-02-25,Meta Ads,UAE,18-24,Female
CUST04319,2024-09-30,Organic/SEO,Saudi Arabia,35-44,Female
CUST04320,2024-11-17,Organic/SEO,Saudi Arabia,25-34,Male
CUST04321,2024-12-06,Meta Ads,India,18-24,Female
CUST04322,2025-06-24,Meta Ads,UAE,35-44,Female
CUST04323,2025-01-19,Email/Referral,UK,35-44,Female
CUST04324,2024-11-07,Google Ads,India,45-54,Female
CUST04325,2025-04-15,Organic/SEO,India,18-24,Male
CUST04326,2025-06-30,Meta Ads,USA,35-44,Male
CUST04327,2024-02-14,Meta Ads,Saudi Arabia,18-24,Female
CUST04328,2025-07-20,Organic/SEO,UAE,18-24,Female
CUST04329,2024-03-24,Google Ads,Saudi Arabia,25-34,Female
CUST04330,2025-04-17,Organic/SEO,USA,45-54,Female
CUST04331,2024-07-11,Organic/SEO,Kuwait,25-34,Female
CUST04332,2024-04-21,Email/Referral,UAE,25-34,Female
CUST04333,2024-10-21,Google Ads,Saudi Arabia,25-34,Female
CUST04334,2024-12-31,Meta Ads,UK,25-34,Female
CUST04335,2024-09-15,Email/Referral,UK,35-44,Female
CUST04336,2024-03-05,Meta Ads,Saudi Arabia,18-24,Female
CUST04337,2024-12-14,Google Ads,Saudi Arabia,18-24,Female
CUST04338,2025-06-08,Meta Ads,Kuwait,18-24,Female
CUST04339,2024-09-17,Meta Ads,UAE,25-34,Female
CUST04340,2024-06-09,Organic/SEO,Saudi Arabia,35-44,Female
CUST04341,2024-10-23,Meta Ads,UAE,35-44,Male
CUST04342,2024-03-01,Influencer,Qatar,25-34,Female
CUST04343,2025-04-21,Email/Referral,Qatar,35-44,Female
CUST04344,2025-04-25,Email/Referral,UAE,25-34,Female
CUST04345,2024-12-09,Organic/SEO,UAE,35-44,Female
CUST04346,2024-08-29,Meta Ads,UAE,25-34,Female
CUST04347,2025-04-09,Meta Ads,Qatar,55+,Male
CUST04348,2024-11-28,Email/Referral,UAE,25-34,Female
CUST04349,2025-04-24,Google Ads,UAE,25-34,Female
CUST04350,2024-12-26,Organic/SEO,USA,25-34,Female
CUST04351,2025-03-30,Organic/SEO,USA,25-34,Female
CUST04352,2024-12-13,Google Ads,UK,25-34,Female
CUST04353,2024-10-05,Organic/SEO,Kuwait,25-34,Female
CUST04354,2025-07-05,Meta Ads,Saudi Arabia,35-44,Male
CUST04355,2024-11-24,Organic/SEO,UAE,35-44,Male
CUST04356,2024-12-16,Influencer,Kuwait,25-34,Female
CUST04357,2024-06-11,Google Ads,Saudi Arabia,45-54,Female
CUST04358,2024-12-24,Email/Referral,India,25-34,Male
CUST04359,2024-12-03,Meta Ads,UAE,25-34,Female
CUST04360,2024-05-23,Meta Ads,Saudi Arabia,25-34,Male
CUST04361,2024-03-08,Influencer,Kuwait,45-54,Male
CUST04362,2024-12-15,Meta Ads,UAE,25-34,Female
CUST04363,2025-03-18,Influencer,Saudi Arabia,45-54,Female
CUST04364,2024-11-19,Google Ads,USA,18-24,Male
CUST04365,2024-06-14,Meta Ads,Saudi Arabia,55+,Female
CUST04366,2025-01-15,Google Ads,UK,55+,Female
CUST04367,2024-03-20,Google Ads,Kuwait,25-34,Other
CUST04368,2024-10-22,Email/Referral,UK,35-44,Female
CUST04369,2024-05-10,Email/Referral,Kuwait,35-44,Female
CUST04370,2024-05-23,Meta Ads,Saudi Arabia,35-44,Female
CUST04371,2024-06-02,Influencer,UAE,35-44,Female
CUST04372,2024-09-19,Email/Referral,UK,18-24,Female
CUST04373,2024-03-03,Influencer,UAE,45-54,Male
CUST04374,2024-09-26,Email/Referral,UAE,18-24,Female
CUST04375,2024-11-16,Google Ads,UAE,45-54,Female
CUST04376,2024-11-08,Meta Ads,Saudi Arabia,55+,Female
CUST04377,2024-09-16,Email/Referral,Saudi Arabia,45-54,Male
CUST04378,2025-05-02,Meta Ads,USA,35-44,Female
CUST04379,2024-04-29,Meta Ads,Saudi Arabia,35-44,Female
CUST04380,2024-11-14,Influencer,USA,18-24,Female
CUST04381,2024-03-09,Organic/SEO,Kuwait,35-44,Female
CUST04382,2024-03-15,Google Ads,Saudi Arabia,25-34,Female
CUST04383,2024-12-04,Meta Ads,UAE,25-34,Female
CUST04384,2024-12-01,Email/Referral,India,18-24,Female
CUST04385,2025-05-26,Organic/SEO,USA,35-44,Male
CUST04386,2024-11-28,Meta Ads,Kuwait,25-34,Female
CUST04387,2025-07-06,Influencer,UAE,18-24,Female
CUST04388,2024-03-01,Email/Referral,UAE,18-24,Female
CUST04389,2024-03-31,Meta Ads,UK,45-54,Female
CUST04390,2024-02-27,Meta Ads,Saudi Arabia,55+,Female
CUST04391,2024-05-23,Meta Ads,Kuwait,35-44,Female
CUST04392,2024-11-24,Influencer,UAE,55+,Male
CUST04393,2024-12-31,Meta Ads,UAE,35-44,Female
CUST04394,2024-02-28,Meta Ads,USA,18-24,Female
CUST04395,2025-06-28,Influencer,UAE,35-44,Male
CUST04396,2025-05-04,Organic/SEO,Saudi Arabia,35-44,Male
CUST04397,2024-07-21,Google Ads,Kuwait,35-44,Female
CUST04398,2024-03-19,Meta Ads,UAE,35-44,Female
CUST04399,2024-05-14,Google Ads,UK,18-24,Female
CUST04400,2024-04-18,Influencer,UAE,25-34,Female
CUST04401,2024-04-16,Influencer,Kuwait,45-54,Male
CUST04402,2024-11-18,Meta Ads,UAE,25-34,Female
CUST04403,2024-06-23,Email/Referral,Saudi Arabia,18-24,Female
CUST04404,2024-09-01,Email/Referral,UAE,18-24,Female
CUST04405,2025-07-24,Organic/SEO,UAE,25-34,Female
CUST04406,2025-01-28,Email/Referral,Saudi Arabia,18-24,Female
CUST04407,2025-06-30,Meta Ads,UAE,35-44,Male
CUST04408,2024-04-27,Email/Referral,UAE,55+,Female
CUST04409,2024-09-16,Influencer,UAE,18-24,Male
CUST04410,2024-11-28,Influencer,USA,25-34,Female
CUST04411,2024-03-18,Meta Ads,USA,35-44,Female
CUST04412,2024-02-03,Meta Ads,UK,18-24,Female
CUST04413,2025-01-18,Email/Referral,UAE,35-44,Female
CUST04414,2024-12-30,Email/Referral,Kuwait,25-34,Female
CUST04415,2024-10-03,Organic/SEO,UAE,55+,Female
CUST04416,2024-11-10,Email/Referral,USA,25-34,Female
CUST04417,2024-10-06,Influencer,UK,45-54,Female
CUST04418,2024-02-15,Email/Referral,Saudi Arabia,25-34,Male
CUST04419,2024-08-16,Influencer,Qatar,25-34,Female
CUST04420,2024-05-18,Email/Referral,UAE,45-54,Male
CUST04421,2024-03-31,Google Ads,USA,18-24,Female
CUST04422,2025-07-04,Google Ads,UAE,35-44,Female
CUST04423,2024-12-14,Meta Ads,UAE,25-34,Female
CUST04424,2025-02-24,Email/Referral,Kuwait,35-44,Female
CUST04425,2024-08-02,Meta Ads,UAE,35-44,Female
CUST04426,2024-09-23,Google Ads,Saudi Arabia,18-24,Male
CUST04427,2024-06-18,Influencer,UAE,35-44,Female
CUST04428,2024-03-31,Google Ads,UAE,35-44,Male
CUST04429,2024-05-20,Meta Ads,Saudi Arabia,25-34,Male
CUST04430,2025-04-07,Email/Referral,UK,25-34,Female
CUST04431,2025-01-23,Organic/SEO,UAE,25-34,Male
CUST04432,2024-11-25,Meta Ads,Saudi Arabia,18-24,Male
CUST04433,2024-11-06,Meta Ads,UK,35-44,Female
CUST04434,2025-06-17,Meta Ads,India,25-34,Female
CUST04435,2024-03-16,Google Ads,UAE,18-24,Female
CUST04436,2024-07-11,Google Ads,UAE,18-24,Female
CUST04437,2024-08-27,Influencer,UAE,35-44,Female
CUST04438,2025-03-29,Meta Ads,Kuwait,25-34,Female
CUST04439,2025-07-26,Google Ads,Kuwait,25-34,Female
CUST04440,2024-06-20,Influencer,Saudi Arabia,25-34,Female
CUST04441,2025-05-24,Meta Ads,UAE,25-34,Female
CUST04442,2025-04-27,Meta Ads,India,35-44,Female
CUST04443,2024-06-13,Influencer,UK,18-24,Male
CUST04444,2024-09-26,Influencer,Qatar,25-34,Female
CUST04445,2024-10-03,Google Ads,Saudi Arabia,45-54,Male
CUST04446,2025-07-17,Email/Referral,UK,45-54,Female
CUST04447,2024-05-21,Meta Ads,UAE,18-24,Female
CUST04448,2025-04-08,Meta Ads,UAE,55+,Female
CUST04449,2024-08-15,Organic/SEO,India,18-24,Female
CUST04450,2025-02-26,Meta Ads,UAE,18-24,Male
CUST04451,2024-10-09,Organic/SEO,Saudi Arabia,25-34,Other
CUST04452,2024-12-06,Influencer,Saudi Arabia,45-54,Female
CUST04453,2025-04-29,Organic/SEO,UAE,25-34,Female
CUST04454,2025-04-11,Google Ads,Saudi Arabia,35-44,Female
CUST04455,2025-05-19,Google Ads,India,35-44,Male
CUST04456,2024-03-08,Email/Referral,UAE,35-44,Female
CUST04457,2025-02-02,Meta Ads,UK,18-24,Male
CUST04458,2024-04-26,Meta Ads,Saudi Arabia,25-34,Female
CUST04459,2024-10-07,Google Ads,UAE,35-44,Male
CUST04460,2024-11-26,Influencer,India,55+,Female
CUST04461,2024-09-29,Meta Ads,India,35-44,Female
CUST04462,2024-11-18,Influencer,UAE,25-34,Female
CUST04463,2025-07-28,Influencer,UK,18-24,Female
CUST04464,2024-04-23,Meta Ads,UAE,25-34,Female
CUST04465,2025-01-21,Meta Ads,Qatar,45-54,Female
CUST04466,2024-09-24,Email/Referral,India,25-34,Female
CUST04467,2024-04-22,Meta Ads,Saudi Arabia,45-54,Female
CUST04468,2024-05-07,Google Ads,UAE,25-34,Female
CUST04469,2025-06-30,Email/Referral,Kuwait,35-44,Female
CUST04470,2025-05-27,Meta Ads,UAE,45-54,Female
CUST04471,2025-06-10,Google Ads,Kuwait,35-44,Female
CUST04472,2025-07-25,Meta Ads,UK,45-54,Female
CUST04473,2024-06-05,Google Ads,UAE,45-54,Male
CUST04474,2024-08-31,Meta Ads,India,35-44,Female
CUST04475,2025-01-17,Influencer,UAE,18-24,Female
CUST04476,2024-11-08,Google Ads,India,25-34,Male
CUST04477,2024-10-08,Email/Referral,UK,25-34,Female
CUST04478,2024-09-01,Google Ads,USA,25-34,Female
CUST04479,2024-12-11,Meta Ads,UAE,45-54,Female
CUST04480,2024-12-04,Meta Ads,UK,18-24,Female
CUST04481,2024-05-09,Meta Ads,Saudi Arabia,45-54,Female
CUST04482,2024-11-05,Meta Ads,India,35-44,Female
CUST04483,2024-11-27,Google Ads,India,45-54,Female
CUST04484,2024-12-02,Meta Ads,UAE,25-34,Female
CUST04485,2024-06-06,Meta Ads,Kuwait,18-24,Female
CUST04486,2025-03-04,Influencer,USA,18-24,Female
CUST04487,2024-02-16,Google Ads,UAE,18-24,Female
CUST04488,2024-08-30,Google Ads,USA,45-54,Female
CUST04489,2025-03-28,Influencer,UAE,35-44,Female
CUST04490,2024-11-30,Organic/SEO,Qatar,25-34,Female
CUST04491,2024-06-30,Organic/SEO,Kuwait,35-44,Male
CUST04492,2025-02-04,Meta Ads,Saudi Arabia,25-34,Female
CUST04493,2024-12-01,Meta Ads,Saudi Arabia,18-24,Female
CUST04494,2025-04-06,Google Ads,Saudi Arabia,45-54,Female
CUST04495,2025-02-28,Meta Ads,USA,18-24,Female
CUST04496,2024-12-18,Meta Ads,USA,18-24,Female
CUST04497,2024-11-09,Meta Ads,Saudi Arabia,35-44,Female
CUST04498,2024-04-22,Meta Ads,Saudi Arabia,25-34,Female
CUST04499,2024-06-30,Influencer,USA,25-34,Male
CUST04500,2024-10-09,Organic/SEO,UAE,35-44,Other
CUST04501,2024-12-14,Influencer,UK,45-54,Female
CUST04502,2024-11-16,Meta Ads,UK,55+,Female
CUST04503,2024-07-16,Organic/SEO,UAE,35-44,Female
CUST04504,2024-02-04,Email/Referral,UAE,25-34,Other
CUST04505,2024-11-11,Meta Ads,USA,18-24,Female
CUST04506,2024-07-15,Organic/SEO,USA,45-54,Female
CUST04507,2025-02-28,Organic/SEO,India,25-34,Female
CUST04508,2024-02-15,Meta Ads,UK,35-44,Female
CUST04509,2024-12-08,Organic/SEO,UAE,18-24,Other
CUST04510,2025-06-26,Influencer,UAE,18-24,Female
CUST04511,2024-05-17,Google Ads,Qatar,25-34,Male
CUST04512,2024-11-05,Meta Ads,UAE,25-34,Female
CUST04513,2024-03-27,Meta Ads,UK,35-44,Female
CUST04514,2024-12-24,Google Ads,Kuwait,18-24,Male
CUST04515,2024-11-26,Meta Ads,Saudi Arabia,35-44,Female
CUST04516,2024-10-01,Meta Ads,Kuwait,18-24,Female
CUST04517,2024-11-18,Google Ads,UAE,45-54,Female
CUST04518,2025-06-05,Meta Ads,India,35-44,Male
CUST04519,2024-05-30,Meta Ads,UAE,25-34,Male
CUST04520,2024-02-14,Organic/SEO,UAE,25-34,Female
CUST04521,2025-05-16,Email/Referral,USA,35-44,Male
CUST04522,2024-12-05,Email/Referral,UAE,25-34,Female
CUST04523,2025-06-02,Meta Ads,USA,25-34,Male
CUST04524,2024-12-13,Meta Ads,USA,35-44,Male
CUST04525,2025-04-15,Meta Ads,Kuwait,25-34,Female
CUST04526,2024-10-15,Meta Ads,Kuwait,35-44,Female
CUST04527,2025-03-09,Meta Ads,UAE,18-24,Male
CUST04528,2025-06-13,Influencer,USA,45-54,Female
CUST04529,2024-12-03,Google Ads,India,25-34,Male
CUST04530,2024-05-21,Meta Ads,UK,35-44,Female
CUST04531,2024-07-04,Email/Referral,UAE,18-24,Female
CUST04532,2024-06-01,Organic/SEO,India,35-44,Female
CUST04533,2024-06-23,Organic/SEO,UAE,25-34,Female
CUST04534,2024-07-27,Organic/SEO,Kuwait,25-34,Female
CUST04535,2024-11-28,Google Ads,UK,18-24,Female
CUST04536,2024-12-09,Meta Ads,UAE,18-24,Female
CUST04537,2024-10-13,Email/Referral,UAE,35-44,Other
CUST04538,2024-12-20,Influencer,USA,35-44,Female
CUST04539,2024-03-21,Email/Referral,Qatar,18-24,Male
CUST04540,2024-03-25,Email/Referral,Saudi Arabia,35-44,Male
CUST04541,2024-05-15,Email/Referral,India,25-34,Female
CUST04542,2024-11-17,Influencer,UAE,25-34,Female
CUST04543,2024-06-08,Organic/SEO,Kuwait,18-24,Female
CUST04544,2024-07-13,Meta Ads,Kuwait,45-54,Female
CUST04545,2024-09-27,Meta Ads,India,18-24,Female
CUST04546,2025-04-16,Email/Referral,UAE,18-24,Female
CUST04547,2024-02-09,Influencer,UK,25-34,Male
CUST04548,2025-01-03,Google Ads,Qatar,45-54,Female
CUST04549,2025-01-16,Meta Ads,India,18-24,Male
CUST04550,2025-04-08,Meta Ads,Saudi Arabia,45-54,Female
CUST04551,2025-06-22,Google Ads,India,25-34,Female
CUST04552,2024-02-13,Meta Ads,UAE,18-24,Female
CUST04553,2024-05-04,Email/Referral,India,25-34,Female
CUST04554,2025-05-31,Meta Ads,India,45-54,Female
CUST04555,2024-11-01,Influencer,Saudi Arabia,35-44,Male
CUST04556,2024-11-30,Google Ads,India,25-34,Male
CUST04557,2025-01-12,Influencer,Saudi Arabia,25-34,Female
CUST04558,2025-01-24,Email/Referral,Saudi Arabia,35-44,Female
CUST04559,2025-06-22,Google Ads,UAE,25-34,Male
CUST04560,2025-07-29,Meta Ads,UAE,35-44,Female
CUST04561,2025-02-19,Influencer,India,45-54,Female
CUST04562,2024-07-16,Meta Ads,UAE,45-54,Male
CUST04563,2025-05-27,Organic/SEO,UAE,18-24,Female
CUST04564,2024-03-01,Organic/SEO,UK,25-34,Female
CUST04565,2024-06-16,Google Ads,UK,18-24,Female
CUST04566,2025-06-05,Organic/SEO,UK,35-44,Male
CUST04567,2024-06-27,Meta Ads,Saudi Arabia,25-34,Female
CUST04568,2024-06-11,Google Ads,India,25-34,Female
CUST04569,2024-04-25,Meta Ads,UAE,35-44,Female
CUST04570,2025-05-15,Meta Ads,UAE,25-34,Male
CUST04571,2024-11-12,Organic/SEO,UAE,35-44,Female
CUST04572,2025-01-21,Email/Referral,UAE,35-44,Male
CUST04573,2024-06-19,Google Ads,UAE,35-44,Male
CUST04574,2025-03-14,Organic/SEO,India,45-54,Female
CUST04575,2025-03-15,Google Ads,Qatar,25-34,Female
CUST04576,2024-07-31,Organic/SEO,UAE,25-34,Female
CUST04577,2024-10-03,Meta Ads,Saudi Arabia,25-34,Female
CUST04578,2024-06-06,Organic/SEO,UAE,35-44,Female
CUST04579,2025-07-16,Email/Referral,Kuwait,25-34,Female
CUST04580,2024-12-31,Google Ads,USA,25-34,Female
CUST04581,2025-06-23,Email/Referral,India,25-34,Male
CUST04582,2024-07-25,Organic/SEO,USA,18-24,Female
CUST04583,2025-03-29,Meta Ads,UAE,18-24,Female
CUST04584,2025-03-19,Organic/SEO,Saudi Arabia,18-24,Female
CUST04585,2025-02-02,Meta Ads,Saudi Arabia,18-24,Female
CUST04586,2025-07-10,Influencer,India,35-44,Female
CUST04587,2024-09-23,Organic/SEO,Kuwait,45-54,Female
CUST04588,2024-04-20,Email/Referral,USA,18-24,Male
CUST04589,2025-01-19,Google Ads,USA,25-34,Female
CUST04590,2025-02-25,Email/Referral,UAE,35-44,Female
CUST04591,2024-12-04,Meta Ads,UK,18-24,Female
CUST04592,2024-06-04,Meta Ads,Kuwait,25-34,Female
CUST04593,2024-11-14,Influencer,UAE,18-24,Female
CUST04594,2024-07-31,Email/Referral,UK,25-34,Female
CUST04595,2024-10-14,Google Ads,Kuwait,18-24,Female
CUST04596,2024-12-31,Meta Ads,UAE,25-34,Female
CUST04597,2025-03-06,Meta Ads,UK,45-54,Female
CUST04598,2024-06-16,Meta Ads,Saudi Arabia,35-44,Female
CUST04599,2024-09-30,Organic/SEO,UK,18-24,Female
CUST04600,2024-07-05,Google Ads,Saudi Arabia,35-44,Female
CUST04601,2024-06-01,Email/Referral,USA,18-24,Female
CUST04602,2025-03-30,Email/Referral,Kuwait,25-34,Male
CUST04603,2025-06-11,Influencer,Kuwait,25-34,Male
CUST04604,2024-09-09,Google Ads,UK,25-34,Female
CUST04605,2025-03-10,Email/Referral,Qatar,45-54,Female
CUST04606,2025-06-05,Organic/SEO,UAE,25-34,Female
CUST04607,2025-05-07,Influencer,Qatar,18-24,Male
CUST04608,2024-05-22,Meta Ads,UK,35-44,Female
CUST04609,2025-07-04,Meta Ads,India,18-24,Female
CUST04610,2024-09-13,Google Ads,Qatar,25-34,Female
CUST04611,2024-08-19,Organic/SEO,UK,18-24,Female
CUST04612,2024-03-10,Organic/SEO,UK,45-54,Female
CUST04613,2024-11-09,Email/Referral,Saudi Arabia,25-34,Female
CUST04614,2024-04-07,Google Ads,India,25-34,Female
CUST04615,2024-06-24,Meta Ads,Kuwait,25-34,Female
CUST04616,2024-08-03,Influencer,UAE,35-44,Female
CUST04617,2025-04-14,Google Ads,Saudi Arabia,25-34,Female
CUST04618,2025-05-25,Google Ads,UAE,55+,Female
CUST04619,2024-07-25,Email/Referral,India,25-34,Female
CUST04620,2025-05-14,Influencer,UAE,35-44,Other
CUST04621,2025-05-14,Organic/SEO,UAE,25-34,Female
CUST04622,2025-03-18,Email/Referral,Saudi Arabia,25-34,Female
CUST04623,2024-04-30,Email/Referral,India,18-24,Female
CUST04624,2025-02-01,Meta Ads,India,35-44,Male
CUST04625,2025-06-28,Meta Ads,Saudi Arabia,35-44,Female
CUST04626,2025-01-26,Influencer,UAE,25-34,Female
CUST04627,2024-08-14,Meta Ads,USA,18-24,Female
CUST04628,2024-11-13,Google Ads,UK,25-34,Female
CUST04629,2024-12-31,Email/Referral,UAE,25-34,Female
CUST04630,2024-11-15,Google Ads,India,25-34,Female
CUST04631,2024-04-14,Meta Ads,UK,25-34,Female
CUST04632,2024-07-31,Influencer,India,25-34,Female
CUST04633,2025-04-10,Google Ads,USA,35-44,Male
CUST04634,2025-05-16,Meta Ads,Saudi Arabia,25-34,Female
CUST04635,2024-04-24,Email/Referral,Saudi Arabia,25-34,Female
CUST04636,2025-07-01,Organic/SEO,UAE,25-34,Female
CUST04637,2024-08-12,Google Ads,UAE,25-34,Male
CUST04638,2025-01-12,Meta Ads,India,35-44,Male
CUST04639,2025-03-10,Meta Ads,UAE,45-54,Other
CUST04640,2025-04-16,Meta Ads,UAE,25-34,Female
CUST04641,2025-06-28,Meta Ads,India,18-24,Male
CUST04642,2024-07-31,Meta Ads,India,25-34,Female
CUST04643,2025-05-14,Organic/SEO,UAE,45-54,Female
CUST04644,2024-04-21,Meta Ads,UK,18-24,Female
CUST04645,2025-02-10,Influencer,India,25-34,Female
CUST04646,2025-03-04,Google Ads,USA,35-44,Female
CUST04647,2025-01-23,Meta Ads,Qatar,25-34,Female
CUST04648,2024-06-26,Email/Referral,USA,45-54,Female
CUST04649,2025-05-23,Meta Ads,UK,35-44,Female
CUST04650,2024-05-13,Google Ads,India,45-54,Female
CUST04651,2024-03-04,Influencer,UAE,55+,Female
CUST04652,2025-02-17,Meta Ads,India,35-44,Female
CUST04653,2024-11-06,Google Ads,India,45-54,Other
CUST04654,2025-05-09,Google Ads,India,25-34,Female
CUST04655,2024-09-17,Organic/SEO,UAE,18-24,Female
CUST04656,2024-05-13,Google Ads,India,18-24,Female
CUST04657,2025-05-01,Organic/SEO,Saudi Arabia,45-54,Female
CUST04658,2024-11-26,Meta Ads,Kuwait,25-34,Male
CUST04659,2024-05-26,Meta Ads,India,18-24,Female
CUST04660,2025-02-19,Influencer,Qatar,25-34,Male
CUST04661,2024-11-16,Organic/SEO,Saudi Arabia,25-34,Female
CUST04662,2024-12-15,Meta Ads,USA,18-24,Male
CUST04663,2024-11-02,Influencer,Saudi Arabia,25-34,Female
CUST04664,2025-04-26,Google Ads,UAE,45-54,Female
CUST04665,2025-04-27,Influencer,Saudi Arabia,25-34,Female
CUST04666,2025-02-12,Influencer,Saudi Arabia,18-24,Female
CUST04667,2024-04-05,Google Ads,Saudi Arabia,25-34,Female
CUST04668,2025-05-02,Meta Ads,India,35-44,Female
CUST04669,2025-01-18,Meta Ads,USA,25-34,Female
CUST04670,2025-02-05,Meta Ads,USA,55+,Female
CUST04671,2024-09-04,Organic/SEO,UAE,18-24,Male
CUST04672,2025-05-27,Email/Referral,UAE,35-44,Female
CUST04673,2025-02-22,Influencer,Kuwait,45-54,Female
CUST04674,2024-04-09,Organic/SEO,Saudi Arabia,45-54,Female
CUST04675,2024-10-02,Influencer,Saudi Arabia,18-24,Female
CUST04676,2025-05-31,Google Ads,India,25-34,Female
CUST04677,2024-02-29,Meta Ads,UK,25-34,Female
CUST04678,2025-07-07,Influencer,Saudi Arabia,35-44,Female
CUST04679,2025-01-24,Organic/SEO,Saudi Arabia,25-34,Male
CUST04680,2024-12-26,Meta Ads,Saudi Arabia,18-24,Female
CUST04681,2024-07-05,Meta Ads,UAE,45-54,Female
CUST04682,2024-06-24,Meta Ads,UAE,25-34,Female
CUST04683,2025-06-26,Google Ads,UK,35-44,Female
CUST04684,2024-07-22,Meta Ads,Saudi Arabia,25-34,Female
CUST04685,2025-03-25,Organic/SEO,UAE,35-44,Female
CUST04686,2024-09-23,Google Ads,Saudi Arabia,35-44,Female
CUST04687,2024-04-25,Meta Ads,UAE,45-54,Female
CUST04688,2024-02-07,Meta Ads,Saudi Arabia,25-34,Female
CUST04689,2024-11-25,Meta Ads,UAE,18-24,Male
CUST04690,2025-07-16,Influencer,UAE,35-44,Male
CUST04691,2024-09-08,Email/Referral,Saudi Arabia,18-24,Female
CUST04692,2024-09-01,Google Ads,UAE,45-54,Female
CUST04693,2024-08-22,Organic/SEO,Saudi Arabia,25-34,Female
CUST04694,2024-11-18,Organic/SEO,Saudi Arabia,25-34,Female
CUST04695,2024-10-22,Meta Ads,Saudi Arabia,25-34,Female
CUST04696,2025-05-27,Influencer,Kuwait,35-44,Female
CUST04697,2024-11-14,Organic/SEO,India,18-24,Female
CUST04698,2024-11-15,Meta Ads,Saudi Arabia,25-34,Female
CUST04699,2024-04-25,Email/Referral,Saudi Arabia,35-44,Female
CUST04700,2025-07-20,Google Ads,UAE,35-44,Female
CUST04701,2024-06-25,Meta Ads,Saudi Arabia,25-34,Female
CUST04702,2024-03-16,Influencer,India,45-54,Female
CUST04703,2025-01-12,Google Ads,Qatar,25-34,Female
CUST04704,2024-12-12,Influencer,USA,35-44,Female
CUST04705,2024-10-06,Google Ads,India,25-34,Female
CUST04706,2024-10-10,Google Ads,UAE,45-54,Female
CUST04707,2025-03-31,Meta Ads,UK,25-34,Female
CUST04708,2024-05-30,Google Ads,Kuwait,18-24,Female
CUST04709,2025-04-21,Meta Ads,Kuwait,35-44,Female
CUST04710,2025-01-02,Organic/SEO,Kuwait,35-44,Female
CUST04711,2024-10-08,Influencer,Saudi Arabia,25-34,Male
CUST04712,2024-11-01,Organic/SEO,Kuwait,25-34,Female
CUST04713,2024-06-28,Meta Ads,India,45-54,Female
CUST04714,2025-03-10,Organic/SEO,UAE,18-24,Female
CUST04715,2024-11-16,Influencer,UK,35-44,Male
CUST04716,2024-08-06,Organic/SEO,USA,35-44,Female
CUST04717,2024-12-12,Google Ads,India,45-54,Female
CUST04718,2025-07-28,Meta Ads,UAE,25-34,Female
CUST04719,2024-10-18,Meta Ads,Qatar,45-54,Male
CUST04720,2025-06-16,Organic/SEO,USA,25-34,Female
CUST04721,2024-08-23,Email/Referral,India,25-34,Female
CUST04722,2024-03-05,Meta Ads,UK,35-44,Female
CUST04723,2024-06-03,Google Ads,UK,45-54,Female
CUST04724,2024-10-08,Meta Ads,UAE,55+,Female
CUST04725,2024-06-10,Google Ads,UAE,45-54,Female
CUST04726,2024-02-01,Email/Referral,UAE,35-44,Female
CUST04727,2025-06-14,Email/Referral,USA,25-34,Male
CUST04728,2025-05-05,Organic/SEO,Saudi Arabia,25-34,Female
CUST04729,2025-03-04,Meta Ads,USA,45-54,Female
CUST04730,2024-05-13,Meta Ads,USA,18-24,Male
CUST04731,2024-04-14,Meta Ads,India,35-44,Female
CUST04732,2024-03-13,Google Ads,UK,35-44,Female
CUST04733,2025-02-21,Meta Ads,UK,18-24,Female
CUST04734,2025-06-20,Meta Ads,UAE,35-44,Female
CUST04735,2024-10-15,Email/Referral,India,45-54,Other
CUST04736,2024-04-13,Meta Ads,India,25-34,Female
CUST04737,2024-11-16,Organic/SEO,UAE,18-24,Female
CUST04738,2024-08-26,Organic/SEO,USA,45-54,Female
CUST04739,2024-09-12,Meta Ads,Saudi Arabia,45-54,Female
CUST04740,2024-12-22,Organic/SEO,UAE,18-24,Female
CUST04741,2025-02-18,Influencer,USA,25-34,Female
CUST04742,2024-04-08,Google Ads,Kuwait,18-24,Female
CUST04743,2024-02-22,Google Ads,India,25-34,Female
CUST04744,2025-07-27,Meta Ads,India,35-44,Female
CUST04745,2024-06-17,Google Ads,Qatar,55+,Male
CUST04746,2024-03-04,Google Ads,Saudi Arabia,55+,Female
CUST04747,2024-05-26,Meta Ads,UK,45-54,Male
CUST04748,2024-02-24,Meta Ads,Saudi Arabia,18-24,Female
CUST04749,2024-09-22,Email/Referral,UAE,25-34,Female
CUST04750,2025-04-10,Influencer,UAE,18-24,Female
CUST04751,2024-08-20,Meta Ads,Saudi Arabia,25-34,Male
CUST04752,2024-10-24,Google Ads,Saudi Arabia,35-44,Female
CUST04753,2025-01-21,Meta Ads,Kuwait,25-34,Female
CUST04754,2024-11-15,Google Ads,UAE,18-24,Female
CUST04755,2025-05-16,Google Ads,UAE,18-24,Other
CUST04756,2025-05-19,Google Ads,Kuwait,35-44,Female
CUST04757,2024-02-07,Google Ads,USA,45-54,Female
CUST04758,2025-03-26,Meta Ads,Qatar,55+,Female
CUST04759,2024-11-02,Influencer,India,18-24,Other
CUST04760,2025-07-24,Meta Ads,UAE,25-34,Female
CUST04761,2024-11-08,Email/Referral,India,18-24,Female
CUST04762,2025-07-23,Influencer,Saudi Arabia,25-34,Female
CUST04763,2025-03-12,Influencer,USA,45-54,Female
CUST04764,2024-06-24,Influencer,UAE,25-34,Female
CUST04765,2024-11-23,Organic/SEO,Kuwait,45-54,Female
CUST04766,2025-07-26,Influencer,UAE,18-24,Female
CUST04767,2025-05-14,Organic/SEO,UAE,35-44,Female
CUST04768,2024-03-31,Meta Ads,Saudi Arabia,55+,Female
CUST04769,2025-02-11,Organic/SEO,USA,35-44,Female
CUST04770,2024-08-24,Email/Referral,UAE,25-34,Female
CUST04771,2024-02-05,Email/Referral,UAE,55+,Male
CUST04772,2024-09-29,Email/Referral,Qatar,35-44,Female
CUST04773,2024-06-17,Organic/SEO,USA,35-44,Female
CUST04774,2025-04-20,Meta Ads,Saudi Arabia,25-34,Female
CUST04775,2024-08-18,Google Ads,UAE,25-34,Female
CUST04776,2025-04-25,Google Ads,UK,55+,Female
CUST04777,2024-02-01,Meta Ads,Saudi Arabia,35-44,Female
CUST04778,2024-07-28,Organic/SEO,UAE,35-44,Female
CUST04779,2024-06-20,Influencer,UAE,55+,Female
CUST04780,2024-06-17,Organic/SEO,Kuwait,55+,Female
CUST04781,2024-03-13,Meta Ads,UAE,25-34,Female
CUST04782,2024-05-25,Meta Ads,UAE,35-44,Female
CUST04783,2024-11-28,Email/Referral,Kuwait,35-44,Female
CUST04784,2024-07-18,Google Ads,Saudi Arabia,18-24,Female
CUST04785,2024-10-07,Meta Ads,UAE,35-44,Female
CUST04786,2024-09-13,Organic/SEO,UAE,25-34,Female
CUST04787,2025-05-25,Google Ads,USA,45-54,Female
CUST04788,2025-06-09,Meta Ads,Saudi Arabia,35-44,Female
CUST04789,2024-11-11,Influencer,UAE,35-44,Female
CUST04790,2024-08-12,Google Ads,India,35-44,Female
CUST04791,2024-04-06,Organic/SEO,Qatar,45-54,Female
CUST04792,2025-07-02,Meta Ads,UAE,18-24,Female
CUST04793,2024-03-08,Meta Ads,UAE,25-34,Female
CUST04794,2024-07-22,Email/Referral,India,25-34,Female
CUST04795,2024-07-22,Meta Ads,USA,18-24,Female
CUST04796,2024-08-05,Google Ads,Saudi Arabia,35-44,Female
CUST04797,2024-05-11,Google Ads,UAE,25-34,Female
CUST04798,2025-03-29,Meta Ads,Kuwait,18-24,Female
CUST04799,2024-04-15,Influencer,USA,25-34,Male
CUST04800,2024-12-27,Google Ads,UAE,25-34,Female
CUST04801,2024-04-16,Email/Referral,India,18-24,Female
CUST04802,2024-03-14,Influencer,UAE,18-24,Female
CUST04803,2025-06-11,Meta Ads,USA,55+,Female
CUST04804,2024-05-26,Google Ads,India,18-24,Female
CUST04805,2025-04-22,Meta Ads,Saudi Arabia,18-24,Female
CUST04806,2024-11-25,Google Ads,Saudi Arabia,18-24,Female
CUST04807,2024-03-19,Email/Referral,UK,25-34,Female
CUST04808,2025-07-03,Meta Ads,USA,25-34,Male
CUST04809,2024-06-23,Organic/SEO,UK,35-44,Other
CUST04810,2025-05-15,Meta Ads,UAE,35-44,Male
CUST04811,2024-05-13,Google Ads,UAE,25-34,Female
CUST04812,2025-05-12,Meta Ads,Qatar,35-44,Female
CUST04813,2024-02-09,Meta Ads,USA,45-54,Female
CUST04814,2024-11-16,Meta Ads,India,18-24,Female
CUST04815,2025-03-21,Meta Ads,India,35-44,Female
CUST04816,2025-06-23,Organic/SEO,Kuwait,35-44,Female
CUST04817,2025-06-11,Meta Ads,USA,35-44,Female
CUST04818,2025-04-21,Meta Ads,India,25-34,Female
CUST04819,2025-06-01,Influencer,Saudi Arabia,18-24,Male
CUST04820,2024-06-01,Google Ads,UAE,25-34,Male
CUST04821,2024-07-14,Organic/SEO,UAE,55+,Female
CUST04822,2024-07-17,Email/Referral,USA,25-34,Female
CUST04823,2024-09-13,Meta Ads,UAE,18-24,Female
CUST04824,2024-09-23,Meta Ads,Qatar,25-34,Male
CUST04825,2024-11-25,Meta Ads,USA,25-34,Female
CUST04826,2024-05-08,Organic/SEO,UAE,35-44,Female
CUST04827,2025-02-01,Google Ads,Saudi Arabia,25-34,Male
CUST04828,2024-05-13,Email/Referral,UK,18-24,Female
CUST04829,2024-07-30,Email/Referral,Kuwait,25-34,Female
CUST04830,2024-11-13,Google Ads,UAE,35-44,Female
CUST04831,2025-04-06,Influencer,Qatar,55+,Female
CUST04832,2025-03-03,Meta Ads,UAE,45-54,Female
CUST04833,2024-12-31,Google Ads,UAE,25-34,Female
CUST04834,2024-05-05,Organic/SEO,Kuwait,35-44,Male
CUST04835,2024-11-25,Meta Ads,India,35-44,Female
CUST04836,2024-03-25,Meta Ads,Saudi Arabia,25-34,Female
CUST04837,2024-09-13,Google Ads,UAE,45-54,Female
CUST04838,2024-10-05,Meta Ads,UAE,55+,Female
CUST04839,2024-02-25,Meta Ads,UAE,35-44,Female
CUST04840,2024-07-07,Meta Ads,UAE,35-44,Female
CUST04841,2025-07-03,Email/Referral,UAE,18-24,Male
CUST04842,2025-07-02,Meta Ads,UAE,25-34,Female
CUST04843,2024-08-28,Meta Ads,India,25-34,Female
CUST04844,2024-02-27,Organic/SEO,Saudi Arabia,25-34,Female
CUST04845,2024-05-20,Meta Ads,India,25-34,Female
CUST04846,2024-09-22,Email/Referral,UAE,18-24,Male
CUST04847,2025-06-29,Meta Ads,Qatar,45-54,Female
CUST04848,2024-04-27,Organic/SEO,India,35-44,Female
CUST04849,2025-03-17,Google Ads,Kuwait,35-44,Female
CUST04850,2024-04-07,Google Ads,USA,35-44,Female
CUST04851,2025-07-19,Influencer,Saudi Arabia,25-34,Female
CUST04852,2024-09-16,Meta Ads,Qatar,55+,Male
CUST04853,2025-03-25,Email/Referral,India,25-34,Female
CUST04854,2024-08-21,Meta Ads,UAE,45-54,Male
CUST04855,2024-12-24,Email/Referral,India,35-44,Female
CUST04856,2024-05-27,Meta Ads,UAE,45-54,Male
CUST04857,2024-04-29,Meta Ads,UAE,45-54,Female
CUST04858,2025-06-25,Influencer,India,25-34,Female
CUST04859,2025-06-15,Google Ads,UK,55+,Female
CUST04860,2025-06-01,Email/Referral,UAE,25-34,Male
CUST04861,2024-12-23,Meta Ads,Saudi Arabia,25-34,Female
CUST04862,2025-04-14,Google Ads,UAE,25-34,Male
CUST04863,2024-03-14,Influencer,UAE,35-44,Female
CUST04864,2024-08-16,Email/Referral,Saudi Arabia,18-24,Female
CUST04865,2024-08-01,Meta Ads,UAE,45-54,Female
CUST04866,2024-12-27,Organic/SEO,UK,25-34,Female
CUST04867,2024-08-31,Google Ads,Kuwait,35-44,Female
CUST04868,2024-05-01,Influencer,UK,55+,Female
CUST04869,2024-12-12,Email/Referral,UAE,25-34,Female
CUST04870,2025-04-17,Meta Ads,UAE,25-34,Female
CUST04871,2024-09-16,Meta Ads,Kuwait,35-44,Female
CUST04872,2024-04-21,Meta Ads,Qatar,25-34,Other
CUST04873,2024-05-30,Meta Ads,UAE,18-24,Female
CUST04874,2024-06-19,Organic/SEO,Qatar,25-34,Female
CUST04875,2024-07-23,Google Ads,UK,45-54,Female
CUST04876,2024-12-30,Organic/SEO,Qatar,25-34,Female
CUST04877,2024-12-14,Influencer,Kuwait,18-24,Female
CUST04878,2025-02-04,Google Ads,UAE,18-24,Female
CUST04879,2024-09-04,Meta Ads,UAE,25-34,Female
CUST04880,2025-04-23,Google Ads,UAE,35-44,Female
CUST04881,2024-06-03,Meta Ads,Qatar,18-24,Female
CUST04882,2024-11-04,Email/Referral,Saudi Arabia,25-34,Female
CUST04883,2025-04-09,Influencer,UAE,25-34,Female
CUST04884,2024-05-20,Google Ads,Saudi Arabia,35-44,Female
CUST04885,2024-04-07,Organic/SEO,Kuwait,45-54,Female
CUST04886,2025-05-30,Meta Ads,UK,55+,Female
CUST04887,2024-08-22,Meta Ads,UAE,25-34,Other
CUST04888,2025-01-27,Email/Referral,UAE,35-44,Female
CUST04889,2024-02-16,Influencer,Saudi Arabia,18-24,Female
CUST04890,2025-02-01,Organic/SEO,India,25-34,Female
CUST04891,2024-08-02,Google Ads,UAE,25-34,Female
CUST04892,2024-03-05,Google Ads,Saudi Arabia,25-34,Female
CUST04893,2024-12-18,Email/Referral,UK,35-44,Female
CUST04894,2024-06-20,Google Ads,Qatar,25-34,Other
CUST04895,2024-09-19,Google Ads,USA,35-44,Female
CUST04896,2024-03-21,Google Ads,UK,25-34,Female
CUST04897,2024-04-30,Meta Ads,Qatar,55+,Female
CUST04898,2024-07-22,Google Ads,Qatar,45-54,Female
CUST04899,2024-03-26,Email/Referral,UAE,35-44,Female
CUST04900,2025-06-12,Organic/SEO,UK,25-34,Female
CUST04901,2024-02-04,Google Ads,UAE,55+,Female
CUST04902,2024-11-08,Google Ads,India,25-34,Female
CUST04903,2024-04-16,Meta Ads,UAE,45-54,Male
CUST04904,2024-07-28,Meta Ads,Saudi Arabia,25-34,Female
CUST04905,2025-06-19,Google Ads,UAE,18-24,Female
CUST04906,2024-05-09,Organic/SEO,Saudi Arabia,25-34,Female
CUST04907,2025-07-10,Google Ads,Saudi Arabia,25-34,Female
CUST04908,2024-06-04,Email/Referral,UK,25-34,Female
CUST04909,2025-03-04,Organic/SEO,UK,18-24,Female
CUST04910,2024-11-25,Google Ads,UAE,25-34,Female
CUST04911,2025-05-30,Google Ads,UAE,35-44,Female
CUST04912,2024-11-27,Meta Ads,UK,35-44,Female
CUST04913,2024-11-22,Email/Referral,USA,35-44,Female
CUST04914,2024-05-30,Meta Ads,USA,25-34,Other
CUST04915,2024-05-12,Google Ads,USA,18-24,Male
CUST04916,2025-06-14,Organic/SEO,Qatar,18-24,Female
CUST04917,2024-08-11,Email/Referral,Saudi Arabia,35-44,Female
CUST04918,2024-09-10,Organic/SEO,UAE,45-54,Female
CUST04919,2025-03-15,Google Ads,Saudi Arabia,35-44,Female
CUST04920,2024-08-19,Meta Ads,Kuwait,25-34,Female
CUST04921,2025-07-01,Organic/SEO,Kuwait,25-34,Other
CUST04922,2025-03-02,Meta Ads,UAE,35-44,Female
CUST04923,2024-12-13,Google Ads,USA,35-44,Male
CUST04924,2025-05-28,Meta Ads,UAE,25-34,Male
CUST04925,2024-03-02,Meta Ads,Kuwait,25-34,Female
CUST04926,2024-06-28,Meta Ads,UK,35-44,Female
CUST04927,2024-11-03,Google Ads,UK,25-34,Male
CUST04928,2024-06-14,Meta Ads,India,25-34,Male
CUST04929,2025-03-05,Organic/SEO,Kuwait,35-44,Female
CUST04930,2025-06-16,Organic/SEO,UAE,25-34,Female
CUST04931,2024-10-11,Influencer,USA,35-44,Male
CUST04932,2024-08-21,Meta Ads,Saudi Arabia,18-24,Female
CUST04933,2025-07-07,Meta Ads,Saudi Arabia,25-34,Female
CUST04934,2024-10-24,Organic/SEO,UAE,45-54,Female
CUST04935,2024-11-09,Influencer,USA,25-34,Female
CUST04936,2024-08-28,Meta Ads,Saudi Arabia,35-44,Female
CUST04937,2025-06-11,Google Ads,Kuwait,18-24,Female
CUST04938,2024-12-02,Influencer,UAE,35-44,Male
CUST04939,2025-03-17,Meta Ads,Kuwait,35-44,Male
CUST04940,2025-04-16,Influencer,Qatar,25-34,Female
CUST04941,2024-08-21,Meta Ads,UAE,25-34,Female
CUST04942,2024-10-17,Google Ads,Saudi Arabia,45-54,Male
CUST04943,2025-05-08,Meta Ads,USA,25-34,Female
CUST04944,2024-09-04,Organic/SEO,Saudi Arabia,25-34,Male
CUST04945,2025-04-05,Google Ads,UAE,35-44,Female
CUST04946,2025-06-26,Meta Ads,USA,18-24,Male
CUST04947,2024-12-23,Email/Referral,UAE,35-44,Female
CUST04948,2025-03-04,Meta Ads,Qatar,35-44,Female
CUST04949,2025-04-12,Influencer,USA,25-34,Female
CUST04950,2025-05-06,Meta Ads,USA,35-44,Female
CUST04951,2024-09-24,Google Ads,UK,25-34,Male
CUST04952,2024-03-03,Email/Referral,Saudi Arabia,35-44,Male
CUST04953,2024-09-28,Meta Ads,Saudi Arabia,35-44,Male
CUST04954,2025-01-20,Email/Referral,USA,25-34,Female
CUST04955,2024-10-28,Email/Referral,UAE,25-34,Male
CUST04956,2025-03-09,Email/Referral,India,35-44,Male
CUST04957,2024-09-01,Meta Ads,USA,35-44,Female
CUST04958,2024-12-27,Influencer,USA,25-34,Female
CUST04959,2024-05-24,Email/Referral,India,25-34,Female
CUST04960,2025-03-09,Email/Referral,UK,35-44,Male
CUST04961,2024-11-25,Organic/SEO,Saudi Arabia,25-34,Female
CUST04962,2024-06-03,Google Ads,UAE,25-34,Female
CUST04963,2024-07-18,Organic/SEO,India,25-34,Female
CUST04964,2025-03-08,Organic/SEO,UAE,35-44,Male
CUST04965,2024-11-08,Email/Referral,UAE,25-34,Female
CUST04966,2024-06-09,Meta Ads,USA,45-54,Female
CUST04967,2025-07-11,Google Ads,UAE,55+,Female
CUST04968,2025-02-16,Organic/SEO,India,25-34,Male
CUST04969,2025-07-04,Meta Ads,UAE,25-34,Female
CUST04970,2024-10-13,Email/Referral,UAE,25-34,Female
CUST04971,2024-11-06,Google Ads,Saudi Arabia,35-44,Female
CUST04972,2025-06-06,Influencer,UK,25-34,Female
CUST04973,2024-11-19,Google Ads,UAE,45-54,Female
CUST04974,2025-02-11,Organic/SEO,USA,25-34,Female
CUST04975,2024-06-26,Google Ads,UAE,35-44,Female
CUST04976,2024-10-25,Organic/SEO,Qatar,35-44,Female
CUST04977,2024-04-16,Google Ads,UAE,25-34,Female
CUST04978,2024-06-04,Meta Ads,UAE,35-44,Female
CUST04979,2024-02-01,Google Ads,USA,35-44,Female
CUST04980,2024-02-24,Email/Referral,UK,25-34,Female
CUST04981,2025-07-17,Meta Ads,Saudi Arabia,25-34,Female
CUST04982,2024-06-21,Meta Ads,UAE,25-34,Male
CUST04983,2025-01-13,Organic/SEO,India,25-34,Female
CUST04984,2025-05-02,Meta Ads,UAE,25-34,Female
CUST04985,2024-11-26,Organic/SEO,Saudi Arabia,25-34,Other
CUST04986,2024-05-04,Email/Referral,UAE,25-34,Female
CUST04987,2025-02-24,Meta Ads,Saudi Arabia,25-34,Female
CUST04988,2024-12-14,Influencer,Saudi Arabia,25-34,Female
CUST04989,2025-02-26,Meta Ads,USA,25-34,Female
CUST04990,2025-03-21,Organic/SEO,Qatar,25-34,Female
CUST04991,2025-07-16,Meta Ads,India,25-34,Female
CUST04992,2024-12-04,Organic/SEO,USA,35-44,Female
CUST04993,2024-08-21,Influencer,UAE,25-34,Male
CUST04994,2025-01-02,Google Ads,Saudi Arabia,35-44,Female
CUST04995,2024-03-13,Influencer,USA,35-44,Female
CUST04996,2025-06-05,Meta Ads,UAE,25-34,Male
CUST04997,2024-04-13,Organic/SEO,Saudi Arabia,25-34,Female
CUST04998,2024-08-11,Email/Referral,Saudi Arabia,45-54,Female
CUST04999,2025-04-18,Meta Ads,UAE,18-24,Female
CUST05000,2024-12-13,Meta Ads,Saudi Arabia,35-44,Female
CUST05001,2024-09-23,Email/Referral,Saudi Arabia,25-34,Female
CUST05002,2024-11-05,Google Ads,UAE,35-44,Female
CUST05003,2025-05-12,Organic/SEO,India,18-24,Female
CUST05004,2024-08-20,Meta Ads,Saudi Arabia,45-54,Female
CUST05005,2025-05-21,Meta Ads,UAE,18-24,Male
CUST05006,2024-03-25,Meta Ads,UAE,35-44,Male
CUST05007,2025-03-26,Organic/SEO,UK,25-34,Female
CUST05008,2025-05-08,Email/Referral,UAE,18-24,Female
CUST05009,2024-05-21,Meta Ads,Kuwait,25-34,Female
CUST05010,2024-10-15,Organic/SEO,Saudi Arabia,25-34,Female
CUST05011,2024-05-11,Meta Ads,UAE,25-34,Female
CUST05012,2025-02-11,Meta Ads,USA,18-24,Female
CUST05013,2024-11-22,Meta Ads,Saudi Arabia,55+,Female
CUST05014,2024-12-27,Google Ads,UAE,55+,Female
CUST05015,2024-05-30,Influencer,UAE,35-44,Female
CUST05016,2024-06-07,Google Ads,USA,25-34,Male
CUST05017,2024-02-26,Organic/SEO,Kuwait,35-44,Female
CUST05018,2024-08-07,Email/Referral,Saudi Arabia,35-44,Male
CUST05019,2024-11-29,Influencer,Kuwait,25-34,Female
CUST05020,2025-05-14,Meta Ads,USA,18-24,Male
CUST05021,2025-01-15,Google Ads,UAE,18-24,Male
CUST05022,2024-10-18,Meta Ads,UAE,25-34,Male
CUST05023,2025-07-02,Email/Referral,UAE,25-34,Female
CUST05024,2025-02-18,Organic/SEO,UK,25-34,Female
CUST05025,2025-06-21,Email/Referral,India,35-44,Other
CUST05026,2024-11-20,Meta Ads,UK,25-34,Female
CUST05027,2024-06-29,Meta Ads,UK,55+,Female
CUST05028,2024-03-04,Google Ads,UAE,45-54,Female
CUST05029,2025-02-23,Google Ads,Saudi Arabia,18-24,Male
CUST05030,2024-04-14,Influencer,Saudi Arabia,18-24,Female
CUST05031,2024-07-25,Google Ads,Saudi Arabia,25-34,Female
CUST05032,2024-11-21,Email/Referral,India,25-34,Male
CUST05033,2024-11-30,Influencer,UAE,35-44,Female
CUST05034,2024-12-14,Meta Ads,UK,25-34,Female
CUST05035,2024-05-12,Meta Ads,UAE,35-44,Other
CUST05036,2024-09-15,Organic/SEO,USA,18-24,Female
CUST05037,2024-12-20,Meta Ads,UK,18-24,Male
CUST05038,2025-07-12,Organic/SEO,India,18-24,Female
CUST05039,2025-02-24,Email/Referral,USA,45-54,Male
CUST05040,2025-06-17,Meta Ads,UAE,25-34,Female
CUST05041,2025-03-17,Meta Ads,UAE,45-54,Female
CUST05042,2024-12-11,Meta Ads,UAE,18-24,Female
CUST05043,2024-05-27,Google Ads,UAE,35-44,Male
CUST05044,2025-01-15,Organic/SEO,Saudi Arabia,55+,Female
CUST05045,2024-12-23,Email/Referral,UAE,25-34,Female
CUST05046,2024-12-15,Organic/SEO,Kuwait,25-34,Female
CUST05047,2024-11-10,Google Ads,India,25-34,Female
CUST05048,2024-11-20,Meta Ads,UAE,35-44,Female
CUST05049,2024-08-16,Meta Ads,USA,25-34,Female
CUST05050,2024-11-18,Google Ads,UAE,25-34,Female
CUST05051,2024-05-31,Organic/SEO,India,35-44,Female
CUST05052,2025-04-12,Organic/SEO,USA,35-44,Female
CUST05053,2024-05-24,Email/Referral,UAE,35-44,Female
CUST05054,2024-03-23,Google Ads,Kuwait,35-44,Female
CUST05055,2024-10-19,Email/Referral,UAE,25-34,Female
CUST05056,2025-01-09,Meta Ads,Saudi Arabia,25-34,Female
CUST05057,2024-10-20,Meta Ads,Kuwait,25-34,Female
CUST05058,2024-07-09,Email/Referral,India,25-34,Male
CUST05059,2024-11-29,Meta Ads,Qatar,18-24,Female
CUST05060,2024-08-25,Google Ads,UAE,25-34,Female
CUST05061,2025-06-22,Meta Ads,Saudi Arabia,45-54,Male
CUST05062,2025-06-17,Meta Ads,Saudi Arabia,35-44,Female
CUST05063,2024-11-13,Email/Referral,UAE,18-24,Male
CUST05064,2024-08-11,Organic/SEO,Kuwait,25-34,Female
CUST05065,2025-03-01,Organic/SEO,UAE,25-34,Female
CUST05066,2024-02-23,Organic/SEO,India,25-34,Male
CUST05067,2024-11-05,Meta Ads,UAE,35-44,Female
CUST05068,2024-08-17,Influencer,USA,25-34,Female
CUST05069,2025-06-16,Meta Ads,UK,18-24,Female
CUST05070,2024-02-08,Meta Ads,UAE,45-54,Female
CUST05071,2024-11-27,Google Ads,Kuwait,25-34,Female
CUST05072,2025-03-03,Google Ads,Qatar,25-34,Female
CUST05073,2024-11-08,Email/Referral,UAE,18-24,Female
CUST05074,2024-03-24,Organic/SEO,UAE,35-44,Female
CUST05075,2025-07-14,Email/Referral,USA,35-44,Female
CUST05076,2024-11-17,Email/Referral,Saudi Arabia,25-34,Female
CUST05077,2024-12-19,Google Ads,India,35-44,Female
CUST05078,2024-06-18,Meta Ads,UAE,18-24,Female
CUST05079,2024-11-08,Influencer,Saudi Arabia,25-34,Female
CUST05080,2024-10-15,Meta Ads,Saudi Arabia,35-44,Female
CUST05081,2024-03-17,Email/Referral,UAE,45-54,Female
CUST05082,2024-04-05,Google Ads,USA,35-44,Female
CUST05083,2025-05-01,Organic/SEO,India,55+,Female
CUST05084,2024-06-20,Google Ads,USA,18-24,Male
CUST05085,2024-05-29,Meta Ads,India,25-34,Female
CUST05086,2024-11-14,Influencer,UAE,25-34,Female
CUST05087,2025-03-21,Organic/SEO,Kuwait,35-44,Female
CUST05088,2024-03-09,Influencer,UAE,18-24,Female
CUST05089,2024-12-05,Google Ads,UK,25-34,Female
CUST05090,2024-04-13,Organic/SEO,Kuwait,25-34,Female
CUST05091,2024-02-23,Email/Referral,Saudi Arabia,25-34,Female
CUST05092,2024-03-04,Organic/SEO,Kuwait,35-44,Female
CUST05093,2025-04-29,Email/Referral,USA,25-34,Female
CUST05094,2024-04-12,Meta Ads,India,35-44,Male
CUST05095,2024-02-28,Influencer,UK,25-34,Male
CUST05096,2024-10-20,Google Ads,UAE,25-34,Female
CUST05097,2025-05-05,Organic/SEO,Saudi Arabia,45-54,Male
CUST05098,2024-06-30,Google Ads,UAE,18-24,Male
CUST05099,2024-10-10,Influencer,UAE,25-34,Female
CUST05100,2024-02-25,Organic/SEO,UAE,25-34,Female
CUST05101,2024-10-27,Meta Ads,India,18-24,Female
CUST05102,2024-12-05,Google Ads,UAE,35-44,Female
CUST05103,2024-12-03,Meta Ads,UAE,55+,Male
CUST05104,2024-08-14,Meta Ads,Saudi Arabia,18-24,Female
CUST05105,2024-08-02,Google Ads,Kuwait,35-44,Male
CUST05106,2024-04-05,Meta Ads,Qatar,45-54,Female
CUST05107,2024-09-07,Meta Ads,India,45-54,Female
CUST05108,2024-04-01,Influencer,UAE,18-24,Female
CUST05109,2025-03-19,Meta Ads,USA,35-44,Male
CUST05110,2025-07-10,Influencer,UAE,45-54,Female
CUST05111,2025-07-12,Google Ads,UAE,45-54,Female
CUST05112,2025-05-18,Meta Ads,UAE,25-34,Female
CUST05113,2024-12-14,Meta Ads,UAE,25-34,Male
CUST05114,2025-02-07,Meta Ads,Kuwait,18-24,Female
CUST05115,2024-07-14,Google Ads,Kuwait,25-34,Female
CUST05116,2024-12-25,Google Ads,Kuwait,18-24,Male
CUST05117,2024-10-31,Meta Ads,UAE,25-34,Female
CUST05118,2024-11-07,Meta Ads,UAE,25-34,Female
CUST05119,2025-03-14,Meta Ads,Saudi Arabia,25-34,Female
CUST05120,2024-07-12,Email/Referral,USA,25-34,Female
CUST05121,2024-08-04,Meta Ads,UAE,18-24,Male
CUST05122,2025-06-18,Meta Ads,UAE,25-34,Female
CUST05123,2024-03-06,Meta Ads,Saudi Arabia,25-34,Female
CUST05124,2024-11-08,Organic/SEO,USA,25-34,Female
CUST05125,2025-06-13,Meta Ads,India,55+,Female
CUST05126,2024-12-18,Email/Referral,USA,25-34,Female
CUST05127,2024-11-25,Organic/SEO,UAE,25-34,Female
CUST05128,2024-06-24,Influencer,UAE,25-34,Female
CUST05129,2024-08-22,Meta Ads,UK,55+,Female
CUST05130,2025-05-10,Meta Ads,India,25-34,Male
CUST05131,2024-11-29,Google Ads,Kuwait,18-24,Female
CUST05132,2024-11-17,Meta Ads,Saudi Arabia,35-44,Female
CUST05133,2024-04-01,Organic/SEO,India,25-34,Female
CUST05134,2024-02-10,Meta Ads,Saudi Arabia,25-34,Male
CUST05135,2025-07-08,Influencer,UK,25-34,Female
CUST05136,2024-09-13,Email/Referral,India,25-34,Female
CUST05137,2024-12-15,Google Ads,Saudi Arabia,25-34,Female
CUST05138,2024-03-20,Influencer,USA,45-54,Female
CUST05139,2025-01-27,Google Ads,Saudi Arabia,35-44,Female
CUST05140,2025-06-22,Meta Ads,India,35-44,Male
CUST05141,2024-12-05,Meta Ads,UK,45-54,Female
CUST05142,2024-04-17,Google Ads,India,35-44,Female
CUST05143,2024-12-07,Meta Ads,Saudi Arabia,45-54,Female
CUST05144,2025-03-19,Organic/SEO,UAE,25-34,Female
CUST05145,2024-10-01,Influencer,India,45-54,Female
CUST05146,2025-05-27,Meta Ads,UAE,25-34,Male
CUST05147,2025-01-02,Meta Ads,Kuwait,25-34,Female
CUST05148,2025-06-06,Meta Ads,Saudi Arabia,25-34,Female
CUST05149,2024-12-23,Google Ads,India,35-44,Female
CUST05150,2024-04-20,Google Ads,UK,45-54,Female
CUST05151,2024-07-29,Email/Referral,UAE,18-24,Female
CUST05152,2024-06-02,Email/Referral,Kuwait,35-44,Female
CUST05153,2025-06-11,Influencer,USA,25-34,Female
CUST05154,2025-03-16,Google Ads,UAE,35-44,Female
CUST05155,2025-01-22,Organic/SEO,UAE,25-34,Female
CUST05156,2024-07-24,Google Ads,Saudi Arabia,35-44,Female
CUST05157,2024-05-23,Influencer,USA,25-34,Female
CUST05158,2025-03-13,Google Ads,UK,25-34,Other
CUST05159,2024-11-05,Meta Ads,UAE,35-44,Female
CUST05160,2024-06-13,Meta Ads,USA,35-44,Female
CUST05161,2024-12-20,Influencer,India,35-44,Female
CUST05162,2024-02-25,Google Ads,Saudi Arabia,35-44,Female
CUST05163,2024-08-10,Google Ads,UAE,18-24,Female
CUST05164,2024-11-04,Organic/SEO,India,55+,Male
CUST05165,2024-05-01,Meta Ads,UAE,35-44,Female
CUST05166,2025-07-21,Organic/SEO,India,35-44,Female
CUST05167,2024-06-05,Influencer,India,18-24,Female
CUST05168,2024-04-20,Meta Ads,UK,55+,Female
CUST05169,2024-06-03,Organic/SEO,UAE,18-24,Female
CUST05170,2025-03-21,Email/Referral,India,35-44,Female
CUST05171,2024-10-12,Meta Ads,Saudi Arabia,25-34,Female
CUST05172,2024-12-01,Organic/SEO,India,35-44,Female
CUST05173,2024-02-13,Email/Referral,UAE,35-44,Male
CUST05174,2024-02-21,Meta Ads,Qatar,35-44,Female
CUST05175,2024-10-25,Meta Ads,USA,35-44,Female
CUST05176,2025-04-19,Meta Ads,Saudi Arabia,18-24,Female
CUST05177,2025-05-31,Organic/SEO,Saudi Arabia,18-24,Female
CUST05178,2024-03-24,Influencer,UAE,55+,Female
CUST05179,2024-11-23,Email/Referral,UK,25-34,Male
CUST05180,2025-06-13,Organic/SEO,UK,35-44,Female
CUST05181,2024-09-20,Organic/SEO,UAE,35-44,Female
CUST05182,2025-04-27,Google Ads,USA,18-24,Female
CUST05183,2024-04-22,Email/Referral,UAE,25-34,Female
CUST05184,2025-06-23,Email/Referral,India,45-54,Female
CUST05185,2025-03-10,Email/Referral,UAE,35-44,Female
CUST05186,2025-06-26,Organic/SEO,Kuwait,35-44,Male
CUST05187,2025-01-22,Influencer,UAE,18-24,Male
CUST05188,2024-09-05,Organic/SEO,UAE,18-24,Female
CUST05189,2025-06-25,Meta Ads,India,18-24,Male
CUST05190,2024-07-08,Meta Ads,India,25-34,Female
CUST05191,2024-08-14,Email/Referral,Qatar,18-24,Female
CUST05192,2025-02-07,Meta Ads,UAE,45-54,Female
CUST05193,2025-03-19,Influencer,USA,45-54,Male
CUST05194,2025-06-20,Meta Ads,Kuwait,35-44,Female
CUST05195,2024-06-03,Meta Ads,India,25-34,Female
CUST05196,2025-04-07,Influencer,India,25-34,Female
CUST05197,2025-03-02,Meta Ads,India,25-34,Female
CUST05198,2024-03-10,Meta Ads,India,45-54,Male
CUST05199,2024-09-19,Meta Ads,Saudi Arabia,25-34,Female
CUST05200,2024-07-13,Meta Ads,UAE,18-24,Female
CUST05201,2024-07-26,Google Ads,India,35-44,Other
CUST05202,2025-07-20,Google Ads,UK,45-54,Female
CUST05203,2024-12-30,Meta Ads,USA,25-34,Female
CUST05204,2025-02-17,Influencer,Saudi Arabia,25-34,Male
CUST05205,2025-07-16,Google Ads,UAE,18-24,Female
CUST05206,2024-09-13,Meta Ads,UK,35-44,Female
CUST05207,2025-04-10,Influencer,Saudi Arabia,25-34,Female
CUST05208,2024-10-18,Meta Ads,Kuwait,55+,Female
CUST05209,2025-05-21,Meta Ads,UAE,45-54,Female
CUST05210,2024-05-21,Google Ads,USA,35-44,Female
CUST05211,2025-06-29,Google Ads,UK,18-24,Male
CUST05212,2024-06-10,Meta Ads,Saudi Arabia,18-24,Female
CUST05213,2024-08-10,Influencer,UAE,25-34,Female
CUST05214,2025-03-13,Google Ads,India,18-24,Female
CUST05215,2024-09-23,Google Ads,Saudi Arabia,45-54,Female
CUST05216,2024-12-17,Email/Referral,Kuwait,35-44,Female
CUST05217,2024-10-24,Email/Referral,India,18-24,Female
CUST05218,2025-03-05,Organic/SEO,Saudi Arabia,25-34,Female
CUST05219,2024-06-14,Meta Ads,UK,25-34,Other
CUST05220,2024-03-07,Email/Referral,UAE,18-24,Female
CUST05221,2024-07-23,Google Ads,USA,55+,Female
CUST05222,2024-11-05,Influencer,UAE,35-44,Female
CUST05223,2024-05-13,Google Ads,Kuwait,45-54,Male
CUST05224,2024-08-30,Meta Ads,UAE,25-34,Female
CUST05225,2024-09-27,Google Ads,UAE,25-34,Female
CUST05226,2024-03-06,Meta Ads,Saudi Arabia,18-24,Female
CUST05227,2024-12-07,Email/Referral,India,18-24,Male
CUST05228,2025-05-30,Google Ads,Qatar,45-54,Male
CUST05229,2024-05-03,Influencer,UAE,45-54,Female
CUST05230,2024-12-13,Email/Referral,India,25-34,Female
CUST05231,2025-01-14,Organic/SEO,USA,25-34,Female
CUST05232,2024-10-09,Organic/SEO,Saudi Arabia,18-24,Male
CUST05233,2025-02-07,Google Ads,Saudi Arabia,25-34,Female
CUST05234,2024-10-03,Meta Ads,Kuwait,35-44,Male
CUST05235,2024-11-14,Organic/SEO,UAE,25-34,Female
CUST05236,2024-02-05,Meta Ads,UK,18-24,Other
CUST05237,2025-02-02,Google Ads,UAE,45-54,Female
CUST05238,2025-01-11,Meta Ads,Qatar,35-44,Male
CUST05239,2024-02-24,Meta Ads,India,35-44,Female
CUST05240,2024-09-08,Organic/SEO,UK,35-44,Male
CUST05241,2025-07-18,Email/Referral,UK,25-34,Female
CUST05242,2024-10-10,Meta Ads,UAE,35-44,Female
CUST05243,2024-11-13,Meta Ads,India,25-34,Female
CUST05244,2025-06-11,Influencer,India,35-44,Male
CUST05245,2025-02-17,Google Ads,UAE,35-44,Male
CUST05246,2024-12-07,Meta Ads,Kuwait,25-34,Male
CUST05247,2025-04-07,Influencer,UAE,18-24,Female
CUST05248,2025-05-18,Meta Ads,India,25-34,Female
CUST05249,2024-11-01,Influencer,USA,35-44,Female
CUST05250,2024-11-06,Email/Referral,Saudi Arabia,45-54,Female
CUST05251,2024-09-18,Email/Referral,USA,45-54,Male
CUST05252,2025-07-10,Meta Ads,Qatar,25-34,Female
CUST05253,2025-02-05,Email/Referral,UAE,35-44,Female
CUST05254,2024-03-22,Email/Referral,Saudi Arabia,25-34,Female
CUST05255,2025-05-17,Google Ads,India,55+,Female
CUST05256,2024-11-07,Organic/SEO,Kuwait,35-44,Female
CUST05257,2024-03-13,Organic/SEO,UAE,25-34,Male
CUST05258,2024-11-26,Google Ads,UAE,18-24,Female
CUST05259,2024-10-07,Meta Ads,UAE,35-44,Female
CUST05260,2025-05-26,Google Ads,UAE,25-34,Female
CUST05261,2024-06-03,Influencer,UAE,55+,Female
CUST05262,2025-04-25,Meta Ads,UAE,25-34,Female
CUST05263,2024-11-28,Email/Referral,UAE,25-34,Female
CUST05264,2024-03-05,Organic/SEO,India,18-24,Female
CUST05265,2025-07-13,Google Ads,UAE,18-24,Female
CUST05266,2024-11-16,Meta Ads,UAE,55+,Female
CUST05267,2024-07-18,Google Ads,India,18-24,Female
CUST05268,2024-11-04,Google Ads,Saudi Arabia,55+,Female
CUST05269,2025-05-14,Meta Ads,UAE,55+,Male
CUST05270,2024-07-26,Email/Referral,UK,25-34,Female
CUST05271,2024-05-28,Organic/SEO,India,35-44,Female
CUST05272,2024-04-19,Email/Referral,UK,45-54,Male
CUST05273,2024-07-22,Meta Ads,UK,55+,Female
CUST05274,2025-03-27,Google Ads,Saudi Arabia,25-34,Female
CUST05275,2024-11-05,Email/Referral,UAE,35-44,Female
CUST05276,2024-06-14,Google Ads,UAE,25-34,Female
CUST05277,2024-05-12,Organic/SEO,USA,25-34,Male
CUST05278,2024-08-14,Meta Ads,UK,35-44,Female
CUST05279,2025-06-25,Meta Ads,UK,45-54,Female
CUST05280,2024-08-22,Google Ads,Saudi Arabia,18-24,Female
CUST05281,2025-07-23,Meta Ads,USA,18-24,Female
CUST05282,2024-11-08,Email/Referral,UAE,25-34,Female
CUST05283,2024-05-20,Organic/SEO,India,35-44,Female
CUST05284,2025-06-03,Meta Ads,USA,18-24,Female
CUST05285,2024-11-01,Google Ads,UK,35-44,Female
CUST05286,2025-02-13,Meta Ads,India,45-54,Female
CUST05287,2025-07-21,Google Ads,Kuwait,35-44,Female
CUST05288,2024-03-02,Meta Ads,Saudi Arabia,25-34,Female
CUST05289,2024-03-30,Meta Ads,India,25-34,Male
CUST05290,2025-02-19,Google Ads,UK,35-44,Female
CUST05291,2024-07-12,Meta Ads,UAE,35-44,Female
CUST05292,2024-05-23,Meta Ads,UAE,55+,Female
CUST05293,2024-02-24,Email/Referral,India,25-34,Female
CUST05294,2024-02-14,Organic/SEO,Saudi Arabia,18-24,Female
CUST05295,2025-03-24,Influencer,Saudi Arabia,55+,Female
CUST05296,2024-04-22,Meta Ads,UK,18-24,Female
CUST05297,2024-11-04,Meta Ads,USA,35-44,Female
CUST05298,2024-12-16,Email/Referral,USA,18-24,Female
CUST05299,2024-10-14,Email/Referral,UAE,25-34,Female
CUST05300,2024-02-17,Meta Ads,UAE,25-34,Female
CUST05301,2025-03-30,Meta Ads,Saudi Arabia,18-24,Female
CUST05302,2024-02-07,Influencer,Saudi Arabia,25-34,Female
CUST05303,2025-03-16,Influencer,Qatar,18-24,Female
CUST05304,2025-06-04,Influencer,Saudi Arabia,18-24,Female
CUST05305,2024-10-17,Meta Ads,UK,25-34,Female
CUST05306,2024-11-22,Email/Referral,UAE,25-34,Male
CUST05307,2024-11-06,Organic/SEO,Kuwait,45-54,Female
CUST05308,2024-09-20,Organic/SEO,UAE,35-44,Male
CUST05309,2025-06-01,Influencer,UK,25-34,Female
CUST05310,2025-06-04,Organic/SEO,USA,55+,Female
CUST05311,2024-08-17,Google Ads,UAE,35-44,Female
CUST05312,2024-12-20,Email/Referral,Saudi Arabia,55+,Female
CUST05313,2025-06-19,Google Ads,UK,25-34,Female
CUST05314,2025-07-07,Google Ads,India,25-34,Female
CUST05315,2024-11-15,Google Ads,Saudi Arabia,25-34,Male
CUST05316,2024-10-29,Google Ads,UAE,25-34,Female
CUST05317,2024-07-10,Meta Ads,UAE,35-44,Male
CUST05318,2025-07-05,Meta Ads,India,25-34,Female
CUST05319,2024-04-28,Google Ads,UAE,45-54,Female
CUST05320,2024-12-06,Influencer,Qatar,18-24,Female
CUST05321,2024-07-13,Influencer,UAE,18-24,Female
CUST05322,2024-07-10,Meta Ads,UK,35-44,Female
CUST05323,2024-09-30,Google Ads,Saudi Arabia,35-44,Female
CUST05324,2025-07-30,Meta Ads,India,18-24,Female
CUST05325,2024-03-05,Meta Ads,UK,25-34,Female
CUST05326,2024-12-06,Email/Referral,Saudi Arabia,35-44,Female
CUST05327,2024-03-22,Meta Ads,Saudi Arabia,35-44,Other
CUST05328,2024-05-05,Influencer,UAE,25-34,Female
CUST05329,2024-10-21,Email/Referral,UAE,25-34,Female
CUST05330,2024-11-15,Google Ads,UAE,18-24,Female
CUST05331,2024-06-29,Organic/SEO,India,25-34,Female
CUST05332,2024-08-03,Meta Ads,Kuwait,45-54,Female
CUST05333,2024-03-24,Google Ads,Saudi Arabia,45-54,Female
CUST05334,2024-07-25,Influencer,UAE,25-34,Female
CUST05335,2025-07-10,Meta Ads,Saudi Arabia,18-24,Male
CUST05336,2025-06-28,Google Ads,USA,45-54,Female
CUST05337,2024-08-16,Google Ads,Saudi Arabia,25-34,Male
CUST05338,2024-12-03,Meta Ads,Saudi Arabia,45-54,Female
CUST05339,2025-06-11,Meta Ads,USA,18-24,Female
CUST05340,2024-02-04,Meta Ads,Saudi Arabia,18-24,Female
CUST05341,2025-04-15,Google Ads,UK,35-44,Female
CUST05342,2025-06-29,Google Ads,UAE,25-34,Female
CUST05343,2024-03-27,Google Ads,UAE,18-24,Female
CUST05344,2024-05-09,Meta Ads,UAE,25-34,Female
CUST05345,2025-07-07,Meta Ads,UK,55+,Female
CUST05346,2024-11-23,Google Ads,UAE,35-44,Female
CUST05347,2024-02-09,Email/Referral,Saudi Arabia,18-24,Female
CUST05348,2024-06-28,Meta Ads,Kuwait,18-24,Female
CUST05349,2024-10-27,Google Ads,India,25-34,Male
CUST05350,2025-02-02,Email/Referral,USA,25-34,Female
CUST05351,2025-02-27,Meta Ads,Kuwait,25-34,Female
CUST05352,2025-07-28,Meta Ads,India,25-34,Female
CUST05353,2024-07-16,Google Ads,India,18-24,Female
CUST05354,2024-11-23,Meta Ads,UAE,25-34,Female
CUST05355,2024-11-22,Google Ads,Saudi Arabia,35-44,Female
CUST05356,2024-09-30,Meta Ads,UAE,35-44,Female
CUST05357,2024-05-14,Meta Ads,India,25-34,Female
CUST05358,2025-07-17,Meta Ads,USA,35-44,Female
CUST05359,2025-05-11,Google Ads,USA,18-24,Female
CUST05360,2024-11-12,Email/Referral,UAE,18-24,Male
CUST05361,2024-12-15,Email/Referral,Saudi Arabia,35-44,Male
CUST05362,2024-06-14,Email/Referral,Kuwait,25-34,Female
CUST05363,2024-11-25,Influencer,UAE,18-24,Female
CUST05364,2025-02-04,Meta Ads,Kuwait,18-24,Female
CUST05365,2024-11-17,Email/Referral,UK,18-24,Female
CUST05366,2025-07-25,Meta Ads,India,25-34,Other
CUST05367,2024-12-18,Meta Ads,India,25-34,Male
CUST05368,2024-09-09,Google Ads,UAE,25-34,Female
CUST05369,2025-03-23,Influencer,India,25-34,Male
CUST05370,2024-05-14,Meta Ads,UK,25-34,Female
CUST05371,2024-09-17,Meta Ads,USA,35-44,Female
CUST05372,2024-08-25,Google Ads,Kuwait,25-34,Female
CUST05373,2024-10-16,Influencer,India,25-34,Male
CUST05374,2025-03-29,Meta Ads,UAE,45-54,Male
CUST05375,2024-11-08,Email/Referral,UAE,18-24,Female
CUST05376,2025-04-05,Google Ads,India,35-44,Male
CUST05377,2024-12-05,Google Ads,Saudi Arabia,25-34,Male
CUST05378,2024-08-21,Google Ads,UK,35-44,Female
CUST05379,2025-04-15,Google Ads,Kuwait,35-44,Female
CUST05380,2024-06-19,Organic/SEO,UAE,25-34,Female
CUST05381,2024-06-13,Google Ads,UAE,35-44,Female
CUST05382,2024-11-14,Google Ads,Saudi Arabia,35-44,Female
CUST05383,2024-06-30,Organic/SEO,India,35-44,Female
CUST05384,2024-02-06,Meta Ads,Kuwait,25-34,Female
CUST05385,2025-01-02,Email/Referral,Saudi Arabia,35-44,Female
CUST05386,2024-11-16,Google Ads,Saudi Arabia,25-34,Male
CUST05387,2024-10-25,Organic/SEO,Saudi Arabia,18-24,Male
CUST05388,2025-07-10,Meta Ads,Saudi Arabia,35-44,Female
CUST05389,2024-12-03,Google Ads,USA,35-44,Female
CUST05390,2025-05-17,Email/Referral,UAE,25-34,Female
CUST05391,2024-04-25,Influencer,UAE,35-44,Female
CUST05392,2024-12-02,Meta Ads,India,25-34,Female
CUST05393,2025-05-20,Organic/SEO,UK,35-44,Male
CUST05394,2024-12-07,Organic/SEO,USA,35-44,Female
CUST05395,2025-02-18,Influencer,UK,25-34,Female
CUST05396,2024-09-10,Influencer,Saudi Arabia,25-34,Male
CUST05397,2024-03-28,Influencer,USA,25-34,Male
CUST05398,2024-11-01,Organic/SEO,Saudi Arabia,25-34,Female
CUST05399,2024-09-24,Meta Ads,India,45-54,Female
CUST05400,2025-05-19,Meta Ads,UK,35-44,Male
CUST05401,2024-06-22,Google Ads,UK,35-44,Male
CUST05402,2025-07-10,Meta Ads,UAE,45-54,Female
CUST05403,2025-07-05,Meta Ads,UK,18-24,Female
CUST05404,2024-06-23,Organic/SEO,Qatar,45-54,Female
CUST05405,2024-08-25,Meta Ads,India,25-34,Male
CUST05406,2025-06-05,Email/Referral,Saudi Arabia,35-44,Male
CUST05407,2025-07-10,Meta Ads,Saudi Arabia,25-34,Female
CUST05408,2024-10-23,Google Ads,USA,35-44,Female
CUST05409,2024-08-06,Email/Referral,UAE,25-34,Female
CUST05410,2024-11-20,Influencer,UAE,35-44,Male
CUST05411,2025-01-30,Meta Ads,Saudi Arabia,18-24,Female
CUST05412,2024-07-07,Email/Referral,UAE,35-44,Female
CUST05413,2025-03-01,Google Ads,Saudi Arabia,35-44,Female
CUST05414,2024-03-03,Google Ads,USA,25-34,Female
CUST05415,2024-03-02,Influencer,India,35-44,Female
CUST05416,2024-09-19,Influencer,USA,18-24,Female
CUST05417,2024-08-29,Meta Ads,UAE,35-44,Male
CUST05418,2024-08-02,Meta Ads,Saudi Arabia,18-24,Male
CUST05419,2024-11-10,Meta Ads,Kuwait,25-34,Female
CUST05420,2024-08-06,Meta Ads,UAE,25-34,Male
CUST05421,2024-05-28,Organic/SEO,UK,25-34,Female
CUST05422,2024-07-29,Google Ads,Kuwait,45-54,Female
CUST05423,2025-07-15,Organic/SEO,Saudi Arabia,25-34,Female
CUST05424,2024-10-04,Email/Referral,UAE,25-34,Female
CUST05425,2024-10-24,Meta Ads,India,25-34,Male
CUST05426,2024-12-05,Google Ads,India,18-24,Female
CUST05427,2025-07-20,Google Ads,Saudi Arabia,25-34,Female
CUST05428,2024-06-21,Meta Ads,Kuwait,45-54,Female
CUST05429,2025-01-25,Organic/SEO,India,25-34,Female
CUST05430,2025-02-16,Meta Ads,USA,25-34,Female
CUST05431,2024-12-17,Email/Referral,Qatar,18-24,Female
CUST05432,2024-03-25,Organic/SEO,USA,45-54,Female
CUST05433,2025-01-22,Google Ads,Qatar,25-34,Female
CUST05434,2024-03-11,Influencer,USA,25-34,Male
CUST05435,2024-12-12,Google Ads,Saudi Arabia,18-24,Male
CUST05436,2025-03-03,Meta Ads,UAE,35-44,Female
CUST05437,2024-06-06,Meta Ads,India,45-54,Female
CUST05438,2025-05-04,Meta Ads,UK,18-24,Female
CUST05439,2024-02-19,Influencer,USA,25-34,Female
CUST05440,2025-05-05,Organic/SEO,USA,25-34,Female
CUST05441,2024-11-01,Organic/SEO,Saudi Arabia,18-24,Female
CUST05442,2024-06-09,Meta Ads,Saudi Arabia,25-34,Female
CUST05443,2024-04-22,Meta Ads,UAE,25-34,Female
CUST05444,2025-07-02,Google Ads,UK,25-34,Female
CUST05445,2024-03-16,Email/Referral,India,25-34,Female
CUST05446,2024-06-01,Meta Ads,UAE,18-24,Female
CUST05447,2024-08-25,Organic/SEO,UK,18-24,Female
CUST05448,2024-12-21,Google Ads,UAE,35-44,Female
CUST05449,2024-11-25,Influencer,USA,18-24,Female
CUST05450,2024-04-17,Meta Ads,Kuwait,35-44,Female
CUST05451,2024-07-17,Meta Ads,UAE,45-54,Female
CUST05452,2024-06-19,Meta Ads,Saudi Arabia,18-24,Female
CUST05453,2024-06-08,Organic/SEO,UK,25-34,Female
CUST05454,2024-10-04,Google Ads,India,55+,Female
CUST05455,2025-02-09,Meta Ads,India,25-34,Female
CUST05456,2024-06-09,Email/Referral,India,18-24,Female
CUST05457,2024-09-07,Google Ads,UK,45-54,Female
CUST05458,2024-09-21,Influencer,Kuwait,35-44,Male
CUST05459,2025-07-16,Meta Ads,India,18-24,Female
CUST05460,2025-07-03,Meta Ads,Qatar,25-34,Female
CUST05461,2025-04-09,Google Ads,India,35-44,Female
CUST05462,2024-06-21,Meta Ads,Saudi Arabia,25-34,Male
CUST05463,2024-03-13,Meta Ads,USA,25-34,Female
CUST05464,2024-08-03,Google Ads,UAE,35-44,Female
CUST05465,2024-07-03,Influencer,UK,25-34,Other
CUST05466,2024-11-14,Google Ads,Kuwait,35-44,Female
CUST05467,2025-03-26,Google Ads,UAE,18-24,Female
CUST05468,2025-05-14,Google Ads,Saudi Arabia,25-34,Female
CUST05469,2025-05-06,Influencer,UAE,25-34,Female
CUST05470,2024-09-02,Meta Ads,UK,25-34,Female
CUST05471,2025-01-30,Google Ads,India,25-34,Other
CUST05472,2024-07-31,Email/Referral,UAE,35-44,Female
CUST05473,2024-03-09,Meta Ads,USA,35-44,Female
CUST05474,2025-02-08,Organic/SEO,Kuwait,35-44,Female
CUST05475,2024-02-06,Google Ads,UK,25-34,Male
CUST05476,2024-10-02,Email/Referral,India,35-44,Female
CUST05477,2024-08-12,Organic/SEO,Saudi Arabia,25-34,Female
CUST05478,2025-02-03,Google Ads,Qatar,45-54,Female
CUST05479,2025-03-19,Influencer,UAE,25-34,Female
CUST05480,2024-07-26,Google Ads,Saudi Arabia,18-24,Female
CUST05481,2025-04-16,Meta Ads,India,25-34,Other
CUST05482,2024-07-20,Organic/SEO,India,18-24,Male
CUST05483,2024-10-25,Meta Ads,UAE,25-34,Female
CUST05484,2025-02-23,Google Ads,USA,55+,Female
CUST05485,2025-02-02,Google Ads,UAE,35-44,Female
CUST05486,2025-07-23,Meta Ads,Kuwait,35-44,Female
CUST05487,2024-06-13,Influencer,Saudi Arabia,18-24,Male
CUST05488,2025-01-12,Google Ads,UAE,25-34,Male
CUST05489,2024-12-17,Google Ads,Saudi Arabia,35-44,Female
CUST05490,2025-06-14,Google Ads,UAE,35-44,Female
CUST05491,2024-05-06,Google Ads,Kuwait,25-34,Female
CUST05492,2025-03-10,Email/Referral,UAE,18-24,Female
CUST05493,2024-12-02,Meta Ads,Saudi Arabia,18-24,Female
CUST05494,2024-07-08,Google Ads,India,25-34,Female
CUST05495,2024-11-05,Organic/SEO,UK,45-54,Female
CUST05496,2024-08-15,Influencer,Saudi Arabia,18-24,Female
CUST05497,2024-12-06,Meta Ads,Saudi Arabia,25-34,Female
CUST05498,2025-06-02,Email/Referral,USA,45-54,Other
CUST05499,2024-12-02,Meta Ads,Saudi Arabia,25-34,Male
CUST05500,2024-12-26,Google Ads,UK,35-44,Male
CUST05501,2024-11-18,Influencer,Kuwait,18-24,Female
CUST05502,2024-03-03,Influencer,UK,35-44,Female
CUST05503,2024-06-17,Email/Referral,Saudi Arabia,35-44,Female
CUST05504,2024-11-10,Influencer,UK,35-44,Female
CUST05505,2024-07-30,Organic/SEO,UAE,18-24,Female
CUST05506,2024-05-21,Google Ads,UAE,55+,Female
CUST05507,2024-11-14,Meta Ads,Saudi Arabia,18-24,Male
CUST05508,2024-08-07,Meta Ads,UAE,25-34,Female
CUST05509,2024-06-28,Meta Ads,UAE,25-34,Other
CUST05510,2024-11-02,Meta Ads,India,25-34,Male
CUST05511,2024-04-22,Google Ads,UAE,18-24,Female
CUST05512,2025-06-20,Email/Referral,Saudi Arabia,25-34,Female
CUST05513,2025-05-20,Email/Referral,UAE,55+,Male
CUST05514,2025-02-11,Influencer,Saudi Arabia,25-34,Female
CUST05515,2024-04-05,Email/Referral,India,25-34,Male
CUST05516,2025-03-25,Email/Referral,USA,25-34,Male
CUST05517,2025-04-13,Email/Referral,USA,18-24,Female
CUST05518,2025-03-20,Meta Ads,Saudi Arabia,25-34,Female
CUST05519,2024-04-10,Influencer,USA,25-34,Male
CUST05520,2024-12-30,Google Ads,UK,18-24,Male
CUST05521,2025-04-30,Influencer,UK,25-34,Female
CUST05522,2024-12-05,Email/Referral,USA,25-34,Female
CUST05523,2024-12-31,Influencer,UAE,25-34,Male
CUST05524,2024-11-01,Influencer,India,55+,Female
CUST05525,2024-11-20,Meta Ads,UAE,45-54,Female
CUST05526,2024-02-21,Meta Ads,Saudi Arabia,35-44,Female
CUST05527,2024-12-29,Influencer,USA,18-24,Female
CUST05528,2024-03-21,Meta Ads,UAE,25-34,Female
CUST05529,2024-10-18,Meta Ads,UAE,18-24,Female
CUST05530,2024-07-19,Influencer,India,35-44,Male
CUST05531,2024-11-25,Google Ads,UK,45-54,Female
CUST05532,2024-04-22,Google Ads,Saudi Arabia,25-34,Male
CUST05533,2025-02-02,Email/Referral,UAE,35-44,Female
CUST05534,2025-04-06,Influencer,India,45-54,Male
CUST05535,2024-05-10,Meta Ads,USA,25-34,Female
CUST05536,2024-04-04,Google Ads,UK,18-24,Female
CUST05537,2024-04-29,Organic/SEO,UAE,25-34,Female
CUST05538,2025-05-26,Meta Ads,Qatar,35-44,Female
CUST05539,2024-11-20,Meta Ads,Saudi Arabia,35-44,Other
CUST05540,2024-11-03,Email/Referral,USA,18-24,Female
CUST05541,2024-04-06,Email/Referral,India,55+,Female
CUST05542,2025-01-03,Influencer,India,25-34,Male
CUST05543,2025-05-20,Meta Ads,Kuwait,25-34,Female
CUST05544,2025-04-26,Meta Ads,UK,55+,Female
CUST05545,2024-12-24,Email/Referral,UAE,55+,Female
CUST05546,2024-03-17,Email/Referral,UAE,35-44,Male
CUST05547,2024-04-09,Meta Ads,USA,18-24,Female
CUST05548,2024-03-02,Email/Referral,UAE,35-44,Female
CUST05549,2024-06-28,Email/Referral,UAE,25-34,Female
CUST05550,2024-04-23,Meta Ads,Saudi Arabia,25-34,Female
CUST05551,2024-06-29,Meta Ads,USA,35-44,Female
CUST05552,2024-09-18,Influencer,UAE,25-34,Female
CUST05553,2025-06-27,Meta Ads,UAE,25-34,Male
CUST05554,2024-12-18,Meta Ads,Saudi Arabia,25-34,Female
CUST05555,2025-04-30,Email/Referral,UAE,35-44,Male
CUST05556,2025-02-13,Meta Ads,Saudi Arabia,25-34,Female
CUST05557,2024-04-09,Meta Ads,India,35-44,Female
CUST05558,2025-03-01,Email/Referral,Saudi Arabia,35-44,Female
CUST05559,2024-07-08,Influencer,UAE,18-24,Female
CUST05560,2024-12-29,Google Ads,Kuwait,35-44,Female
CUST05561,2024-08-20,Meta Ads,UAE,45-54,Male
CUST05562,2025-07-29,Organic/SEO,Saudi Arabia,55+,Female
CUST05563,2024-07-01,Meta Ads,UAE,35-44,Female
CUST05564,2024-07-11,Email/Referral,Qatar,35-44,Male
CUST05565,2025-06-21,Meta Ads,India,25-34,Female
CUST05566,2024-02-16,Email/Referral,UAE,18-24,Female
CUST05567,2025-02-05,Meta Ads,UAE,25-34,Female
CUST05568,2025-02-22,Google Ads,UK,18-24,Female
CUST05569,2025-05-01,Meta Ads,USA,18-24,Female
CUST05570,2025-07-15,Meta Ads,USA,25-34,Female
CUST05571,2025-07-16,Influencer,Saudi Arabia,18-24,Male
CUST05572,2024-03-11,Meta Ads,UAE,25-34,Female
CUST05573,2025-04-22,Google Ads,Saudi Arabia,18-24,Female
CUST05574,2024-12-31,Influencer,USA,25-34,Female
CUST05575,2025-01-01,Organic/SEO,India,55+,Female
CUST05576,2024-04-19,Meta Ads,UAE,18-24,Female
CUST05577,2025-01-03,Meta Ads,Saudi Arabia,25-34,Female
CUST05578,2025-07-20,Email/Referral,UAE,35-44,Female
CUST05579,2025-06-12,Google Ads,UAE,35-44,Female
CUST05580,2024-10-21,Meta Ads,Saudi Arabia,25-34,Female
CUST05581,2024-02-25,Meta Ads,India,35-44,Female
CUST05582,2024-09-04,Email/Referral,USA,35-44,Female
CUST05583,2025-04-25,Organic/SEO,UAE,45-54,Female
CUST05584,2025-02-08,Organic/SEO,UAE,18-24,Female
CUST05585,2024-11-01,Meta Ads,Qatar,25-34,Female
CUST05586,2024-03-05,Influencer,Kuwait,45-54,Female
CUST05587,2024-10-13,Meta Ads,USA,18-24,Female
CUST05588,2024-11-04,Meta Ads,USA,18-24,Female
CUST05589,2025-06-20,Meta Ads,Saudi Arabia,25-34,Female
CUST05590,2024-12-29,Influencer,UAE,55+,Female
CUST05591,2024-07-30,Email/Referral,UAE,35-44,Female
CUST05592,2024-11-19,Meta Ads,UAE,18-24,Other
CUST05593,2024-03-12,Meta Ads,Qatar,18-24,Female
CUST05594,2025-07-14,Meta Ads,Saudi Arabia,35-44,Female
CUST05595,2024-09-03,Influencer,India,18-24,Female
CUST05596,2024-11-06,Organic/SEO,UAE,25-34,Female
CUST05597,2024-08-30,Meta Ads,UAE,18-24,Female
CUST05598,2025-01-26,Google Ads,Qatar,35-44,Female
CUST05599,2025-01-12,Organic/SEO,UAE,45-54,Female
CUST05600,2025-02-16,Meta Ads,UAE,25-34,Female
CUST05601,2024-07-04,Meta Ads,USA,35-44,Female
CUST05602,2024-08-02,Meta Ads,UAE,25-34,Female
CUST05603,2024-04-17,Meta Ads,UK,35-44,Female
CUST05604,2025-01-07,Google Ads,Saudi Arabia,25-34,Female
CUST05605,2024-02-25,Influencer,USA,25-34,Female
CUST05606,2024-12-13,Influencer,India,18-24,Female
CUST05607,2025-05-21,Meta Ads,Saudi Arabia,35-44,Female
CUST05608,2025-06-02,Meta Ads,Saudi Arabia,55+,Female
CUST05609,2024-10-27,Meta Ads,USA,25-34,Female
CUST05610,2024-11-01,Google Ads,UAE,35-44,Male
CUST05611,2024-03-18,Google Ads,India,25-34,Female
CUST05612,2025-01-18,Meta Ads,USA,25-34,Female
CUST05613,2025-04-22,Organic/SEO,UK,18-24,Male
CUST05614,2024-06-22,Organic/SEO,Kuwait,45-54,Female
CUST05615,2024-10-10,Organic/SEO,UK,25-34,Female
CUST05616,2025-05-02,Influencer,UK,25-34,Female
CUST05617,2025-05-26,Email/Referral,India,45-54,Female
CUST05618,2024-06-21,Meta Ads,UAE,45-54,Female
CUST05619,2024-11-26,Google Ads,Kuwait,18-24,Female
CUST05620,2024-05-28,Google Ads,UAE,25-34,Female
CUST05621,2024-04-03,Email/Referral,Qatar,35-44,Female
CUST05622,2025-06-12,Meta Ads,UAE,45-54,Female
CUST05623,2025-04-21,Google Ads,India,25-34,Female
CUST05624,2025-03-15,Meta Ads,USA,25-34,Female
CUST05625,2024-03-01,Meta Ads,Saudi Arabia,35-44,Female
CUST05626,2025-05-05,Organic/SEO,UK,35-44,Female
CUST05627,2024-10-20,Meta Ads,USA,35-44,Female
CUST05628,2024-08-21,Meta Ads,Kuwait,25-34,Female
CUST05629,2024-11-25,Google Ads,UAE,18-24,Male
CUST05630,2024-03-27,Google Ads,Saudi Arabia,25-34,Female
CUST05631,2025-03-13,Organic/SEO,UAE,18-24,Female
CUST05632,2024-12-07,Google Ads,Saudi Arabia,25-34,Female
CUST05633,2024-05-24,Influencer,UAE,35-44,Female
CUST05634,2024-05-25,Meta Ads,Qatar,55+,Female
CUST05635,2024-05-23,Meta Ads,UK,35-44,Female
CUST05636,2024-03-06,Meta Ads,India,45-54,Female
CUST05637,2024-12-09,Email/Referral,India,25-34,Female
CUST05638,2025-05-03,Meta Ads,Saudi Arabia,45-54,Female
CUST05639,2024-02-11,Meta Ads,UAE,45-54,Male
CUST05640,2024-03-01,Influencer,Kuwait,18-24,Female
CUST05641,2024-12-03,Influencer,India,35-44,Other
CUST05642,2025-04-21,Meta Ads,India,35-44,Female
CUST05643,2024-08-10,Meta Ads,Saudi Arabia,35-44,Female
CUST05644,2024-08-26,Influencer,Saudi Arabia,45-54,Female
CUST05645,2024-12-12,Meta Ads,India,18-24,Male
CUST05646,2024-07-08,Meta Ads,Saudi Arabia,35-44,Female
CUST05647,2024-02-17,Google Ads,UK,25-34,Female
CUST05648,2025-02-28,Influencer,UK,18-24,Female
CUST05649,2024-12-24,Meta Ads,UAE,25-34,Female
CUST05650,2024-12-06,Organic/SEO,UK,25-34,Female
CUST05651,2025-03-04,Google Ads,UAE,18-24,Female
CUST05652,2025-01-21,Organic/SEO,UAE,35-44,Male
CUST05653,2024-06-04,Email/Referral,Saudi Arabia,25-34,Female
CUST05654,2024-08-28,Meta Ads,India,18-24,Female
CUST05655,2024-04-17,Meta Ads,UK,35-44,Female
CUST05656,2024-04-20,Organic/SEO,UAE,25-34,Male
CUST05657,2025-01-22,Meta Ads,Kuwait,18-24,Female
CUST05658,2025-05-14,Email/Referral,USA,45-54,Female
CUST05659,2025-07-08,Google Ads,UAE,55+,Male
CUST05660,2024-12-25,Influencer,UAE,18-24,Male
CUST05661,2024-05-23,Organic/SEO,UAE,45-54,Male
CUST05662,2024-04-05,Meta Ads,UAE,18-24,Female
CUST05663,2025-04-16,Meta Ads,UAE,18-24,Female
CUST05664,2024-12-06,Email/Referral,UAE,45-54,Male
CUST05665,2024-12-21,Meta Ads,Kuwait,25-34,Female
CUST05666,2025-03-28,Organic/SEO,UAE,35-44,Female
CUST05667,2025-02-09,Google Ads,UAE,18-24,Female
CUST05668,2025-04-30,Influencer,Saudi Arabia,45-54,Female
CUST05669,2024-03-06,Meta Ads,Kuwait,35-44,Female
CUST05670,2025-03-08,Email/Referral,India,35-44,Female
CUST05671,2025-05-10,Meta Ads,UAE,25-34,Male
CUST05672,2024-07-15,Meta Ads,UAE,25-34,Female
CUST05673,2024-12-29,Organic/SEO,India,55+,Female
CUST05674,2024-08-01,Google Ads,Saudi Arabia,25-34,Female
CUST05675,2025-07-05,Influencer,UAE,35-44,Female
CUST05676,2024-02-21,Email/Referral,Saudi Arabia,35-44,Female
CUST05677,2024-12-06,Email/Referral,UAE,25-34,Female
CUST05678,2024-05-12,Meta Ads,UAE,25-34,Male
CUST05679,2025-02-14,Meta Ads,UAE,45-54,Female
CUST05680,2024-05-18,Meta Ads,India,25-34,Female
CUST05681,2024-06-18,Google Ads,Saudi Arabia,25-34,Female
CUST05682,2024-11-11,Meta Ads,Saudi Arabia,35-44,Female
CUST05683,2025-06-14,Meta Ads,UAE,18-24,Female
CUST05684,2024-06-07,Google Ads,USA,45-54,Female
CUST05685,2024-04-28,Google Ads,UK,25-34,Female
CUST05686,2025-03-15,Email/Referral,Saudi Arabia,35-44,Female
CUST05687,2024-11-13,Email/Referral,India,55+,Female
CUST05688,2025-06-12,Meta Ads,Qatar,35-44,Female
CUST05689,2024-04-30,Google Ads,Kuwait,45-54,Female
CUST05690,2024-12-31,Google Ads,India,45-54,Male
CUST05691,2024-06-17,Meta Ads,India,18-24,Female
CUST05692,2024-05-06,Google Ads,UK,25-34,Female
CUST05693,2025-01-27,Meta Ads,Kuwait,25-34,Female
CUST05694,2024-12-11,Meta Ads,USA,35-44,Female
CUST05695,2025-03-12,Organic/SEO,UAE,35-44,Female
CUST05696,2024-07-29,Email/Referral,Saudi Arabia,18-24,Female
CUST05697,2024-10-26,Organic/SEO,Saudi Arabia,35-44,Male
CUST05698,2024-09-30,Meta Ads,India,35-44,Female
CUST05699,2025-07-21,Influencer,UK,55+,Male
CUST05700,2024-07-19,Meta Ads,UAE,18-24,Female
CUST05701,2024-07-20,Meta Ads,India,18-24,Female
CUST05702,2024-08-30,Organic/SEO,UAE,25-34,Female
CUST05703,2024-11-30,Meta Ads,India,25-34,Female
CUST05704,2024-06-26,Google Ads,USA,25-34,Female
CUST05705,2025-06-14,Influencer,India,18-24,Female
CUST05706,2024-07-02,Meta Ads,UK,25-34,Female
CUST05707,2025-06-05,Meta Ads,Saudi Arabia,35-44,Female
CUST05708,2024-04-04,Email/Referral,Saudi Arabia,18-24,Male
CUST05709,2025-01-08,Organic/SEO,UAE,55+,Male
CUST05710,2025-06-10,Email/Referral,UAE,35-44,Female
CUST05711,2024-05-13,Email/Referral,UAE,45-54,Female
CUST05712,2025-07-11,Influencer,Kuwait,25-34,Female
CUST05713,2024-10-29,Email/Referral,India,25-34,Female
CUST05714,2025-06-28,Meta Ads,India,45-54,Female
CUST05715,2025-01-22,Meta Ads,India,45-54,Female
CUST05716,2024-07-24,Meta Ads,Saudi Arabia,35-44,Male
CUST05717,2024-05-25,Meta Ads,UK,35-44,Female
CUST05718,2024-07-26,Influencer,UAE,25-34,Male
CUST05719,2024-03-28,Meta Ads,Kuwait,18-24,Female
CUST05720,2024-04-28,Meta Ads,India,25-34,Female
CUST05721,2024-04-04,Meta Ads,UAE,25-34,Other
CUST05722,2024-10-11,Influencer,UK,18-24,Other
CUST05723,2025-04-06,Google Ads,India,18-24,Female
CUST05724,2024-04-27,Meta Ads,UK,35-44,Female
CUST05725,2024-04-20,Meta Ads,Kuwait,25-34,Female
CUST05726,2024-12-30,Influencer,UAE,35-44,Female
CUST05727,2024-05-31,Email/Referral,Kuwait,35-44,Female
CUST05728,2024-03-31,Meta Ads,UK,25-34,Female
CUST05729,2024-05-12,Influencer,UK,45-54,Female
CUST05730,2025-06-18,Google Ads,India,35-44,Female
CUST05731,2025-04-22,Meta Ads,India,25-34,Female
CUST05732,2024-08-30,Meta Ads,UAE,25-34,Female
CUST05733,2025-01-07,Meta Ads,UK,25-34,Male
CUST05734,2024-11-23,Meta Ads,Saudi Arabia,25-34,Female
CUST05735,2025-01-22,Meta Ads,UK,18-24,Female
CUST05736,2025-01-26,Influencer,UAE,25-34,Female
CUST05737,2024-12-25,Meta Ads,Saudi Arabia,25-34,Female
CUST05738,2024-07-03,Influencer,USA,25-34,Female
CUST05739,2024-02-24,Organic/SEO,Saudi Arabia,45-54,Female
CUST05740,2024-10-31,Email/Referral,UAE,25-34,Female
CUST05741,2025-06-02,Organic/SEO,Kuwait,18-24,Female
CUST05742,2024-12-02,Meta Ads,UAE,18-24,Female
CUST05743,2025-04-28,Meta Ads,UK,25-34,Male
CUST05744,2025-07-25,Google Ads,UAE,25-34,Female
CUST05745,2024-05-10,Meta Ads,Qatar,45-54,Female
CUST05746,2025-02-02,Organic/SEO,India,25-34,Female
CUST05747,2025-01-20,Meta Ads,Saudi Arabia,25-34,Female
CUST05748,2025-07-18,Meta Ads,UAE,35-44,Female
CUST05749,2025-07-22,Meta Ads,UAE,25-34,Female
CUST05750,2025-01-29,Influencer,Kuwait,18-24,Female
CUST05751,2024-06-22,Meta Ads,UAE,35-44,Female
CUST05752,2025-04-08,Google Ads,Kuwait,35-44,Female
CUST05753,2024-04-06,Google Ads,UAE,25-34,Female
CUST05754,2025-03-28,Meta Ads,UAE,25-34,Female
CUST05755,2025-06-11,Google Ads,UK,45-54,Female
CUST05756,2024-09-16,Meta Ads,UAE,25-34,Female
CUST05757,2024-12-25,Google Ads,Qatar,18-24,Female
CUST05758,2024-10-15,Meta Ads,Saudi Arabia,18-24,Female
CUST05759,2024-10-20,Organic/SEO,India,25-34,Female
CUST05760,2024-07-30,Organic/SEO,USA,18-24,Female
CUST05761,2025-03-17,Google Ads,UK,18-24,Female
CUST05762,2025-06-24,Influencer,UAE,35-44,Female
CUST05763,2025-06-26,Google Ads,India,18-24,Female
CUST05764,2024-05-17,Meta Ads,India,25-34,Female
CUST05765,2025-05-24,Meta Ads,USA,25-34,Female
CUST05766,2025-03-02,Meta Ads,Saudi Arabia,25-34,Female
CUST05767,2024-06-26,Email/Referral,Saudi Arabia,35-44,Female
CUST05768,2024-03-12,Influencer,Kuwait,25-34,Female
CUST05769,2024-07-04,Organic/SEO,UK,55+,Female
CUST05770,2025-06-12,Meta Ads,Qatar,35-44,Female
CUST05771,2024-12-26,Email/Referral,India,18-24,Female
CUST05772,2025-02-20,Meta Ads,UK,45-54,Female
CUST05773,2024-06-28,Organic/SEO,UAE,25-34,Female
CUST05774,2025-02-19,Meta Ads,India,45-54,Male
CUST05775,2024-02-18,Influencer,Qatar,25-34,Female
CUST05776,2024-09-12,Google Ads,UAE,18-24,Female
CUST05777,2024-12-24,Email/Referral,Saudi Arabia,18-24,Male
CUST05778,2024-04-30,Meta Ads,UAE,35-44,Female
CUST05779,2025-04-23,Google Ads,Saudi Arabia,18-24,Female
CUST05780,2024-06-18,Meta Ads,UAE,18-24,Female
CUST05781,2025-01-05,Google Ads,India,45-54,Female
CUST05782,2024-09-30,Influencer,Saudi Arabia,25-34,Female
CUST05783,2024-12-12,Meta Ads,UAE,25-34,Female
CUST05784,2024-04-06,Influencer,UAE,18-24,Male
CUST05785,2024-02-11,Google Ads,UAE,25-34,Female
CUST05786,2025-06-11,Email/Referral,UAE,25-34,Female
CUST05787,2024-07-05,Meta Ads,UAE,18-24,Female
CUST05788,2025-04-21,Google Ads,Saudi Arabia,45-54,Female
CUST05789,2025-07-30,Google Ads,Kuwait,18-24,Female
CUST05790,2024-06-07,Influencer,UAE,25-34,Female
CUST05791,2024-07-02,Influencer,India,25-34,Female
CUST05792,2025-01-12,Meta Ads,Saudi Arabia,55+,Female
CUST05793,2025-07-09,Meta Ads,UK,25-34,Female
CUST05794,2025-06-14,Google Ads,India,45-54,Female
CUST05795,2024-11-13,Meta Ads,India,18-24,Female
CUST05796,2025-04-06,Meta Ads,Kuwait,35-44,Male
CUST05797,2024-04-23,Meta Ads,Saudi Arabia,25-34,Female
CUST05798,2025-07-17,Email/Referral,Kuwait,45-54,Female
CUST05799,2025-07-09,Organic/SEO,Saudi Arabia,55+,Female
CUST05800,2024-05-10,Meta Ads,Qatar,45-54,Female
CUST05801,2024-07-23,Organic/SEO,UK,25-34,Female
CUST05802,2024-04-02,Influencer,Qatar,25-34,Female
CUST05803,2024-07-06,Meta Ads,Saudi Arabia,18-24,Male
CUST05804,2025-04-18,Influencer,UK,45-54,Female
CUST05805,2024-09-14,Google Ads,UAE,18-24,Female
CUST05806,2024-03-25,Meta Ads,India,25-34,Female
CUST05807,2024-08-21,Meta Ads,UAE,35-44,Female
CUST05808,2025-07-19,Google Ads,UAE,25-34,Female
CUST05809,2024-12-25,Google Ads,India,25-34,Female
CUST05810,2024-10-07,Meta Ads,Saudi Arabia,35-44,Female
CUST05811,2024-05-12,Email/Referral,USA,18-24,Female
CUST05812,2025-07-22,Meta Ads,USA,35-44,Male
CUST05813,2025-04-21,Meta Ads,USA,25-34,Female
CUST05814,2024-07-12,Influencer,USA,45-54,Female
CUST05815,2024-03-14,Organic/SEO,UAE,45-54,Male
CUST05816,2024-03-06,Organic/SEO,Saudi Arabia,45-54,Female
CUST05817,2024-04-14,Email/Referral,UAE,35-44,Female
CUST05818,2024-12-06,Meta Ads,India,25-34,Female
CUST05819,2025-06-20,Google Ads,UK,45-54,Other
CUST05820,2024-11-12,Meta Ads,UAE,25-34,Female
CUST05821,2025-05-05,Meta Ads,UAE,25-34,Female
CUST05822,2024-10-25,Meta Ads,UK,25-34,Female
CUST05823,2025-02-12,Organic/SEO,UAE,18-24,Female
CUST05824,2025-02-26,Influencer,USA,35-44,Male
CUST05825,2024-05-16,Google Ads,UAE,18-24,Female
CUST05826,2024-09-03,Organic/SEO,UAE,35-44,Male
CUST05827,2024-12-28,Email/Referral,UK,25-34,Female
CUST05828,2024-03-15,Meta Ads,Saudi Arabia,25-34,Male
CUST05829,2024-09-03,Google Ads,UAE,35-44,Female
CUST05830,2024-11-22,Google Ads,India,18-24,Male
CUST05831,2025-07-28,Meta Ads,Qatar,25-34,Female
CUST05832,2024-11-05,Organic/SEO,India,35-44,Female
CUST05833,2025-04-18,Email/Referral,India,25-34,Male
CUST05834,2024-10-16,Email/Referral,Kuwait,35-44,Female
CUST05835,2025-04-06,Email/Referral,Kuwait,25-34,Female
CUST05836,2024-12-12,Meta Ads,USA,18-24,Female
CUST05837,2025-05-31,Organic/SEO,UAE,25-34,Female
CUST05838,2024-10-04,Meta Ads,UK,45-54,Female
CUST05839,2024-12-15,Meta Ads,Saudi Arabia,25-34,Female
CUST05840,2024-12-25,Organic/SEO,India,35-44,Female
CUST05841,2024-10-07,Meta Ads,Kuwait,25-34,Female
CUST05842,2024-04-28,Google Ads,India,35-44,Female
CUST05843,2024-03-29,Meta Ads,UAE,25-34,Female
CUST05844,2024-02-11,Meta Ads,Saudi Arabia,45-54,Female
CUST05845,2025-05-23,Influencer,USA,18-24,Female
CUST05846,2024-06-18,Meta Ads,India,25-34,Female
CUST05847,2024-06-07,Meta Ads,India,18-24,Female
CUST05848,2025-03-01,Meta Ads,Kuwait,25-34,Female
CUST05849,2024-08-05,Meta Ads,UAE,45-54,Female
CUST05850,2024-11-14,Meta Ads,UAE,45-54,Female
CUST05851,2024-05-10,Email/Referral,USA,35-44,Female
CUST05852,2025-07-06,Influencer,UK,35-44,Female
CUST05853,2025-05-10,Organic/SEO,Saudi Arabia,18-24,Female
CUST05854,2025-05-18,Google Ads,Qatar,25-34,Female
CUST05855,2024-10-01,Meta Ads,India,35-44,Female
CUST05856,2025-03-17,Google Ads,UK,25-34,Female
CUST05857,2024-04-28,Meta Ads,UAE,45-54,Female
CUST05858,2024-02-06,Email/Referral,Saudi Arabia,55+,Female
CUST05859,2024-02-13,Meta Ads,Saudi Arabia,25-34,Female
CUST05860,2024-12-09,Google Ads,Saudi Arabia,18-24,Female
CUST05861,2024-10-31,Google Ads,UAE,25-34,Female
CUST05862,2024-11-17,Organic/SEO,India,25-34,Female
CUST05863,2024-02-05,Influencer,UAE,45-54,Female
CUST05864,2024-10-11,Meta Ads,UAE,35-44,Female
CUST05865,2025-02-18,Meta Ads,Saudi Arabia,25-34,Female
CUST05866,2024-10-23,Meta Ads,USA,35-44,Female
CUST05867,2025-02-26,Organic/SEO,Saudi Arabia,18-24,Male
CUST05868,2024-06-17,Meta Ads,UK,25-34,Female
CUST05869,2025-04-17,Influencer,UAE,18-24,Female
CUST05870,2024-12-09,Organic/SEO,UAE,25-34,Male
CUST05871,2024-06-06,Google Ads,UAE,18-24,Female
CUST05872,2024-06-18,Organic/SEO,Saudi Arabia,18-24,Male
CUST05873,2024-12-24,Google Ads,India,25-34,Male
CUST05874,2025-04-27,Organic/SEO,India,35-44,Female
CUST05875,2024-10-06,Email/Referral,USA,55+,Male
CUST05876,2024-06-28,Google Ads,Kuwait,55+,Female
CUST05877,2025-05-19,Email/Referral,India,18-24,Female
CUST05878,2025-01-17,Organic/SEO,UK,45-54,Female
CUST05879,2024-10-26,Organic/SEO,UAE,25-34,Female
CUST05880,2024-11-09,Meta Ads,USA,35-44,Female
CUST05881,2024-06-03,Meta Ads,UK,25-34,Male
CUST05882,2024-12-24,Email/Referral,Saudi Arabia,35-44,Male
CUST05883,2024-09-02,Influencer,Saudi Arabia,25-34,Female
CUST05884,2025-07-28,Organic/SEO,USA,45-54,Male
CUST05885,2024-11-07,Influencer,India,25-34,Female
CUST05886,2024-11-09,Organic/SEO,Saudi Arabia,35-44,Female
CUST05887,2024-12-01,Google Ads,UAE,35-44,Female
CUST05888,2025-06-15,Google Ads,USA,18-24,Female
CUST05889,2025-04-09,Meta Ads,India,25-34,Female
CUST05890,2024-10-28,Organic/SEO,UAE,18-24,Female
CUST05891,2025-02-18,Influencer,Saudi Arabia,35-44,Female
CUST05892,2024-12-09,Email/Referral,UAE,45-54,Female
CUST05893,2024-11-10,Organic/SEO,UAE,35-44,Female
CUST05894,2024-05-28,Meta Ads,UK,25-34,Female
CUST05895,2024-11-02,Meta Ads,UAE,25-34,Female
CUST05896,2024-06-23,Meta Ads,Kuwait,25-34,Female
CUST05897,2025-06-14,Meta Ads,UAE,35-44,Male
CUST05898,2024-08-16,Google Ads,UAE,18-24,Female
CUST05899,2025-07-01,Influencer,UK,35-44,Male
CUST05900,2024-11-22,Email/Referral,India,45-54,Male
CUST05901,2024-12-26,Meta Ads,Saudi Arabia,25-34,Female
CUST05902,2024-11-24,Google Ads,Kuwait,35-44,Female
CUST05903,2024-04-19,Influencer,Saudi Arabia,18-24,Female
CUST05904,2024-09-12,Meta Ads,Kuwait,25-34,Female
CUST05905,2024-04-01,Influencer,USA,35-44,Female
CUST05906,2024-12-23,Meta Ads,Kuwait,18-24,Other
CUST05907,2024-10-25,Google Ads,UAE,35-44,Female
CUST05908,2025-03-26,Meta Ads,India,25-34,Female
CUST05909,2024-06-11,Meta Ads,Kuwait,45-54,Other
CUST05910,2024-05-11,Google Ads,UAE,18-24,Male
CUST05911,2024-10-01,Influencer,UK,35-44,Female
CUST05912,2025-06-19,Google Ads,UAE,25-34,Female
CUST05913,2025-02-13,Organic/SEO,Saudi Arabia,35-44,Female
CUST05914,2024-10-08,Meta Ads,UAE,18-24,Male
CUST05915,2024-11-17,Google Ads,UK,35-44,Male
CUST05916,2024-03-23,Influencer,UAE,25-34,Male
CUST05917,2025-07-21,Organic/SEO,Kuwait,25-34,Female
CUST05918,2025-01-15,Organic/SEO,UAE,18-24,Male
CUST05919,2024-07-14,Meta Ads,UAE,18-24,Male
CUST05920,2024-12-08,Influencer,UAE,25-34,Female
CUST05921,2024-04-07,Meta Ads,Kuwait,45-54,Female
CUST05922,2025-07-10,Meta Ads,India,55+,Female
CUST05923,2024-05-17,Influencer,UAE,25-34,Male
CUST05924,2025-01-02,Influencer,UAE,35-44,Female
CUST05925,2024-06-22,Meta Ads,Kuwait,35-44,Female
CUST05926,2025-02-17,Google Ads,UAE,35-44,Female
CUST05927,2025-03-26,Google Ads,India,25-34,Male
CUST05928,2025-01-20,Meta Ads,UAE,35-44,Female
CUST05929,2024-12-19,Meta Ads,Qatar,35-44,Female
CUST05930,2025-06-03,Google Ads,UK,25-34,Female
CUST05931,2024-03-19,Meta Ads,Saudi Arabia,35-44,Female
CUST05932,2024-08-13,Organic/SEO,Qatar,18-24,Female
CUST05933,2024-06-24,Google Ads,UAE,35-44,Female
CUST05934,2025-07-23,Email/Referral,Saudi Arabia,45-54,Female
CUST05935,2024-09-20,Influencer,UAE,18-24,Female
CUST05936,2025-02-27,Email/Referral,UK,18-24,Female
CUST05937,2025-01-28,Meta Ads,Qatar,35-44,Female
CUST05938,2024-06-07,Meta Ads,UK,25-34,Female
CUST05939,2024-06-19,Google Ads,USA,25-34,Female
CUST05940,2024-07-12,Email/Referral,UAE,25-34,Male
CUST05941,2024-10-04,Meta Ads,Kuwait,25-34,Female
CUST05942,2024-06-17,Influencer,Saudi Arabia,18-24,Female
CUST05943,2024-02-12,Email/Referral,USA,18-24,Male
CUST05944,2025-05-27,Meta Ads,UAE,25-34,Female
CUST05945,2025-07-10,Google Ads,UK,18-24,Female
CUST05946,2024-08-21,Meta Ads,India,18-24,Female
CUST05947,2024-08-18,Organic/SEO,UAE,25-34,Female
CUST05948,2024-02-05,Influencer,UK,55+,Female
CUST05949,2025-01-25,Meta Ads,India,35-44,Female
CUST05950,2025-04-24,Meta Ads,Saudi Arabia,35-44,Female
CUST05951,2024-04-30,Meta Ads,Saudi Arabia,35-44,Female
CUST05952,2024-05-08,Meta Ads,India,18-24,Female
CUST05953,2025-04-03,Email/Referral,India,25-34,Male
CUST05954,2024-12-20,Email/Referral,Kuwait,25-34,Female
CUST05955,2024-02-28,Meta Ads,Kuwait,25-34,Female
CUST05956,2024-12-22,Influencer,India,55+,Female
CUST05957,2024-07-29,Email/Referral,USA,45-54,Female
CUST05958,2024-09-08,Meta Ads,India,18-24,Female
CUST05959,2025-03-21,Email/Referral,India,18-24,Male
CUST05960,2025-04-15,Google Ads,UAE,35-44,Female
CUST05961,2024-09-27,Meta Ads,UK,18-24,Male
CUST05962,2025-06-29,Influencer,Kuwait,25-34,Female
CUST05963,2024-10-01,Meta Ads,UAE,18-24,Female
CUST05964,2025-03-22,Meta Ads,UAE,35-44,Female
CUST05965,2024-11-08,Influencer,UAE,25-34,Male
CUST05966,2025-06-06,Meta Ads,UAE,25-34,Male
CUST05967,2025-06-10,Google Ads,India,25-34,Other
CUST05968,2024-03-25,Meta Ads,USA,25-34,Female
CUST05969,2025-06-24,Meta Ads,India,25-34,Male
CUST05970,2025-04-24,Meta Ads,Qatar,35-44,Female
CUST05971,2025-04-03,Meta Ads,UAE,18-24,Female
CUST05972,2024-06-02,Organic/SEO,UAE,35-44,Female
CUST05973,2025-04-12,Google Ads,Saudi Arabia,35-44,Female
CUST05974,2025-05-09,Email/Referral,UK,25-34,Male
CUST05975,2024-07-17,Influencer,USA,35-44,Female
CUST05976,2025-07-01,Email/Referral,Qatar,25-34,Female
CUST05977,2024-03-02,Organic/SEO,Saudi Arabia,18-24,Female
CUST05978,2024-05-02,Email/Referral,USA,25-34,Female
CUST05979,2024-11-23,Email/Referral,UAE,25-34,Female
CUST05980,2024-12-05,Google Ads,Saudi Arabia,25-34,Female
CUST05981,2024-12-31,Organic/SEO,Saudi Arabia,45-54,Female
CUST05982,2024-02-11,Organic/SEO,UAE,18-24,Female
CUST05983,2025-07-06,Organic/SEO,UAE,45-54,Female
CUST05984,2024-02-28,Google Ads,Saudi Arabia,18-24,Female
CUST05985,2024-04-28,Google Ads,Saudi Arabia,25-34,Female
CUST05986,2024-02-09,Meta Ads,UAE,45-54,Male
CUST05987,2024-12-01,Google Ads,India,18-24,Female
CUST05988,2025-06-22,Influencer,UAE,35-44,Female
CUST05989,2025-01-14,Organic/SEO,India,25-34,Male
CUST05990,2025-04-22,Meta Ads,UAE,55+,Female
CUST05991,2024-02-09,Influencer,Saudi Arabia,25-34,Female
CUST05992,2024-11-24,Organic/SEO,USA,25-34,Female
CUST05993,2024-11-01,Email/Referral,UAE,18-24,Female
CUST05994,2024-11-12,Google Ads,UK,18-24,Female
CUST05995,2024-03-15,Meta Ads,Kuwait,35-44,Female
CUST05996,2025-01-28,Influencer,UK,25-34,Male
CUST05997,2024-11-13,Google Ads,UAE,55+,Female
CUST05998,2025-03-18,Influencer,Kuwait,35-44,Male
CUST05999,2024-11-08,Meta Ads,India,18-24,Female
CUST06000,2024-05-02,Meta Ads,Qatar,18-24,Female
