customer_id,event_date,event_type
CUST00001,2025-04-16,email_open
CUST00001,2025-03-06,site_visit
CUST00002,2025-07-04,cart_add
CUST00002,2025-07-22,email_open
CUST00002,2025-07-29,cart_add
CUST00002,2025-07-06,cart_abandon
CUST00002,2025-07-10,site_visit
CUST00003,2025-07-09,site_visit
CUST00003,2025-07-13,site_visit
CUST00003,2025-04-27,cart_add
CUST00004,2025-07-03,site_visit
CUST00004,2025-01-12,cart_abandon
CUST00004,2025-01-08,site_visit
CUST00005,2025-04-13,email_open
CUST00006,2024-09-08,email_open
CUST00007,2025-04-24,site_visit
CUST00008,2025-06-18,site_visit
CUST00008,2025-07-27,review_submitted
CUST00008,2025-06-21,cart_add
CUST00008,2025-05-19,cart_add
CUST00008,2025-06-10,cart_abandon
CUST00008,2025-06-04,email_open
CUST00008,2025-06-23,site_visit
CUST00009,2024-12-24,site_visit
CUST00009,2025-01-14,site_visit
CUST00010,2025-06-03,review_submitted
CUST00010,2025-05-29,site_visit
CUST00010,2025-07-23,site_visit
CUST00010,2025-02-28,site_visit
CUST00010,2025-06-22,site_visit
CUST00011,2025-02-26,site_visit
CUST00012,2025-07-31,cart_add
CUST00012,2025-07-18,email_open
CUST00012,2025-07-19,email_open
CUST00012,2025-07-28,site_visit
CUST00012,2025-07-16,site_visit
CUST00012,2025-07-15,cart_abandon
CUST00012,2025-07-27,site_visit
CUST00013,2025-07-11,support_ticket
CUST00013,2025-06-02,cart_add
CUST00014,2025-01-13,site_visit
CUST00015,2024-11-06,cart_add
CUST00016,2024-06-04,site_visit
CUST00017,2025-01-05,site_visit
CUST00018,2025-04-14,review_submitted
CUST00019,2024-12-07,cart_add
CUST00020,2024-10-29,cart_abandon
CUST00021,2025-02-26,site_visit
CUST00022,2024-06-14,review_submitted
CUST00022,2025-07-18,site_visit
CUST00023,2025-04-03,email_open
CUST00024,2025-02-18,site_visit
CUST00025,2025-02-05,site_visit
CUST00025,2024-11-01,cart_abandon
CUST00026,2025-06-30,email_open
CUST00026,2025-04-13,support_ticket
CUST00026,2025-04-28,site_visit
CUST00027,2024-11-24,cart_abandon
CUST00028,2025-07-24,site_visit
CUST00029,2025-04-12,cart_add
CUST00030,2024-08-07,email_open
CUST00031,2025-04-05,site_visit
CUST00032,2024-10-08,site_visit
CUST00033,2025-04-21,site_visit
CUST00034,2025-07-24,support_ticket
CUST00034,2025-07-20,cart_add
CUST00034,2025-07-12,review_submitted
CUST00034,2025-07-23,site_visit
CUST00034,2025-07-30,site_visit
CUST00034,2025-07-01,cart_add
CUST00035,2025-07-29,cart_abandon
CUST00035,2025-07-16,cart_add
CUST00035,2025-07-20,cart_add
CUST00035,2025-07-23,site_visit
CUST00035,2025-07-27,cart_add
CUST00035,2025-07-27,site_visit
CUST00035,2025-07-25,cart_abandon
CUST00035,2025-07-10,site_visit
CUST00036,2025-06-23,review_submitted
CUST00036,2025-07-19,cart_abandon
CUST00036,2025-05-05,cart_add
CUST00036,2025-07-19,cart_abandon
CUST00037,2025-02-14,email_open
CUST00038,2025-04-01,site_visit
CUST00039,2025-07-26,cart_add
CUST00039,2025-02-14,cart_abandon
CUST00039,2025-02-08,site_visit
CUST00039,2025-03-04,email_open
CUST00040,2025-01-17,site_visit
CUST00040,2025-07-03,email_open
CUST00041,2024-09-20,email_open
CUST00042,2025-04-26,site_visit
CUST00043,2025-06-28,cart_add
CUST00044,2025-07-24,site_visit
CUST00044,2025-07-01,site_visit
CUST00044,2025-07-23,site_visit
CUST00044,2025-06-29,cart_add
CUST00044,2025-07-17,cart_abandon
CUST00044,2025-06-24,site_visit
CUST00044,2025-07-14,site_visit
CUST00045,2025-03-04,cart_abandon
CUST00046,2025-07-24,site_visit
CUST00046,2025-06-14,site_visit
CUST00046,2025-07-13,cart_abandon
CUST00047,2025-02-19,review_submitted
CUST00048,2024-12-29,site_visit
CUST00048,2025-03-30,site_visit
CUST00048,2025-03-13,site_visit
CUST00048,2025-02-26,site_visit
CUST00049,2025-01-31,cart_add
CUST00050,2025-04-17,email_open
CUST00051,2025-07-30,support_ticket
CUST00051,2025-07-20,email_open
CUST00051,2025-07-27,site_visit
CUST00051,2025-07-22,cart_add
CUST00051,2025-07-15,site_visit
CUST00051,2025-07-31,site_visit
CUST00051,2025-07-21,site_visit
CUST00052,2025-05-01,email_open
CUST00052,2025-05-18,cart_add
CUST00052,2025-05-10,site_visit
CUST00052,2025-04-22,site_visit
CUST00053,2025-07-07,cart_add
CUST00053,2025-07-12,site_visit
CUST00053,2025-07-02,cart_add
CUST00053,2025-07-15,review_submitted
CUST00054,2025-06-22,cart_add
CUST00054,2025-07-29,site_visit
CUST00054,2025-06-28,site_visit
CUST00054,2025-07-05,site_visit
CUST00055,2025-04-26,cart_abandon
CUST00055,2025-03-25,support_ticket
CUST00056,2025-07-04,site_visit
CUST00056,2025-06-25,cart_add
CUST00056,2025-06-30,cart_add
CUST00057,2024-04-20,site_visit
CUST00058,2025-03-21,site_visit
CUST00059,2024-10-08,site_visit
CUST00060,2025-01-20,site_visit
CUST00061,2025-07-24,email_open
CUST00062,2024-12-15,cart_add
CUST00063,2025-05-14,cart_abandon
CUST00063,2025-06-16,cart_abandon
CUST00063,2025-05-16,site_visit
CUST00063,2025-05-17,site_visit
CUST00063,2025-05-05,email_open
CUST00064,2025-04-20,cart_add
CUST00065,2025-07-17,site_visit
CUST00066,2025-03-26,site_visit
CUST00067,2025-06-06,site_visit
CUST00068,2025-06-26,site_visit
CUST00068,2025-07-17,site_visit
CUST00068,2025-06-25,site_visit
CUST00068,2025-05-30,site_visit
CUST00068,2025-07-28,cart_add
CUST00069,2024-08-07,site_visit
CUST00070,2025-07-29,cart_add
CUST00070,2025-07-25,email_open
CUST00070,2025-07-31,cart_abandon
CUST00070,2025-07-26,site_visit
CUST00070,2025-07-24,cart_add
CUST00070,2025-07-30,site_visit
CUST00070,2025-07-31,review_submitted
CUST00070,2025-07-26,site_visit
CUST00070,2025-07-26,site_visit
CUST00071,2025-06-25,site_visit
CUST00071,2025-05-26,site_visit
CUST00072,2025-03-11,cart_add
CUST00073,2025-06-14,email_open
CUST00074,2025-06-23,site_visit
CUST00074,2025-07-31,cart_add
CUST00074,2025-05-28,email_open
CUST00074,2025-06-25,cart_abandon
CUST00074,2025-07-14,cart_abandon
CUST00075,2025-03-07,support_ticket
CUST00075,2025-07-28,site_visit
CUST00075,2025-07-19,site_visit
CUST00075,2025-03-16,email_open
CUST00076,2025-03-18,site_visit
CUST00076,2025-06-29,site_visit
CUST00076,2025-04-04,review_submitted
CUST00077,2025-03-23,cart_add
CUST00077,2025-05-14,cart_abandon
CUST00077,2025-04-16,email_open
CUST00077,2025-06-26,cart_abandon
CUST00077,2025-04-27,cart_add
CUST00078,2025-01-12,site_visit
CUST00079,2024-12-30,support_ticket
CUST00080,2024-05-13,email_open
CUST00081,2025-07-31,cart_add
CUST00081,2025-06-02,site_visit
CUST00081,2025-06-23,cart_add
CUST00081,2025-05-31,site_visit
CUST00081,2025-05-25,site_visit
CUST00081,2025-07-10,support_ticket
CUST00082,2025-05-14,cart_add
CUST00083,2025-02-18,cart_add
CUST00084,2025-02-01,site_visit
CUST00085,2025-02-05,cart_add
CUST00086,2025-06-14,support_ticket
CUST00086,2025-03-05,cart_add
CUST00086,2025-05-27,site_visit
CUST00087,2025-04-06,cart_add
CUST00087,2025-04-27,email_open
CUST00087,2025-02-27,site_visit
CUST00087,2025-06-09,email_open
CUST00087,2025-06-12,cart_add
CUST00088,2025-01-08,cart_abandon
CUST00088,2025-02-01,cart_add
CUST00088,2025-04-20,cart_abandon
CUST00089,2025-07-28,site_visit
CUST00089,2025-07-18,cart_abandon
CUST00089,2025-07-07,cart_abandon
CUST00089,2025-06-28,site_visit
CUST00090,2024-11-15,cart_add
CUST00090,2025-02-17,cart_add
CUST00091,2024-09-04,site_visit
CUST00092,2025-03-27,cart_add
CUST00093,2025-05-08,cart_abandon
CUST00093,2025-04-03,cart_abandon
CUST00094,2025-02-25,cart_abandon
CUST00095,2025-06-26,cart_add
CUST00095,2025-06-16,site_visit
CUST00095,2025-05-05,site_visit
CUST00095,2025-03-24,email_open
CUST00095,2025-05-31,cart_add
CUST00096,2025-03-03,site_visit
CUST00096,2025-01-16,site_visit
CUST00096,2024-11-25,email_open
CUST00096,2025-04-03,review_submitted
CUST00097,2025-07-26,cart_add
CUST00097,2025-01-29,site_visit
CUST00098,2025-07-21,support_ticket
CUST00099,2024-09-24,site_visit
CUST00100,2024-12-01,site_visit
CUST00101,2025-06-19,cart_abandon
CUST00102,2025-06-20,site_visit
CUST00102,2025-06-11,cart_add
CUST00103,2024-09-25,site_visit
CUST00104,2025-07-20,site_visit
CUST00104,2025-04-05,cart_abandon
CUST00105,2025-06-18,cart_add
CUST00105,2025-06-21,site_visit
CUST00105,2025-07-16,email_open
CUST00106,2025-03-26,cart_abandon
CUST00107,2024-10-16,cart_abandon
CUST00108,2025-06-13,cart_abandon
CUST00108,2025-04-01,cart_add
CUST00108,2025-05-24,cart_abandon
CUST00108,2025-07-20,site_visit
CUST00109,2024-08-19,site_visit
CUST00110,2024-10-12,cart_add
CUST00111,2025-02-16,cart_add
CUST00112,2024-12-04,support_ticket
CUST00113,2025-07-06,cart_add
CUST00113,2025-07-29,site_visit
CUST00113,2025-07-14,site_visit
CUST00113,2025-07-13,cart_add
CUST00113,2025-07-02,support_ticket
CUST00113,2025-06-24,email_open
CUST00114,2025-07-31,cart_add
CUST00114,2025-04-19,site_visit
CUST00114,2025-06-03,cart_abandon
CUST00114,2025-06-04,site_visit
CUST00114,2025-04-27,site_visit
CUST00115,2025-04-23,site_visit
CUST00115,2025-04-17,review_submitted
CUST00115,2025-07-07,cart_abandon
CUST00116,2025-06-22,cart_abandon
CUST00116,2025-06-17,support_ticket
CUST00116,2025-07-16,site_visit
CUST00116,2025-07-14,site_visit
CUST00116,2025-07-28,cart_abandon
CUST00116,2025-06-28,cart_add
CUST00117,2025-05-23,cart_abandon
CUST00117,2025-04-11,site_visit
CUST00117,2025-05-26,site_visit
CUST00117,2025-05-30,cart_add
CUST00117,2025-07-09,site_visit
CUST00117,2025-07-26,site_visit
CUST00117,2025-07-08,site_visit
CUST00117,2025-07-21,review_submitted
CUST00118,2024-11-18,site_visit
CUST00118,2025-07-07,site_visit
CUST00118,2024-09-27,site_visit
CUST00118,2025-07-20,email_open
CUST00118,2025-05-14,cart_add
CUST00119,2025-06-29,cart_add
CUST00119,2025-07-23,support_ticket
CUST00119,2025-07-26,email_open
CUST00120,2025-05-20,cart_add
CUST00120,2025-03-09,email_open
CUST00120,2025-07-08,support_ticket
CUST00120,2025-06-20,email_open
CUST00120,2025-04-22,cart_add
CUST00121,2025-04-28,cart_add
CUST00122,2025-07-21,cart_add
CUST00123,2025-07-24,cart_add
CUST00124,2024-10-17,site_visit
CUST00125,2024-10-22,site_visit
CUST00126,2025-02-16,cart_add
CUST00126,2025-06-24,site_visit
CUST00126,2025-02-15,site_visit
CUST00127,2025-04-24,site_visit
CUST00127,2025-07-06,site_visit
CUST00127,2025-06-15,cart_abandon
CUST00127,2025-07-14,cart_abandon
CUST00127,2025-07-11,support_ticket
CUST00128,2025-07-05,site_visit
CUST00128,2025-07-19,email_open
CUST00128,2025-07-23,cart_abandon
CUST00129,2024-04-27,cart_add
CUST00130,2024-12-18,site_visit
CUST00131,2025-04-21,cart_abandon
CUST00131,2025-07-25,review_submitted
CUST00131,2025-02-20,cart_add
CUST00131,2024-11-04,site_visit
CUST00132,2024-12-03,site_visit
CUST00133,2025-05-10,cart_abandon
CUST00134,2024-12-31,site_visit
CUST00135,2025-07-25,email_open
CUST00135,2025-07-05,site_visit
CUST00135,2025-07-25,email_open
CUST00135,2025-07-29,email_open
CUST00135,2025-07-08,cart_add
CUST00135,2025-07-04,cart_abandon
CUST00135,2025-07-01,site_visit
CUST00135,2025-07-18,email_open
CUST00136,2025-02-27,email_open
CUST00137,2025-06-20,email_open
CUST00138,2025-03-09,site_visit
CUST00138,2025-04-06,site_visit
CUST00138,2025-06-25,cart_add
CUST00139,2025-01-01,email_open
CUST00139,2024-10-17,support_ticket
CUST00140,2025-07-23,email_open
CUST00140,2025-07-13,email_open
CUST00140,2025-07-29,cart_add
CUST00140,2025-07-28,cart_abandon
CUST00140,2025-07-13,site_visit
CUST00140,2025-07-17,site_visit
CUST00140,2025-07-29,cart_add
CUST00140,2025-07-18,cart_add
CUST00140,2025-07-25,site_visit
CUST00140,2025-07-23,email_open
CUST00140,2025-07-20,site_visit
CUST00140,2025-07-15,email_open
CUST00140,2025-07-16,review_submitted
CUST00140,2025-07-18,site_visit
CUST00140,2025-07-15,site_visit
CUST00141,2025-07-12,site_visit
CUST00141,2025-07-08,cart_add
CUST00141,2025-07-26,review_submitted
CUST00141,2025-07-12,email_open
CUST00141,2025-07-27,review_submitted
CUST00141,2025-07-22,site_visit
CUST00141,2025-07-27,cart_abandon
CUST00141,2025-07-23,review_submitted
CUST00141,2025-07-21,site_visit
CUST00141,2025-07-12,cart_add
CUST00141,2025-07-15,cart_abandon
CUST00141,2025-07-09,email_open
CUST00142,2024-07-01,site_visit
CUST00143,2025-02-24,site_visit
CUST00143,2025-04-26,site_visit
CUST00144,2024-10-04,site_visit
CUST00144,2024-08-13,site_visit
CUST00144,2024-10-02,site_visit
CUST00144,2024-09-10,cart_add
CUST00145,2024-12-16,cart_abandon
CUST00146,2025-04-12,site_visit
CUST00147,2025-03-29,site_visit
CUST00147,2025-07-23,cart_add
CUST00148,2025-07-28,cart_abandon
CUST00149,2024-11-14,cart_add
CUST00150,2025-02-17,cart_add
CUST00151,2025-07-21,email_open
CUST00152,2024-09-14,cart_add
CUST00153,2025-07-15,cart_abandon
CUST00154,2025-07-05,site_visit
CUST00154,2024-11-21,email_open
CUST00154,2025-03-27,email_open
CUST00154,2024-12-03,cart_abandon
CUST00154,2025-02-13,site_visit
CUST00155,2025-07-24,cart_abandon
CUST00155,2025-07-28,cart_abandon
CUST00155,2025-07-31,site_visit
CUST00156,2025-03-30,site_visit
CUST00157,2025-07-12,cart_add
CUST00157,2025-03-01,email_open
CUST00158,2025-06-08,site_visit
CUST00159,2025-03-15,site_visit
CUST00160,2025-06-29,site_visit
CUST00160,2025-04-22,site_visit
CUST00161,2024-10-03,site_visit
CUST00162,2025-02-11,site_visit
CUST00162,2025-03-04,cart_abandon
CUST00162,2025-01-04,email_open
CUST00162,2025-05-12,site_visit
CUST00163,2025-03-11,site_visit
CUST00164,2025-05-06,site_visit
CUST00164,2025-06-12,review_submitted
CUST00164,2025-07-24,cart_add
CUST00165,2025-07-31,site_visit
CUST00166,2025-05-18,support_ticket
CUST00166,2025-07-05,site_visit
CUST00166,2025-07-07,email_open
CUST00166,2025-05-22,support_ticket
CUST00166,2025-07-16,site_visit
CUST00167,2025-06-24,review_submitted
CUST00168,2025-06-23,email_open
CUST00169,2025-01-01,site_visit
CUST00170,2025-02-08,site_visit
CUST00170,2025-05-01,cart_abandon
CUST00170,2025-02-17,site_visit
CUST00170,2025-07-12,email_open
CUST00170,2025-02-07,site_visit
CUST00171,2025-02-10,site_visit
CUST00171,2025-04-27,site_visit
CUST00172,2024-03-14,review_submitted
CUST00173,2024-12-20,cart_add
CUST00174,2025-02-05,site_visit
CUST00175,2025-07-10,site_visit
CUST00176,2025-05-12,cart_add
CUST00177,2025-07-08,site_visit
CUST00177,2025-03-10,cart_abandon
CUST00178,2025-01-25,site_visit
CUST00178,2024-12-03,site_visit
CUST00179,2025-06-27,site_visit
CUST00179,2025-07-20,cart_abandon
CUST00179,2025-07-06,cart_add
CUST00179,2025-07-26,cart_add
CUST00179,2025-06-24,cart_add
CUST00180,2025-05-22,site_visit
CUST00181,2024-10-17,site_visit
CUST00182,2025-02-27,cart_abandon
CUST00183,2025-07-18,cart_abandon
CUST00183,2025-07-02,cart_abandon
CUST00183,2025-07-30,email_open
CUST00183,2025-07-09,site_visit
CUST00183,2025-06-20,site_visit
CUST00183,2025-06-28,email_open
CUST00183,2025-06-18,cart_abandon
CUST00183,2025-07-15,cart_abandon
CUST00183,2025-07-23,support_ticket
CUST00184,2025-07-18,cart_add
CUST00184,2025-06-08,site_visit
CUST00184,2025-05-26,email_open
CUST00184,2025-07-27,site_visit
CUST00184,2025-06-15,cart_add
CUST00184,2025-05-28,cart_abandon
CUST00185,2024-10-25,cart_add
CUST00186,2025-02-25,support_ticket
CUST00186,2025-01-25,site_visit
CUST00187,2025-07-13,site_visit
CUST00187,2025-07-03,site_visit
CUST00187,2025-04-30,site_visit
CUST00187,2025-06-29,site_visit
CUST00187,2025-06-30,review_submitted
CUST00188,2025-06-25,cart_add
CUST00188,2025-01-10,site_visit
CUST00189,2025-07-24,review_submitted
CUST00190,2024-09-30,email_open
CUST00191,2024-12-31,email_open
CUST00192,2025-07-08,cart_add
CUST00192,2025-06-11,site_visit
CUST00192,2025-06-23,site_visit
CUST00192,2025-07-07,cart_add
CUST00192,2025-06-15,site_visit
CUST00193,2025-06-25,support_ticket
CUST00193,2025-07-28,site_visit
CUST00193,2025-07-28,email_open
CUST00193,2025-06-18,cart_abandon
CUST00193,2025-06-15,cart_add
CUST00193,2025-07-20,email_open
CUST00193,2025-06-30,email_open
CUST00193,2025-07-09,cart_add
CUST00193,2025-07-13,cart_add
CUST00193,2025-07-14,site_visit
CUST00193,2025-07-19,site_visit
CUST00194,2025-02-08,review_submitted
CUST00195,2024-09-14,site_visit
CUST00196,2025-07-30,site_visit
CUST00197,2025-03-30,cart_abandon
CUST00197,2025-04-22,cart_add
CUST00198,2025-07-19,site_visit
CUST00198,2025-07-08,email_open
CUST00199,2025-06-22,site_visit
CUST00199,2025-07-21,cart_add
CUST00199,2025-06-14,site_visit
CUST00199,2025-07-25,site_visit
CUST00200,2025-05-03,review_submitted
CUST00200,2025-05-16,site_visit
CUST00200,2025-05-05,cart_add
CUST00201,2025-06-01,site_visit
CUST00202,2024-08-06,site_visit
CUST00203,2024-05-21,email_open
CUST00204,2025-06-07,site_visit
CUST00204,2025-07-23,site_visit
CUST00204,2025-07-26,support_ticket
CUST00204,2025-06-08,review_submitted
CUST00204,2025-07-03,cart_add
CUST00205,2025-05-19,site_visit
CUST00205,2024-12-22,cart_abandon
CUST00206,2025-05-21,cart_add
CUST00207,2024-08-10,cart_abandon
CUST00208,2025-01-15,site_visit
CUST00208,2025-02-09,review_submitted
CUST00208,2025-06-19,site_visit
CUST00208,2025-04-12,site_visit
CUST00209,2024-02-17,site_visit
CUST00210,2025-07-12,site_visit
CUST00211,2025-01-21,cart_abandon
CUST00212,2025-06-09,site_visit
CUST00212,2025-05-04,site_visit
CUST00212,2025-06-22,cart_abandon
CUST00213,2025-02-04,cart_abandon
CUST00213,2025-03-09,review_submitted
CUST00214,2025-05-29,cart_add
CUST00215,2025-06-25,site_visit
CUST00215,2025-03-07,cart_abandon
CUST00216,2025-01-31,cart_abandon
CUST00217,2024-12-10,cart_add
CUST00218,2025-03-09,site_visit
CUST00218,2025-07-03,cart_add
CUST00218,2025-07-30,site_visit
CUST00219,2025-04-01,cart_abandon
CUST00219,2025-03-29,email_open
CUST00219,2025-02-10,cart_add
CUST00219,2025-05-06,site_visit
CUST00220,2025-06-16,cart_add
CUST00220,2025-05-21,cart_add
CUST00220,2025-05-22,site_visit
CUST00221,2025-07-12,cart_add
CUST00221,2025-04-17,site_visit
CUST00222,2025-05-31,site_visit
CUST00222,2025-03-12,site_visit
CUST00223,2024-07-26,cart_add
CUST00224,2024-11-06,cart_add
CUST00225,2025-02-24,support_ticket
CUST00226,2025-05-31,cart_add
CUST00226,2025-06-16,cart_abandon
CUST00227,2025-07-24,cart_add
CUST00227,2025-07-18,cart_add
CUST00227,2025-07-23,site_visit
CUST00227,2025-07-14,site_visit
CUST00227,2025-07-24,site_visit
CUST00227,2025-07-26,site_visit
CUST00228,2024-12-03,site_visit
CUST00228,2024-12-25,site_visit
CUST00229,2025-06-03,email_open
CUST00229,2025-07-28,cart_abandon
CUST00230,2025-07-12,email_open
CUST00231,2025-07-23,cart_abandon
CUST00231,2025-07-30,site_visit
CUST00231,2025-06-14,email_open
CUST00231,2025-04-17,email_open
CUST00232,2025-04-15,site_visit
CUST00232,2025-07-12,site_visit
CUST00232,2024-12-02,cart_add
CUST00233,2025-04-10,cart_add
CUST00233,2025-07-07,cart_add
CUST00234,2025-05-26,cart_abandon
CUST00234,2025-01-29,cart_add
CUST00235,2025-02-08,review_submitted
CUST00236,2025-04-16,site_visit
CUST00236,2025-07-28,cart_add
CUST00237,2025-04-20,cart_abandon
CUST00238,2025-01-31,email_open
CUST00239,2025-07-17,site_visit
CUST00239,2025-07-13,cart_abandon
CUST00239,2025-05-11,site_visit
CUST00239,2025-05-26,cart_abandon
CUST00239,2025-06-26,site_visit
CUST00240,2024-08-11,site_visit
CUST00241,2025-07-16,email_open
CUST00241,2025-06-27,email_open
CUST00241,2025-07-03,cart_abandon
CUST00241,2025-07-10,cart_add
CUST00242,2025-07-12,email_open
CUST00242,2025-07-04,support_ticket
CUST00242,2025-07-08,site_visit
CUST00242,2025-07-13,email_open
CUST00242,2025-07-04,site_visit
CUST00242,2025-07-18,site_visit
CUST00242,2025-07-17,support_ticket
CUST00242,2025-07-04,cart_add
CUST00243,2025-06-29,cart_abandon
CUST00243,2025-06-18,cart_add
CUST00243,2025-06-25,review_submitted
CUST00243,2025-07-24,site_visit
CUST00243,2025-06-19,email_open
CUST00243,2025-07-12,cart_abandon
CUST00243,2025-06-29,site_visit
CUST00243,2025-07-07,cart_add
CUST00243,2025-07-11,cart_abandon
CUST00243,2025-07-03,site_visit
CUST00244,2025-05-30,cart_abandon
CUST00244,2025-03-29,site_visit
CUST00244,2024-11-08,cart_add
CUST00244,2025-01-21,support_ticket
CUST00244,2024-10-31,site_visit
CUST00244,2024-09-09,cart_add
CUST00245,2024-02-28,cart_add
CUST00246,2025-07-11,email_open
CUST00246,2025-07-12,site_visit
CUST00246,2025-07-24,review_submitted
CUST00247,2025-05-08,site_visit
CUST00248,2025-07-20,site_visit
CUST00248,2025-07-26,site_visit
CUST00248,2025-07-13,site_visit
CUST00248,2025-07-30,cart_abandon
CUST00248,2025-07-27,email_open
CUST00249,2025-07-14,site_visit
CUST00249,2025-07-29,site_visit
CUST00249,2025-07-17,cart_add
CUST00249,2025-07-09,support_ticket
CUST00249,2025-07-22,cart_add
CUST00249,2025-07-09,site_visit
CUST00249,2025-07-22,site_visit
CUST00249,2025-07-11,site_visit
CUST00250,2025-07-24,site_visit
CUST00250,2025-05-28,email_open
CUST00250,2025-07-08,site_visit
CUST00250,2025-05-18,site_visit
CUST00251,2025-02-02,support_ticket
CUST00252,2024-09-22,site_visit
CUST00253,2025-05-29,cart_add
CUST00253,2025-07-09,cart_add
CUST00253,2025-07-20,site_visit
CUST00253,2025-06-23,cart_add
CUST00253,2025-06-22,site_visit
CUST00254,2024-09-03,site_visit
CUST00254,2025-06-24,email_open
CUST00255,2024-10-26,cart_add
CUST00256,2025-05-30,cart_add
CUST00256,2025-06-23,site_visit
CUST00257,2025-07-05,cart_abandon
CUST00258,2025-04-13,site_visit
CUST00258,2025-07-31,site_visit
CUST00259,2024-12-17,cart_add
CUST00260,2024-05-22,site_visit
CUST00261,2025-05-31,site_visit
CUST00261,2025-02-07,email_open
CUST00262,2025-07-30,site_visit
CUST00262,2025-07-27,cart_abandon
CUST00262,2025-07-30,site_visit
CUST00263,2024-05-03,support_ticket
CUST00264,2025-03-25,site_visit
CUST00264,2025-04-24,cart_abandon
CUST00265,2025-06-16,email_open
CUST00265,2025-05-31,cart_add
CUST00265,2025-06-15,site_visit
CUST00266,2025-03-04,email_open
CUST00266,2025-06-08,cart_add
CUST00267,2025-06-16,cart_abandon
CUST00268,2025-06-28,cart_abandon
CUST00268,2025-04-07,site_visit
CUST00268,2025-04-23,cart_add
CUST00269,2024-12-12,cart_abandon
CUST00270,2025-02-14,cart_add
CUST00271,2025-06-22,site_visit
CUST00271,2025-07-28,site_visit
CUST00271,2025-04-22,cart_abandon
CUST00271,2025-05-03,site_visit
CUST00272,2025-06-30,cart_abandon
CUST00272,2025-06-15,cart_abandon
CUST00272,2025-06-02,site_visit
CUST00272,2025-05-03,cart_add
CUST00272,2025-06-17,cart_add
CUST00273,2025-06-28,site_visit
CUST00273,2025-07-11,cart_abandon
CUST00273,2025-06-14,site_visit
CUST00273,2025-05-20,cart_abandon
CUST00274,2025-06-26,cart_abandon
CUST00274,2025-06-14,site_visit
CUST00274,2025-06-20,site_visit
CUST00274,2025-06-21,site_visit
CUST00274,2025-07-02,cart_abandon
CUST00274,2025-07-15,site_visit
CUST00275,2025-01-07,site_visit
CUST00276,2025-01-10,site_visit
CUST00276,2025-07-23,email_open
CUST00277,2025-04-18,site_visit
CUST00277,2025-05-11,cart_abandon
CUST00277,2025-07-31,site_visit
CUST00278,2025-02-22,site_visit
CUST00279,2025-03-16,site_visit
CUST00279,2025-06-13,site_visit
CUST00279,2025-03-25,cart_abandon
CUST00279,2025-07-10,site_visit
CUST00280,2025-04-19,site_visit
CUST00280,2025-07-08,site_visit
CUST00280,2025-07-27,email_open
CUST00280,2025-07-07,review_submitted
CUST00281,2025-07-24,site_visit
CUST00281,2025-06-21,site_visit
CUST00281,2025-06-14,site_visit
CUST00281,2025-07-29,site_visit
CUST00282,2025-05-06,cart_add
CUST00283,2025-06-15,support_ticket
CUST00284,2025-01-16,site_visit
CUST00285,2025-04-24,site_visit
CUST00286,2024-03-21,site_visit
CUST00287,2025-05-31,site_visit
CUST00288,2025-06-17,site_visit
CUST00289,2025-05-06,site_visit
CUST00290,2025-06-14,site_visit
CUST00290,2025-05-21,cart_add
CUST00291,2024-10-29,cart_add
CUST00292,2025-06-29,site_visit
CUST00293,2025-06-03,site_visit
CUST00293,2025-06-18,site_visit
CUST00293,2025-05-02,site_visit
CUST00293,2025-05-15,cart_add
CUST00293,2025-05-21,site_visit
CUST00293,2025-05-27,email_open
CUST00293,2025-05-26,site_visit
CUST00293,2025-04-24,cart_abandon
CUST00293,2025-06-21,site_visit
CUST00294,2024-11-30,cart_add
CUST00295,2025-04-25,email_open
CUST00296,2025-02-15,site_visit
CUST00296,2025-06-16,site_visit
CUST00296,2025-07-28,site_visit
CUST00296,2025-06-10,site_visit
CUST00297,2025-04-18,cart_abandon
CUST00297,2025-04-20,cart_add
CUST00297,2025-04-12,site_visit
CUST00298,2025-03-06,site_visit
CUST00299,2025-03-13,review_submitted
CUST00300,2025-05-07,site_visit
CUST00301,2024-06-03,review_submitted
CUST00302,2025-03-02,email_open
CUST00302,2025-07-07,site_visit
CUST00303,2024-12-28,cart_add
CUST00303,2025-06-02,cart_add
CUST00304,2025-02-02,site_visit
CUST00304,2025-07-30,site_visit
CUST00305,2025-06-25,site_visit
CUST00305,2025-06-04,support_ticket
CUST00305,2025-07-26,site_visit
CUST00305,2025-05-26,site_visit
CUST00306,2025-07-16,email_open
CUST00306,2025-07-25,cart_abandon
CUST00306,2025-07-22,site_visit
CUST00306,2025-07-22,email_open
CUST00306,2025-07-25,site_visit
CUST00307,2025-04-02,site_visit
CUST00307,2025-07-05,site_visit
CUST00307,2025-02-14,site_visit
CUST00308,2025-04-06,cart_abandon
CUST00309,2025-06-27,site_visit
CUST00309,2025-04-15,support_ticket
CUST00309,2025-06-04,cart_add
CUST00309,2025-06-11,cart_abandon
CUST00309,2025-07-21,support_ticket
CUST00309,2025-07-29,cart_abandon
CUST00309,2025-06-27,site_visit
CUST00310,2025-01-29,email_open
CUST00311,2025-04-19,site_visit
CUST00312,2025-06-11,cart_add
CUST00313,2025-04-20,site_visit
CUST00314,2025-07-17,site_visit
CUST00314,2025-07-08,site_visit
CUST00314,2025-07-08,email_open
CUST00314,2025-07-09,site_visit
CUST00314,2025-07-18,email_open
CUST00315,2025-05-14,cart_abandon
CUST00315,2025-07-11,cart_add
CUST00315,2025-07-31,site_visit
CUST00315,2025-07-25,email_open
CUST00315,2025-07-04,site_visit
CUST00315,2025-07-11,cart_abandon
CUST00315,2025-05-10,site_visit
CUST00316,2025-05-26,email_open
CUST00316,2025-04-23,email_open
CUST00316,2025-04-20,cart_add
CUST00316,2025-03-09,site_visit
CUST00317,2024-12-31,site_visit
CUST00318,2025-05-29,cart_abandon
CUST00319,2025-05-18,cart_add
CUST00320,2025-02-12,site_visit
CUST00321,2025-06-14,cart_add
CUST00322,2025-02-23,site_visit
CUST00322,2025-06-13,cart_abandon
CUST00322,2025-07-15,site_visit
CUST00322,2025-07-10,site_visit
CUST00323,2025-04-11,email_open
CUST00324,2025-07-04,email_open
CUST00325,2025-07-27,cart_add
CUST00325,2025-07-23,support_ticket
CUST00325,2025-07-18,cart_abandon
CUST00325,2025-07-06,cart_add
CUST00325,2025-07-16,email_open
CUST00326,2025-07-30,cart_abandon
CUST00326,2025-06-03,cart_add
CUST00326,2025-05-31,site_visit
CUST00326,2025-05-08,site_visit
CUST00326,2025-04-27,cart_abandon
CUST00326,2025-03-24,cart_add
CUST00327,2025-05-03,cart_add
CUST00328,2025-07-22,site_visit
CUST00328,2025-02-19,review_submitted
CUST00329,2025-04-11,cart_add
CUST00330,2024-07-19,cart_add
CUST00331,2024-08-31,email_open
CUST00332,2025-07-05,review_submitted
CUST00332,2025-03-29,cart_add
CUST00332,2025-05-15,site_visit
CUST00333,2025-06-22,site_visit
CUST00334,2024-06-08,cart_abandon
CUST00335,2024-03-07,email_open
CUST00336,2024-09-16,cart_abandon
CUST00337,2025-05-23,cart_add
CUST00337,2025-07-16,email_open
CUST00337,2025-07-25,cart_add
CUST00337,2025-06-22,cart_add
CUST00337,2025-06-13,cart_abandon
CUST00337,2025-07-30,site_visit
CUST00338,2025-05-20,site_visit
CUST00338,2025-05-19,site_visit
CUST00338,2025-02-26,cart_abandon
CUST00339,2024-11-30,site_visit
CUST00339,2025-01-04,cart_add
CUST00339,2024-11-05,email_open
CUST00339,2025-03-04,cart_add
CUST00340,2025-04-28,site_visit
CUST00341,2025-05-10,site_visit
CUST00341,2024-12-12,cart_add
CUST00342,2025-02-17,site_visit
CUST00343,2025-07-20,cart_add
CUST00344,2024-11-02,cart_add
CUST00345,2024-11-10,cart_add
CUST00346,2025-06-25,cart_add
CUST00346,2025-03-04,site_visit
CUST00346,2025-07-08,site_visit
CUST00347,2025-06-08,cart_abandon
CUST00347,2025-03-29,review_submitted
CUST00348,2025-04-08,cart_add
CUST00349,2025-04-17,cart_add
CUST00350,2025-03-09,cart_abandon
CUST00350,2025-04-30,review_submitted
CUST00351,2024-12-10,cart_abandon
CUST00352,2025-05-20,site_visit
CUST00352,2025-06-06,cart_add
CUST00352,2025-07-20,site_visit
CUST00353,2025-05-02,cart_abandon
CUST00353,2025-05-06,review_submitted
CUST00354,2025-03-02,email_open
CUST00354,2024-06-25,site_visit
CUST00355,2024-06-17,site_visit
CUST00356,2025-05-03,site_visit
CUST00356,2025-03-23,cart_add
CUST00357,2024-12-13,site_visit
CUST00358,2025-05-07,site_visit
CUST00358,2025-07-04,site_visit
CUST00358,2025-05-28,cart_add
CUST00359,2025-07-25,cart_abandon
CUST00359,2025-07-08,email_open
CUST00359,2025-07-04,site_visit
CUST00359,2025-07-13,cart_add
CUST00360,2025-01-30,cart_abandon
CUST00360,2025-06-09,site_visit
CUST00360,2025-01-05,cart_add
CUST00360,2025-03-04,cart_abandon
CUST00361,2025-02-09,cart_add
CUST00362,2025-06-09,cart_abandon
CUST00363,2025-04-28,cart_abandon
CUST00363,2025-04-19,site_visit
CUST00364,2025-02-12,site_visit
CUST00364,2024-12-22,site_visit
CUST00365,2025-07-11,email_open
CUST00365,2025-07-22,cart_abandon
CUST00365,2025-07-18,site_visit
CUST00365,2025-07-12,site_visit
CUST00365,2025-07-21,cart_abandon
CUST00365,2025-07-12,site_visit
CUST00365,2025-07-30,email_open
CUST00365,2025-07-23,cart_add
CUST00365,2025-07-31,cart_add
CUST00365,2025-07-09,site_visit
CUST00366,2024-12-07,site_visit
CUST00367,2025-07-07,site_visit
CUST00367,2025-07-24,site_visit
CUST00367,2025-07-26,site_visit
CUST00367,2025-07-11,cart_add
CUST00367,2025-07-17,site_visit
CUST00368,2025-06-29,cart_abandon
CUST00368,2025-06-15,cart_add
CUST00368,2025-07-27,site_visit
CUST00368,2025-07-23,site_visit
CUST00368,2025-07-24,site_visit
CUST00369,2024-07-10,cart_abandon
CUST00370,2024-11-05,site_visit
CUST00371,2024-10-22,site_visit
CUST00372,2025-06-18,site_visit
CUST00373,2024-06-01,site_visit
CUST00374,2025-02-08,site_visit
CUST00374,2025-02-15,site_visit
CUST00375,2024-12-17,cart_abandon
CUST00376,2025-07-02,email_open
CUST00377,2025-07-05,site_visit
CUST00378,2024-12-11,cart_add
CUST00379,2025-07-04,site_visit
CUST00379,2025-07-27,cart_add
CUST00380,2024-09-11,cart_abandon
CUST00381,2025-02-22,email_open
CUST00382,2025-07-02,email_open
CUST00382,2025-05-14,site_visit
CUST00383,2025-07-09,support_ticket
CUST00384,2025-06-24,cart_abandon
CUST00384,2025-07-13,site_visit
CUST00384,2025-06-02,cart_add
CUST00384,2025-07-18,site_visit
CUST00385,2025-03-09,site_visit
CUST00386,2025-05-02,email_open
CUST00386,2025-05-03,cart_add
CUST00386,2025-07-16,cart_abandon
CUST00387,2025-03-20,site_visit
CUST00388,2024-10-18,cart_add
CUST00389,2025-04-28,site_visit
CUST00389,2025-06-13,site_visit
CUST00389,2025-04-09,cart_add
CUST00390,2025-04-20,cart_add
CUST00391,2025-07-30,cart_add
CUST00391,2025-07-28,cart_add
CUST00391,2025-07-29,site_visit
CUST00391,2025-07-28,cart_abandon
CUST00391,2025-07-31,cart_add
CUST00391,2025-07-29,site_visit
CUST00391,2025-07-25,cart_add
CUST00392,2025-07-03,site_visit
CUST00393,2025-01-13,review_submitted
CUST00394,2025-07-28,site_visit
CUST00394,2025-05-29,site_visit
CUST00394,2025-06-09,cart_abandon
CUST00394,2025-07-12,email_open
CUST00395,2025-07-06,email_open
CUST00396,2025-07-10,cart_abandon
CUST00396,2025-06-28,cart_add
CUST00396,2025-06-26,site_visit
CUST00396,2025-06-22,support_ticket
CUST00397,2025-07-27,site_visit
CUST00397,2025-06-08,email_open
CUST00397,2025-06-16,review_submitted
CUST00397,2025-06-01,cart_abandon
CUST00397,2025-07-09,site_visit
CUST00398,2024-11-13,site_visit
CUST00399,2025-06-10,cart_add
CUST00399,2025-04-21,site_visit
CUST00400,2025-06-18,site_visit
CUST00400,2025-04-24,cart_add
CUST00400,2025-04-01,cart_add
CUST00400,2025-06-27,cart_add
CUST00401,2024-04-12,cart_add
CUST00402,2025-06-10,cart_abandon
CUST00402,2025-07-14,support_ticket
CUST00402,2025-07-07,site_visit
CUST00402,2025-06-23,email_open
CUST00403,2024-11-18,site_visit
CUST00403,2025-07-07,review_submitted
CUST00403,2025-02-23,cart_add
CUST00404,2025-06-28,cart_add
CUST00405,2025-07-22,cart_add
CUST00405,2025-06-18,cart_abandon
CUST00406,2025-07-18,review_submitted
CUST00406,2025-07-03,site_visit
CUST00406,2025-06-26,review_submitted
CUST00406,2025-07-10,cart_abandon
CUST00406,2025-06-11,site_visit
CUST00407,2024-11-08,site_visit
CUST00408,2024-07-29,cart_add
CUST00409,2025-06-15,support_ticket
CUST00409,2025-06-10,site_visit
CUST00409,2025-06-22,email_open
CUST00409,2025-07-16,cart_abandon
CUST00410,2025-06-08,cart_add
CUST00411,2024-08-13,site_visit
CUST00412,2025-07-04,site_visit
CUST00412,2025-07-22,cart_abandon
CUST00412,2025-07-23,site_visit
CUST00412,2025-07-13,cart_add
CUST00413,2025-07-15,site_visit
CUST00413,2025-07-28,cart_abandon
CUST00414,2025-06-07,site_visit
CUST00414,2025-03-08,cart_add
CUST00415,2025-03-03,cart_abandon
CUST00415,2025-05-14,email_open
CUST00416,2024-12-24,site_visit
CUST00416,2025-07-26,site_visit
CUST00417,2025-05-01,site_visit
CUST00418,2025-03-22,email_open
CUST00418,2024-08-15,cart_abandon
CUST00419,2025-06-07,cart_add
CUST00419,2025-07-05,review_submitted
CUST00419,2025-06-22,support_ticket
CUST00419,2025-07-21,site_visit
CUST00419,2025-05-29,site_visit
CUST00419,2025-05-22,site_visit
CUST00420,2025-05-10,cart_add
CUST00420,2025-05-25,support_ticket
CUST00420,2025-04-07,cart_abandon
CUST00421,2025-04-15,site_visit
CUST00421,2025-06-23,site_visit
CUST00421,2025-07-29,cart_abandon
CUST00421,2025-07-11,review_submitted
CUST00421,2025-04-29,review_submitted
CUST00422,2025-06-19,review_submitted
CUST00422,2025-07-18,cart_add
CUST00422,2025-04-09,email_open
CUST00423,2024-11-17,site_visit
CUST00424,2025-04-20,site_visit
CUST00425,2025-05-19,email_open
CUST00426,2025-05-31,cart_add
CUST00427,2024-12-03,cart_add
CUST00427,2025-07-13,site_visit
CUST00428,2025-07-27,site_visit
CUST00428,2025-06-08,site_visit
CUST00428,2025-06-28,site_visit
CUST00428,2025-06-04,cart_add
CUST00428,2025-06-17,cart_abandon
CUST00429,2024-11-09,email_open
CUST00429,2025-04-29,cart_abandon
CUST00430,2024-10-18,site_visit
CUST00431,2025-03-01,site_visit
CUST00432,2025-06-26,cart_add
CUST00432,2025-06-30,cart_add
CUST00432,2025-06-25,email_open
CUST00432,2025-03-30,cart_abandon
CUST00433,2025-05-24,site_visit
CUST00433,2025-07-19,cart_abandon
CUST00433,2025-03-09,site_visit
CUST00434,2025-02-11,cart_add
CUST00435,2025-01-01,cart_add
CUST00436,2025-04-03,site_visit
CUST00436,2025-04-05,site_visit
CUST00436,2025-02-13,review_submitted
CUST00436,2025-05-31,site_visit
CUST00436,2025-02-17,site_visit
CUST00436,2025-06-19,email_open
CUST00436,2025-05-01,site_visit
CUST00436,2025-06-29,email_open
CUST00436,2025-04-19,cart_abandon
CUST00437,2025-04-18,email_open
CUST00438,2025-04-22,support_ticket
CUST00438,2025-06-27,cart_abandon
CUST00438,2025-07-10,review_submitted
CUST00438,2025-05-16,cart_abandon
CUST00439,2025-06-10,site_visit
CUST00439,2025-06-05,email_open
CUST00440,2025-06-01,email_open
CUST00441,2024-07-28,cart_abandon
CUST00442,2025-07-22,review_submitted
CUST00442,2025-07-23,cart_abandon
CUST00442,2025-07-31,site_visit
CUST00442,2025-07-27,email_open
CUST00442,2025-07-31,cart_add
CUST00442,2025-07-23,site_visit
CUST00442,2025-07-23,site_visit
CUST00442,2025-07-29,site_visit
CUST00443,2025-06-16,site_visit
CUST00443,2024-12-22,review_submitted
CUST00443,2025-05-25,site_visit
CUST00444,2024-09-19,cart_abandon
CUST00445,2025-04-18,site_visit
CUST00445,2025-06-14,cart_abandon
CUST00445,2025-07-30,email_open
CUST00445,2025-05-28,cart_add
CUST00446,2025-07-28,review_submitted
CUST00446,2025-07-10,site_visit
CUST00446,2025-07-19,cart_add
CUST00446,2025-07-18,cart_abandon
CUST00446,2025-07-23,site_visit
CUST00446,2025-07-09,review_submitted
CUST00447,2025-07-25,email_open
CUST00447,2025-07-30,site_visit
CUST00447,2025-07-30,cart_abandon
CUST00447,2025-07-26,site_visit
CUST00447,2025-07-30,email_open
CUST00447,2025-07-24,cart_add
CUST00447,2025-07-22,email_open
CUST00447,2025-07-30,site_visit
CUST00447,2025-07-28,review_submitted
CUST00448,2025-04-23,cart_abandon
CUST00449,2024-12-29,site_visit
CUST00450,2024-07-21,cart_add
CUST00451,2025-07-08,cart_abandon
CUST00451,2025-05-28,support_ticket
CUST00452,2025-02-23,cart_abandon
CUST00453,2024-12-24,site_visit
CUST00454,2025-07-22,cart_abandon
CUST00454,2025-07-31,site_visit
CUST00454,2025-06-30,cart_abandon
CUST00454,2025-06-21,site_visit
CUST00455,2024-10-25,cart_add
CUST00456,2025-06-26,review_submitted
CUST00457,2024-03-30,cart_add
CUST00457,2024-03-19,site_visit
CUST00458,2025-02-17,site_visit
CUST00458,2025-07-07,cart_abandon
CUST00458,2025-07-19,email_open
CUST00459,2024-08-03,site_visit
CUST00460,2024-10-06,site_visit
CUST00461,2024-08-12,cart_add
CUST00462,2025-07-09,email_open
CUST00462,2025-05-21,site_visit
CUST00462,2025-01-26,site_visit
CUST00463,2025-03-28,site_visit
CUST00463,2025-05-18,site_visit
CUST00464,2025-05-16,site_visit
CUST00465,2025-07-17,review_submitted
CUST00465,2025-07-27,cart_add
CUST00466,2024-10-12,site_visit
CUST00467,2025-02-10,cart_add
CUST00468,2025-05-29,cart_abandon
CUST00468,2025-05-29,email_open
CUST00468,2025-07-13,site_visit
CUST00468,2025-06-10,cart_add
CUST00468,2025-05-28,site_visit
CUST00469,2024-08-05,cart_abandon
CUST00470,2025-07-19,cart_add
CUST00470,2025-07-17,cart_abandon
CUST00470,2025-07-23,cart_abandon
CUST00470,2025-07-15,cart_add
CUST00470,2025-07-17,cart_add
CUST00470,2025-07-17,cart_add
CUST00470,2025-07-30,email_open
CUST00471,2025-04-01,cart_add
CUST00472,2025-07-28,site_visit
CUST00472,2025-07-16,site_visit
CUST00472,2025-07-13,cart_add
CUST00472,2025-07-18,site_visit
CUST00472,2025-07-26,cart_abandon
CUST00472,2025-07-29,cart_abandon
CUST00472,2025-07-18,cart_add
CUST00472,2025-07-20,site_visit
CUST00473,2024-06-14,site_visit
CUST00474,2025-06-08,site_visit
CUST00474,2025-07-03,site_visit
CUST00475,2025-04-23,site_visit
CUST00475,2025-06-28,site_visit
CUST00476,2025-07-28,site_visit
CUST00476,2025-07-26,site_visit
CUST00476,2025-07-30,cart_add
CUST00476,2025-07-27,site_visit
CUST00476,2025-07-26,site_visit
CUST00476,2025-07-28,email_open
CUST00476,2025-07-31,review_submitted
CUST00477,2025-03-31,cart_abandon
CUST00478,2025-05-17,cart_abandon
CUST00478,2025-06-23,site_visit
CUST00479,2025-07-21,cart_add
CUST00479,2025-07-20,site_visit
CUST00479,2025-07-12,site_visit
CUST00479,2025-07-14,site_visit
CUST00479,2025-07-25,review_submitted
CUST00479,2025-07-15,email_open
CUST00479,2025-07-21,email_open
CUST00479,2025-07-23,cart_add
CUST00479,2025-07-22,email_open
CUST00479,2025-07-23,site_visit
CUST00480,2025-02-07,site_visit
CUST00480,2025-03-30,cart_add
CUST00481,2025-01-26,cart_add
CUST00482,2025-04-25,site_visit
CUST00483,2025-04-27,email_open
CUST00484,2025-01-30,site_visit
CUST00484,2025-01-18,site_visit
CUST00485,2025-04-11,cart_add
CUST00486,2025-06-12,site_visit
CUST00486,2025-06-07,cart_abandon
CUST00486,2025-07-16,cart_add
CUST00486,2025-06-18,cart_add
CUST00486,2025-07-20,cart_abandon
CUST00486,2025-06-25,site_visit
CUST00486,2025-06-17,cart_add
CUST00486,2025-06-17,site_visit
CUST00486,2025-06-25,cart_add
CUST00487,2025-02-23,site_visit
CUST00488,2025-01-17,cart_abandon
CUST00489,2025-07-20,cart_add
CUST00489,2025-07-27,site_visit
CUST00489,2025-07-23,email_open
CUST00489,2025-07-21,cart_abandon
CUST00489,2025-07-03,site_visit
CUST00489,2025-07-01,cart_add
CUST00489,2025-07-29,review_submitted
CUST00489,2025-07-24,cart_abandon
CUST00489,2025-07-10,cart_add
CUST00489,2025-07-24,site_visit
CUST00489,2025-07-08,email_open
CUST00490,2025-06-22,cart_add
CUST00490,2025-06-19,site_visit
CUST00490,2025-06-10,site_visit
CUST00490,2025-07-12,site_visit
CUST00490,2025-07-27,site_visit
CUST00491,2025-03-24,site_visit
CUST00492,2025-01-28,email_open
CUST00492,2025-06-22,review_submitted
CUST00492,2024-12-25,site_visit
CUST00492,2025-06-08,site_visit
CUST00493,2025-07-24,site_visit
CUST00494,2024-06-29,site_visit
CUST00495,2025-05-20,review_submitted
CUST00495,2025-03-08,cart_add
CUST00496,2025-06-07,site_visit
CUST00497,2025-02-22,cart_add
CUST00497,2025-03-27,site_visit
CUST00497,2025-03-21,cart_add
CUST00498,2025-07-26,support_ticket
CUST00499,2025-07-31,site_visit
CUST00499,2025-07-26,cart_abandon
CUST00499,2025-07-17,site_visit
CUST00499,2025-07-17,cart_add
CUST00499,2025-07-23,site_visit
CUST00499,2025-07-27,site_visit
CUST00499,2025-07-25,site_visit
CUST00499,2025-07-16,site_visit
CUST00500,2025-07-25,site_visit
CUST00500,2025-07-26,cart_abandon
CUST00500,2025-07-26,site_visit
CUST00500,2025-07-28,cart_abandon
CUST00500,2025-07-26,site_visit
CUST00500,2025-07-23,cart_abandon
CUST00500,2025-07-22,site_visit
CUST00501,2025-02-09,cart_add
CUST00501,2025-07-19,site_visit
CUST00502,2025-02-22,site_visit
CUST00502,2025-07-01,site_visit
CUST00502,2025-01-04,site_visit
CUST00503,2025-06-14,site_visit
CUST00504,2025-05-30,site_visit
CUST00504,2025-06-27,cart_add
CUST00504,2025-04-21,site_visit
CUST00504,2025-07-12,email_open
CUST00504,2025-05-22,review_submitted
CUST00505,2025-04-04,cart_abandon
CUST00505,2025-05-10,site_visit
CUST00506,2025-03-01,cart_add
CUST00507,2025-06-21,site_visit
CUST00507,2025-07-01,site_visit
CUST00507,2025-06-16,review_submitted
CUST00507,2025-07-28,site_visit
CUST00507,2025-07-22,cart_add
CUST00507,2025-07-13,cart_add
CUST00507,2025-07-26,cart_add
CUST00507,2025-07-24,site_visit
CUST00507,2025-07-13,review_submitted
CUST00508,2025-05-20,site_visit
CUST00508,2025-04-29,site_visit
CUST00508,2025-05-26,site_visit
CUST00508,2025-05-23,site_visit
CUST00508,2025-07-08,cart_abandon
CUST00509,2025-07-28,review_submitted
CUST00509,2025-07-02,cart_abandon
CUST00510,2025-06-07,cart_abandon
CUST00510,2025-07-16,email_open
CUST00510,2025-04-03,site_visit
CUST00510,2025-04-11,cart_add
CUST00510,2025-02-28,cart_abandon
CUST00511,2024-12-22,review_submitted
CUST00511,2024-12-25,cart_abandon
CUST00512,2025-06-12,cart_abandon
CUST00512,2025-03-03,cart_abandon
CUST00513,2025-06-29,cart_abandon
CUST00513,2025-07-20,cart_add
CUST00513,2025-07-26,cart_abandon
CUST00513,2025-06-25,site_visit
CUST00514,2025-06-17,review_submitted
CUST00514,2025-06-18,email_open
CUST00514,2025-06-18,cart_add
CUST00515,2024-06-14,cart_abandon
CUST00516,2024-02-18,cart_abandon
CUST00517,2024-11-21,site_visit
CUST00518,2025-04-17,cart_add
CUST00518,2025-07-14,site_visit
CUST00518,2025-06-29,site_visit
CUST00518,2025-06-13,site_visit
CUST00518,2025-04-23,site_visit
CUST00519,2025-07-24,site_visit
CUST00519,2025-07-23,site_visit
CUST00519,2025-07-29,cart_add
CUST00519,2025-07-31,cart_abandon
CUST00519,2025-07-28,site_visit
CUST00519,2025-07-24,site_visit
CUST00519,2025-07-30,site_visit
CUST00519,2025-07-29,email_open
CUST00520,2024-11-11,cart_add
CUST00521,2024-12-13,site_visit
CUST00521,2025-06-11,cart_add
CUST00522,2024-11-16,email_open
CUST00523,2025-07-27,email_open
CUST00523,2025-07-27,cart_add
CUST00523,2025-07-17,site_visit
CUST00523,2025-07-22,cart_abandon
CUST00523,2025-07-27,cart_add
CUST00523,2025-07-14,site_visit
CUST00523,2025-07-23,cart_abandon
CUST00523,2025-07-28,cart_add
CUST00524,2025-05-12,site_visit
CUST00524,2025-07-27,cart_abandon
CUST00524,2025-06-27,cart_abandon
CUST00524,2025-05-13,support_ticket
CUST00525,2025-06-16,site_visit
CUST00525,2025-07-25,site_visit
CUST00525,2025-06-29,site_visit
CUST00526,2025-07-10,cart_add
CUST00527,2024-10-07,site_visit
CUST00528,2025-07-21,site_visit
CUST00529,2024-07-09,email_open
CUST00530,2025-07-11,cart_abandon
CUST00530,2025-07-05,cart_add
CUST00530,2025-05-29,site_visit
CUST00530,2025-07-02,site_visit
CUST00531,2025-04-19,review_submitted
CUST00531,2025-05-27,site_visit
CUST00531,2025-05-25,site_visit
CUST00531,2025-07-03,cart_abandon
CUST00532,2025-07-31,cart_abandon
CUST00532,2025-07-31,cart_add
CUST00532,2025-07-31,site_visit
CUST00532,2025-07-31,cart_add
CUST00532,2025-07-30,site_visit
CUST00532,2025-07-31,cart_add
CUST00532,2025-07-30,site_visit
CUST00532,2025-07-30,site_visit
CUST00532,2025-07-30,cart_add
CUST00533,2025-07-31,site_visit
CUST00533,2025-07-28,site_visit
CUST00533,2025-07-31,site_visit
CUST00533,2025-07-29,site_visit
CUST00534,2024-11-28,site_visit
CUST00534,2025-07-10,site_visit
CUST00534,2025-03-02,site_visit
CUST00535,2025-07-22,site_visit
CUST00535,2025-05-16,site_visit
CUST00535,2025-07-19,cart_add
CUST00535,2025-03-26,cart_add
CUST00535,2025-05-24,support_ticket
CUST00535,2025-06-25,site_visit
CUST00535,2025-06-03,review_submitted
CUST00535,2025-04-28,site_visit
CUST00536,2025-07-10,support_ticket
CUST00536,2025-07-07,cart_abandon
CUST00536,2025-07-06,site_visit
CUST00536,2025-07-13,cart_add
CUST00536,2025-07-15,site_visit
CUST00536,2025-07-21,cart_add
CUST00536,2025-07-12,email_open
CUST00536,2025-07-14,review_submitted
CUST00536,2025-07-14,cart_add
CUST00536,2025-07-27,cart_add
CUST00537,2025-05-25,cart_abandon
CUST00537,2025-07-24,site_visit
CUST00538,2025-05-21,cart_abandon
CUST00539,2025-04-06,support_ticket
CUST00539,2025-06-30,site_visit
CUST00540,2024-10-25,email_open
CUST00541,2025-07-13,cart_abandon
CUST00541,2025-07-12,support_ticket
CUST00541,2025-07-15,site_visit
CUST00541,2025-07-15,site_visit
CUST00541,2025-07-17,cart_abandon
CUST00542,2025-04-06,site_visit
CUST00542,2025-04-19,site_visit
CUST00543,2024-11-01,site_visit
CUST00544,2025-07-25,cart_abandon
CUST00544,2025-07-02,email_open
CUST00545,2025-05-13,site_visit
CUST00545,2025-05-04,site_visit
CUST00545,2025-05-21,cart_add
CUST00545,2025-01-17,cart_abandon
CUST00546,2025-05-09,cart_add
CUST00547,2025-06-12,site_visit
CUST00548,2025-04-08,email_open
CUST00548,2025-03-18,site_visit
CUST00548,2025-07-01,cart_add
CUST00549,2025-03-19,site_visit
CUST00549,2025-06-28,review_submitted
CUST00550,2025-05-21,support_ticket
CUST00550,2025-04-07,site_visit
CUST00550,2025-05-01,email_open
CUST00550,2025-04-15,cart_abandon
CUST00550,2025-06-17,cart_add
CUST00551,2025-07-31,cart_add
CUST00552,2025-06-10,email_open
CUST00552,2025-06-08,site_visit
CUST00552,2025-06-21,cart_add
CUST00553,2025-05-25,site_visit
CUST00554,2025-04-21,site_visit
CUST00555,2025-06-27,site_visit
CUST00555,2025-06-03,site_visit
CUST00555,2025-06-03,cart_abandon
CUST00555,2025-07-13,site_visit
CUST00555,2025-07-04,cart_abandon
CUST00556,2025-01-17,cart_add
CUST00557,2025-05-18,site_visit
CUST00558,2025-04-18,site_visit
CUST00559,2025-05-01,site_visit
CUST00559,2025-06-06,cart_add
CUST00559,2025-05-09,email_open
CUST00560,2025-06-24,email_open
CUST00560,2025-05-28,site_visit
CUST00561,2025-02-21,site_visit
CUST00561,2025-02-17,cart_abandon
CUST00561,2025-04-27,cart_add
CUST00561,2025-03-17,email_open
CUST00561,2025-03-18,site_visit
CUST00562,2025-05-20,cart_add
CUST00563,2025-02-25,site_visit
CUST00564,2024-08-24,email_open
CUST00565,2025-05-10,site_visit
CUST00566,2025-03-10,cart_add
CUST00566,2025-05-06,site_visit
CUST00566,2024-12-19,cart_add
CUST00567,2025-06-12,email_open
CUST00567,2025-05-18,email_open
CUST00568,2025-07-17,cart_add
CUST00568,2024-12-29,cart_add
CUST00569,2025-06-14,cart_add
CUST00569,2025-07-13,site_visit
CUST00569,2025-07-28,cart_add
CUST00569,2025-07-04,site_visit
CUST00570,2025-02-26,site_visit
CUST00571,2024-11-20,support_ticket
CUST00571,2025-06-22,site_visit
CUST00572,2025-06-04,site_visit
CUST00572,2025-04-02,support_ticket
CUST00572,2025-04-26,site_visit
CUST00572,2025-04-07,site_visit
CUST00572,2025-03-31,site_visit
CUST00573,2025-01-06,site_visit
CUST00574,2025-04-01,cart_add
CUST00574,2025-02-21,site_visit
CUST00575,2025-07-13,site_visit
CUST00575,2025-06-28,cart_add
CUST00575,2025-07-01,site_visit
CUST00576,2025-07-17,site_visit
CUST00576,2025-07-06,cart_abandon
CUST00576,2025-07-08,cart_add
CUST00576,2025-07-20,site_visit
CUST00576,2025-07-20,email_open
CUST00576,2025-07-06,site_visit
CUST00576,2025-07-02,site_visit
CUST00577,2025-06-14,cart_add
CUST00577,2024-07-30,site_visit
CUST00578,2025-07-18,email_open
CUST00578,2025-07-14,site_visit
CUST00578,2025-06-28,site_visit
CUST00578,2025-06-25,site_visit
CUST00578,2025-06-24,site_visit
CUST00578,2025-07-05,cart_add
CUST00578,2025-06-20,cart_add
CUST00579,2025-04-08,site_visit
CUST00580,2024-08-12,site_visit
CUST00581,2024-11-19,site_visit
CUST00582,2025-07-27,site_visit
CUST00582,2025-07-25,site_visit
CUST00582,2025-07-29,cart_abandon
CUST00582,2025-07-24,cart_add
CUST00582,2025-07-25,site_visit
CUST00582,2025-07-21,site_visit
CUST00583,2025-04-23,site_visit
CUST00583,2025-07-27,support_ticket
CUST00583,2025-06-09,email_open
CUST00584,2024-10-02,cart_add
CUST00585,2025-05-05,site_visit
CUST00586,2024-08-02,site_visit
CUST00587,2024-05-14,cart_add
CUST00588,2025-02-20,site_visit
CUST00589,2024-07-15,cart_abandon
CUST00590,2024-06-15,cart_add
CUST00591,2025-01-26,cart_abandon
CUST00592,2025-05-15,email_open
CUST00592,2025-07-25,site_visit
CUST00592,2025-02-21,site_visit
CUST00592,2025-04-01,site_visit
CUST00592,2025-06-15,cart_add
CUST00592,2025-07-22,cart_abandon
CUST00593,2025-06-19,site_visit
CUST00594,2024-12-25,site_visit
CUST00595,2025-06-13,cart_abandon
CUST00595,2025-06-05,cart_abandon
CUST00596,2025-01-22,email_open
CUST00596,2025-06-20,cart_add
CUST00597,2025-02-10,cart_abandon
CUST00597,2025-05-12,review_submitted
CUST00597,2025-01-23,site_visit
CUST00598,2025-07-05,site_visit
CUST00599,2024-06-20,cart_add
CUST00600,2025-02-09,cart_abandon
CUST00601,2024-12-30,site_visit
CUST00602,2025-05-08,site_visit
CUST00603,2025-02-22,cart_abandon
CUST00604,2025-01-01,site_visit
CUST00605,2025-04-09,cart_abandon
CUST00606,2024-12-19,cart_add
CUST00607,2025-03-23,site_visit
CUST00608,2025-01-08,site_visit
CUST00609,2024-11-30,site_visit
CUST00609,2025-04-27,cart_add
CUST00610,2025-04-07,site_visit
CUST00610,2025-05-10,site_visit
CUST00610,2025-04-29,site_visit
CUST00610,2025-03-26,email_open
CUST00610,2025-07-06,site_visit
CUST00610,2025-06-11,cart_add
CUST00610,2025-04-28,review_submitted
CUST00610,2025-06-28,site_visit
CUST00610,2025-06-08,cart_abandon
CUST00611,2025-07-18,review_submitted
CUST00612,2025-04-08,cart_abandon
CUST00612,2025-06-02,cart_abandon
CUST00613,2025-06-12,site_visit
CUST00613,2025-02-01,cart_add
CUST00614,2025-06-25,site_visit
CUST00615,2025-06-12,site_visit
CUST00615,2025-07-06,site_visit
CUST00615,2025-07-12,site_visit
CUST00615,2025-06-16,site_visit
CUST00616,2025-06-28,site_visit
CUST00616,2025-07-03,cart_add
CUST00616,2025-07-02,site_visit
CUST00616,2025-06-19,cart_add
CUST00617,2024-04-25,cart_add
CUST00618,2024-12-07,site_visit
CUST00619,2025-06-06,cart_abandon
CUST00619,2025-05-02,support_ticket
CUST00619,2025-04-17,site_visit
CUST00619,2025-07-25,site_visit
CUST00619,2025-05-25,support_ticket
CUST00619,2025-06-14,cart_add
CUST00619,2025-06-25,cart_add
CUST00620,2025-06-30,site_visit
CUST00620,2025-03-30,cart_abandon
CUST00620,2025-04-18,email_open
CUST00621,2024-07-07,site_visit
CUST00622,2025-02-21,site_visit
CUST00623,2024-11-29,cart_abandon
CUST00624,2025-03-01,email_open
CUST00624,2024-11-26,cart_add
CUST00625,2025-02-13,cart_add
CUST00625,2025-03-18,cart_abandon
CUST00626,2025-04-30,email_open
CUST00627,2024-11-25,site_visit
CUST00628,2025-04-11,support_ticket
CUST00629,2025-05-08,site_visit
CUST00630,2024-08-27,review_submitted
CUST00631,2025-05-07,email_open
CUST00631,2025-06-04,cart_add
CUST00631,2025-06-11,site_visit
CUST00632,2025-06-16,site_visit
CUST00632,2025-06-08,site_visit
CUST00632,2025-06-12,cart_abandon
CUST00632,2025-07-03,cart_abandon
CUST00632,2025-07-09,email_open
CUST00632,2025-07-18,cart_add
CUST00632,2025-06-30,cart_add
CUST00632,2025-07-15,cart_abandon
CUST00633,2025-07-24,site_visit
CUST00633,2025-04-13,site_visit
CUST00633,2025-05-23,cart_abandon
CUST00634,2025-06-01,email_open
CUST00635,2024-04-24,site_visit
CUST00636,2025-01-03,cart_abandon
CUST00637,2024-12-15,cart_add
CUST00637,2025-02-13,site_visit
CUST00638,2025-07-24,site_visit
CUST00639,2025-06-08,support_ticket
CUST00639,2024-10-24,site_visit
CUST00639,2025-03-28,email_open
CUST00639,2024-12-20,cart_abandon
CUST00639,2025-02-24,cart_abandon
CUST00639,2025-05-27,site_visit
CUST00639,2025-06-02,review_submitted
CUST00639,2025-01-01,cart_abandon
CUST00640,2025-03-21,cart_add
CUST00641,2024-07-13,site_visit
CUST00642,2025-03-27,email_open
CUST00643,2025-01-15,cart_add
CUST00644,2024-12-09,review_submitted
CUST00645,2024-09-15,site_visit
CUST00646,2025-07-20,site_visit
CUST00646,2025-06-12,cart_add
CUST00647,2025-04-04,email_open
CUST00647,2025-07-10,site_visit
CUST00648,2025-03-15,site_visit
CUST00649,2025-06-27,cart_add
CUST00649,2025-04-25,site_visit
CUST00649,2025-04-05,site_visit
CUST00649,2025-06-11,site_visit
CUST00650,2024-11-24,site_visit
CUST00651,2024-09-21,site_visit
CUST00652,2025-02-04,site_visit
CUST00653,2025-07-05,review_submitted
CUST00653,2025-07-07,site_visit
CUST00653,2025-06-12,email_open
CUST00654,2025-04-09,cart_add
CUST00654,2025-07-10,site_visit
CUST00654,2025-04-20,site_visit
CUST00654,2025-05-07,site_visit
CUST00654,2025-07-03,site_visit
CUST00654,2025-03-11,site_visit
CUST00655,2025-07-15,cart_abandon
CUST00656,2024-08-30,site_visit
CUST00656,2025-06-13,cart_add
CUST00656,2024-10-31,email_open
CUST00656,2024-07-01,cart_add
CUST00657,2024-09-28,site_visit
CUST00658,2025-03-11,cart_add
CUST00659,2025-03-19,cart_abandon
CUST00660,2025-02-14,cart_add
CUST00661,2025-05-12,site_visit
CUST00662,2025-07-28,site_visit
CUST00662,2025-07-31,cart_add
CUST00662,2025-07-28,cart_abandon
CUST00662,2025-07-31,site_visit
CUST00662,2025-07-23,review_submitted
CUST00662,2025-07-22,site_visit
CUST00662,2025-07-29,site_visit
CUST00662,2025-07-28,site_visit
CUST00662,2025-07-27,cart_abandon
CUST00662,2025-07-23,site_visit
CUST00663,2025-02-08,cart_abandon
CUST00663,2025-04-24,site_visit
CUST00664,2024-11-01,cart_abandon
CUST00665,2025-05-18,email_open
CUST00666,2025-07-05,cart_abandon
CUST00667,2025-01-06,cart_abandon
CUST00668,2025-03-01,site_visit
CUST00669,2024-12-14,email_open
CUST00670,2025-01-26,cart_abandon
CUST00671,2024-11-02,site_visit
CUST00672,2025-07-01,site_visit
CUST00672,2025-07-17,site_visit
CUST00672,2025-07-02,cart_add
CUST00672,2025-06-22,cart_abandon
CUST00672,2025-06-25,site_visit
CUST00672,2025-06-20,cart_abandon
CUST00672,2025-07-12,site_visit
CUST00672,2025-07-29,cart_abandon
CUST00673,2024-11-10,cart_abandon
CUST00674,2025-02-01,cart_abandon
CUST00674,2025-06-21,site_visit
CUST00674,2025-03-22,email_open
CUST00674,2025-06-03,cart_abandon
CUST00674,2025-07-30,cart_add
CUST00674,2024-12-08,cart_abandon
CUST00674,2025-01-31,cart_abandon
CUST00675,2024-12-26,site_visit
CUST00676,2025-07-30,site_visit
CUST00676,2025-07-30,site_visit
CUST00676,2025-07-27,review_submitted
CUST00676,2025-07-25,cart_add
CUST00676,2025-07-25,site_visit
CUST00677,2024-09-07,site_visit
CUST00678,2025-06-15,cart_add
CUST00679,2025-07-20,cart_add
CUST00679,2025-07-22,cart_abandon
CUST00679,2025-07-17,site_visit
CUST00679,2025-07-31,site_visit
CUST00679,2025-07-29,cart_abandon
CUST00679,2025-07-29,cart_add
CUST00679,2025-07-24,cart_add
CUST00679,2025-07-14,site_visit
CUST00680,2025-06-28,site_visit
CUST00680,2025-07-24,cart_add
CUST00680,2025-06-27,cart_add
CUST00680,2025-07-25,site_visit
CUST00680,2025-07-30,site_visit
CUST00680,2025-07-05,cart_add
CUST00681,2025-06-28,cart_abandon
CUST00681,2025-04-22,site_visit
CUST00681,2025-07-21,cart_add
CUST00682,2025-02-01,review_submitted
CUST00683,2025-03-06,site_visit
CUST00684,2025-07-04,site_visit
CUST00684,2025-07-17,site_visit
CUST00684,2025-05-23,cart_abandon
CUST00684,2025-02-21,site_visit
CUST00685,2025-07-26,site_visit
CUST00685,2025-07-28,cart_abandon
CUST00685,2025-07-05,site_visit
CUST00685,2025-07-21,site_visit
CUST00685,2025-07-28,site_visit
CUST00685,2025-07-22,site_visit
CUST00686,2025-02-18,site_visit
CUST00686,2025-04-06,cart_abandon
CUST00686,2025-03-02,site_visit
CUST00687,2025-02-21,site_visit
CUST00687,2025-07-04,cart_add
CUST00688,2025-05-21,cart_add
CUST00688,2025-07-24,cart_add
CUST00688,2025-05-10,cart_add
CUST00689,2025-04-24,site_visit
CUST00689,2025-05-12,site_visit
CUST00689,2025-07-02,site_visit
CUST00689,2025-04-25,email_open
CUST00690,2024-09-18,cart_abandon
CUST00691,2025-04-18,site_visit
CUST00692,2025-06-14,cart_abandon
CUST00692,2025-01-13,support_ticket
CUST00693,2025-04-20,site_visit
CUST00694,2025-03-13,email_open
CUST00695,2024-12-26,email_open
CUST00696,2025-03-15,cart_add
CUST00696,2024-12-25,site_visit
CUST00696,2025-06-04,review_submitted
CUST00696,2025-07-08,site_visit
CUST00696,2025-03-21,cart_add
CUST00697,2025-05-06,cart_add
CUST00698,2025-06-07,site_visit
CUST00699,2025-03-18,support_ticket
CUST00700,2024-12-19,cart_add
CUST00700,2024-12-31,cart_add
CUST00701,2024-12-01,site_visit
CUST00701,2025-03-29,support_ticket
CUST00702,2024-11-15,site_visit
CUST00703,2025-02-16,email_open
CUST00704,2025-02-13,review_submitted
CUST00704,2025-04-16,email_open
CUST00705,2025-01-03,support_ticket
CUST00706,2025-07-29,cart_add
CUST00706,2025-07-29,cart_add
CUST00706,2025-07-27,site_visit
CUST00706,2025-07-30,email_open
CUST00707,2024-10-16,cart_abandon
CUST00707,2024-08-07,email_open
CUST00707,2024-12-13,email_open
CUST00707,2025-02-27,site_visit
CUST00708,2025-07-20,site_visit
CUST00708,2025-05-01,cart_abandon
CUST00708,2025-04-26,cart_add
CUST00708,2025-05-14,cart_abandon
CUST00709,2025-03-11,site_visit
CUST00710,2025-05-04,site_visit
CUST00710,2025-05-21,site_visit
CUST00711,2025-06-28,cart_add
CUST00711,2025-06-01,cart_add
CUST00711,2025-03-23,site_visit
CUST00711,2025-04-01,site_visit
CUST00711,2025-05-31,site_visit
CUST00712,2025-01-25,site_visit
CUST00712,2025-06-15,site_visit
CUST00713,2024-11-17,site_visit
CUST00714,2024-10-16,site_visit
CUST00715,2024-10-21,review_submitted
CUST00716,2025-07-18,site_visit
CUST00716,2025-07-23,email_open
CUST00716,2025-06-23,site_visit
CUST00716,2025-06-28,cart_add
CUST00716,2025-06-24,site_visit
CUST00716,2025-06-30,review_submitted
CUST00717,2025-07-01,review_submitted
CUST00717,2025-06-30,email_open
CUST00718,2025-07-31,site_visit
CUST00718,2025-07-28,cart_abandon
CUST00718,2025-07-09,site_visit
CUST00718,2025-07-14,site_visit
CUST00718,2025-07-28,site_visit
CUST00718,2025-07-30,site_visit
CUST00719,2024-06-08,cart_add
CUST00720,2025-07-04,site_visit
CUST00720,2025-04-08,site_visit
CUST00721,2025-07-26,site_visit
CUST00721,2025-07-03,cart_add
CUST00721,2025-07-03,cart_abandon
CUST00721,2025-07-02,site_visit
CUST00722,2025-03-05,site_visit
CUST00722,2025-01-01,cart_add
CUST00722,2024-12-14,review_submitted
CUST00723,2024-07-18,site_visit
CUST00724,2025-06-27,site_visit
CUST00724,2025-04-27,cart_abandon
CUST00725,2025-06-24,site_visit
CUST00725,2024-12-16,cart_add
CUST00726,2025-06-07,support_ticket
CUST00726,2025-06-17,site_visit
CUST00726,2025-06-06,site_visit
CUST00726,2025-05-05,cart_abandon
CUST00726,2025-05-31,site_visit
CUST00727,2025-07-26,support_ticket
CUST00728,2025-04-20,cart_abandon
CUST00728,2025-07-08,cart_add
CUST00728,2025-06-27,cart_abandon
CUST00728,2025-06-23,site_visit
CUST00728,2025-07-10,site_visit
CUST00729,2024-12-15,review_submitted
CUST00730,2024-10-02,cart_add
CUST00731,2024-12-23,cart_add
CUST00732,2025-07-02,email_open
CUST00732,2025-07-06,site_visit
CUST00732,2025-07-16,cart_abandon
CUST00733,2025-07-19,cart_add
CUST00733,2025-02-01,site_visit
CUST00733,2025-06-29,cart_abandon
CUST00733,2025-07-20,site_visit
CUST00733,2025-07-10,cart_abandon
CUST00733,2025-04-23,site_visit
CUST00734,2025-05-09,cart_add
CUST00734,2025-01-05,site_visit
CUST00735,2024-12-25,cart_abandon
CUST00736,2025-06-05,cart_add
CUST00736,2025-06-12,cart_add
CUST00736,2025-07-21,cart_add
CUST00736,2025-07-23,site_visit
CUST00737,2024-12-07,site_visit
CUST00737,2025-06-15,cart_add
CUST00738,2025-06-22,email_open
CUST00738,2025-04-30,site_visit
CUST00738,2025-05-12,review_submitted
CUST00738,2025-06-12,site_visit
CUST00738,2025-06-14,cart_abandon
CUST00738,2025-05-26,cart_abandon
CUST00738,2025-07-25,site_visit
CUST00738,2025-05-11,site_visit
CUST00738,2025-06-02,support_ticket
CUST00738,2025-07-28,site_visit
CUST00739,2025-07-22,site_visit
CUST00739,2025-01-31,site_visit
CUST00740,2025-01-26,site_visit
CUST00740,2025-02-17,cart_add
CUST00741,2025-03-03,cart_abandon
CUST00742,2024-08-09,email_open
CUST00743,2025-04-17,cart_add
CUST00743,2025-05-30,site_visit
CUST00743,2025-05-18,site_visit
CUST00744,2025-07-19,review_submitted
CUST00744,2024-12-30,email_open
CUST00745,2025-07-12,site_visit
CUST00746,2025-06-21,site_visit
CUST00746,2025-06-07,review_submitted
CUST00746,2025-07-24,site_visit
CUST00746,2025-07-14,cart_add
CUST00747,2024-10-02,cart_abandon
CUST00748,2025-03-26,cart_add
CUST00749,2025-06-10,cart_add
CUST00749,2025-07-21,site_visit
CUST00749,2025-07-23,site_visit
CUST00749,2025-07-23,cart_abandon
CUST00750,2025-03-30,cart_add
CUST00750,2025-04-08,support_ticket
CUST00750,2025-03-11,cart_add
CUST00750,2025-05-05,site_visit
CUST00750,2025-05-09,site_visit
CUST00751,2024-06-25,cart_add
CUST00751,2024-09-20,email_open
CUST00751,2024-04-15,site_visit
CUST00752,2025-07-01,review_submitted
CUST00752,2025-06-26,site_visit
CUST00752,2025-07-05,cart_abandon
CUST00752,2025-07-20,cart_add
CUST00752,2025-07-18,cart_abandon
CUST00752,2025-07-20,site_visit
CUST00752,2025-07-05,site_visit
CUST00753,2025-01-15,cart_add
CUST00754,2025-04-23,email_open
CUST00755,2025-02-01,email_open
CUST00756,2025-04-06,site_visit
CUST00756,2025-04-19,email_open
CUST00756,2025-05-15,support_ticket
CUST00757,2025-02-13,cart_add
CUST00758,2025-06-15,site_visit
CUST00758,2025-02-26,site_visit
CUST00758,2025-05-24,site_visit
CUST00758,2025-03-29,cart_abandon
CUST00758,2024-11-27,site_visit
CUST00759,2025-06-09,site_visit
CUST00759,2025-06-15,email_open
CUST00759,2025-07-14,cart_abandon
CUST00759,2025-06-07,cart_abandon
CUST00759,2025-07-06,email_open
CUST00760,2025-05-07,site_visit
CUST00760,2025-04-04,cart_add
CUST00760,2025-06-26,site_visit
CUST00760,2025-06-27,site_visit
CUST00760,2025-04-17,email_open
CUST00761,2025-02-26,cart_add
CUST00762,2025-01-19,cart_add
CUST00763,2024-07-22,cart_add
CUST00764,2025-03-05,email_open
CUST00764,2025-05-13,site_visit
CUST00764,2025-04-11,email_open
CUST00765,2024-05-23,site_visit
CUST00766,2025-07-19,site_visit
CUST00767,2025-05-25,support_ticket
CUST00767,2025-04-09,cart_abandon
CUST00767,2025-04-16,cart_add
CUST00767,2025-07-18,site_visit
CUST00768,2025-06-28,site_visit
CUST00768,2025-06-18,site_visit
CUST00768,2025-06-04,cart_add
CUST00768,2025-07-19,email_open
CUST00768,2025-06-18,site_visit
CUST00768,2025-06-19,email_open
CUST00768,2025-06-08,site_visit
CUST00768,2025-07-12,cart_add
CUST00768,2025-07-08,cart_add
CUST00768,2025-07-02,email_open
CUST00769,2024-09-28,cart_abandon
CUST00769,2025-04-12,cart_add
CUST00769,2025-05-27,cart_add
CUST00770,2025-06-04,cart_add
CUST00770,2025-05-22,site_visit
CUST00770,2025-07-26,cart_abandon
CUST00770,2025-05-15,site_visit
CUST00770,2025-05-06,email_open
CUST00771,2024-08-22,site_visit
CUST00772,2025-05-29,cart_abandon
CUST00772,2025-07-03,site_visit
CUST00772,2025-06-03,review_submitted
CUST00772,2025-05-13,cart_abandon
CUST00773,2024-10-23,cart_abandon
CUST00774,2025-05-19,review_submitted
CUST00774,2025-02-14,site_visit
CUST00774,2024-11-28,cart_add
CUST00775,2025-07-18,cart_add
CUST00775,2025-04-09,cart_abandon
CUST00775,2025-07-06,site_visit
CUST00775,2025-06-07,email_open
CUST00776,2025-05-24,site_visit
CUST00777,2024-12-03,site_visit
CUST00777,2024-11-25,cart_abandon
CUST00778,2025-03-13,cart_add
CUST00778,2025-02-26,review_submitted
CUST00778,2025-06-26,cart_add
CUST00778,2025-06-24,support_ticket
CUST00779,2025-03-16,review_submitted
CUST00779,2025-07-30,email_open
CUST00779,2025-06-16,cart_abandon
CUST00779,2025-07-12,cart_abandon
CUST00780,2025-07-26,cart_add
CUST00781,2025-03-14,cart_add
CUST00781,2025-05-30,cart_add
CUST00782,2025-01-02,cart_abandon
CUST00783,2024-12-16,site_visit
CUST00784,2025-07-10,site_visit
CUST00785,2025-06-05,site_visit
CUST00786,2025-06-24,site_visit
CUST00786,2025-06-29,cart_add
CUST00786,2025-07-28,review_submitted
CUST00786,2025-07-08,site_visit
CUST00786,2025-07-01,site_visit
CUST00786,2025-07-05,cart_add
CUST00787,2025-04-26,support_ticket
CUST00787,2025-01-13,cart_abandon
CUST00788,2025-07-25,site_visit
CUST00789,2024-11-04,site_visit
CUST00790,2025-07-20,site_visit
CUST00790,2025-07-21,site_visit
CUST00790,2025-07-12,email_open
CUST00790,2025-07-13,review_submitted
CUST00790,2025-07-20,cart_add
CUST00790,2025-07-04,review_submitted
CUST00791,2024-11-02,cart_abandon
CUST00792,2025-04-27,cart_abandon
CUST00792,2025-03-04,site_visit
CUST00793,2025-07-19,review_submitted
CUST00794,2025-05-12,cart_add
CUST00794,2025-01-19,site_visit
CUST00795,2024-05-25,site_visit
CUST00796,2025-06-06,cart_add
CUST00796,2025-07-26,site_visit
CUST00796,2025-07-28,cart_add
CUST00796,2025-07-04,site_visit
CUST00797,2025-06-25,site_visit
CUST00797,2025-07-27,email_open
CUST00797,2025-07-31,site_visit
CUST00797,2025-07-06,site_visit
CUST00797,2025-06-24,site_visit
CUST00797,2025-06-23,cart_add
CUST00798,2024-12-07,site_visit
CUST00798,2025-04-05,site_visit
CUST00798,2025-03-12,email_open
CUST00798,2025-01-12,site_visit
CUST00798,2025-06-28,site_visit
CUST00799,2025-03-10,cart_abandon
CUST00799,2025-06-13,site_visit
CUST00799,2025-06-05,cart_add
CUST00799,2025-04-19,email_open
CUST00800,2025-07-14,cart_add
CUST00800,2025-07-25,site_visit
CUST00800,2025-07-24,site_visit
CUST00800,2025-06-27,site_visit
CUST00800,2025-07-23,cart_abandon
CUST00800,2025-07-15,cart_add
CUST00800,2025-07-27,cart_abandon
CUST00801,2025-06-20,review_submitted
CUST00801,2025-02-26,site_visit
CUST00801,2025-05-25,site_visit
CUST00802,2025-01-10,support_ticket
CUST00803,2025-07-21,site_visit
CUST00803,2025-05-08,email_open
CUST00804,2025-05-15,site_visit
CUST00804,2025-03-10,cart_add
CUST00804,2025-06-17,cart_abandon
CUST00805,2024-11-11,site_visit
CUST00806,2025-04-23,review_submitted
CUST00806,2025-03-14,cart_abandon
CUST00806,2025-07-26,cart_abandon
CUST00806,2025-07-04,cart_add
CUST00807,2025-06-25,site_visit
CUST00807,2025-06-25,site_visit
CUST00807,2025-07-10,site_visit
CUST00807,2025-06-29,site_visit
CUST00807,2025-06-27,cart_add
CUST00807,2025-07-20,cart_add
CUST00807,2025-07-15,email_open
CUST00808,2025-06-27,cart_abandon
CUST00808,2025-06-22,cart_add
CUST00808,2025-07-04,review_submitted
CUST00808,2025-07-01,site_visit
CUST00808,2025-07-07,cart_abandon
CUST00809,2025-01-21,cart_abandon
CUST00810,2024-11-13,site_visit
CUST00811,2025-07-24,review_submitted
CUST00812,2025-07-02,site_visit
CUST00812,2025-07-09,site_visit
CUST00812,2025-05-14,site_visit
CUST00812,2025-07-11,site_visit
CUST00812,2025-06-10,site_visit
CUST00813,2025-01-31,site_visit
CUST00813,2025-05-20,cart_add
CUST00813,2025-06-28,cart_add
CUST00814,2025-06-23,cart_add
CUST00814,2025-07-04,email_open
CUST00814,2025-07-06,cart_abandon
CUST00814,2025-07-20,site_visit
CUST00815,2025-07-16,support_ticket
CUST00815,2025-07-30,review_submitted
CUST00815,2025-06-20,cart_add
CUST00815,2025-05-31,review_submitted
CUST00815,2025-06-05,support_ticket
CUST00815,2025-07-20,review_submitted
CUST00815,2025-06-08,site_visit
CUST00816,2025-05-30,site_visit
CUST00817,2025-04-20,email_open
CUST00817,2024-12-26,email_open
CUST00818,2024-10-06,site_visit
CUST00819,2025-05-09,cart_add
CUST00820,2024-10-19,review_submitted
CUST00821,2025-04-28,cart_abandon
CUST00821,2025-04-25,email_open
CUST00821,2025-04-24,site_visit
CUST00822,2025-02-24,review_submitted
CUST00823,2025-01-24,site_visit
CUST00824,2024-10-12,site_visit
CUST00825,2025-02-11,cart_abandon
CUST00825,2024-12-07,site_visit
CUST00826,2025-07-14,cart_abandon
CUST00826,2025-06-22,site_visit
CUST00826,2025-07-28,email_open
CUST00827,2024-11-06,cart_abandon
CUST00828,2025-03-12,cart_add
CUST00829,2025-07-26,site_visit
CUST00829,2025-07-10,site_visit
CUST00829,2025-05-11,site_visit
CUST00830,2025-01-09,cart_abandon
CUST00830,2025-02-21,site_visit
CUST00831,2024-09-07,support_ticket
CUST00832,2024-11-19,cart_add
CUST00832,2025-03-14,site_visit
CUST00832,2025-07-16,email_open
CUST00833,2024-09-23,site_visit
CUST00834,2025-03-20,cart_add
CUST00835,2025-06-08,cart_add
CUST00836,2025-03-08,site_visit
CUST00836,2025-02-12,cart_abandon
CUST00837,2025-07-29,site_visit
CUST00837,2025-06-21,site_visit
CUST00837,2025-07-06,site_visit
CUST00837,2025-06-25,site_visit
CUST00838,2024-12-01,cart_add
CUST00839,2025-02-14,site_visit
CUST00840,2025-06-29,cart_abandon
CUST00840,2024-12-29,cart_abandon
CUST00841,2025-02-19,site_visit
CUST00842,2025-07-03,cart_abandon
CUST00842,2025-07-23,cart_add
CUST00842,2025-05-12,email_open
CUST00842,2025-02-20,cart_add
CUST00843,2024-12-12,site_visit
CUST00844,2025-07-31,review_submitted
CUST00844,2025-07-20,cart_add
CUST00844,2025-07-15,cart_add
CUST00844,2025-07-20,site_visit
CUST00844,2025-07-16,site_visit
CUST00844,2025-07-24,cart_add
CUST00845,2025-05-01,email_open
CUST00846,2025-01-09,site_visit
CUST00847,2025-05-30,cart_abandon
CUST00848,2025-07-30,cart_abandon
CUST00848,2025-07-29,support_ticket
CUST00848,2025-07-30,site_visit
CUST00848,2025-07-29,site_visit
CUST00848,2025-07-31,cart_abandon
CUST00848,2025-07-30,site_visit
CUST00848,2025-07-31,site_visit
CUST00848,2025-07-31,email_open
CUST00848,2025-07-29,email_open
CUST00849,2025-02-28,cart_abandon
CUST00849,2025-02-19,cart_add
CUST00849,2025-02-18,cart_abandon
CUST00850,2025-04-15,support_ticket
CUST00850,2025-02-21,email_open
CUST00850,2025-01-07,support_ticket
CUST00851,2025-07-17,site_visit
CUST00852,2025-05-12,site_visit
CUST00852,2025-04-15,site_visit
CUST00852,2025-07-25,site_visit
CUST00853,2024-08-22,site_visit
CUST00853,2025-01-06,cart_add
CUST00854,2025-06-24,cart_abandon
CUST00854,2025-06-26,email_open
CUST00854,2025-07-17,site_visit
CUST00854,2025-07-27,cart_add
CUST00854,2025-07-20,email_open
CUST00855,2025-07-31,site_visit
CUST00856,2024-10-02,cart_add
CUST00857,2025-02-03,cart_abandon
CUST00858,2024-11-16,email_open
CUST00859,2025-05-04,review_submitted
CUST00859,2025-02-22,cart_add
CUST00859,2025-05-25,site_visit
CUST00860,2024-05-04,site_visit
CUST00861,2025-07-12,site_visit
CUST00861,2025-05-30,cart_abandon
CUST00862,2025-01-30,site_visit
CUST00863,2024-12-24,cart_abandon
CUST00863,2025-01-01,site_visit
CUST00864,2025-06-03,cart_add
CUST00865,2025-05-01,support_ticket
CUST00866,2025-01-07,site_visit
CUST00866,2025-02-20,email_open
CUST00866,2025-07-05,site_visit
CUST00866,2025-01-13,site_visit
CUST00867,2024-08-27,email_open
CUST00868,2024-08-08,cart_abandon
CUST00869,2025-07-08,review_submitted
CUST00869,2025-07-18,cart_abandon
CUST00869,2025-07-18,site_visit
CUST00869,2025-06-26,cart_add
CUST00869,2025-07-26,cart_add
CUST00869,2025-07-04,site_visit
CUST00869,2025-07-28,cart_abandon
CUST00870,2025-07-13,email_open
CUST00870,2025-07-16,cart_add
CUST00870,2025-07-21,cart_add
CUST00871,2025-07-18,site_visit
CUST00872,2024-11-15,site_visit
CUST00873,2025-07-07,cart_add
CUST00873,2025-07-15,email_open
CUST00874,2024-11-21,cart_add
CUST00874,2024-10-09,cart_add
CUST00875,2025-02-24,site_visit
CUST00876,2024-12-24,cart_add
CUST00876,2025-04-29,site_visit
CUST00876,2024-06-13,site_visit
CUST00877,2025-04-29,email_open
CUST00877,2025-07-15,site_visit
CUST00878,2025-07-15,site_visit
CUST00878,2025-04-14,site_visit
CUST00878,2025-04-17,site_visit
CUST00879,2024-10-18,site_visit
CUST00880,2024-06-18,site_visit
CUST00881,2025-01-15,cart_add
CUST00882,2025-05-09,site_visit
CUST00883,2024-11-29,review_submitted
CUST00884,2024-04-13,site_visit
CUST00885,2025-07-25,cart_abandon
CUST00885,2025-05-20,cart_add
CUST00885,2025-05-11,site_visit
CUST00885,2025-07-20,site_visit
CUST00886,2024-06-22,site_visit
CUST00887,2025-05-08,email_open
CUST00888,2024-11-13,cart_add
CUST00889,2024-09-17,site_visit
CUST00890,2025-01-08,site_visit
CUST00891,2025-05-02,site_visit
CUST00892,2025-06-09,cart_add
CUST00892,2025-07-17,email_open
CUST00892,2025-07-24,cart_add
CUST00892,2025-07-28,site_visit
CUST00892,2025-07-08,review_submitted
CUST00893,2025-04-27,site_visit
CUST00893,2025-06-18,site_visit
CUST00893,2025-07-28,email_open
CUST00893,2025-07-24,site_visit
CUST00893,2025-05-17,site_visit
CUST00893,2025-06-18,cart_abandon
CUST00893,2025-05-14,email_open
CUST00893,2025-06-28,site_visit
CUST00893,2025-04-29,site_visit
CUST00893,2025-04-27,site_visit
CUST00894,2024-10-08,review_submitted
CUST00895,2025-06-09,support_ticket
CUST00895,2025-06-23,cart_add
CUST00896,2025-06-09,cart_abandon
CUST00897,2025-03-06,cart_abandon
CUST00898,2025-07-31,site_visit
CUST00898,2025-07-02,cart_add
CUST00898,2025-06-25,site_visit
CUST00898,2025-07-07,cart_add
CUST00898,2025-07-20,cart_abandon
CUST00898,2025-07-30,site_visit
CUST00898,2025-07-20,site_visit
CUST00899,2024-06-12,site_visit
CUST00900,2024-04-07,email_open
CUST00901,2024-07-19,site_visit
CUST00902,2024-06-01,site_visit
CUST00903,2024-08-28,cart_add
CUST00904,2025-02-04,cart_add
CUST00904,2025-05-05,email_open
CUST00904,2024-12-07,email_open
CUST00905,2025-03-08,cart_add
CUST00906,2025-07-06,site_visit
CUST00906,2025-06-29,email_open
CUST00906,2025-06-18,site_visit
CUST00906,2025-07-03,site_visit
CUST00906,2025-06-28,site_visit
CUST00906,2025-07-24,cart_add
CUST00906,2025-06-12,cart_add
CUST00906,2025-07-24,email_open
CUST00907,2025-07-21,cart_add
CUST00907,2025-05-06,site_visit
CUST00907,2025-06-12,email_open
CUST00907,2025-06-27,email_open
CUST00907,2025-06-02,review_submitted
CUST00907,2025-05-12,site_visit
CUST00908,2024-12-26,site_visit
CUST00909,2025-04-30,cart_abandon
CUST00910,2025-07-14,cart_add
CUST00911,2025-03-06,site_visit
CUST00912,2024-12-06,site_visit
CUST00912,2025-02-24,site_visit
CUST00913,2025-07-21,cart_add
CUST00913,2025-01-22,site_visit
CUST00913,2025-03-01,cart_abandon
CUST00913,2025-06-19,site_visit
CUST00914,2025-07-15,review_submitted
CUST00915,2025-07-03,cart_abandon
CUST00915,2025-01-21,review_submitted
CUST00915,2025-06-14,site_visit
CUST00915,2025-04-25,site_visit
CUST00915,2025-02-15,email_open
CUST00915,2025-07-28,review_submitted
CUST00915,2025-02-18,cart_abandon
CUST00915,2025-07-06,cart_add
CUST00916,2025-03-06,cart_add
CUST00916,2024-11-16,site_visit
CUST00917,2025-06-08,site_visit
CUST00918,2025-07-06,cart_abandon
CUST00918,2025-07-15,site_visit
CUST00918,2025-06-29,site_visit
CUST00918,2025-07-28,email_open
CUST00918,2025-07-09,site_visit
CUST00918,2025-06-30,site_visit
CUST00919,2025-06-03,site_visit
CUST00919,2025-05-07,cart_add
CUST00919,2025-04-18,email_open
CUST00919,2025-06-22,site_visit
CUST00919,2025-06-20,cart_abandon
CUST00919,2025-07-25,site_visit
CUST00920,2025-01-22,site_visit
CUST00921,2025-07-19,cart_abandon
CUST00921,2025-06-13,cart_add
CUST00921,2025-07-22,cart_abandon
CUST00921,2025-06-02,cart_abandon
CUST00921,2025-06-12,cart_abandon
CUST00921,2025-07-01,email_open
CUST00921,2025-07-22,site_visit
CUST00922,2025-05-07,site_visit
CUST00922,2025-07-20,site_visit
CUST00923,2025-06-23,site_visit
CUST00923,2025-06-13,cart_add
CUST00923,2025-07-05,site_visit
CUST00923,2025-06-10,site_visit
CUST00923,2025-06-05,review_submitted
CUST00923,2025-06-19,cart_abandon
CUST00923,2025-07-11,review_submitted
CUST00923,2025-07-07,site_visit
CUST00923,2025-07-27,site_visit
CUST00924,2025-06-08,cart_add
CUST00924,2025-04-26,email_open
CUST00924,2025-05-25,site_visit
CUST00924,2025-06-01,site_visit
CUST00924,2025-07-30,cart_add
CUST00925,2025-01-05,cart_abandon
CUST00926,2024-12-14,site_visit
CUST00927,2025-03-27,site_visit
CUST00928,2025-06-15,cart_abandon
CUST00928,2025-05-30,review_submitted
CUST00928,2024-12-27,site_visit
CUST00929,2025-07-09,site_visit
CUST00929,2025-01-05,site_visit
CUST00930,2025-03-10,email_open
CUST00931,2024-05-18,cart_add
CUST00932,2025-06-26,site_visit
CUST00932,2025-06-06,cart_add
CUST00932,2025-07-21,site_visit
CUST00932,2025-05-02,cart_add
CUST00932,2025-05-24,review_submitted
CUST00932,2025-05-19,cart_add
CUST00933,2025-07-26,cart_add
CUST00933,2025-07-28,cart_add
CUST00933,2025-07-24,email_open
CUST00933,2025-07-23,cart_abandon
CUST00933,2025-07-26,site_visit
CUST00933,2025-07-21,cart_abandon
CUST00934,2025-04-21,cart_abandon
CUST00935,2024-09-28,cart_abandon
CUST00936,2025-01-21,site_visit
CUST00937,2025-04-25,cart_abandon
CUST00938,2025-07-14,site_visit
CUST00938,2025-07-05,site_visit
CUST00938,2025-07-26,site_visit
CUST00938,2025-06-26,site_visit
CUST00938,2025-07-10,site_visit
CUST00939,2025-05-09,cart_abandon
CUST00940,2025-02-07,site_visit
CUST00940,2025-02-19,site_visit
CUST00940,2025-05-03,cart_abandon
CUST00941,2025-04-29,cart_abandon
CUST00942,2025-01-22,site_visit
CUST00943,2025-01-30,email_open
CUST00943,2025-02-06,cart_add
CUST00944,2025-07-10,site_visit
CUST00944,2025-06-16,site_visit
CUST00944,2025-06-23,cart_add
CUST00944,2025-07-01,cart_add
CUST00944,2025-05-31,cart_add
CUST00945,2025-06-03,site_visit
CUST00946,2025-07-14,site_visit
CUST00947,2024-09-07,cart_add
CUST00948,2025-07-19,cart_abandon
CUST00948,2025-07-28,site_visit
CUST00949,2025-06-25,site_visit
CUST00949,2025-06-16,site_visit
CUST00949,2025-07-02,cart_add
CUST00949,2025-07-01,site_visit
CUST00949,2025-06-20,site_visit
CUST00949,2025-06-18,site_visit
CUST00949,2025-07-31,cart_abandon
CUST00950,2025-02-24,email_open
CUST00951,2025-05-13,cart_abandon
CUST00951,2025-02-22,site_visit
CUST00952,2025-05-23,cart_add
CUST00953,2024-10-15,site_visit
CUST00954,2025-07-30,site_visit
CUST00954,2025-07-09,site_visit
CUST00954,2025-07-01,cart_add
CUST00954,2025-07-26,site_visit
CUST00954,2025-07-02,cart_abandon
CUST00954,2025-06-19,cart_abandon
CUST00954,2025-07-20,cart_add
CUST00955,2024-12-07,site_visit
CUST00956,2024-10-10,site_visit
CUST00957,2025-05-21,cart_add
CUST00958,2024-04-21,cart_add
CUST00959,2024-09-03,site_visit
CUST00960,2025-07-08,site_visit
CUST00960,2025-04-10,cart_abandon
CUST00960,2025-07-10,cart_add
CUST00961,2024-09-01,site_visit
CUST00962,2025-06-10,site_visit
CUST00963,2024-11-05,site_visit
CUST00964,2024-10-05,email_open
CUST00965,2025-04-30,site_visit
CUST00966,2025-03-08,email_open
CUST00967,2025-03-08,cart_add
CUST00967,2025-06-17,site_visit
CUST00967,2025-03-20,cart_add
CUST00967,2025-03-22,site_visit
CUST00968,2024-11-25,review_submitted
CUST00969,2024-12-31,site_visit
CUST00969,2025-01-29,site_visit
CUST00969,2024-12-18,site_visit
CUST00969,2025-07-16,email_open
CUST00969,2025-06-17,cart_abandon
CUST00970,2024-11-25,site_visit
CUST00970,2024-12-29,cart_add
CUST00970,2025-04-08,review_submitted
CUST00970,2025-07-31,cart_add
CUST00971,2025-05-14,site_visit
CUST00971,2025-04-13,site_visit
CUST00971,2025-03-06,site_visit
CUST00971,2025-05-06,site_visit
CUST00972,2025-07-23,email_open
CUST00972,2025-07-06,site_visit
CUST00972,2025-07-11,site_visit
CUST00972,2025-07-12,site_visit
CUST00972,2025-07-05,site_visit
CUST00972,2025-07-16,site_visit
CUST00972,2025-07-05,cart_abandon
CUST00973,2025-05-07,support_ticket
CUST00973,2025-05-10,cart_abandon
CUST00973,2025-06-07,site_visit
CUST00974,2025-06-16,cart_add
CUST00975,2024-07-20,cart_add
CUST00976,2024-09-14,cart_abandon
CUST00977,2025-05-05,cart_add
CUST00977,2025-06-25,site_visit
CUST00977,2025-04-12,cart_add
CUST00978,2024-07-09,review_submitted
CUST00979,2024-12-18,cart_add
CUST00980,2025-05-23,review_submitted
CUST00980,2024-12-30,cart_add
CUST00980,2025-06-08,site_visit
CUST00981,2024-09-27,cart_abandon
CUST00981,2025-01-22,cart_abandon
CUST00981,2024-09-01,support_ticket
CUST00982,2025-07-22,site_visit
CUST00982,2025-03-26,site_visit
CUST00982,2025-07-03,cart_abandon
CUST00982,2025-04-16,cart_add
CUST00982,2025-04-04,cart_abandon
CUST00982,2025-04-09,site_visit
CUST00983,2025-04-30,cart_add
CUST00984,2025-05-14,site_visit
CUST00985,2025-03-06,review_submitted
CUST00985,2025-07-24,cart_add
CUST00986,2025-03-12,site_visit
CUST00986,2025-03-21,cart_abandon
CUST00987,2025-07-27,site_visit
CUST00987,2025-07-18,cart_add
CUST00988,2025-07-30,cart_add
CUST00989,2025-01-25,email_open
CUST00990,2025-04-30,site_visit
CUST00990,2025-06-30,email_open
CUST00990,2025-07-27,site_visit
CUST00991,2025-07-12,email_open
CUST00991,2025-04-18,email_open
CUST00991,2025-05-24,site_visit
CUST00992,2025-05-21,cart_add
CUST00993,2024-12-13,site_visit
CUST00994,2025-01-13,cart_abandon
CUST00994,2025-04-26,site_visit
CUST00994,2025-06-04,site_visit
CUST00994,2025-01-13,review_submitted
CUST00995,2025-03-23,site_visit
CUST00996,2024-12-19,review_submitted
CUST00997,2025-07-20,site_visit
CUST00997,2025-07-19,email_open
CUST00997,2025-07-23,cart_add
CUST00997,2025-07-16,site_visit
CUST00997,2025-07-14,cart_add
CUST00997,2025-06-16,cart_add
CUST00997,2025-06-30,cart_add
CUST00998,2024-07-23,site_visit
CUST00999,2025-07-09,site_visit
CUST00999,2025-06-30,site_visit
CUST00999,2025-07-22,review_submitted
CUST01000,2025-02-02,site_visit
CUST01001,2025-07-19,cart_add
CUST01002,2025-07-06,site_visit
CUST01002,2025-05-24,cart_abandon
CUST01003,2025-06-05,cart_add
CUST01003,2025-06-08,email_open
CUST01003,2025-06-12,site_visit
CUST01004,2025-03-21,site_visit
CUST01004,2025-07-29,site_visit
CUST01005,2025-05-28,site_visit
CUST01005,2025-05-22,site_visit
CUST01005,2025-06-10,cart_abandon
CUST01005,2025-05-11,site_visit
CUST01005,2025-05-10,site_visit
CUST01006,2025-05-11,email_open
CUST01006,2025-02-07,email_open
CUST01006,2025-06-06,cart_abandon
CUST01007,2025-06-15,cart_add
CUST01007,2025-03-26,cart_add
CUST01008,2025-07-15,cart_abandon
CUST01008,2025-06-13,site_visit
CUST01008,2025-07-29,cart_abandon
CUST01008,2025-06-30,cart_abandon
CUST01008,2025-07-03,cart_abandon
CUST01008,2025-05-24,cart_abandon
CUST01008,2025-05-24,cart_abandon
CUST01008,2025-05-21,cart_abandon
CUST01008,2025-05-31,cart_add
CUST01008,2025-06-04,site_visit
CUST01009,2025-07-03,site_visit
CUST01009,2024-11-24,cart_abandon
CUST01010,2024-11-28,email_open
CUST01010,2024-12-01,site_visit
CUST01010,2024-11-25,email_open
CUST01011,2025-01-16,site_visit
CUST01012,2025-07-28,email_open
CUST01012,2025-07-29,site_visit
CUST01012,2025-07-31,cart_abandon
CUST01012,2025-07-29,cart_add
CUST01012,2025-07-23,cart_abandon
CUST01013,2025-06-29,cart_add
CUST01013,2025-07-28,cart_abandon
CUST01013,2025-07-13,cart_add
CUST01013,2025-07-08,cart_add
CUST01013,2025-07-14,site_visit
CUST01013,2025-07-20,cart_add
CUST01013,2025-07-05,cart_abandon
CUST01013,2025-07-22,site_visit
CUST01013,2025-07-19,site_visit
CUST01014,2025-02-24,cart_abandon
CUST01015,2025-06-03,site_visit
CUST01015,2025-04-03,cart_add
CUST01015,2025-07-08,cart_abandon
CUST01015,2025-04-19,site_visit
CUST01016,2025-07-31,cart_abandon
CUST01016,2025-07-22,site_visit
CUST01016,2025-07-10,email_open
CUST01016,2025-07-02,site_visit
CUST01016,2025-07-16,site_visit
CUST01016,2025-07-27,site_visit
CUST01016,2025-07-31,support_ticket
CUST01016,2025-06-21,cart_add
CUST01016,2025-07-01,site_visit
CUST01016,2025-07-20,cart_add
CUST01017,2024-12-07,cart_abandon
CUST01017,2025-03-21,site_visit
CUST01017,2025-01-09,site_visit
CUST01017,2024-10-19,site_visit
CUST01017,2025-07-02,cart_abandon
CUST01017,2025-07-07,support_ticket
CUST01018,2025-01-08,email_open
CUST01018,2025-05-28,cart_add
CUST01019,2025-07-03,email_open
CUST01019,2025-07-07,email_open
CUST01019,2025-07-29,cart_add
CUST01019,2025-06-17,site_visit
CUST01019,2025-07-04,cart_add
CUST01019,2025-07-23,cart_add
CUST01020,2025-03-10,cart_add
CUST01021,2025-03-26,cart_add
CUST01021,2025-06-07,site_visit
CUST01022,2024-09-12,cart_abandon
CUST01023,2025-07-22,cart_add
CUST01023,2025-07-15,site_visit
CUST01023,2025-07-17,site_visit
CUST01023,2025-07-23,site_visit
CUST01023,2025-07-11,email_open
CUST01023,2025-07-22,review_submitted
CUST01023,2025-07-11,cart_abandon
CUST01024,2025-07-20,cart_add
CUST01024,2025-07-21,site_visit
CUST01024,2025-07-21,site_visit
CUST01024,2025-07-19,email_open
CUST01024,2025-07-29,cart_abandon
CUST01024,2025-07-18,site_visit
CUST01024,2025-07-26,email_open
CUST01024,2025-07-15,email_open
CUST01024,2025-07-15,site_visit
CUST01025,2025-07-20,site_visit
CUST01025,2025-07-26,cart_abandon
CUST01025,2025-07-14,site_visit
CUST01025,2025-07-12,cart_abandon
CUST01025,2025-07-03,site_visit
CUST01025,2025-07-16,site_visit
CUST01026,2025-01-28,cart_add
CUST01027,2025-07-23,cart_add
CUST01027,2025-06-12,site_visit
CUST01027,2025-05-30,cart_add
CUST01028,2025-06-27,site_visit
CUST01028,2025-06-10,site_visit
CUST01028,2025-06-27,review_submitted
CUST01028,2025-06-03,site_visit
CUST01028,2025-06-23,site_visit
CUST01029,2025-04-14,site_visit
CUST01030,2025-07-28,cart_add
CUST01030,2025-05-29,site_visit
CUST01030,2025-07-31,site_visit
CUST01030,2025-07-15,cart_abandon
CUST01031,2025-02-03,cart_add
CUST01032,2024-12-13,cart_add
CUST01033,2025-04-15,site_visit
CUST01034,2024-06-02,site_visit
CUST01035,2024-04-12,site_visit
CUST01035,2024-09-22,email_open
CUST01036,2025-07-21,site_visit
CUST01036,2025-03-25,cart_add
CUST01036,2025-03-21,site_visit
CUST01036,2025-06-28,cart_abandon
CUST01037,2025-04-19,site_visit
CUST01038,2025-03-10,support_ticket
CUST01038,2025-04-01,support_ticket
CUST01039,2025-03-07,site_visit
CUST01040,2025-07-26,cart_add
CUST01041,2025-07-18,review_submitted
CUST01041,2025-01-17,cart_add
CUST01041,2025-01-17,site_visit
CUST01042,2025-06-19,cart_add
CUST01042,2025-04-30,email_open
CUST01042,2025-04-06,cart_abandon
CUST01042,2025-07-14,site_visit
CUST01043,2025-04-07,site_visit
CUST01044,2025-03-24,site_visit
CUST01045,2025-07-25,review_submitted
CUST01045,2025-06-13,site_visit
CUST01045,2025-07-07,site_visit
CUST01045,2025-07-04,cart_add
CUST01045,2025-07-10,site_visit
CUST01045,2025-06-26,site_visit
CUST01046,2025-03-26,email_open
CUST01046,2025-04-22,cart_abandon
CUST01047,2024-09-07,site_visit
CUST01048,2025-03-30,site_visit
CUST01049,2025-06-12,site_visit
CUST01049,2025-06-04,email_open
CUST01049,2025-06-28,email_open
CUST01049,2025-05-30,site_visit
CUST01049,2025-06-26,support_ticket
CUST01050,2025-05-24,cart_add
CUST01051,2025-07-15,email_open
CUST01052,2025-04-06,site_visit
CUST01053,2025-07-29,cart_add
CUST01053,2025-07-03,site_visit
CUST01053,2025-06-30,site_visit
CUST01053,2025-07-11,email_open
CUST01053,2025-07-14,cart_abandon
CUST01053,2025-07-25,cart_abandon
CUST01054,2025-04-22,site_visit
CUST01054,2025-07-20,site_visit
CUST01054,2025-05-04,site_visit
CUST01055,2025-07-30,cart_add
CUST01055,2025-07-30,cart_abandon
CUST01055,2025-07-31,cart_add
CUST01055,2025-07-30,site_visit
CUST01055,2025-07-30,site_visit
CUST01055,2025-07-29,cart_add
CUST01055,2025-07-31,site_visit
CUST01055,2025-07-30,cart_add
CUST01056,2025-05-03,site_visit
CUST01057,2025-05-12,email_open
CUST01057,2025-05-30,cart_add
CUST01057,2025-06-18,site_visit
CUST01057,2025-06-03,cart_add
CUST01058,2025-03-28,site_visit
CUST01059,2025-06-12,site_visit
CUST01060,2025-06-25,email_open
CUST01061,2025-07-10,site_visit
CUST01061,2025-05-24,email_open
CUST01061,2025-06-15,site_visit
CUST01061,2025-07-29,support_ticket
CUST01062,2025-07-23,site_visit
CUST01062,2025-07-27,email_open
CUST01062,2025-07-30,site_visit
CUST01062,2025-07-24,cart_abandon
CUST01062,2025-07-21,site_visit
CUST01062,2025-07-24,site_visit
CUST01063,2025-05-05,cart_add
CUST01063,2025-06-15,site_visit
CUST01064,2025-02-15,email_open
CUST01065,2025-01-16,email_open
CUST01065,2024-10-28,cart_add
CUST01065,2024-11-02,email_open
CUST01066,2025-06-29,site_visit
CUST01067,2024-08-02,site_visit
CUST01068,2025-06-22,site_visit
CUST01069,2025-06-07,cart_abandon
CUST01070,2024-10-17,site_visit
CUST01070,2025-03-23,email_open
CUST01071,2024-08-09,site_visit
CUST01072,2025-02-12,review_submitted
CUST01073,2025-07-29,site_visit
CUST01074,2024-08-07,cart_add
CUST01075,2025-07-24,site_visit
CUST01075,2025-07-24,email_open
CUST01075,2025-07-31,email_open
CUST01075,2025-07-25,review_submitted
CUST01075,2025-07-30,cart_add
CUST01075,2025-07-27,site_visit
CUST01075,2025-07-31,site_visit
CUST01076,2025-02-10,site_visit
CUST01076,2025-04-19,cart_add
CUST01077,2025-06-11,site_visit
CUST01078,2025-07-24,cart_add
CUST01078,2025-06-22,support_ticket
CUST01078,2025-07-30,email_open
CUST01079,2025-04-04,review_submitted
CUST01080,2025-07-11,cart_abandon
CUST01080,2025-07-22,cart_add
CUST01080,2025-07-11,site_visit
CUST01080,2025-07-20,cart_abandon
CUST01080,2025-06-30,email_open
CUST01081,2025-06-19,site_visit
CUST01081,2025-07-10,site_visit
CUST01082,2024-04-17,cart_add
CUST01083,2025-02-06,site_visit
CUST01084,2025-07-07,cart_add
CUST01084,2025-07-10,site_visit
CUST01084,2025-06-18,cart_abandon
CUST01085,2025-07-20,email_open
CUST01085,2025-07-29,site_visit
CUST01085,2025-07-31,site_visit
CUST01085,2025-07-07,email_open
CUST01085,2025-07-07,cart_abandon
CUST01085,2025-07-03,email_open
CUST01085,2025-07-15,email_open
CUST01086,2024-11-11,cart_abandon
CUST01087,2025-01-11,email_open
CUST01088,2024-06-01,site_visit
CUST01089,2025-07-30,cart_add
CUST01089,2025-07-28,site_visit
CUST01089,2025-07-29,site_visit
CUST01089,2025-07-30,site_visit
CUST01089,2025-07-31,cart_add
CUST01089,2025-07-30,cart_add
CUST01089,2025-07-28,cart_add
CUST01090,2024-11-10,cart_add
CUST01091,2025-07-08,site_visit
CUST01091,2025-07-09,site_visit
CUST01091,2025-07-28,email_open
CUST01091,2025-07-07,email_open
CUST01091,2025-07-06,cart_add
CUST01091,2025-07-12,site_visit
CUST01091,2025-06-29,site_visit
CUST01091,2025-07-31,site_visit
CUST01092,2025-05-27,site_visit
CUST01092,2025-01-12,site_visit
CUST01093,2025-02-06,email_open
CUST01093,2025-01-21,site_visit
CUST01093,2025-06-04,site_visit
CUST01093,2025-04-06,cart_abandon
CUST01094,2025-01-15,cart_abandon
CUST01095,2025-04-22,site_visit
CUST01096,2025-03-01,site_visit
CUST01097,2024-10-27,cart_add
CUST01098,2024-09-26,cart_add
CUST01099,2025-05-12,email_open
CUST01099,2025-06-11,site_visit
CUST01099,2025-05-19,cart_add
CUST01100,2024-10-06,cart_add
CUST01100,2025-02-05,site_visit
CUST01101,2024-12-30,email_open
CUST01102,2025-07-19,site_visit
CUST01102,2025-07-28,site_visit
CUST01102,2025-07-14,site_visit
CUST01102,2025-07-19,site_visit
CUST01102,2025-07-14,site_visit
CUST01102,2025-07-22,cart_add
CUST01102,2025-07-30,cart_abandon
CUST01103,2025-07-16,site_visit
CUST01103,2025-07-23,cart_abandon
CUST01103,2025-07-20,site_visit
CUST01103,2025-06-13,site_visit
CUST01103,2025-07-19,cart_add
CUST01104,2025-06-28,site_visit
CUST01104,2025-07-07,site_visit
CUST01104,2025-07-11,cart_abandon
CUST01104,2025-06-27,site_visit
CUST01105,2025-07-29,email_open
CUST01105,2025-07-30,site_visit
CUST01105,2025-07-31,site_visit
CUST01105,2025-07-28,email_open
CUST01105,2025-07-30,site_visit
CUST01105,2025-07-29,cart_abandon
CUST01106,2024-07-16,email_open
CUST01107,2025-07-10,site_visit
CUST01108,2025-04-06,cart_abandon
CUST01108,2025-05-28,cart_add
CUST01108,2025-03-15,site_visit
CUST01108,2025-03-24,site_visit
CUST01108,2025-07-14,site_visit
CUST01108,2025-05-31,cart_abandon
CUST01109,2025-07-11,review_submitted
CUST01109,2025-06-10,site_visit
CUST01109,2025-03-14,cart_add
CUST01110,2025-07-31,cart_abandon
CUST01111,2025-05-13,site_visit
CUST01111,2025-04-26,site_visit
CUST01111,2025-06-01,site_visit
CUST01112,2025-03-14,support_ticket
CUST01113,2024-12-10,site_visit
CUST01114,2025-07-25,cart_add
CUST01114,2025-03-15,cart_add
CUST01115,2025-04-05,cart_abandon
CUST01116,2025-04-26,cart_abandon
CUST01116,2025-01-25,site_visit
CUST01117,2025-02-16,cart_abandon
CUST01118,2025-07-14,cart_add
CUST01119,2024-10-14,site_visit
CUST01120,2024-12-02,site_visit
CUST01121,2025-06-21,email_open
CUST01121,2025-07-14,cart_add
CUST01121,2025-06-29,site_visit
CUST01121,2025-06-04,site_visit
CUST01121,2025-06-21,site_visit
CUST01121,2025-06-26,cart_abandon
CUST01121,2025-06-23,email_open
CUST01121,2025-07-10,site_visit
CUST01121,2025-06-05,cart_add
CUST01121,2025-07-14,cart_add
CUST01121,2025-07-17,site_visit
CUST01122,2025-07-10,site_visit
CUST01122,2025-07-28,review_submitted
CUST01122,2025-07-13,site_visit
CUST01122,2025-07-06,site_visit
CUST01122,2025-07-06,cart_add
CUST01123,2025-05-27,cart_add
CUST01123,2025-07-21,email_open
CUST01123,2025-07-21,site_visit
CUST01123,2025-07-11,site_visit
CUST01123,2025-06-17,site_visit
CUST01123,2025-06-03,site_visit
CUST01123,2025-06-22,site_visit
CUST01123,2025-06-03,cart_add
CUST01124,2025-04-21,email_open
CUST01124,2025-04-29,site_visit
CUST01124,2025-05-02,review_submitted
CUST01125,2025-03-09,site_visit
CUST01126,2025-06-14,site_visit
CUST01127,2025-03-02,site_visit
CUST01128,2024-10-03,email_open
CUST01129,2025-05-08,support_ticket
CUST01130,2024-10-22,email_open
CUST01131,2025-05-04,email_open
CUST01131,2025-05-02,site_visit
CUST01132,2025-03-22,site_visit
CUST01132,2025-05-03,site_visit
CUST01133,2025-02-23,email_open
CUST01134,2024-11-02,cart_add
CUST01135,2025-06-13,site_visit
CUST01135,2025-04-28,site_visit
CUST01136,2025-04-29,email_open
CUST01137,2025-05-11,site_visit
CUST01137,2025-07-08,cart_abandon
CUST01137,2025-06-21,cart_abandon
CUST01138,2025-03-20,site_visit
CUST01138,2025-03-08,site_visit
CUST01138,2025-02-01,cart_abandon
CUST01139,2025-02-15,email_open
CUST01140,2025-07-02,cart_abandon
CUST01140,2025-07-26,site_visit
CUST01140,2025-02-01,email_open
CUST01140,2025-01-22,cart_add
CUST01140,2025-07-21,site_visit
CUST01140,2025-06-29,site_visit
CUST01140,2025-01-18,cart_abandon
CUST01140,2025-01-01,cart_add
CUST01140,2025-06-11,site_visit
CUST01141,2025-07-29,email_open
CUST01141,2025-05-15,site_visit
CUST01141,2025-05-30,site_visit
CUST01141,2025-06-12,site_visit
CUST01142,2025-05-15,site_visit
CUST01143,2025-06-05,site_visit
CUST01143,2025-07-08,site_visit
CUST01143,2025-02-08,site_visit
CUST01144,2025-06-22,cart_abandon
CUST01145,2024-12-04,cart_add
CUST01146,2025-06-03,site_visit
CUST01146,2025-06-19,email_open
CUST01146,2025-06-17,cart_add
CUST01146,2025-06-21,site_visit
CUST01146,2025-06-02,email_open
CUST01146,2025-06-25,cart_add
CUST01147,2025-04-27,cart_abandon
CUST01147,2025-06-24,review_submitted
CUST01147,2025-07-08,email_open
CUST01147,2025-07-29,site_visit
CUST01147,2025-05-25,cart_abandon
CUST01147,2025-04-17,site_visit
CUST01148,2025-07-13,cart_abandon
CUST01149,2025-07-07,cart_add
CUST01149,2025-06-08,cart_add
CUST01149,2025-05-14,review_submitted
CUST01149,2025-07-19,cart_abandon
CUST01150,2025-07-02,cart_add
CUST01151,2025-03-16,cart_abandon
CUST01151,2025-05-29,site_visit
CUST01151,2025-04-05,site_visit
CUST01151,2025-05-19,email_open
CUST01151,2025-02-18,site_visit
CUST01151,2025-05-11,cart_add
CUST01151,2025-07-22,cart_add
CUST01151,2025-02-19,cart_abandon
CUST01151,2025-06-04,cart_add
CUST01151,2025-02-15,site_visit
CUST01152,2025-05-13,email_open
CUST01152,2025-06-12,site_visit
CUST01152,2025-07-07,site_visit
CUST01152,2025-06-11,site_visit
CUST01152,2025-05-18,email_open
CUST01152,2025-06-25,support_ticket
CUST01153,2025-03-22,site_visit
CUST01153,2025-07-02,site_visit
CUST01153,2025-03-10,support_ticket
CUST01154,2025-02-20,cart_abandon
CUST01154,2025-06-20,cart_add
CUST01154,2025-05-12,site_visit
CUST01154,2025-04-04,cart_add
CUST01155,2025-02-08,support_ticket
CUST01156,2025-05-21,site_visit
CUST01156,2025-04-07,site_visit
CUST01156,2025-04-05,cart_abandon
CUST01156,2025-06-15,cart_abandon
CUST01157,2024-11-28,email_open
CUST01158,2025-07-15,site_visit
CUST01158,2025-06-24,support_ticket
CUST01158,2025-06-06,email_open
CUST01158,2025-06-09,review_submitted
CUST01158,2025-07-01,cart_add
CUST01159,2025-07-28,cart_abandon
CUST01159,2025-07-09,cart_add
CUST01159,2025-07-21,cart_add
CUST01159,2025-05-31,site_visit
CUST01159,2025-05-27,cart_abandon
CUST01159,2025-06-22,review_submitted
CUST01159,2025-06-11,site_visit
CUST01159,2025-07-18,cart_add
CUST01159,2025-06-14,site_visit
CUST01159,2025-07-22,site_visit
CUST01160,2025-03-19,cart_add
CUST01161,2025-06-18,review_submitted
CUST01161,2025-05-13,cart_add
CUST01161,2025-07-05,cart_abandon
CUST01161,2025-05-04,email_open
CUST01161,2025-07-11,site_visit
CUST01162,2025-01-22,cart_abandon
CUST01163,2024-08-29,cart_add
CUST01164,2025-03-09,email_open
CUST01164,2025-05-04,email_open
CUST01164,2025-06-22,site_visit
CUST01165,2025-06-18,site_visit
CUST01166,2025-06-27,site_visit
CUST01166,2025-06-28,site_visit
CUST01166,2025-06-20,site_visit
CUST01166,2025-06-21,cart_add
CUST01166,2025-07-07,cart_abandon
CUST01166,2025-06-16,cart_abandon
CUST01166,2025-07-10,email_open
CUST01166,2025-07-27,cart_abandon
CUST01167,2025-05-07,cart_abandon
CUST01167,2025-07-03,email_open
CUST01167,2025-07-29,site_visit
CUST01167,2025-06-08,cart_add
CUST01167,2025-07-19,cart_add
CUST01167,2025-07-02,site_visit
CUST01168,2025-05-07,cart_add
CUST01169,2025-05-31,cart_abandon
CUST01170,2025-06-15,site_visit
CUST01170,2025-03-15,site_visit
CUST01171,2025-03-09,site_visit
CUST01171,2025-05-06,email_open
CUST01172,2025-07-30,email_open
CUST01172,2025-07-22,site_visit
CUST01172,2025-07-20,cart_abandon
CUST01172,2025-07-21,cart_add
CUST01172,2025-07-28,cart_add
CUST01172,2025-07-31,site_visit
CUST01172,2025-07-28,cart_abandon
CUST01173,2025-06-30,cart_abandon
CUST01173,2025-05-03,review_submitted
CUST01173,2025-04-12,site_visit
CUST01173,2025-01-23,site_visit
CUST01174,2024-10-28,cart_add
CUST01175,2025-05-30,site_visit
CUST01176,2025-04-01,cart_add
CUST01177,2025-06-30,site_visit
CUST01177,2025-05-14,cart_add
CUST01177,2025-07-17,cart_add
CUST01177,2025-04-17,site_visit
CUST01178,2024-08-28,site_visit
CUST01179,2025-04-05,cart_add
CUST01179,2025-06-25,review_submitted
CUST01179,2025-06-17,cart_abandon
CUST01180,2025-04-21,review_submitted
CUST01181,2025-07-09,site_visit
CUST01181,2025-07-31,site_visit
CUST01181,2025-07-15,email_open
CUST01181,2025-07-08,site_visit
CUST01181,2025-07-11,review_submitted
CUST01181,2025-07-26,site_visit
CUST01181,2025-07-16,cart_add
CUST01181,2025-07-17,site_visit
CUST01181,2025-07-14,site_visit
CUST01182,2024-11-15,cart_add
CUST01183,2025-02-22,email_open
CUST01183,2025-07-17,cart_add
CUST01184,2025-07-29,cart_add
CUST01184,2025-07-01,cart_abandon
CUST01184,2025-07-11,site_visit
CUST01184,2025-07-04,site_visit
CUST01185,2025-02-07,site_visit
CUST01186,2025-06-28,site_visit
CUST01186,2025-07-27,site_visit
CUST01186,2025-06-26,site_visit
CUST01186,2025-07-28,site_visit
CUST01186,2025-06-26,support_ticket
CUST01186,2025-07-14,site_visit
CUST01186,2025-07-18,site_visit
CUST01186,2025-07-08,site_visit
CUST01186,2025-07-09,support_ticket
CUST01187,2025-03-30,cart_add
CUST01188,2024-08-16,email_open
CUST01189,2024-10-03,cart_abandon
CUST01190,2025-03-01,site_visit
CUST01191,2025-04-10,site_visit
CUST01192,2024-12-19,site_visit
CUST01193,2025-01-29,site_visit
CUST01193,2025-05-28,cart_add
CUST01194,2025-03-17,cart_abandon
CUST01195,2024-06-03,cart_add
CUST01196,2025-06-11,email_open
CUST01196,2025-06-19,site_visit
CUST01196,2025-07-10,site_visit
CUST01197,2025-07-23,cart_abandon
CUST01197,2025-07-23,site_visit
CUST01197,2025-07-23,cart_abandon
CUST01197,2025-07-25,site_visit
CUST01197,2025-07-14,site_visit
CUST01198,2025-07-18,site_visit
CUST01198,2025-07-23,site_visit
CUST01198,2025-07-19,site_visit
CUST01198,2025-07-22,cart_add
CUST01198,2025-07-19,site_visit
CUST01198,2025-07-30,cart_add
CUST01199,2025-06-24,site_visit
CUST01199,2025-05-10,site_visit
CUST01199,2025-04-30,site_visit
CUST01200,2025-06-10,cart_add
CUST01201,2025-06-19,site_visit
CUST01201,2025-05-14,site_visit
CUST01201,2025-06-30,site_visit
CUST01202,2024-05-17,site_visit
CUST01203,2025-05-24,cart_abandon
CUST01204,2024-12-24,cart_abandon
CUST01205,2025-07-09,cart_add
CUST01205,2025-05-07,site_visit
CUST01205,2025-04-02,site_visit
CUST01205,2025-07-03,review_submitted
CUST01205,2025-03-17,support_ticket
CUST01205,2025-06-28,site_visit
CUST01206,2025-04-02,cart_add
CUST01206,2025-07-12,cart_add
CUST01206,2025-07-23,site_visit
CUST01206,2025-04-16,review_submitted
CUST01206,2025-04-19,cart_abandon
CUST01206,2025-06-03,site_visit
CUST01206,2025-07-24,site_visit
CUST01207,2025-03-25,support_ticket
CUST01207,2025-04-17,cart_abandon
CUST01208,2025-06-17,email_open
CUST01208,2025-06-25,cart_add
CUST01208,2025-03-30,review_submitted
CUST01209,2024-09-12,site_visit
CUST01210,2025-07-29,cart_abandon
CUST01210,2025-07-29,site_visit
CUST01210,2025-07-31,cart_add
CUST01210,2025-07-30,cart_add
CUST01210,2025-07-29,site_visit
CUST01210,2025-07-30,email_open
CUST01210,2025-07-30,site_visit
CUST01210,2025-07-30,email_open
CUST01211,2025-06-02,site_visit
CUST01212,2025-02-15,email_open
CUST01212,2025-05-12,site_visit
CUST01213,2025-06-14,cart_add
CUST01214,2025-06-05,site_visit
CUST01214,2025-07-09,site_visit
CUST01214,2025-06-16,cart_add
CUST01214,2025-07-06,site_visit
CUST01215,2025-02-24,site_visit
CUST01215,2025-04-17,site_visit
CUST01215,2025-03-13,cart_add
CUST01216,2024-08-26,email_open
CUST01217,2024-06-06,site_visit
CUST01218,2025-04-20,site_visit
CUST01218,2025-05-09,review_submitted
CUST01219,2025-07-30,site_visit
CUST01219,2025-06-28,review_submitted
CUST01220,2024-09-28,cart_add
CUST01221,2025-07-20,site_visit
CUST01221,2025-07-04,cart_abandon
CUST01221,2025-07-26,site_visit
CUST01221,2025-07-09,site_visit
CUST01221,2025-07-03,email_open
CUST01221,2025-07-26,cart_abandon
CUST01222,2025-05-31,site_visit
CUST01223,2025-04-23,cart_add
CUST01224,2025-07-30,site_visit
CUST01224,2025-07-19,site_visit
CUST01224,2025-07-20,cart_add
CUST01225,2025-03-14,site_visit
CUST01225,2024-12-18,cart_abandon
CUST01226,2025-03-28,support_ticket
CUST01226,2025-04-19,site_visit
CUST01227,2024-09-26,cart_add
CUST01227,2025-03-08,site_visit
CUST01228,2024-12-05,site_visit
CUST01229,2025-07-27,cart_abandon
CUST01229,2025-07-25,review_submitted
CUST01229,2025-07-30,site_visit
CUST01229,2025-07-25,support_ticket
CUST01229,2025-07-28,cart_add
CUST01230,2025-07-15,cart_add
CUST01230,2025-06-02,cart_abandon
CUST01230,2025-05-10,cart_add
CUST01231,2025-07-23,site_visit
CUST01232,2025-07-07,review_submitted
CUST01233,2025-06-11,support_ticket
CUST01234,2024-05-29,site_visit
CUST01235,2025-05-08,site_visit
CUST01235,2025-04-07,site_visit
CUST01235,2025-04-15,cart_abandon
CUST01236,2024-11-20,email_open
CUST01237,2025-06-25,cart_add
CUST01237,2025-07-07,cart_abandon
CUST01237,2025-06-14,site_visit
CUST01237,2025-05-29,email_open
CUST01237,2025-07-24,site_visit
CUST01238,2025-05-31,cart_abandon
CUST01239,2025-07-25,email_open
CUST01239,2025-07-28,review_submitted
CUST01239,2025-07-12,cart_add
CUST01239,2025-07-17,cart_abandon
CUST01239,2025-07-24,cart_abandon
CUST01239,2025-07-23,site_visit
CUST01239,2025-07-25,cart_add
CUST01239,2025-07-12,cart_add
CUST01239,2025-07-11,site_visit
CUST01240,2025-05-12,email_open
CUST01240,2024-07-20,cart_add
CUST01240,2025-03-29,site_visit
CUST01240,2024-06-18,site_visit
CUST01240,2024-07-09,cart_abandon
CUST01241,2025-06-24,site_visit
CUST01241,2025-05-29,email_open
CUST01241,2025-07-14,site_visit
CUST01241,2025-06-27,email_open
CUST01241,2025-06-28,site_visit
CUST01241,2025-05-23,cart_add
CUST01241,2025-06-18,cart_add
CUST01241,2025-06-05,site_visit
CUST01242,2025-05-05,site_visit
CUST01242,2025-06-10,site_visit
CUST01243,2025-06-20,site_visit
CUST01243,2025-07-06,review_submitted
CUST01243,2025-03-27,site_visit
CUST01243,2025-04-06,cart_add
CUST01244,2025-05-31,review_submitted
CUST01244,2025-05-09,site_visit
CUST01244,2025-07-17,cart_add
CUST01244,2025-07-09,site_visit
CUST01244,2025-05-31,cart_add
CUST01244,2025-06-17,review_submitted
CUST01245,2025-06-11,site_visit
CUST01246,2025-07-23,site_visit
CUST01246,2025-04-03,site_visit
CUST01246,2025-07-30,cart_abandon
CUST01246,2025-01-22,review_submitted
CUST01246,2025-04-17,email_open
CUST01247,2025-02-21,cart_add
CUST01248,2024-02-23,review_submitted
CUST01249,2025-07-28,email_open
CUST01249,2025-07-22,site_visit
CUST01249,2025-06-18,email_open
CUST01249,2025-07-03,review_submitted
CUST01249,2025-07-24,cart_abandon
CUST01249,2025-07-05,cart_add
CUST01249,2025-07-27,site_visit
CUST01250,2025-01-11,support_ticket
CUST01251,2025-06-12,site_visit
CUST01251,2025-06-12,cart_add
CUST01252,2025-05-16,cart_add
CUST01252,2024-12-12,email_open
CUST01253,2025-05-09,cart_abandon
CUST01254,2025-05-08,cart_abandon
CUST01255,2025-07-14,site_visit
CUST01255,2025-05-27,site_visit
CUST01255,2025-06-06,email_open
CUST01256,2024-11-21,site_visit
CUST01256,2025-05-23,cart_add
CUST01257,2024-11-22,site_visit
CUST01258,2025-06-04,site_visit
CUST01259,2024-10-23,support_ticket
CUST01260,2025-07-17,site_visit
CUST01261,2024-09-30,cart_add
CUST01261,2024-08-18,site_visit
CUST01262,2025-04-24,cart_add
CUST01263,2024-12-12,cart_add
CUST01264,2025-07-24,site_visit
CUST01265,2025-06-08,cart_add
CUST01266,2025-02-08,cart_add
CUST01267,2024-10-14,site_visit
CUST01267,2024-12-27,email_open
CUST01267,2025-04-03,cart_add
CUST01268,2025-06-23,cart_add
CUST01268,2024-12-08,cart_add
CUST01268,2025-06-30,site_visit
CUST01269,2025-05-26,cart_add
CUST01269,2025-04-18,site_visit
CUST01270,2024-08-14,site_visit
CUST01271,2025-03-10,cart_add
CUST01271,2025-06-10,cart_add
CUST01272,2025-05-19,cart_add
CUST01272,2025-06-13,email_open
CUST01272,2025-06-02,cart_add
CUST01273,2025-06-26,site_visit
CUST01273,2025-07-06,email_open
CUST01274,2024-11-08,cart_abandon
CUST01275,2025-02-11,site_visit
CUST01275,2025-01-30,site_visit
CUST01276,2024-04-27,cart_add
CUST01277,2025-06-23,email_open
CUST01278,2025-07-30,support_ticket
CUST01278,2025-07-28,email_open
CUST01278,2025-07-22,cart_abandon
CUST01278,2025-07-25,site_visit
CUST01278,2025-07-30,cart_add
CUST01278,2025-07-27,cart_add
CUST01278,2025-07-26,site_visit
CUST01278,2025-07-30,site_visit
CUST01279,2024-10-11,site_visit
CUST01280,2025-01-15,site_visit
CUST01280,2025-06-01,email_open
CUST01280,2025-03-23,site_visit
CUST01280,2025-01-13,cart_add
CUST01280,2025-06-23,site_visit
CUST01280,2025-04-17,site_visit
CUST01281,2025-06-30,site_visit
CUST01281,2024-12-23,cart_abandon
CUST01282,2025-06-27,email_open
CUST01282,2025-04-30,cart_abandon
CUST01282,2025-06-21,site_visit
CUST01283,2025-03-23,cart_add
CUST01283,2025-07-24,site_visit
CUST01284,2024-10-05,support_ticket
CUST01285,2024-09-22,site_visit
CUST01286,2024-12-05,site_visit
CUST01286,2025-02-03,email_open
CUST01287,2025-01-01,site_visit
CUST01288,2025-01-11,cart_add
CUST01289,2025-06-18,cart_abandon
CUST01290,2024-05-02,site_visit
CUST01291,2025-04-14,cart_abandon
CUST01292,2025-07-07,cart_add
CUST01293,2025-02-12,site_visit
CUST01293,2025-05-18,site_visit
CUST01294,2025-04-24,site_visit
CUST01294,2025-07-24,site_visit
CUST01295,2025-05-07,site_visit
CUST01295,2025-06-27,cart_add
CUST01295,2025-05-31,cart_abandon
CUST01295,2025-05-25,site_visit
CUST01295,2025-06-14,site_visit
CUST01295,2025-06-17,site_visit
CUST01296,2025-05-03,site_visit
CUST01297,2024-10-18,site_visit
CUST01298,2024-10-26,site_visit
CUST01299,2025-02-25,site_visit
CUST01299,2025-06-26,support_ticket
CUST01299,2025-07-31,cart_add
CUST01300,2025-05-05,site_visit
CUST01300,2025-03-21,review_submitted
CUST01300,2025-02-14,site_visit
CUST01301,2025-02-01,cart_add
CUST01302,2025-07-29,review_submitted
CUST01302,2025-07-10,site_visit
CUST01302,2025-07-12,cart_add
CUST01302,2025-06-24,cart_abandon
CUST01302,2025-07-16,email_open
CUST01302,2025-07-02,review_submitted
CUST01302,2025-07-03,cart_add
CUST01303,2024-08-19,site_visit
CUST01304,2025-03-27,site_visit
CUST01304,2025-06-15,email_open
CUST01305,2025-03-20,site_visit
CUST01305,2025-03-26,review_submitted
CUST01306,2025-07-25,cart_add
CUST01306,2025-07-01,cart_add
CUST01306,2025-07-03,cart_add
CUST01306,2025-06-01,site_visit
CUST01307,2025-04-26,cart_abandon
CUST01307,2025-02-23,site_visit
CUST01308,2025-07-11,review_submitted
CUST01308,2025-07-30,site_visit
CUST01308,2025-07-24,site_visit
CUST01308,2025-07-16,cart_abandon
CUST01309,2025-03-06,cart_add
CUST01310,2025-05-24,cart_add
CUST01310,2025-04-30,cart_add
CUST01310,2025-04-27,review_submitted
CUST01311,2024-06-05,site_visit
CUST01311,2025-02-22,support_ticket
CUST01311,2024-04-23,cart_abandon
CUST01311,2025-05-29,site_visit
CUST01311,2025-06-27,cart_abandon
CUST01311,2024-06-02,email_open
CUST01311,2024-06-23,email_open
CUST01311,2024-04-13,cart_abandon
CUST01311,2024-09-26,cart_abandon
CUST01311,2024-08-10,site_visit
CUST01311,2025-01-18,cart_abandon
CUST01311,2025-02-18,site_visit
CUST01312,2025-07-18,cart_abandon
CUST01312,2025-07-11,support_ticket
CUST01312,2025-07-26,review_submitted
CUST01312,2025-07-17,cart_add
CUST01312,2025-07-21,cart_abandon
CUST01312,2025-07-13,cart_add
CUST01312,2025-07-28,email_open
CUST01312,2025-06-06,review_submitted
CUST01313,2025-05-01,site_visit
CUST01313,2024-12-20,site_visit
CUST01314,2025-07-28,site_visit
CUST01314,2025-04-27,cart_abandon
CUST01314,2025-05-01,cart_add
CUST01314,2025-07-09,cart_add
CUST01314,2025-06-19,cart_abandon
CUST01315,2025-01-22,site_visit
CUST01315,2025-03-06,cart_add
CUST01315,2024-11-29,site_visit
CUST01315,2025-02-13,site_visit
CUST01316,2025-05-30,cart_abandon
CUST01317,2025-02-02,site_visit
CUST01317,2024-12-22,cart_abandon
CUST01317,2024-12-15,email_open
CUST01318,2025-03-28,email_open
CUST01318,2025-03-03,cart_add
CUST01318,2025-06-10,cart_add
CUST01318,2025-05-29,cart_abandon
CUST01319,2024-09-01,site_visit
CUST01320,2024-12-24,site_visit
CUST01321,2024-07-12,site_visit
CUST01321,2024-11-24,site_visit
CUST01321,2024-12-28,cart_add
CUST01322,2025-02-09,site_visit
CUST01323,2025-06-01,site_visit
CUST01323,2025-06-26,site_visit
CUST01323,2025-07-01,site_visit
CUST01323,2025-06-20,review_submitted
CUST01323,2025-06-03,email_open
CUST01323,2025-06-10,cart_abandon
CUST01323,2025-06-30,email_open
CUST01323,2025-06-16,site_visit
CUST01324,2024-06-23,site_visit
CUST01325,2025-07-21,cart_add
CUST01325,2025-07-21,cart_add
CUST01325,2025-07-19,cart_add
CUST01326,2024-09-09,site_visit
CUST01327,2025-05-06,email_open
CUST01328,2025-04-03,site_visit
CUST01328,2025-05-23,site_visit
CUST01328,2025-07-15,cart_abandon
CUST01328,2025-07-09,site_visit
CUST01329,2025-05-28,cart_add
CUST01329,2025-07-30,site_visit
CUST01329,2025-02-18,cart_add
CUST01329,2025-02-02,site_visit
CUST01329,2025-04-21,site_visit
CUST01329,2025-06-10,support_ticket
CUST01329,2025-04-27,cart_add
CUST01329,2025-04-29,cart_add
CUST01329,2025-01-19,cart_add
CUST01330,2025-01-23,support_ticket
CUST01331,2025-04-15,cart_add
CUST01332,2025-03-23,email_open
CUST01332,2025-02-19,cart_add
CUST01333,2025-05-27,site_visit
CUST01334,2025-07-28,site_visit
CUST01334,2025-07-31,site_visit
CUST01334,2025-07-31,site_visit
CUST01334,2025-07-28,site_visit
CUST01335,2025-07-17,site_visit
CUST01335,2025-07-27,site_visit
CUST01335,2025-07-19,site_visit
CUST01335,2025-07-20,site_visit
CUST01335,2025-07-21,site_visit
CUST01335,2025-07-29,review_submitted
CUST01335,2025-07-26,site_visit
CUST01335,2025-07-31,email_open
CUST01335,2025-07-28,review_submitted
CUST01335,2025-07-20,cart_add
CUST01336,2025-03-01,review_submitted
CUST01336,2025-03-09,cart_add
CUST01337,2025-01-14,site_visit
CUST01338,2025-04-07,site_visit
CUST01339,2025-07-30,site_visit
CUST01340,2025-07-06,cart_add
CUST01341,2025-04-13,site_visit
CUST01342,2025-06-05,site_visit
CUST01342,2024-12-02,site_visit
CUST01343,2025-07-01,site_visit
CUST01343,2025-07-20,site_visit
CUST01343,2025-06-05,site_visit
CUST01343,2025-05-21,cart_add
CUST01343,2025-07-02,review_submitted
CUST01344,2025-04-12,email_open
CUST01344,2025-07-24,site_visit
CUST01344,2025-07-27,email_open
CUST01344,2025-07-05,support_ticket
CUST01345,2025-06-20,site_visit
CUST01346,2025-06-14,cart_abandon
CUST01347,2024-09-08,site_visit
CUST01348,2025-05-20,site_visit
CUST01349,2025-07-31,cart_abandon
CUST01349,2025-07-25,cart_add
CUST01349,2025-07-25,site_visit
CUST01349,2025-07-24,cart_abandon
CUST01349,2025-07-24,support_ticket
CUST01349,2025-07-30,email_open
CUST01350,2024-06-01,site_visit
CUST01350,2024-04-28,site_visit
CUST01351,2025-07-02,cart_abandon
CUST01351,2025-06-12,site_visit
CUST01351,2025-06-01,site_visit
CUST01351,2025-06-26,cart_add
CUST01352,2025-06-02,site_visit
CUST01352,2025-03-15,cart_add
CUST01353,2025-05-28,cart_add
CUST01353,2025-03-14,cart_add
CUST01354,2025-03-20,site_visit
CUST01354,2025-04-21,cart_abandon
CUST01354,2025-07-28,site_visit
CUST01355,2025-06-10,site_visit
CUST01356,2025-07-24,site_visit
CUST01356,2025-05-23,site_visit
CUST01356,2025-06-24,cart_add
CUST01356,2025-06-10,cart_add
CUST01357,2025-07-30,site_visit
CUST01357,2025-06-21,review_submitted
CUST01357,2025-07-26,site_visit
CUST01357,2025-06-13,site_visit
CUST01357,2025-06-20,site_visit
CUST01357,2025-06-27,site_visit
CUST01357,2025-06-26,cart_add
CUST01357,2025-07-01,cart_add
CUST01358,2024-11-26,site_visit
CUST01358,2025-04-18,cart_abandon
CUST01359,2024-11-01,cart_abandon
CUST01360,2025-02-01,site_visit
CUST01360,2025-07-28,review_submitted
CUST01361,2025-07-07,site_visit
CUST01361,2025-07-07,site_visit
CUST01361,2025-06-16,cart_add
CUST01361,2025-06-15,cart_add
CUST01361,2025-06-15,site_visit
CUST01361,2025-06-30,site_visit
CUST01361,2025-07-03,site_visit
CUST01362,2025-06-14,email_open
CUST01363,2025-04-05,site_visit
CUST01363,2025-02-27,site_visit
CUST01364,2025-07-28,site_visit
CUST01364,2025-07-18,site_visit
CUST01365,2025-05-01,site_visit
CUST01365,2025-04-11,support_ticket
CUST01365,2025-07-30,site_visit
CUST01366,2025-01-22,cart_add
CUST01366,2025-05-05,site_visit
CUST01367,2025-05-11,cart_add
CUST01368,2025-07-04,cart_add
CUST01368,2025-07-29,site_visit
CUST01368,2025-07-17,cart_add
CUST01368,2025-06-29,cart_add
CUST01368,2025-06-19,site_visit
CUST01369,2024-09-30,site_visit
CUST01370,2025-01-10,site_visit
CUST01371,2025-07-15,site_visit
CUST01371,2025-07-28,email_open
CUST01371,2025-07-21,cart_abandon
CUST01371,2025-07-28,site_visit
CUST01371,2025-07-30,site_visit
CUST01371,2025-07-20,review_submitted
CUST01371,2025-07-13,site_visit
CUST01371,2025-07-14,site_visit
CUST01371,2025-07-26,cart_add
CUST01371,2025-07-19,site_visit
CUST01371,2025-07-16,email_open
CUST01371,2025-07-31,cart_add
CUST01372,2025-02-10,cart_add
CUST01373,2025-06-13,site_visit
CUST01373,2025-06-29,email_open
CUST01373,2025-06-11,site_visit
CUST01373,2025-06-29,site_visit
CUST01374,2025-02-15,site_visit
CUST01375,2025-01-27,cart_abandon
CUST01376,2025-05-31,cart_add
CUST01376,2025-07-11,site_visit
CUST01376,2025-06-15,site_visit
CUST01376,2025-05-26,support_ticket
CUST01377,2025-04-19,support_ticket
CUST01377,2025-01-04,site_visit
CUST01378,2025-03-14,email_open
CUST01378,2024-11-19,site_visit
CUST01379,2025-01-17,site_visit
CUST01380,2025-02-26,email_open
CUST01380,2024-12-31,cart_add
CUST01380,2025-05-09,site_visit
CUST01380,2025-05-08,cart_add
CUST01381,2024-12-12,review_submitted
CUST01382,2024-11-04,email_open
CUST01383,2025-07-29,cart_abandon
CUST01383,2025-07-14,site_visit
CUST01383,2025-07-30,site_visit
CUST01383,2025-07-29,cart_add
CUST01383,2025-07-31,review_submitted
CUST01383,2025-07-16,site_visit
CUST01383,2025-07-12,site_visit
CUST01383,2025-07-12,cart_add
CUST01384,2024-09-25,cart_abandon
CUST01385,2025-03-04,cart_abandon
CUST01385,2025-04-27,email_open
CUST01386,2024-11-19,cart_abandon
CUST01387,2025-06-28,site_visit
CUST01387,2025-07-21,cart_add
CUST01387,2025-07-04,cart_add
CUST01388,2024-10-17,cart_abandon
CUST01389,2025-07-17,site_visit
CUST01389,2025-07-22,cart_add
CUST01389,2025-07-16,site_visit
CUST01389,2025-07-22,site_visit
CUST01389,2025-07-21,site_visit
CUST01390,2025-04-12,cart_abandon
CUST01390,2025-05-13,site_visit
CUST01390,2024-12-26,cart_abandon
CUST01390,2025-01-11,cart_abandon
CUST01390,2025-07-14,cart_abandon
CUST01391,2025-06-17,cart_abandon
CUST01392,2025-06-14,cart_add
CUST01393,2025-03-25,review_submitted
CUST01394,2024-12-24,site_visit
CUST01394,2025-05-20,cart_add
CUST01394,2025-04-19,cart_add
CUST01394,2025-04-10,site_visit
CUST01394,2025-06-01,cart_add
CUST01394,2025-05-31,site_visit
CUST01394,2025-02-18,site_visit
CUST01394,2025-07-01,site_visit
CUST01395,2025-07-27,site_visit
CUST01396,2025-07-07,cart_abandon
CUST01396,2025-06-08,site_visit
CUST01397,2024-11-05,cart_add
CUST01398,2025-03-09,cart_add
CUST01399,2025-02-24,site_visit
CUST01399,2025-06-19,cart_add
CUST01399,2025-07-19,email_open
CUST01399,2024-12-22,cart_add
CUST01399,2025-01-05,review_submitted
CUST01399,2025-07-29,cart_abandon
CUST01399,2025-01-29,site_visit
CUST01400,2025-07-04,email_open
CUST01400,2025-04-02,cart_abandon
CUST01401,2025-07-13,review_submitted
CUST01402,2024-08-28,cart_abandon
CUST01403,2024-02-27,cart_add
CUST01404,2025-07-07,cart_add
CUST01404,2025-05-29,site_visit
CUST01404,2025-03-02,site_visit
CUST01405,2025-07-03,review_submitted
CUST01406,2025-04-02,cart_add
CUST01407,2025-05-12,site_visit
CUST01407,2025-07-27,site_visit
CUST01407,2025-07-08,site_visit
CUST01408,2025-07-05,site_visit
CUST01408,2025-06-09,cart_add
CUST01408,2025-06-20,email_open
CUST01408,2025-05-20,email_open
CUST01408,2025-06-03,site_visit
CUST01409,2025-03-24,email_open
CUST01410,2025-06-20,site_visit
CUST01410,2025-06-02,site_visit
CUST01410,2025-07-24,cart_add
CUST01410,2025-06-12,cart_add
CUST01411,2024-06-18,email_open
CUST01412,2025-04-02,cart_add
CUST01413,2025-02-28,cart_abandon
CUST01414,2024-10-21,email_open
CUST01415,2025-06-17,review_submitted
CUST01415,2025-07-15,email_open
CUST01415,2025-02-13,cart_add
CUST01416,2025-07-30,email_open
CUST01416,2025-06-27,support_ticket
CUST01416,2025-07-21,site_visit
CUST01416,2025-07-14,site_visit
CUST01416,2025-07-27,cart_add
CUST01416,2025-07-17,support_ticket
CUST01416,2025-06-26,site_visit
CUST01416,2025-07-21,cart_add
CUST01416,2025-07-21,email_open
CUST01417,2025-05-29,site_visit
CUST01418,2024-08-22,email_open
CUST01419,2024-11-25,email_open
CUST01420,2025-06-23,site_visit
CUST01420,2025-07-16,site_visit
CUST01420,2025-07-15,email_open
CUST01420,2025-07-20,cart_add
CUST01420,2025-07-24,site_visit
CUST01420,2025-07-04,site_visit
CUST01420,2025-07-24,site_visit
CUST01421,2024-10-11,cart_abandon
CUST01422,2025-03-31,site_visit
CUST01422,2025-04-22,site_visit
CUST01423,2024-10-19,cart_add
CUST01424,2024-12-02,site_visit
CUST01425,2025-07-24,email_open
CUST01425,2025-07-28,cart_add
CUST01425,2025-07-30,cart_add
CUST01426,2025-07-24,site_visit
CUST01426,2025-07-24,cart_add
CUST01426,2025-07-24,site_visit
CUST01426,2025-07-20,cart_add
CUST01426,2025-07-17,cart_abandon
CUST01426,2025-07-18,site_visit
CUST01427,2024-10-08,support_ticket
CUST01428,2025-07-06,cart_add
CUST01429,2025-04-02,review_submitted
CUST01429,2025-03-28,cart_add
CUST01430,2025-07-13,site_visit
CUST01430,2025-05-26,review_submitted
CUST01430,2025-07-11,site_visit
CUST01430,2025-07-21,site_visit
CUST01430,2025-07-07,site_visit
CUST01430,2025-06-08,cart_add
CUST01430,2025-07-24,site_visit
CUST01431,2024-11-25,support_ticket
CUST01432,2025-07-30,cart_abandon
CUST01432,2025-06-04,review_submitted
CUST01433,2025-05-29,email_open
CUST01434,2025-06-25,cart_add
CUST01434,2025-02-15,site_visit
CUST01435,2025-04-04,cart_add
CUST01436,2024-03-09,cart_add
CUST01437,2025-03-09,email_open
CUST01438,2025-05-14,cart_add
CUST01438,2025-05-08,cart_abandon
CUST01438,2025-07-19,cart_add
CUST01439,2025-04-29,email_open
CUST01440,2025-04-27,email_open
CUST01440,2025-02-01,cart_abandon
CUST01440,2025-07-31,email_open
CUST01441,2025-07-12,site_visit
CUST01441,2025-07-18,cart_abandon
CUST01441,2025-07-15,site_visit
CUST01441,2025-07-16,cart_abandon
CUST01441,2025-07-22,support_ticket
CUST01441,2025-07-16,review_submitted
CUST01441,2025-07-22,cart_add
CUST01441,2025-07-27,cart_add
CUST01441,2025-07-16,email_open
CUST01442,2025-07-10,site_visit
CUST01443,2025-03-27,review_submitted
CUST01443,2025-01-31,site_visit
CUST01444,2024-12-06,site_visit
CUST01444,2024-11-23,site_visit
CUST01445,2025-06-15,email_open
CUST01445,2025-07-13,cart_add
CUST01445,2025-07-15,cart_add
CUST01445,2025-06-25,site_visit
CUST01445,2025-07-17,cart_abandon
CUST01445,2025-07-18,site_visit
CUST01445,2025-06-09,cart_abandon
CUST01445,2025-05-25,email_open
CUST01445,2025-05-24,site_visit
CUST01446,2025-02-28,cart_abandon
CUST01447,2025-06-05,email_open
CUST01447,2025-05-09,cart_add
CUST01447,2025-07-21,cart_abandon
CUST01447,2025-03-18,site_visit
CUST01448,2025-05-14,cart_abandon
CUST01448,2025-07-02,cart_abandon
CUST01448,2025-06-30,site_visit
CUST01448,2025-05-05,cart_add
CUST01448,2025-06-21,email_open
CUST01448,2025-06-06,site_visit
CUST01448,2025-06-02,review_submitted
CUST01448,2025-07-31,cart_abandon
CUST01448,2025-05-18,cart_add
CUST01449,2025-07-06,email_open
CUST01449,2025-07-04,cart_abandon
CUST01449,2025-07-31,cart_add
CUST01449,2025-07-20,cart_abandon
CUST01449,2025-07-28,cart_abandon
CUST01449,2025-07-25,email_open
CUST01449,2025-06-28,cart_add
CUST01449,2025-06-29,cart_add
CUST01450,2025-04-16,site_visit
CUST01450,2025-03-11,cart_add
CUST01450,2025-05-20,email_open
CUST01450,2025-07-18,cart_add
CUST01451,2025-06-12,cart_abandon
CUST01451,2025-07-04,site_visit
CUST01452,2025-01-09,site_visit
CUST01452,2024-12-30,site_visit
CUST01453,2025-06-05,site_visit
CUST01453,2025-07-16,site_visit
CUST01453,2025-07-04,site_visit
CUST01453,2025-06-11,email_open
CUST01453,2025-07-25,site_visit
CUST01453,2025-06-05,site_visit
CUST01454,2025-06-08,cart_abandon
CUST01455,2024-02-21,site_visit
CUST01456,2025-07-04,cart_abandon
CUST01456,2025-07-25,site_visit
CUST01456,2025-07-30,cart_abandon
CUST01457,2025-05-25,review_submitted
CUST01457,2025-05-29,cart_add
CUST01457,2025-07-05,cart_abandon
CUST01458,2025-02-18,site_visit
CUST01459,2025-06-30,site_visit
CUST01460,2025-06-09,site_visit
CUST01460,2025-07-12,cart_abandon
CUST01460,2025-01-14,cart_add
CUST01460,2025-05-29,site_visit
CUST01460,2025-04-23,site_visit
CUST01460,2025-07-06,cart_abandon
CUST01461,2025-07-13,site_visit
CUST01461,2024-12-16,cart_abandon
CUST01462,2025-03-08,site_visit
CUST01463,2024-10-19,email_open
CUST01464,2025-01-27,cart_abandon
CUST01464,2025-05-19,cart_add
CUST01464,2025-05-14,cart_add
CUST01464,2025-01-23,email_open
CUST01464,2025-06-23,site_visit
CUST01465,2025-07-30,cart_add
CUST01465,2025-07-31,site_visit
CUST01465,2025-07-30,cart_add
CUST01465,2025-07-31,cart_add
CUST01465,2025-07-31,site_visit
CUST01465,2025-07-30,cart_add
CUST01465,2025-07-31,cart_add
CUST01465,2025-07-31,review_submitted
CUST01465,2025-07-31,cart_abandon
CUST01465,2025-07-30,site_visit
CUST01465,2025-07-31,site_visit
CUST01465,2025-07-31,cart_add
CUST01466,2025-02-22,site_visit
CUST01467,2025-07-20,site_visit
CUST01467,2025-07-24,cart_add
CUST01467,2025-07-24,site_visit
CUST01467,2025-07-22,email_open
CUST01467,2025-07-19,cart_abandon
CUST01467,2025-07-30,cart_add
CUST01467,2025-07-22,cart_add
CUST01467,2025-07-17,site_visit
CUST01467,2025-07-20,support_ticket
CUST01467,2025-07-27,site_visit
CUST01467,2025-07-19,cart_add
CUST01468,2024-11-23,cart_abandon
CUST01469,2025-06-06,cart_abandon
CUST01469,2025-06-18,cart_add
CUST01469,2025-06-27,site_visit
CUST01469,2025-06-11,cart_abandon
CUST01469,2025-07-04,cart_abandon
CUST01469,2025-05-31,site_visit
CUST01469,2025-05-22,cart_add
CUST01469,2025-07-27,email_open
CUST01470,2025-07-02,cart_add
CUST01470,2025-07-12,email_open
CUST01471,2025-06-19,site_visit
CUST01471,2025-07-23,cart_abandon
CUST01471,2025-05-05,cart_abandon
CUST01472,2025-06-24,site_visit
CUST01473,2025-06-28,review_submitted
CUST01473,2025-06-21,site_visit
CUST01473,2025-06-01,email_open
CUST01473,2025-07-17,cart_add
CUST01473,2025-07-02,site_visit
CUST01474,2025-06-06,site_visit
CUST01475,2024-12-08,cart_add
CUST01476,2025-06-05,cart_add
CUST01476,2025-03-11,cart_abandon
CUST01476,2025-06-19,cart_add
CUST01477,2025-06-27,cart_add
CUST01477,2025-06-01,cart_add
CUST01477,2025-06-13,cart_add
CUST01478,2025-07-21,cart_abandon
CUST01478,2025-05-26,site_visit
CUST01478,2025-07-21,site_visit
CUST01479,2025-07-04,cart_add
CUST01479,2025-07-04,email_open
CUST01479,2025-06-01,cart_abandon
CUST01479,2025-05-20,site_visit
CUST01480,2025-04-24,cart_abandon
CUST01481,2025-06-12,site_visit
CUST01481,2025-06-18,site_visit
CUST01481,2025-07-13,cart_add
CUST01482,2024-12-31,cart_abandon
CUST01483,2025-07-18,review_submitted
CUST01483,2025-01-12,site_visit
CUST01484,2025-01-19,cart_abandon
CUST01485,2024-09-15,cart_abandon
CUST01486,2025-07-28,email_open
CUST01487,2024-09-29,cart_add
CUST01488,2025-03-12,site_visit
CUST01488,2025-02-23,cart_add
CUST01488,2025-04-03,site_visit
CUST01488,2025-03-29,site_visit
CUST01488,2025-05-31,site_visit
CUST01489,2024-11-25,email_open
CUST01490,2024-12-27,cart_add
CUST01491,2024-08-12,site_visit
CUST01492,2024-12-20,site_visit
CUST01493,2025-05-10,cart_abandon
CUST01494,2025-05-08,review_submitted
CUST01495,2025-04-25,site_visit
CUST01495,2025-02-12,cart_add
CUST01496,2025-07-15,cart_abandon
CUST01496,2025-03-31,site_visit
CUST01497,2025-03-24,site_visit
CUST01497,2025-07-16,cart_abandon
CUST01498,2025-02-06,cart_abandon
CUST01499,2025-01-26,site_visit
CUST01500,2025-06-07,review_submitted
CUST01500,2025-07-28,cart_add
CUST01500,2025-07-21,email_open
CUST01500,2025-06-14,site_visit
CUST01500,2025-05-23,email_open
CUST01501,2025-01-24,site_visit
CUST01502,2025-07-15,support_ticket
CUST01503,2024-04-17,email_open
CUST01504,2024-10-06,site_visit
CUST01505,2025-01-07,cart_add
CUST01506,2025-01-14,site_visit
CUST01506,2024-11-06,site_visit
CUST01506,2025-05-13,email_open
CUST01506,2025-05-23,cart_add
CUST01506,2025-02-03,site_visit
CUST01507,2025-04-09,email_open
CUST01507,2025-05-17,review_submitted
CUST01507,2025-05-25,cart_add
CUST01508,2025-07-16,site_visit
CUST01508,2025-01-07,cart_abandon
CUST01508,2025-02-07,site_visit
CUST01508,2025-01-06,site_visit
CUST01509,2025-04-07,site_visit
CUST01509,2025-04-10,cart_add
CUST01509,2025-06-24,site_visit
CUST01509,2025-02-12,site_visit
CUST01510,2025-07-05,site_visit
CUST01510,2025-04-13,site_visit
CUST01510,2025-05-09,cart_abandon
CUST01510,2025-06-30,cart_add
CUST01510,2025-05-21,email_open
CUST01510,2025-05-14,site_visit
CUST01510,2025-05-06,cart_abandon
CUST01511,2025-06-10,cart_abandon
CUST01511,2025-07-25,email_open
CUST01511,2025-07-11,site_visit
CUST01511,2025-05-26,cart_abandon
CUST01512,2025-07-07,site_visit
CUST01512,2025-04-21,cart_add
CUST01512,2025-05-21,site_visit
CUST01512,2025-03-15,site_visit
CUST01513,2025-07-06,site_visit
CUST01513,2025-07-19,email_open
CUST01513,2025-07-29,cart_abandon
CUST01513,2025-07-03,cart_add
CUST01513,2025-07-27,cart_abandon
CUST01513,2025-07-31,email_open
CUST01513,2025-07-08,cart_abandon
CUST01513,2025-07-16,cart_add
CUST01513,2025-07-23,site_visit
CUST01513,2025-07-07,site_visit
CUST01514,2025-02-02,cart_add
CUST01515,2025-03-26,site_visit
CUST01516,2024-07-06,site_visit
CUST01517,2025-03-29,email_open
CUST01517,2025-07-03,site_visit
CUST01517,2025-03-02,site_visit
CUST01517,2025-07-26,review_submitted
CUST01518,2025-06-27,site_visit
CUST01518,2025-07-31,cart_add
CUST01519,2025-06-07,cart_add
CUST01520,2025-07-12,cart_add
CUST01520,2025-07-21,site_visit
CUST01520,2025-06-23,email_open
CUST01520,2025-07-31,site_visit
CUST01521,2024-05-20,email_open
CUST01522,2025-07-25,site_visit
CUST01522,2025-06-24,cart_abandon
CUST01523,2025-01-03,cart_add
CUST01523,2024-09-21,cart_add
CUST01524,2024-11-26,site_visit
CUST01525,2025-03-05,site_visit
CUST01525,2025-01-26,cart_abandon
CUST01526,2024-12-16,support_ticket
CUST01527,2025-02-11,cart_abandon
CUST01528,2025-07-22,cart_add
CUST01529,2025-06-24,site_visit
CUST01529,2025-07-02,cart_abandon
CUST01530,2025-03-31,cart_add
CUST01531,2025-02-27,support_ticket
CUST01532,2025-05-14,email_open
CUST01532,2025-03-23,cart_add
CUST01532,2025-06-07,site_visit
CUST01533,2025-06-17,site_visit
CUST01533,2025-06-15,site_visit
CUST01533,2025-06-27,email_open
CUST01534,2024-10-23,support_ticket
CUST01535,2025-07-25,cart_abandon
CUST01536,2025-01-10,cart_abandon
CUST01537,2025-01-14,site_visit
CUST01538,2025-04-21,cart_abandon
CUST01538,2025-06-01,site_visit
CUST01538,2025-05-15,site_visit
CUST01538,2025-03-30,cart_add
CUST01539,2025-02-18,site_visit
CUST01540,2025-05-07,site_visit
CUST01540,2025-04-11,email_open
CUST01541,2025-03-04,site_visit
CUST01541,2025-07-30,site_visit
CUST01541,2025-02-18,email_open
CUST01541,2025-03-31,cart_abandon
CUST01541,2025-03-05,site_visit
CUST01541,2025-07-07,site_visit
CUST01542,2025-07-18,site_visit
CUST01543,2025-03-07,site_visit
CUST01544,2024-06-28,support_ticket
CUST01545,2025-07-08,site_visit
CUST01545,2025-07-08,review_submitted
CUST01545,2025-07-27,cart_abandon
CUST01545,2025-07-14,site_visit
CUST01545,2025-07-24,cart_abandon
CUST01545,2025-07-11,site_visit
CUST01545,2025-07-19,site_visit
CUST01545,2025-07-19,site_visit
CUST01545,2025-07-31,email_open
CUST01546,2025-01-13,cart_abandon
CUST01546,2025-07-22,site_visit
CUST01547,2025-05-09,site_visit
CUST01547,2025-04-29,cart_add
CUST01547,2025-05-13,site_visit
CUST01547,2025-06-18,site_visit
CUST01547,2025-07-15,site_visit
CUST01548,2025-05-17,cart_abandon
CUST01549,2025-07-08,cart_add
CUST01550,2025-04-12,cart_add
CUST01550,2025-04-04,cart_abandon
CUST01551,2025-07-24,site_visit
CUST01551,2025-07-31,site_visit
CUST01551,2025-07-26,site_visit
CUST01551,2025-07-17,email_open
CUST01551,2025-07-22,review_submitted
CUST01551,2025-07-01,site_visit
CUST01552,2024-12-15,site_visit
CUST01552,2025-06-02,site_visit
CUST01553,2025-06-25,site_visit
CUST01554,2025-07-31,site_visit
CUST01554,2025-06-18,email_open
CUST01554,2025-06-05,cart_add
CUST01554,2025-06-02,cart_add
CUST01554,2025-06-21,site_visit
CUST01554,2025-07-28,cart_abandon
CUST01555,2025-06-21,email_open
CUST01556,2025-06-21,site_visit
CUST01557,2025-04-20,site_visit
CUST01557,2025-01-15,cart_add
CUST01558,2025-05-06,site_visit
CUST01559,2025-07-14,site_visit
CUST01559,2025-07-08,email_open
CUST01559,2025-05-09,site_visit
CUST01559,2025-07-31,site_visit
CUST01560,2025-06-13,site_visit
CUST01560,2025-07-05,support_ticket
CUST01560,2025-06-09,site_visit
CUST01561,2024-11-14,cart_abandon
CUST01562,2024-11-06,site_visit
CUST01563,2025-04-11,site_visit
CUST01563,2025-06-12,review_submitted
CUST01563,2025-05-21,cart_add
CUST01563,2025-05-26,support_ticket
CUST01563,2025-05-20,site_visit
CUST01564,2024-11-21,cart_add
CUST01565,2025-07-25,site_visit
CUST01565,2025-06-23,site_visit
CUST01565,2025-05-02,cart_add
CUST01565,2025-05-09,email_open
CUST01565,2025-06-19,cart_add
CUST01565,2025-05-11,site_visit
CUST01565,2025-07-24,cart_abandon
CUST01566,2024-12-21,site_visit
CUST01567,2025-05-29,cart_abandon
CUST01567,2025-05-23,site_visit
CUST01567,2025-07-09,site_visit
CUST01568,2025-04-10,site_visit
CUST01569,2025-04-24,site_visit
CUST01569,2025-06-11,site_visit
CUST01570,2025-02-20,cart_add
CUST01570,2025-05-18,site_visit
CUST01571,2025-06-22,cart_abandon
CUST01572,2024-07-10,cart_abandon
CUST01573,2025-04-25,email_open
CUST01573,2025-04-09,cart_add
CUST01573,2025-03-24,site_visit
CUST01573,2025-07-12,site_visit
CUST01574,2025-06-07,cart_abandon
CUST01574,2025-07-21,site_visit
CUST01575,2025-06-23,site_visit
CUST01576,2024-12-17,cart_add
CUST01577,2025-05-25,site_visit
CUST01578,2025-03-08,site_visit
CUST01579,2025-01-17,email_open
CUST01579,2024-12-20,site_visit
CUST01580,2025-04-10,site_visit
CUST01580,2025-05-26,review_submitted
CUST01581,2025-06-29,email_open
CUST01582,2025-06-11,site_visit
CUST01583,2025-07-12,site_visit
CUST01583,2025-06-15,cart_abandon
CUST01584,2024-12-21,site_visit
CUST01585,2025-07-31,cart_abandon
CUST01585,2025-07-25,cart_add
CUST01586,2024-04-28,site_visit
CUST01587,2025-07-15,email_open
CUST01587,2025-05-07,site_visit
CUST01587,2025-05-09,cart_add
CUST01587,2025-03-20,site_visit
CUST01588,2025-02-21,site_visit
CUST01589,2025-02-08,cart_abandon
CUST01590,2025-04-12,site_visit
CUST01591,2025-02-21,site_visit
CUST01591,2025-04-07,cart_add
CUST01591,2025-02-19,email_open
CUST01592,2025-07-25,cart_add
CUST01592,2025-07-26,cart_abandon
CUST01592,2025-07-26,email_open
CUST01592,2025-07-28,site_visit
CUST01592,2025-07-30,support_ticket
CUST01592,2025-07-30,email_open
CUST01592,2025-07-30,site_visit
CUST01592,2025-07-30,cart_abandon
CUST01592,2025-07-30,email_open
CUST01592,2025-07-30,site_visit
CUST01592,2025-07-30,site_visit
CUST01593,2024-08-17,cart_add
CUST01594,2024-12-18,site_visit
CUST01594,2024-11-08,cart_add
CUST01595,2025-04-06,site_visit
CUST01595,2025-03-05,site_visit
CUST01596,2025-04-12,support_ticket
CUST01596,2025-06-26,support_ticket
CUST01596,2024-12-14,site_visit
CUST01596,2025-01-01,cart_abandon
CUST01596,2024-12-13,email_open
CUST01596,2025-03-19,site_visit
CUST01596,2025-06-13,site_visit
CUST01596,2025-07-25,site_visit
CUST01597,2025-01-14,review_submitted
CUST01598,2025-07-30,cart_add
CUST01599,2024-08-18,cart_add
CUST01600,2025-06-13,cart_add
CUST01600,2025-06-28,site_visit
CUST01600,2025-06-30,site_visit
CUST01600,2025-06-12,site_visit
CUST01601,2024-10-01,site_visit
CUST01602,2025-06-06,site_visit
CUST01603,2025-05-09,site_visit
CUST01603,2024-09-06,cart_add
CUST01604,2024-12-27,site_visit
CUST01605,2024-11-14,cart_add
CUST01606,2025-03-16,site_visit
CUST01606,2025-04-18,cart_abandon
CUST01607,2025-02-04,review_submitted
CUST01608,2025-05-09,site_visit
CUST01608,2025-07-07,cart_abandon
CUST01608,2025-05-29,cart_add
CUST01608,2025-06-08,cart_add
CUST01609,2024-12-09,email_open
CUST01610,2025-06-28,site_visit
CUST01610,2025-07-19,cart_add
CUST01610,2025-04-15,cart_add
CUST01611,2025-06-02,site_visit
CUST01611,2025-07-30,cart_abandon
CUST01611,2025-07-14,cart_abandon
CUST01611,2025-07-15,cart_abandon
CUST01611,2025-07-11,email_open
CUST01611,2025-05-30,cart_add
CUST01612,2025-04-13,review_submitted
CUST01613,2025-03-09,site_visit
CUST01614,2025-02-24,cart_abandon
CUST01614,2024-12-01,site_visit
CUST01615,2025-05-23,site_visit
CUST01616,2025-01-28,cart_abandon
CUST01616,2025-02-04,support_ticket
CUST01616,2025-06-12,review_submitted
CUST01617,2025-07-31,email_open
CUST01617,2025-07-29,cart_add
CUST01617,2025-07-29,site_visit
CUST01617,2025-07-30,site_visit
CUST01617,2025-07-29,site_visit
CUST01618,2025-02-26,email_open
CUST01618,2025-07-03,cart_add
CUST01619,2025-01-06,site_visit
CUST01619,2025-02-18,site_visit
CUST01619,2025-07-30,cart_add
CUST01619,2025-03-31,cart_add
CUST01619,2025-07-14,site_visit
CUST01620,2025-04-04,cart_abandon
CUST01620,2025-05-24,site_visit
CUST01621,2025-03-25,cart_abandon
CUST01621,2025-06-24,site_visit
CUST01621,2024-12-01,cart_abandon
CUST01622,2025-07-21,site_visit
CUST01623,2025-03-03,review_submitted
CUST01623,2025-03-12,email_open
CUST01623,2025-07-24,site_visit
CUST01623,2025-07-23,site_visit
CUST01623,2025-02-02,site_visit
CUST01623,2025-02-04,cart_add
CUST01623,2025-06-29,site_visit
CUST01623,2025-06-07,support_ticket
CUST01623,2025-02-15,cart_abandon
CUST01624,2025-07-07,site_visit
CUST01624,2025-07-27,cart_abandon
CUST01624,2025-07-13,cart_add
CUST01624,2025-07-13,cart_add
CUST01624,2025-07-24,cart_add
CUST01624,2025-07-30,cart_abandon
CUST01624,2025-07-12,cart_add
CUST01624,2025-07-06,cart_abandon
CUST01625,2025-01-31,site_visit
CUST01626,2025-03-01,cart_add
CUST01626,2025-02-17,email_open
CUST01626,2025-06-20,email_open
CUST01627,2024-11-01,cart_add
CUST01628,2025-02-25,site_visit
CUST01628,2025-03-10,site_visit
CUST01628,2025-04-14,site_visit
CUST01628,2025-04-20,site_visit
CUST01628,2025-01-25,cart_abandon
CUST01628,2025-07-02,email_open
CUST01628,2024-11-27,site_visit
CUST01629,2024-04-18,cart_abandon
CUST01630,2025-07-23,cart_add
CUST01630,2025-04-04,cart_add
CUST01630,2025-01-03,cart_abandon
CUST01630,2025-01-20,cart_add
CUST01630,2025-07-08,cart_add
CUST01630,2025-02-10,cart_abandon
CUST01631,2025-04-03,site_visit
CUST01631,2025-04-26,cart_abandon
CUST01631,2025-05-03,cart_abandon
CUST01631,2025-07-29,cart_add
CUST01631,2025-03-28,cart_abandon
CUST01631,2025-07-22,site_visit
CUST01631,2025-06-09,email_open
CUST01632,2024-11-15,cart_add
CUST01633,2025-07-07,cart_add
CUST01633,2025-01-22,site_visit
CUST01634,2025-06-29,email_open
CUST01634,2025-07-25,review_submitted
CUST01634,2025-06-04,site_visit
CUST01634,2025-06-13,site_visit
CUST01634,2025-07-01,cart_add
CUST01635,2025-07-27,site_visit
CUST01635,2025-07-08,email_open
CUST01635,2025-07-19,site_visit
CUST01635,2025-07-09,cart_abandon
CUST01635,2025-06-19,site_visit
CUST01636,2024-09-27,site_visit
CUST01637,2025-07-27,cart_abandon
CUST01637,2025-03-27,review_submitted
CUST01637,2025-02-01,site_visit
CUST01638,2024-06-11,site_visit
CUST01639,2025-07-31,cart_abandon
CUST01639,2025-07-30,cart_add
CUST01639,2025-07-28,site_visit
CUST01639,2025-07-28,site_visit
CUST01639,2025-07-29,site_visit
CUST01639,2025-07-27,email_open
CUST01639,2025-07-29,cart_add
CUST01639,2025-07-28,cart_abandon
CUST01640,2025-06-19,site_visit
CUST01640,2025-07-22,cart_add
CUST01640,2025-07-05,site_visit
CUST01640,2025-07-11,cart_abandon
CUST01640,2025-06-23,site_visit
CUST01640,2025-07-20,site_visit
CUST01640,2025-06-28,cart_add
CUST01641,2025-03-24,cart_abandon
CUST01641,2025-03-31,review_submitted
CUST01641,2024-12-08,email_open
CUST01642,2025-05-21,cart_add
CUST01642,2025-06-18,email_open
CUST01642,2025-07-30,site_visit
CUST01642,2025-07-16,cart_abandon
CUST01643,2025-02-14,site_visit
CUST01644,2025-02-28,site_visit
CUST01644,2025-03-11,cart_add
CUST01645,2025-07-14,cart_add
CUST01646,2025-04-06,cart_abandon
CUST01646,2025-06-13,email_open
CUST01646,2025-04-22,site_visit
CUST01646,2025-06-20,site_visit
CUST01646,2025-04-16,support_ticket
CUST01647,2024-11-14,email_open
CUST01648,2025-05-31,site_visit
CUST01649,2025-05-17,site_visit
CUST01649,2025-07-05,site_visit
CUST01649,2025-05-27,cart_abandon
CUST01649,2025-05-28,site_visit
CUST01649,2025-05-04,site_visit
CUST01650,2025-04-12,support_ticket
CUST01650,2025-03-21,site_visit
CUST01651,2024-07-30,site_visit
CUST01652,2025-01-15,cart_add
CUST01652,2025-03-03,site_visit
CUST01653,2025-07-03,cart_abandon
CUST01654,2024-12-13,cart_add
CUST01655,2024-10-19,cart_abandon
CUST01656,2025-07-03,cart_add
CUST01656,2025-07-11,email_open
CUST01656,2025-07-03,cart_add
CUST01656,2025-07-14,email_open
CUST01656,2025-07-11,site_visit
CUST01656,2025-07-09,cart_abandon
CUST01657,2025-04-21,cart_add
CUST01658,2025-04-25,site_visit
CUST01659,2025-06-11,support_ticket
CUST01660,2025-07-09,cart_abandon
CUST01660,2025-03-15,cart_add
CUST01661,2025-05-23,site_visit
CUST01661,2025-01-24,cart_add
CUST01661,2025-05-02,cart_add
CUST01662,2025-03-31,cart_add
CUST01663,2025-07-12,site_visit
CUST01663,2025-07-28,email_open
CUST01663,2025-06-25,site_visit
CUST01664,2025-06-09,email_open
CUST01664,2025-03-08,site_visit
CUST01665,2025-07-28,cart_abandon
CUST01665,2025-07-31,email_open
CUST01665,2025-07-27,site_visit
CUST01665,2025-07-26,site_visit
CUST01665,2025-07-27,email_open
CUST01665,2025-07-30,cart_abandon
CUST01666,2025-06-26,site_visit
CUST01666,2025-07-03,cart_add
CUST01666,2025-05-29,site_visit
CUST01667,2025-04-13,cart_abandon
CUST01667,2024-07-20,cart_add
CUST01667,2024-10-19,cart_add
CUST01668,2025-06-28,support_ticket
CUST01668,2025-07-01,cart_add
CUST01668,2025-07-09,support_ticket
CUST01668,2025-06-22,site_visit
CUST01669,2025-02-27,cart_add
CUST01670,2025-07-05,cart_add
CUST01670,2025-05-13,support_ticket
CUST01670,2025-04-30,cart_add
CUST01671,2024-12-18,site_visit
CUST01671,2025-02-20,cart_add
CUST01671,2025-07-20,review_submitted
CUST01671,2024-12-08,cart_add
CUST01671,2025-07-05,email_open
CUST01671,2025-05-31,site_visit
CUST01671,2024-10-30,cart_add
CUST01672,2025-07-01,cart_add
CUST01672,2025-07-10,cart_add
CUST01672,2025-07-30,review_submitted
CUST01672,2025-07-15,cart_add
CUST01673,2025-06-05,cart_abandon
CUST01673,2025-06-02,site_visit
CUST01673,2025-07-09,site_visit
CUST01673,2025-07-18,site_visit
CUST01673,2025-05-23,site_visit
CUST01673,2025-05-21,site_visit
CUST01674,2025-05-05,cart_add
CUST01675,2025-06-10,site_visit
CUST01675,2025-06-30,cart_add
CUST01675,2025-04-04,cart_add
CUST01675,2025-05-11,site_visit
CUST01676,2025-04-03,site_visit
CUST01677,2025-07-26,cart_add
CUST01678,2024-10-13,support_ticket
CUST01679,2025-06-07,email_open
CUST01680,2025-05-18,email_open
CUST01680,2025-03-10,review_submitted
CUST01681,2024-10-27,site_visit
CUST01681,2024-10-18,site_visit
CUST01682,2025-07-18,site_visit
CUST01682,2025-07-22,email_open
CUST01682,2025-07-29,cart_abandon
CUST01682,2025-07-26,site_visit
CUST01682,2025-07-31,email_open
CUST01682,2025-07-18,review_submitted
CUST01682,2025-07-28,cart_abandon
CUST01683,2025-01-26,support_ticket
CUST01683,2025-04-24,cart_abandon
CUST01684,2025-06-09,email_open
CUST01684,2025-07-04,site_visit
CUST01684,2025-05-18,cart_add
CUST01684,2025-05-06,site_visit
CUST01685,2025-01-30,cart_abandon
CUST01686,2025-07-31,cart_abandon
CUST01686,2025-07-24,site_visit
CUST01686,2025-07-13,email_open
CUST01686,2025-06-09,cart_add
CUST01686,2025-06-04,cart_add
CUST01687,2025-07-13,cart_add
CUST01687,2025-06-23,site_visit
CUST01687,2025-07-04,cart_abandon
CUST01687,2025-06-17,support_ticket
CUST01687,2025-07-16,site_visit
CUST01687,2025-07-04,site_visit
CUST01687,2025-07-03,site_visit
CUST01688,2025-03-05,email_open
CUST01689,2025-07-06,email_open
CUST01689,2025-05-14,site_visit
CUST01690,2025-03-21,review_submitted
CUST01690,2025-04-18,review_submitted
CUST01690,2025-05-10,site_visit
CUST01690,2025-06-07,cart_abandon
CUST01690,2025-04-16,cart_add
CUST01690,2025-04-01,review_submitted
CUST01691,2024-07-09,cart_add
CUST01692,2025-05-02,cart_abandon
CUST01692,2025-03-25,cart_add
CUST01693,2025-05-07,email_open
CUST01693,2025-02-06,site_visit
CUST01694,2024-06-26,site_visit
CUST01695,2025-07-12,cart_abandon
CUST01696,2025-04-14,site_visit
CUST01697,2024-10-20,email_open
CUST01698,2024-10-23,cart_add
CUST01699,2025-07-18,site_visit
CUST01699,2025-07-22,site_visit
CUST01700,2025-05-26,site_visit
CUST01700,2025-05-27,site_visit
CUST01700,2025-06-30,site_visit
CUST01700,2025-04-01,cart_abandon
CUST01700,2025-04-29,site_visit
CUST01701,2025-07-31,cart_add
CUST01701,2025-07-13,site_visit
CUST01701,2025-07-22,site_visit
CUST01701,2025-07-26,cart_add
CUST01701,2025-07-26,cart_add
CUST01701,2025-07-28,site_visit
CUST01701,2025-07-18,site_visit
CUST01701,2025-07-10,site_visit
CUST01702,2024-12-06,cart_add
CUST01703,2024-08-21,support_ticket
CUST01704,2025-04-10,cart_abandon
CUST01704,2025-01-14,site_visit
CUST01704,2025-02-13,site_visit
CUST01705,2025-03-30,cart_add
CUST01705,2025-02-09,cart_add
CUST01706,2025-02-19,cart_abandon
CUST01707,2025-04-22,cart_add
CUST01708,2025-02-25,cart_add
CUST01709,2025-07-03,cart_add
CUST01709,2025-03-12,cart_add
CUST01709,2025-06-06,cart_abandon
CUST01709,2025-01-25,cart_add
CUST01709,2025-05-02,cart_add
CUST01709,2025-03-31,site_visit
CUST01709,2025-07-11,site_visit
CUST01709,2025-04-12,site_visit
CUST01709,2025-03-14,email_open
CUST01710,2025-06-22,email_open
CUST01710,2025-05-11,cart_abandon
CUST01711,2024-10-09,site_visit
CUST01712,2025-06-24,site_visit
CUST01713,2025-07-02,cart_add
CUST01713,2025-06-06,email_open
CUST01713,2025-05-13,cart_add
CUST01713,2025-06-11,site_visit
CUST01713,2025-04-23,site_visit
CUST01713,2025-06-11,review_submitted
CUST01713,2025-06-18,cart_add
CUST01714,2025-01-24,cart_add
CUST01715,2024-06-09,site_visit
CUST01716,2025-07-30,site_visit
CUST01716,2025-07-28,cart_add
CUST01716,2025-07-27,site_visit
CUST01716,2025-07-31,site_visit
CUST01716,2025-07-28,cart_abandon
CUST01717,2025-04-13,site_visit
CUST01718,2025-03-28,email_open
CUST01718,2025-05-14,cart_add
CUST01718,2025-05-12,site_visit
CUST01719,2025-07-26,cart_abandon
CUST01719,2025-07-28,site_visit
CUST01719,2025-07-29,review_submitted
CUST01719,2025-07-23,site_visit
CUST01719,2025-07-31,email_open
CUST01720,2024-11-24,cart_add
CUST01721,2024-05-04,site_visit
CUST01722,2025-07-14,site_visit
CUST01723,2025-07-24,site_visit
CUST01724,2024-10-06,cart_add
CUST01725,2025-05-24,site_visit
CUST01725,2025-03-06,review_submitted
CUST01725,2025-03-27,email_open
CUST01725,2025-06-08,cart_add
CUST01725,2025-06-30,site_visit
CUST01725,2025-02-16,review_submitted
CUST01726,2025-04-26,site_visit
CUST01727,2025-05-14,site_visit
CUST01727,2025-02-01,site_visit
CUST01728,2025-07-31,review_submitted
CUST01728,2025-07-30,site_visit
CUST01728,2025-07-28,site_visit
CUST01728,2025-07-30,support_ticket
CUST01728,2025-07-29,cart_abandon
CUST01728,2025-07-31,cart_abandon
CUST01728,2025-07-30,email_open
CUST01728,2025-07-28,site_visit
CUST01728,2025-07-29,cart_abandon
CUST01728,2025-07-29,site_visit
CUST01728,2025-07-31,cart_abandon
CUST01729,2025-05-08,cart_add
CUST01729,2025-04-28,cart_abandon
CUST01729,2025-05-25,site_visit
CUST01729,2025-05-10,cart_abandon
CUST01729,2025-06-11,email_open
CUST01729,2025-04-21,cart_add
CUST01729,2025-05-23,email_open
CUST01730,2025-06-29,cart_abandon
CUST01731,2024-11-30,review_submitted
CUST01732,2025-03-15,site_visit
CUST01733,2024-11-24,email_open
CUST01733,2025-05-05,email_open
CUST01734,2025-05-18,support_ticket
CUST01735,2025-06-26,cart_add
CUST01735,2024-09-12,site_visit
CUST01735,2025-06-05,cart_add
CUST01736,2025-06-07,site_visit
CUST01736,2025-07-12,email_open
CUST01736,2025-07-30,review_submitted
CUST01736,2025-06-21,cart_add
CUST01736,2025-06-07,site_visit
CUST01736,2025-07-31,site_visit
CUST01737,2025-01-19,email_open
CUST01738,2025-04-27,support_ticket
CUST01739,2024-12-01,email_open
CUST01740,2025-03-17,email_open
CUST01741,2025-06-16,site_visit
CUST01741,2025-06-05,cart_add
CUST01742,2025-04-22,site_visit
CUST01742,2025-03-16,cart_abandon
CUST01743,2025-06-26,cart_add
CUST01743,2025-06-01,site_visit
CUST01743,2025-06-29,site_visit
CUST01743,2025-04-29,site_visit
CUST01743,2025-04-15,site_visit
CUST01744,2024-07-31,site_visit
CUST01745,2025-06-14,cart_abandon
CUST01746,2025-02-19,support_ticket
CUST01746,2024-12-31,review_submitted
CUST01747,2024-11-24,site_visit
CUST01748,2025-07-17,site_visit
CUST01749,2025-07-18,site_visit
CUST01749,2025-07-16,email_open
CUST01749,2025-07-13,cart_add
CUST01749,2025-04-13,cart_add
CUST01749,2025-03-29,site_visit
CUST01749,2025-05-18,cart_abandon
CUST01749,2025-03-25,cart_add
CUST01750,2025-06-21,support_ticket
CUST01751,2025-05-09,cart_add
CUST01752,2024-08-04,cart_abandon
CUST01753,2024-07-29,site_visit
CUST01754,2025-01-06,site_visit
CUST01755,2025-07-30,site_visit
CUST01755,2025-07-27,site_visit
CUST01755,2025-07-23,cart_add
CUST01755,2025-07-21,cart_add
CUST01755,2025-07-31,site_visit
CUST01755,2025-07-17,site_visit
CUST01755,2025-07-21,cart_add
CUST01755,2025-07-16,cart_add
CUST01755,2025-07-26,cart_abandon
CUST01756,2025-07-06,support_ticket
CUST01756,2025-04-20,site_visit
CUST01756,2025-06-15,cart_abandon
CUST01757,2025-07-18,cart_add
CUST01757,2025-07-10,cart_abandon
CUST01757,2025-07-09,site_visit
CUST01757,2025-07-25,site_visit
CUST01757,2025-07-11,site_visit
CUST01757,2025-07-10,site_visit
CUST01757,2025-07-22,site_visit
CUST01758,2025-03-02,site_visit
CUST01759,2024-07-05,site_visit
CUST01760,2025-04-12,email_open
CUST01760,2025-06-15,site_visit
CUST01760,2025-01-17,support_ticket
CUST01761,2025-07-12,email_open
CUST01762,2025-06-29,cart_add
CUST01762,2025-05-16,site_visit
CUST01762,2025-06-17,site_visit
CUST01762,2025-07-28,site_visit
CUST01762,2025-05-23,review_submitted
CUST01763,2024-05-08,site_visit
CUST01764,2025-07-23,email_open
CUST01764,2025-04-14,site_visit
CUST01764,2024-12-11,review_submitted
CUST01765,2024-10-29,site_visit
CUST01766,2024-11-13,email_open
CUST01767,2025-06-05,site_visit
CUST01767,2025-07-30,site_visit
CUST01767,2025-07-18,site_visit
CUST01767,2025-05-20,site_visit
CUST01767,2025-05-04,cart_add
CUST01767,2025-04-20,cart_abandon
CUST01768,2025-07-14,cart_abandon
CUST01768,2025-06-05,cart_add
CUST01769,2025-03-19,site_visit
CUST01770,2025-07-16,cart_abandon
CUST01770,2024-11-25,email_open
CUST01770,2024-12-28,review_submitted
CUST01770,2024-10-01,site_visit
CUST01771,2025-04-15,site_visit
CUST01772,2025-07-17,cart_add
CUST01772,2025-07-10,support_ticket
CUST01772,2025-06-06,site_visit
CUST01772,2025-04-06,site_visit
CUST01773,2025-06-14,cart_abandon
CUST01773,2025-07-02,site_visit
CUST01773,2025-06-21,site_visit
CUST01773,2025-06-15,cart_abandon
CUST01774,2025-07-16,cart_add
CUST01774,2025-07-21,site_visit
CUST01774,2025-07-22,site_visit
CUST01774,2025-07-26,cart_add
CUST01774,2025-07-03,site_visit
CUST01774,2025-07-30,site_visit
CUST01774,2025-07-05,site_visit
CUST01775,2025-05-29,site_visit
CUST01775,2025-06-21,cart_add
CUST01775,2025-04-16,site_visit
CUST01775,2025-05-22,cart_add
CUST01776,2025-07-23,site_visit
CUST01777,2025-06-10,support_ticket
CUST01777,2025-02-07,site_visit
CUST01778,2025-04-07,site_visit
CUST01779,2025-01-23,cart_abandon
CUST01780,2025-05-06,site_visit
CUST01780,2025-06-20,review_submitted
CUST01780,2025-06-10,site_visit
CUST01780,2025-06-04,site_visit
CUST01780,2025-06-16,site_visit
CUST01781,2025-05-03,cart_add
CUST01782,2025-06-28,site_visit
CUST01782,2025-06-25,cart_abandon
CUST01782,2025-06-29,cart_add
CUST01783,2025-03-20,site_visit
CUST01784,2025-03-03,cart_add
CUST01784,2025-02-06,cart_add
CUST01784,2025-01-14,site_visit
CUST01784,2025-05-08,cart_abandon
CUST01784,2025-04-30,cart_add
CUST01785,2025-05-25,cart_add
CUST01785,2025-06-06,cart_abandon
CUST01786,2025-07-27,cart_add
CUST01786,2025-06-20,support_ticket
CUST01786,2025-07-16,cart_abandon
CUST01786,2025-06-30,site_visit
CUST01787,2025-04-24,site_visit
CUST01787,2025-03-31,email_open
CUST01788,2025-07-22,cart_abandon
CUST01788,2025-06-07,review_submitted
CUST01789,2024-12-17,site_visit
CUST01790,2024-11-30,support_ticket
CUST01790,2025-01-28,site_visit
CUST01791,2024-09-02,cart_add
CUST01792,2025-03-10,site_visit
CUST01792,2025-04-26,site_visit
CUST01792,2025-03-30,email_open
CUST01792,2025-06-08,site_visit
CUST01793,2025-06-16,site_visit
CUST01793,2025-04-14,site_visit
CUST01794,2025-07-26,site_visit
CUST01794,2025-04-08,review_submitted
CUST01795,2024-05-23,support_ticket
CUST01796,2024-11-24,email_open
CUST01797,2025-07-18,review_submitted
CUST01797,2025-07-12,site_visit
CUST01797,2025-05-09,site_visit
CUST01797,2025-04-18,cart_abandon
CUST01798,2024-04-23,site_visit
CUST01799,2025-06-10,site_visit
CUST01800,2025-04-04,site_visit
CUST01801,2025-07-25,site_visit
CUST01801,2025-07-09,cart_add
CUST01801,2025-07-09,site_visit
CUST01801,2025-07-14,site_visit
CUST01802,2025-07-24,cart_abandon
CUST01802,2025-05-24,email_open
CUST01803,2025-05-03,site_visit
CUST01803,2025-04-24,email_open
CUST01804,2025-07-22,email_open
CUST01805,2025-07-31,site_visit
CUST01806,2025-05-18,site_visit
CUST01806,2025-05-16,site_visit
CUST01806,2025-05-09,email_open
CUST01806,2025-03-29,site_visit
CUST01806,2025-06-06,review_submitted
CUST01807,2025-05-06,cart_add
CUST01807,2025-07-12,site_visit
CUST01807,2025-06-21,cart_abandon
CUST01808,2025-06-05,site_visit
CUST01809,2024-07-20,site_visit
CUST01810,2024-10-20,site_visit
CUST01811,2025-01-30,support_ticket
CUST01811,2025-03-26,site_visit
CUST01812,2025-07-19,site_visit
CUST01812,2025-06-01,cart_abandon
CUST01813,2025-06-19,cart_add
CUST01814,2025-05-24,cart_add
CUST01815,2024-08-26,site_visit
CUST01816,2025-07-21,cart_add
CUST01816,2025-07-30,cart_add
CUST01816,2025-07-20,site_visit
CUST01816,2025-07-16,site_visit
CUST01816,2025-07-26,email_open
CUST01817,2024-09-09,cart_abandon
CUST01818,2025-04-18,site_visit
CUST01818,2025-05-25,site_visit
CUST01818,2025-04-04,cart_abandon
CUST01818,2025-04-07,cart_add
CUST01818,2025-07-14,site_visit
CUST01818,2025-06-26,site_visit
CUST01818,2025-05-19,cart_abandon
CUST01818,2025-07-01,cart_abandon
CUST01818,2025-04-21,cart_add
CUST01819,2025-05-29,site_visit
CUST01820,2025-01-20,site_visit
CUST01821,2025-02-10,site_visit
CUST01822,2025-02-10,email_open
CUST01823,2025-04-06,email_open
CUST01824,2025-07-13,cart_add
CUST01824,2025-07-11,cart_add
CUST01824,2025-07-14,cart_add
CUST01825,2025-07-08,site_visit
CUST01825,2025-01-25,email_open
CUST01826,2025-05-27,site_visit
CUST01827,2024-09-20,cart_add
CUST01828,2025-07-27,site_visit
CUST01828,2025-07-15,email_open
CUST01828,2025-07-30,cart_add
CUST01828,2025-07-20,site_visit
CUST01829,2025-06-12,support_ticket
CUST01829,2025-05-09,site_visit
CUST01829,2025-05-12,site_visit
CUST01829,2025-05-06,site_visit
CUST01830,2025-07-09,cart_add
CUST01831,2025-07-19,cart_add
CUST01831,2025-07-26,site_visit
CUST01831,2025-07-18,site_visit
CUST01831,2025-07-19,cart_add
CUST01831,2025-07-23,site_visit
CUST01831,2025-07-20,site_visit
CUST01831,2025-07-21,cart_add
CUST01831,2025-07-20,cart_abandon
CUST01832,2024-12-16,email_open
CUST01832,2025-02-25,site_visit
CUST01832,2025-05-08,site_visit
CUST01833,2025-05-10,site_visit
CUST01833,2025-07-06,cart_add
CUST01833,2025-05-14,site_visit
CUST01833,2025-03-18,cart_abandon
CUST01834,2025-06-17,site_visit
CUST01834,2025-06-06,site_visit
CUST01834,2025-04-19,cart_abandon
CUST01834,2025-07-21,cart_abandon
CUST01835,2025-07-29,site_visit
CUST01835,2025-07-16,email_open
CUST01835,2025-06-29,site_visit
CUST01835,2025-07-30,site_visit
CUST01835,2025-06-10,site_visit
CUST01836,2025-05-26,cart_add
CUST01836,2025-05-19,site_visit
CUST01837,2025-02-16,site_visit
CUST01838,2024-09-04,site_visit
CUST01839,2025-06-21,review_submitted
CUST01839,2025-06-26,email_open
CUST01839,2025-06-23,support_ticket
CUST01839,2025-07-27,cart_add
CUST01839,2025-07-10,site_visit
CUST01839,2025-07-20,site_visit
CUST01839,2025-07-28,cart_abandon
CUST01839,2025-07-24,cart_abandon
CUST01840,2025-03-14,site_visit
CUST01841,2025-01-22,email_open
CUST01842,2025-01-03,email_open
CUST01843,2025-03-06,site_visit
CUST01844,2025-01-08,cart_abandon
CUST01844,2025-07-27,site_visit
CUST01845,2025-07-14,site_visit
CUST01845,2025-07-17,cart_abandon
CUST01845,2025-07-13,cart_add
CUST01845,2025-07-15,cart_add
CUST01845,2025-07-11,cart_add
CUST01846,2025-01-09,email_open
CUST01847,2024-07-25,site_visit
CUST01848,2024-12-04,cart_add
CUST01849,2025-06-18,cart_add
CUST01849,2025-06-16,site_visit
CUST01849,2025-06-15,email_open
CUST01849,2025-07-02,site_visit
CUST01849,2025-07-20,review_submitted
CUST01849,2025-06-29,site_visit
CUST01850,2025-04-21,site_visit
CUST01850,2025-04-05,site_visit
CUST01850,2025-07-01,site_visit
CUST01850,2025-06-20,cart_add
CUST01850,2025-01-10,cart_add
CUST01851,2025-01-29,site_visit
CUST01852,2025-05-27,site_visit
CUST01852,2025-05-31,cart_add
CUST01852,2025-07-04,cart_add
CUST01852,2025-05-08,site_visit
CUST01852,2025-05-31,cart_add
CUST01853,2025-07-17,site_visit
CUST01853,2025-06-01,cart_add
CUST01853,2025-07-18,cart_add
CUST01853,2025-06-20,cart_add
CUST01853,2025-05-27,cart_add
CUST01853,2025-06-23,site_visit
CUST01853,2025-07-01,site_visit
CUST01854,2025-07-02,site_visit
CUST01854,2025-05-26,site_visit
CUST01854,2025-05-14,cart_add
CUST01854,2025-07-22,cart_add
CUST01854,2025-06-28,cart_add
CUST01855,2025-07-28,cart_add
CUST01855,2025-06-25,cart_add
CUST01855,2025-07-17,review_submitted
CUST01855,2025-07-16,cart_abandon
CUST01855,2025-07-15,site_visit
CUST01855,2025-07-19,site_visit
CUST01855,2025-07-19,site_visit
CUST01856,2025-06-23,cart_abandon
CUST01857,2025-04-23,site_visit
CUST01857,2025-07-07,cart_add
CUST01858,2025-02-15,site_visit
CUST01859,2025-05-22,review_submitted
CUST01859,2025-06-18,cart_add
CUST01859,2025-06-26,site_visit
CUST01859,2025-06-12,site_visit
CUST01859,2025-07-21,cart_abandon
CUST01860,2025-06-08,cart_add
CUST01860,2025-03-10,cart_add
CUST01860,2025-06-29,site_visit
CUST01861,2025-05-16,cart_add
CUST01861,2025-04-18,cart_abandon
CUST01862,2025-07-21,review_submitted
CUST01862,2025-02-14,email_open
CUST01862,2025-01-30,site_visit
CUST01863,2024-07-14,cart_add
CUST01864,2024-12-03,email_open
CUST01865,2025-07-24,email_open
CUST01865,2025-07-31,cart_add
CUST01865,2025-07-31,site_visit
CUST01865,2025-07-31,site_visit
CUST01865,2025-07-27,site_visit
CUST01866,2025-07-25,site_visit
CUST01866,2025-07-11,site_visit
CUST01866,2025-07-11,site_visit
CUST01866,2025-07-28,cart_add
CUST01866,2025-07-05,email_open
CUST01866,2025-07-22,email_open
CUST01866,2025-07-22,site_visit
CUST01866,2025-07-23,site_visit
CUST01867,2024-12-29,cart_add
CUST01868,2025-07-23,cart_abandon
CUST01869,2024-07-01,cart_add
CUST01869,2025-03-22,site_visit
CUST01870,2025-07-19,site_visit
CUST01871,2025-06-18,site_visit
CUST01871,2025-06-29,site_visit
CUST01871,2025-07-23,email_open
CUST01871,2025-05-30,site_visit
CUST01871,2025-06-26,cart_abandon
CUST01871,2025-07-17,site_visit
CUST01872,2025-04-29,cart_abandon
CUST01873,2025-07-02,site_visit
CUST01873,2025-03-24,cart_add
CUST01873,2025-05-10,cart_add
CUST01874,2025-07-09,cart_add
CUST01874,2025-07-12,support_ticket
CUST01874,2025-05-22,email_open
CUST01874,2025-06-20,site_visit
CUST01874,2025-06-27,email_open
CUST01874,2025-07-03,cart_abandon
CUST01874,2025-05-12,cart_abandon
CUST01874,2025-07-09,email_open
CUST01874,2025-07-31,cart_add
CUST01874,2025-06-16,site_visit
CUST01875,2025-03-29,site_visit
CUST01875,2025-05-13,cart_abandon
CUST01875,2025-07-04,site_visit
CUST01876,2025-04-24,site_visit
CUST01877,2025-02-14,cart_add
CUST01877,2025-02-12,cart_add
CUST01877,2025-06-18,cart_add
CUST01878,2025-06-10,cart_abandon
CUST01878,2025-07-20,cart_abandon
CUST01879,2024-07-22,site_visit
CUST01880,2025-07-24,site_visit
CUST01880,2025-06-25,review_submitted
CUST01881,2025-04-03,email_open
CUST01881,2025-02-03,cart_add
CUST01882,2025-05-29,site_visit
CUST01882,2025-07-07,cart_add
CUST01882,2025-05-24,site_visit
CUST01882,2025-06-10,site_visit
CUST01882,2025-06-02,cart_add
CUST01883,2025-02-17,site_visit
CUST01884,2025-05-08,cart_abandon
CUST01884,2025-06-04,email_open
CUST01885,2025-07-21,cart_add
CUST01886,2025-05-30,email_open
CUST01886,2025-05-13,site_visit
CUST01887,2024-12-09,site_visit
CUST01888,2025-04-28,cart_add
CUST01889,2025-05-30,site_visit
CUST01889,2025-05-06,site_visit
CUST01889,2025-03-10,site_visit
CUST01890,2025-07-29,site_visit
CUST01890,2025-07-30,support_ticket
CUST01890,2025-07-28,site_visit
CUST01890,2025-07-27,site_visit
CUST01890,2025-07-27,cart_abandon
CUST01891,2025-01-27,cart_abandon
CUST01892,2024-11-13,site_visit
CUST01893,2025-05-15,email_open
CUST01893,2025-05-18,site_visit
CUST01893,2025-07-07,site_visit
CUST01893,2025-05-07,site_visit
CUST01893,2025-06-14,site_visit
CUST01894,2025-06-24,site_visit
CUST01895,2024-12-01,site_visit
CUST01895,2025-02-23,cart_add
CUST01896,2025-07-20,cart_add
CUST01896,2025-04-21,cart_abandon
CUST01896,2025-07-10,cart_abandon
CUST01897,2025-06-12,site_visit
CUST01897,2025-07-06,site_visit
CUST01897,2025-07-04,site_visit
CUST01898,2024-08-27,cart_abandon
CUST01899,2025-04-13,support_ticket
CUST01899,2024-09-20,site_visit
CUST01899,2025-05-04,email_open
CUST01900,2025-05-26,site_visit
CUST01900,2025-05-11,email_open
CUST01900,2025-04-24,cart_add
CUST01900,2025-07-08,cart_abandon
CUST01900,2025-06-24,site_visit
CUST01901,2025-07-12,cart_abandon
CUST01901,2025-04-24,cart_add
CUST01902,2025-05-11,cart_add
CUST01902,2024-02-21,cart_add
CUST01902,2024-08-06,cart_abandon
CUST01903,2025-04-18,email_open
CUST01903,2025-03-18,cart_add
CUST01903,2025-06-24,cart_add
CUST01904,2025-07-25,cart_abandon
CUST01905,2025-04-17,email_open
CUST01905,2025-06-08,site_visit
CUST01905,2025-05-18,cart_add
CUST01905,2025-05-14,site_visit
CUST01905,2025-07-31,cart_abandon
CUST01905,2025-04-19,site_visit
CUST01905,2025-05-22,site_visit
CUST01906,2024-11-19,cart_add
CUST01907,2025-07-26,site_visit
CUST01907,2025-07-23,site_visit
CUST01907,2025-07-12,cart_abandon
CUST01907,2025-07-08,site_visit
CUST01907,2025-07-29,site_visit
CUST01907,2025-07-12,site_visit
CUST01907,2025-07-13,site_visit
CUST01907,2025-07-24,cart_abandon
CUST01908,2024-11-21,email_open
CUST01909,2024-12-15,cart_abandon
CUST01910,2025-01-29,site_visit
CUST01911,2025-02-28,cart_abandon
CUST01912,2025-06-19,site_visit
CUST01912,2025-06-09,site_visit
CUST01912,2025-07-11,cart_abandon
CUST01912,2025-06-21,cart_add
CUST01912,2025-06-12,cart_abandon
CUST01912,2025-06-01,cart_abandon
CUST01912,2025-07-27,cart_add
CUST01912,2025-07-31,cart_abandon
CUST01913,2025-07-30,email_open
CUST01913,2025-07-30,site_visit
CUST01913,2025-07-29,site_visit
CUST01913,2025-07-31,site_visit
CUST01913,2025-07-30,cart_abandon
CUST01913,2025-07-30,support_ticket
CUST01913,2025-07-30,review_submitted
CUST01913,2025-07-29,site_visit
CUST01913,2025-07-29,cart_add
CUST01914,2024-10-09,cart_abandon
CUST01915,2025-04-10,cart_abandon
CUST01916,2025-03-14,site_visit
CUST01916,2025-03-22,site_visit
CUST01917,2025-07-31,support_ticket
CUST01917,2025-06-17,site_visit
CUST01917,2025-06-24,site_visit
CUST01917,2025-06-15,cart_abandon
CUST01917,2025-07-06,site_visit
CUST01917,2025-07-06,email_open
CUST01917,2025-06-28,cart_add
CUST01918,2025-01-25,site_visit
CUST01919,2024-12-30,site_visit
CUST01919,2024-11-24,email_open
CUST01920,2024-10-05,cart_abandon
CUST01921,2025-03-27,site_visit
CUST01921,2025-03-20,site_visit
CUST01922,2024-10-02,email_open
CUST01923,2025-07-30,cart_abandon
CUST01923,2025-03-28,cart_abandon
CUST01924,2024-11-15,cart_abandon
CUST01925,2025-04-12,site_visit
CUST01925,2025-07-11,email_open
CUST01925,2025-07-08,cart_add
CUST01925,2025-05-04,email_open
CUST01925,2025-07-06,site_visit
CUST01925,2025-05-29,site_visit
CUST01926,2024-12-03,site_visit
CUST01927,2025-05-17,email_open
CUST01927,2025-02-05,cart_add
CUST01928,2025-06-21,site_visit
CUST01928,2025-06-25,cart_add
CUST01929,2025-03-17,site_visit
CUST01929,2025-02-27,site_visit
CUST01930,2024-06-04,site_visit
CUST01931,2025-04-10,cart_abandon
CUST01931,2025-03-13,site_visit
CUST01932,2024-12-04,site_visit
CUST01932,2025-05-06,site_visit
CUST01933,2025-03-29,site_visit
CUST01934,2025-01-30,site_visit
CUST01934,2025-03-03,email_open
CUST01934,2025-01-02,cart_add
CUST01934,2025-06-16,site_visit
CUST01934,2024-12-28,cart_abandon
CUST01934,2025-01-21,site_visit
CUST01934,2025-04-20,cart_abandon
CUST01935,2025-04-14,site_visit
CUST01935,2025-03-17,cart_abandon
CUST01935,2025-07-03,site_visit
CUST01936,2025-04-12,review_submitted
CUST01936,2025-05-05,cart_abandon
CUST01936,2025-06-06,cart_add
CUST01936,2025-07-15,cart_abandon
CUST01936,2025-07-27,site_visit
CUST01936,2025-06-21,cart_abandon
CUST01937,2025-02-22,cart_add
CUST01938,2025-05-26,site_visit
CUST01938,2025-06-12,cart_abandon
CUST01938,2025-06-11,cart_add
CUST01938,2025-06-01,cart_add
CUST01939,2025-03-17,cart_add
CUST01939,2025-04-18,support_ticket
CUST01940,2024-12-22,email_open
CUST01941,2025-07-04,cart_add
CUST01942,2025-07-10,review_submitted
CUST01943,2025-06-25,cart_add
CUST01943,2025-06-28,cart_abandon
CUST01944,2025-04-02,cart_add
CUST01944,2025-03-22,cart_add
CUST01944,2025-05-18,site_visit
CUST01945,2025-07-25,cart_add
CUST01945,2025-05-25,review_submitted
CUST01946,2024-12-04,cart_add
CUST01946,2025-01-25,site_visit
CUST01947,2024-12-08,review_submitted
CUST01947,2025-03-27,site_visit
CUST01947,2024-11-01,site_visit
CUST01947,2025-05-04,cart_abandon
CUST01948,2024-06-13,site_visit
CUST01949,2025-01-12,review_submitted
CUST01949,2024-09-21,cart_add
CUST01950,2025-07-25,cart_add
CUST01951,2025-07-08,cart_add
CUST01952,2024-07-02,site_visit
CUST01953,2025-02-07,site_visit
CUST01953,2025-01-29,review_submitted
CUST01954,2025-07-01,cart_abandon
CUST01954,2025-07-08,email_open
CUST01954,2025-04-19,site_visit
CUST01955,2025-07-29,cart_abandon
CUST01955,2025-07-31,review_submitted
CUST01955,2025-07-30,cart_abandon
CUST01955,2025-07-29,site_visit
CUST01955,2025-07-31,cart_add
CUST01955,2025-07-29,review_submitted
CUST01955,2025-07-29,site_visit
CUST01955,2025-07-30,cart_abandon
CUST01955,2025-07-29,cart_abandon
CUST01955,2025-07-31,site_visit
CUST01956,2025-07-09,review_submitted
CUST01956,2025-07-13,email_open
CUST01957,2025-03-28,site_visit
CUST01957,2025-05-10,site_visit
CUST01958,2025-02-02,cart_abandon
CUST01959,2025-04-16,site_visit
CUST01959,2025-07-30,site_visit
CUST01959,2025-02-02,email_open
CUST01960,2025-07-31,site_visit
CUST01960,2025-05-31,support_ticket
CUST01961,2025-03-21,site_visit
CUST01962,2024-10-27,site_visit
CUST01963,2025-06-14,cart_add
CUST01963,2025-07-12,site_visit
CUST01963,2025-07-03,email_open
CUST01963,2025-07-24,email_open
CUST01963,2025-06-06,site_visit
CUST01964,2025-03-29,site_visit
CUST01964,2025-06-29,email_open
CUST01965,2025-03-25,cart_add
CUST01965,2024-12-16,site_visit
CUST01965,2025-07-29,site_visit
CUST01965,2025-03-20,cart_abandon
CUST01965,2025-06-18,email_open
CUST01966,2025-03-25,cart_add
CUST01966,2024-12-24,site_visit
CUST01966,2025-04-20,review_submitted
CUST01966,2025-03-17,cart_abandon
CUST01966,2025-04-27,site_visit
CUST01966,2025-02-15,cart_add
CUST01966,2025-03-16,email_open
CUST01966,2025-01-12,site_visit
CUST01966,2025-02-13,cart_abandon
CUST01967,2025-01-10,cart_abandon
CUST01968,2024-10-26,cart_abandon
CUST01968,2025-06-25,site_visit
CUST01969,2025-03-13,cart_abandon
CUST01970,2025-02-06,site_visit
CUST01971,2024-03-12,site_visit
CUST01972,2025-06-23,email_open
CUST01972,2025-05-26,cart_add
CUST01972,2025-07-30,site_visit
CUST01972,2025-06-03,site_visit
CUST01973,2025-07-23,site_visit
CUST01974,2025-06-21,cart_add
CUST01975,2024-10-01,email_open
CUST01976,2025-07-12,site_visit
CUST01976,2025-07-27,email_open
CUST01976,2025-07-03,email_open
CUST01976,2025-07-31,cart_abandon
CUST01976,2025-07-16,site_visit
CUST01976,2025-07-30,cart_abandon
CUST01976,2025-07-27,site_visit
CUST01977,2024-07-31,email_open
CUST01978,2025-03-03,cart_add
CUST01979,2025-07-07,site_visit
CUST01979,2025-07-28,cart_abandon
CUST01979,2025-06-20,site_visit
CUST01980,2025-06-29,cart_abandon
CUST01980,2025-05-18,site_visit
CUST01980,2025-06-26,site_visit
CUST01980,2025-05-11,site_visit
CUST01980,2025-07-06,site_visit
CUST01980,2025-05-26,site_visit
CUST01981,2024-08-24,site_visit
CUST01982,2025-05-04,support_ticket
CUST01982,2025-05-30,review_submitted
CUST01982,2025-04-24,support_ticket
CUST01982,2025-06-16,site_visit
CUST01982,2025-06-05,cart_abandon
CUST01983,2025-01-02,site_visit
CUST01984,2025-03-04,site_visit
CUST01985,2025-06-16,cart_abandon
CUST01986,2024-04-07,cart_abandon
CUST01987,2025-03-08,support_ticket
CUST01987,2025-07-04,site_visit
CUST01988,2025-03-01,site_visit
CUST01989,2024-12-19,site_visit
CUST01989,2025-07-11,cart_add
CUST01990,2025-06-22,cart_abandon
CUST01990,2025-04-28,cart_abandon
CUST01990,2025-04-20,cart_add
CUST01991,2025-07-22,cart_abandon
CUST01991,2025-05-22,cart_add
CUST01991,2025-03-27,cart_abandon
CUST01991,2025-06-03,support_ticket
CUST01992,2024-07-25,site_visit
CUST01993,2025-07-30,site_visit
CUST01993,2025-06-12,cart_abandon
CUST01994,2025-02-11,site_visit
CUST01995,2025-05-12,cart_abandon
CUST01995,2025-03-22,cart_abandon
CUST01995,2025-07-26,review_submitted
CUST01995,2025-07-30,site_visit
CUST01995,2025-07-09,review_submitted
CUST01995,2025-07-07,cart_abandon
CUST01995,2025-04-17,review_submitted
CUST01995,2025-03-27,email_open
CUST01995,2025-05-14,site_visit
CUST01995,2025-04-12,cart_abandon
CUST01995,2025-06-23,review_submitted
CUST01996,2025-03-30,site_visit
CUST01996,2025-05-24,site_visit
CUST01996,2025-01-21,site_visit
CUST01997,2025-07-08,site_visit
CUST01997,2025-07-24,cart_abandon
CUST01997,2025-07-29,site_visit
CUST01997,2025-07-10,site_visit
CUST01997,2025-07-05,cart_add
CUST01997,2025-07-06,site_visit
CUST01998,2024-06-13,site_visit
CUST01999,2025-04-16,site_visit
CUST02000,2025-03-20,site_visit
CUST02001,2024-10-04,email_open
CUST02001,2024-11-12,cart_add
CUST02002,2024-12-04,site_visit
CUST02003,2025-06-25,review_submitted
CUST02003,2025-07-22,site_visit
CUST02003,2025-07-19,email_open
CUST02003,2025-07-14,cart_abandon
CUST02003,2025-07-20,cart_abandon
CUST02003,2025-07-17,cart_add
CUST02003,2025-06-25,site_visit
CUST02003,2025-06-25,cart_add
CUST02003,2025-07-07,site_visit
CUST02004,2024-11-24,site_visit
CUST02004,2025-02-12,cart_abandon
CUST02005,2024-11-16,cart_add
CUST02006,2025-04-23,site_visit
CUST02006,2025-04-06,email_open
CUST02006,2025-07-06,support_ticket
CUST02006,2025-05-07,email_open
CUST02007,2025-06-01,email_open
CUST02007,2025-06-22,site_visit
CUST02007,2025-05-26,review_submitted
CUST02008,2025-04-29,email_open
CUST02008,2025-03-26,site_visit
CUST02009,2025-06-21,cart_add
CUST02010,2025-04-29,cart_add
CUST02011,2024-04-25,site_visit
CUST02012,2025-04-26,cart_abandon
CUST02013,2025-06-13,site_visit
CUST02013,2025-07-11,email_open
CUST02014,2024-11-20,cart_add
CUST02015,2025-06-25,cart_add
CUST02015,2024-11-22,email_open
CUST02016,2025-06-01,email_open
CUST02017,2025-04-29,site_visit
CUST02018,2025-07-26,site_visit
CUST02018,2025-07-07,email_open
CUST02018,2025-06-23,cart_abandon
CUST02018,2025-07-31,site_visit
CUST02019,2024-03-20,email_open
CUST02020,2025-06-28,site_visit
CUST02020,2025-06-03,cart_add
CUST02020,2025-02-17,site_visit
CUST02021,2025-07-16,cart_abandon
CUST02021,2025-07-27,cart_add
CUST02021,2025-07-11,cart_add
CUST02021,2025-07-18,cart_abandon
CUST02021,2025-07-22,site_visit
CUST02022,2025-01-16,site_visit
CUST02023,2025-06-27,review_submitted
CUST02023,2025-07-25,cart_abandon
CUST02023,2025-07-06,support_ticket
CUST02023,2025-07-25,email_open
CUST02023,2025-07-21,email_open
CUST02023,2025-07-19,cart_add
CUST02024,2025-06-12,cart_add
CUST02025,2024-12-11,cart_abandon
CUST02025,2025-04-21,site_visit
CUST02026,2024-07-25,cart_add
CUST02027,2025-05-18,cart_abandon
CUST02027,2025-04-22,cart_add
CUST02027,2025-03-06,site_visit
CUST02027,2025-05-04,site_visit
CUST02027,2025-06-01,email_open
CUST02027,2025-06-18,cart_abandon
CUST02028,2025-07-19,site_visit
CUST02028,2025-07-23,email_open
CUST02028,2025-07-21,site_visit
CUST02028,2025-07-21,site_visit
CUST02028,2025-07-29,cart_abandon
CUST02028,2025-07-25,email_open
CUST02028,2025-07-25,cart_abandon
CUST02028,2025-07-19,cart_abandon
CUST02028,2025-07-31,site_visit
CUST02028,2025-07-19,review_submitted
CUST02028,2025-07-23,site_visit
CUST02029,2025-02-21,cart_add
CUST02030,2025-07-18,cart_abandon
CUST02030,2025-04-20,site_visit
CUST02030,2025-01-08,site_visit
CUST02030,2025-02-25,site_visit
CUST02030,2025-07-22,cart_abandon
CUST02031,2024-12-05,cart_add
CUST02032,2025-03-28,cart_add
CUST02032,2025-03-29,cart_add
CUST02033,2025-06-17,site_visit
CUST02034,2025-07-24,cart_add
CUST02034,2025-07-16,site_visit
CUST02034,2025-07-15,site_visit
CUST02035,2025-04-21,cart_add
CUST02035,2025-03-12,site_visit
CUST02035,2025-04-05,support_ticket
CUST02036,2025-05-21,cart_abandon
CUST02037,2025-03-08,site_visit
CUST02038,2025-02-08,cart_add
CUST02039,2025-05-31,cart_abandon
CUST02040,2025-01-19,support_ticket
CUST02040,2025-06-21,site_visit
CUST02041,2025-06-04,cart_add
CUST02041,2025-06-19,site_visit
CUST02041,2025-06-14,site_visit
CUST02041,2025-06-12,email_open
CUST02041,2025-05-19,site_visit
CUST02041,2025-06-01,site_visit
CUST02042,2025-03-01,cart_abandon
CUST02042,2024-12-13,cart_abandon
CUST02043,2025-03-30,email_open
CUST02043,2024-12-07,support_ticket
CUST02044,2024-12-19,email_open
CUST02045,2025-07-18,site_visit
CUST02045,2025-07-16,cart_add
CUST02045,2025-06-03,cart_abandon
CUST02045,2025-07-22,support_ticket
CUST02045,2025-07-12,cart_abandon
CUST02045,2025-07-09,site_visit
CUST02046,2025-03-19,cart_abandon
CUST02046,2025-02-21,cart_abandon
CUST02046,2025-05-22,support_ticket
CUST02046,2025-05-23,cart_add
CUST02047,2024-07-11,review_submitted
CUST02048,2025-07-18,support_ticket
CUST02048,2025-05-05,site_visit
CUST02048,2025-06-19,site_visit
CUST02048,2025-02-17,email_open
CUST02049,2025-07-03,cart_add
CUST02049,2025-01-13,site_visit
CUST02049,2024-12-05,cart_abandon
CUST02050,2024-04-06,cart_add
CUST02051,2025-05-26,site_visit
CUST02052,2024-12-17,review_submitted
CUST02053,2024-11-27,cart_abandon
CUST02054,2025-07-20,cart_add
CUST02054,2025-07-26,site_visit
CUST02054,2025-07-18,site_visit
CUST02054,2025-06-30,email_open
CUST02054,2025-07-31,site_visit
CUST02054,2025-07-23,site_visit
CUST02054,2025-07-19,cart_add
CUST02055,2025-07-08,site_visit
CUST02055,2025-05-24,cart_add
CUST02055,2025-06-16,cart_abandon
CUST02055,2025-05-24,review_submitted
CUST02055,2025-07-19,cart_add
CUST02055,2025-06-08,site_visit
CUST02056,2025-03-02,site_visit
CUST02056,2025-04-02,cart_add
CUST02056,2025-04-16,cart_abandon
CUST02057,2025-04-17,cart_abandon
CUST02057,2025-04-14,site_visit
CUST02058,2024-12-24,support_ticket
CUST02058,2025-04-06,site_visit
CUST02058,2025-07-27,support_ticket
CUST02059,2025-06-10,cart_add
CUST02060,2025-05-30,site_visit
CUST02060,2025-05-03,support_ticket
CUST02060,2025-07-18,site_visit
CUST02060,2025-07-25,cart_add
CUST02060,2025-06-17,site_visit
CUST02061,2024-05-08,support_ticket
CUST02062,2025-06-20,cart_add
CUST02063,2025-07-25,email_open
CUST02063,2025-07-03,email_open
CUST02064,2024-12-23,review_submitted
CUST02065,2024-10-28,cart_add
CUST02066,2025-07-01,cart_add
CUST02066,2025-07-08,site_visit
CUST02067,2025-06-16,cart_add
CUST02068,2025-06-10,site_visit
CUST02068,2025-04-22,cart_abandon
CUST02069,2024-05-15,site_visit
CUST02070,2025-01-06,site_visit
CUST02071,2025-04-26,cart_add
CUST02071,2025-06-18,site_visit
CUST02072,2025-01-19,site_visit
CUST02073,2024-11-09,site_visit
CUST02074,2025-06-21,cart_add
CUST02074,2025-06-20,site_visit
CUST02074,2025-06-01,site_visit
CUST02074,2025-05-30,site_visit
CUST02075,2025-06-06,email_open
CUST02075,2025-06-24,cart_add
CUST02075,2025-06-29,site_visit
CUST02075,2025-07-01,email_open
CUST02075,2025-06-02,site_visit
CUST02076,2025-06-18,site_visit
CUST02076,2025-07-20,email_open
CUST02076,2025-07-24,site_visit
CUST02076,2025-05-28,cart_abandon
CUST02076,2025-06-04,site_visit
CUST02077,2024-12-31,site_visit
CUST02078,2024-12-05,site_visit
CUST02079,2025-07-26,site_visit
CUST02079,2025-07-21,cart_add
CUST02079,2025-07-27,email_open
CUST02079,2025-07-28,site_visit
CUST02079,2025-07-24,site_visit
CUST02079,2025-07-30,site_visit
CUST02079,2025-07-23,email_open
CUST02079,2025-07-24,cart_abandon
CUST02079,2025-07-23,support_ticket
CUST02079,2025-07-30,site_visit
CUST02079,2025-07-27,site_visit
CUST02080,2025-06-30,review_submitted
CUST02080,2025-05-30,site_visit
CUST02081,2024-12-16,site_visit
CUST02082,2025-07-14,cart_add
CUST02083,2025-06-12,site_visit
CUST02083,2025-06-04,site_visit
CUST02083,2025-07-04,cart_add
CUST02084,2025-07-30,cart_abandon
CUST02084,2025-06-24,site_visit
CUST02084,2025-07-17,site_visit
CUST02084,2025-06-21,email_open
CUST02084,2025-07-08,site_visit
CUST02084,2025-07-04,email_open
CUST02084,2025-07-26,support_ticket
CUST02084,2025-07-24,site_visit
CUST02085,2025-06-14,site_visit
CUST02085,2025-06-24,cart_abandon
CUST02086,2025-02-05,cart_add
CUST02087,2024-11-25,site_visit
CUST02088,2025-05-22,email_open
CUST02088,2025-05-12,site_visit
CUST02089,2025-06-13,email_open
CUST02089,2025-07-31,review_submitted
CUST02089,2025-07-29,email_open
CUST02089,2025-07-27,site_visit
CUST02089,2025-06-01,email_open
CUST02089,2025-06-06,cart_abandon
CUST02090,2025-07-05,site_visit
CUST02091,2025-06-14,site_visit
CUST02091,2025-06-19,cart_abandon
CUST02091,2025-04-11,cart_add
CUST02091,2025-07-13,site_visit
CUST02092,2025-07-18,cart_abandon
CUST02092,2025-07-16,site_visit
CUST02092,2025-07-16,cart_add
CUST02092,2025-07-26,email_open
CUST02092,2025-07-26,email_open
CUST02092,2025-07-22,site_visit
CUST02093,2024-07-01,cart_abandon
CUST02094,2025-02-07,cart_add
CUST02094,2025-06-21,cart_add
CUST02094,2024-12-25,review_submitted
CUST02094,2025-07-15,cart_add
CUST02094,2024-11-29,cart_abandon
CUST02094,2025-04-20,review_submitted
CUST02095,2025-04-24,cart_add
CUST02096,2025-04-18,review_submitted
CUST02096,2025-04-15,cart_abandon
CUST02096,2025-06-02,site_visit
CUST02096,2025-06-08,site_visit
CUST02097,2025-07-30,site_visit
CUST02097,2025-07-03,email_open
CUST02098,2025-05-09,site_visit
CUST02098,2025-07-12,cart_abandon
CUST02098,2025-06-15,site_visit
CUST02099,2025-05-26,review_submitted
CUST02099,2025-07-13,review_submitted
CUST02099,2025-06-13,email_open
CUST02100,2025-01-02,site_visit
CUST02101,2025-07-07,cart_add
CUST02101,2025-07-10,site_visit
CUST02101,2025-06-19,site_visit
CUST02101,2025-07-17,site_visit
CUST02102,2025-01-23,cart_add
CUST02102,2025-06-02,cart_add
CUST02102,2025-07-11,cart_add
CUST02103,2025-02-12,cart_abandon
CUST02104,2025-02-25,cart_abandon
CUST02104,2025-06-14,site_visit
CUST02104,2025-07-02,site_visit
CUST02104,2025-04-30,email_open
CUST02104,2025-04-21,site_visit
CUST02104,2025-04-14,cart_add
CUST02104,2025-03-29,cart_abandon
CUST02104,2025-06-10,cart_add
CUST02104,2025-02-16,review_submitted
CUST02104,2025-07-23,cart_add
CUST02104,2025-03-23,cart_add
CUST02104,2025-03-16,cart_abandon
CUST02104,2025-04-02,cart_add
CUST02105,2025-04-10,cart_add
CUST02105,2025-06-22,email_open
CUST02105,2025-06-12,support_ticket
CUST02105,2025-07-09,cart_add
CUST02106,2025-07-11,review_submitted
CUST02107,2025-06-24,site_visit
CUST02107,2025-07-10,site_visit
CUST02107,2025-07-01,cart_add
CUST02107,2025-05-16,site_visit
CUST02107,2025-06-25,email_open
CUST02107,2025-05-17,cart_abandon
CUST02108,2025-07-14,email_open
CUST02108,2025-06-23,cart_add
CUST02108,2025-06-29,cart_add
CUST02108,2025-07-12,site_visit
CUST02108,2025-06-13,review_submitted
CUST02108,2025-06-29,site_visit
CUST02109,2024-08-14,cart_add
CUST02109,2025-02-16,cart_add
CUST02110,2025-07-29,site_visit
CUST02110,2025-07-30,site_visit
CUST02110,2025-07-20,cart_add
CUST02110,2025-07-28,cart_add
CUST02110,2025-07-23,cart_add
CUST02110,2025-07-25,cart_abandon
CUST02111,2025-03-30,site_visit
CUST02112,2025-06-13,cart_abandon
CUST02113,2025-03-29,email_open
CUST02114,2025-06-10,cart_add
CUST02114,2025-06-22,cart_add
CUST02114,2025-07-19,cart_abandon
CUST02114,2025-07-07,email_open
CUST02114,2025-06-17,site_visit
CUST02114,2025-06-06,email_open
CUST02115,2025-02-18,site_visit
CUST02115,2025-04-06,site_visit
CUST02116,2025-01-29,email_open
CUST02117,2024-11-08,email_open
CUST02118,2025-05-25,site_visit
CUST02118,2024-12-21,cart_abandon
CUST02119,2025-07-03,cart_abandon
CUST02120,2025-07-24,cart_add
CUST02120,2025-06-12,site_visit
CUST02120,2025-06-11,site_visit
CUST02120,2025-07-15,site_visit
CUST02120,2025-07-02,site_visit
CUST02120,2025-05-30,site_visit
CUST02120,2025-07-20,review_submitted
CUST02121,2025-06-27,support_ticket
CUST02121,2025-04-30,site_visit
CUST02121,2025-07-13,email_open
CUST02121,2025-05-07,cart_add
CUST02122,2025-02-22,cart_add
CUST02122,2025-01-14,site_visit
CUST02122,2024-12-27,site_visit
CUST02122,2025-01-20,cart_add
CUST02123,2025-07-16,site_visit
CUST02123,2025-07-18,review_submitted
CUST02123,2025-07-15,cart_add
CUST02123,2025-07-14,cart_add
CUST02123,2025-07-19,support_ticket
CUST02123,2025-07-23,site_visit
CUST02123,2025-07-16,site_visit
CUST02123,2025-07-19,support_ticket
CUST02123,2025-07-15,review_submitted
CUST02124,2025-05-26,cart_abandon
CUST02125,2025-07-30,cart_abandon
CUST02125,2025-07-31,cart_abandon
CUST02125,2025-07-22,cart_add
CUST02125,2025-07-24,site_visit
CUST02125,2025-07-28,site_visit
CUST02125,2025-07-29,email_open
CUST02125,2025-07-23,email_open
CUST02125,2025-07-26,site_visit
CUST02125,2025-07-23,site_visit
CUST02126,2025-02-11,review_submitted
CUST02126,2025-04-15,site_visit
CUST02126,2025-02-10,support_ticket
CUST02127,2025-03-21,site_visit
CUST02127,2025-07-21,email_open
CUST02128,2025-04-02,cart_add
CUST02129,2025-07-24,cart_add
CUST02129,2025-07-30,site_visit
CUST02129,2025-07-24,site_visit
CUST02129,2025-07-17,cart_add
CUST02129,2025-07-01,site_visit
CUST02129,2025-05-30,cart_abandon
CUST02129,2025-06-11,support_ticket
CUST02129,2025-06-25,site_visit
CUST02130,2025-04-26,cart_abandon
CUST02130,2025-02-17,email_open
CUST02130,2024-10-26,cart_add
CUST02131,2024-09-06,site_visit
CUST02132,2024-04-20,site_visit
CUST02133,2025-07-12,site_visit
CUST02133,2025-04-10,support_ticket
CUST02133,2025-06-13,email_open
CUST02134,2025-07-23,site_visit
CUST02134,2025-05-04,email_open
CUST02134,2025-03-07,cart_add
CUST02135,2025-07-31,site_visit
CUST02135,2025-03-11,site_visit
CUST02135,2025-05-21,site_visit
CUST02135,2025-05-18,cart_add
CUST02136,2025-07-05,site_visit
CUST02136,2025-06-07,site_visit
CUST02136,2025-07-24,cart_abandon
CUST02136,2025-07-26,cart_abandon
CUST02136,2025-07-01,site_visit
CUST02137,2024-07-21,site_visit
CUST02138,2025-07-19,email_open
CUST02138,2025-07-11,cart_add
CUST02138,2025-05-18,cart_add
CUST02139,2025-01-25,cart_abandon
CUST02140,2025-07-02,email_open
CUST02140,2025-06-11,site_visit
CUST02140,2025-06-17,cart_add
CUST02140,2025-07-25,cart_add
CUST02140,2025-06-13,site_visit
CUST02140,2025-05-24,cart_add
CUST02140,2025-06-27,review_submitted
CUST02141,2025-06-06,site_visit
CUST02141,2025-07-12,cart_abandon
CUST02141,2025-05-31,site_visit
CUST02141,2025-04-26,email_open
CUST02141,2025-05-24,email_open
CUST02142,2025-07-27,email_open
CUST02143,2025-06-20,email_open
CUST02143,2025-04-08,site_visit
CUST02143,2025-04-09,review_submitted
CUST02144,2025-02-27,cart_add
CUST02145,2025-06-02,site_visit
CUST02145,2025-01-08,cart_add
CUST02146,2025-07-29,site_visit
CUST02146,2025-07-18,cart_abandon
CUST02146,2025-06-20,cart_add
CUST02147,2025-02-27,site_visit
CUST02148,2025-03-09,site_visit
CUST02149,2025-06-24,site_visit
CUST02150,2025-07-27,site_visit
CUST02150,2025-07-07,cart_add
CUST02150,2025-06-04,cart_abandon
CUST02150,2025-05-11,site_visit
CUST02150,2025-05-11,cart_add
CUST02150,2025-06-06,site_visit
CUST02151,2025-07-26,email_open
CUST02152,2025-04-19,cart_abandon
CUST02153,2025-03-11,cart_abandon
CUST02153,2025-05-10,cart_add
CUST02153,2025-07-20,email_open
CUST02153,2025-03-04,email_open
CUST02154,2025-06-10,cart_add
CUST02154,2025-07-30,cart_abandon
CUST02154,2025-07-09,cart_abandon
CUST02154,2025-06-03,email_open
CUST02155,2024-10-24,site_visit
CUST02156,2025-07-29,email_open
CUST02157,2025-01-24,site_visit
CUST02158,2025-06-01,cart_add
CUST02158,2025-01-02,review_submitted
CUST02159,2025-06-21,cart_abandon
CUST02159,2025-05-09,site_visit
CUST02160,2025-03-29,cart_abandon
CUST02160,2025-03-13,cart_add
CUST02160,2025-07-10,email_open
CUST02160,2025-07-27,review_submitted
CUST02161,2025-04-04,support_ticket
CUST02161,2025-07-04,site_visit
CUST02161,2025-02-15,site_visit
CUST02161,2025-07-08,support_ticket
CUST02162,2025-03-08,support_ticket
CUST02162,2025-07-18,cart_abandon
CUST02162,2025-05-14,cart_abandon
CUST02162,2025-02-19,review_submitted
CUST02162,2025-05-17,cart_abandon
CUST02162,2025-06-07,cart_abandon
CUST02162,2025-03-17,site_visit
CUST02163,2025-07-04,site_visit
CUST02163,2025-05-06,site_visit
CUST02163,2025-05-16,site_visit
CUST02164,2025-07-03,site_visit
CUST02164,2025-07-09,site_visit
CUST02164,2025-07-23,site_visit
CUST02164,2025-06-21,site_visit
CUST02165,2025-02-05,site_visit
CUST02165,2025-05-06,site_visit
CUST02166,2025-07-30,site_visit
CUST02166,2025-07-18,site_visit
CUST02166,2025-07-22,cart_add
CUST02166,2025-07-28,cart_add
CUST02166,2025-07-21,cart_add
CUST02166,2025-07-24,site_visit
CUST02167,2025-01-28,site_visit
CUST02168,2025-05-01,email_open
CUST02169,2025-03-31,site_visit
CUST02169,2025-06-21,review_submitted
CUST02169,2025-01-26,cart_add
CUST02169,2025-02-19,cart_abandon
CUST02169,2025-05-04,site_visit
CUST02169,2025-05-24,cart_abandon
CUST02169,2025-05-23,site_visit
CUST02169,2025-06-23,cart_add
CUST02170,2025-05-23,cart_abandon
CUST02171,2025-04-19,site_visit
CUST02171,2025-06-25,site_visit
CUST02171,2025-06-21,cart_add
CUST02172,2025-07-02,email_open
CUST02173,2025-05-08,support_ticket
CUST02174,2025-06-28,site_visit
CUST02174,2025-07-10,email_open
CUST02174,2025-07-09,site_visit
CUST02174,2025-06-17,cart_abandon
CUST02174,2025-06-24,cart_add
CUST02175,2025-05-05,cart_add
CUST02176,2025-07-21,site_visit
CUST02176,2025-06-28,cart_add
CUST02176,2025-07-26,site_visit
CUST02176,2025-06-28,cart_abandon
CUST02176,2025-07-22,site_visit
CUST02176,2025-07-12,cart_abandon
CUST02177,2024-07-12,site_visit
CUST02178,2025-07-27,email_open
CUST02178,2025-07-21,email_open
CUST02178,2025-06-30,cart_add
CUST02178,2025-01-19,cart_add
CUST02179,2025-02-07,cart_add
CUST02179,2025-03-23,cart_add
CUST02180,2025-06-20,site_visit
CUST02181,2025-02-03,site_visit
CUST02182,2025-06-01,email_open
CUST02183,2024-08-13,cart_abandon
CUST02184,2025-01-12,cart_add
CUST02185,2025-05-25,email_open
CUST02186,2025-07-26,site_visit
CUST02186,2025-07-03,site_visit
CUST02187,2025-06-09,email_open
CUST02187,2025-06-24,cart_abandon
CUST02187,2025-07-13,email_open
CUST02187,2025-06-30,site_visit
CUST02187,2025-07-15,cart_abandon
CUST02188,2025-06-24,site_visit
CUST02188,2025-05-26,site_visit
CUST02188,2025-06-06,cart_add
CUST02189,2025-07-07,cart_abandon
CUST02190,2025-05-16,site_visit
CUST02190,2025-03-10,cart_add
CUST02190,2025-02-13,cart_abandon
CUST02190,2025-07-08,site_visit
CUST02191,2025-06-20,cart_abandon
CUST02192,2025-06-19,support_ticket
CUST02192,2025-07-17,cart_add
CUST02192,2025-06-23,cart_abandon
CUST02192,2025-07-10,site_visit
CUST02192,2025-06-19,cart_add
CUST02192,2025-06-16,site_visit
CUST02192,2025-07-28,cart_abandon
CUST02193,2025-02-17,email_open
CUST02193,2025-03-19,cart_add
CUST02193,2025-01-29,email_open
CUST02194,2025-01-17,email_open
CUST02194,2025-04-29,site_visit
CUST02194,2025-03-20,site_visit
CUST02195,2024-06-26,cart_abandon
CUST02196,2024-12-31,cart_abandon
CUST02197,2025-03-23,site_visit
CUST02198,2025-07-05,site_visit
CUST02198,2025-07-17,site_visit
CUST02198,2025-07-22,review_submitted
CUST02199,2025-05-18,site_visit
CUST02199,2025-05-26,site_visit
CUST02199,2025-03-16,site_visit
CUST02199,2025-07-27,site_visit
CUST02200,2024-11-17,cart_add
CUST02201,2025-07-26,site_visit
CUST02201,2025-07-29,cart_add
CUST02201,2025-07-20,site_visit
CUST02202,2025-05-10,cart_add
CUST02203,2025-02-14,site_visit
CUST02204,2025-01-04,email_open
CUST02205,2025-07-04,support_ticket
CUST02205,2025-07-08,review_submitted
CUST02205,2025-04-21,email_open
CUST02205,2025-07-28,email_open
CUST02205,2025-07-22,support_ticket
CUST02206,2025-06-16,cart_abandon
CUST02206,2025-07-27,email_open
CUST02206,2025-07-04,cart_abandon
CUST02206,2025-06-28,cart_add
CUST02206,2025-07-02,cart_add
CUST02206,2025-06-22,site_visit
CUST02206,2025-07-23,site_visit
CUST02207,2025-04-19,email_open
CUST02208,2025-06-09,email_open
CUST02208,2025-06-04,cart_abandon
CUST02208,2025-06-04,site_visit
CUST02208,2025-06-29,site_visit
CUST02208,2025-06-04,cart_add
CUST02208,2025-05-17,site_visit
CUST02209,2025-01-06,site_visit
CUST02210,2025-06-18,site_visit
CUST02210,2025-06-26,email_open
CUST02210,2025-07-24,site_visit
CUST02210,2025-06-16,email_open
CUST02210,2025-07-14,cart_add
CUST02211,2025-04-27,site_visit
CUST02211,2025-07-22,cart_abandon
CUST02212,2025-05-10,cart_abandon
CUST02212,2025-04-19,email_open
CUST02212,2025-07-30,cart_abandon
CUST02212,2025-06-04,site_visit
CUST02212,2025-05-18,email_open
CUST02212,2025-07-26,review_submitted
CUST02212,2025-07-15,review_submitted
CUST02212,2025-05-13,cart_add
CUST02213,2024-08-11,site_visit
CUST02214,2025-07-21,site_visit
CUST02214,2025-07-09,cart_add
CUST02214,2025-07-20,site_visit
CUST02214,2025-07-10,site_visit
CUST02214,2025-07-28,cart_add
CUST02214,2025-07-22,site_visit
CUST02214,2025-07-22,site_visit
CUST02215,2025-06-02,site_visit
CUST02215,2025-03-04,email_open
CUST02215,2025-05-20,site_visit
CUST02215,2025-05-31,site_visit
CUST02216,2024-12-08,site_visit
CUST02217,2025-06-14,cart_add
CUST02217,2025-07-05,cart_add
CUST02217,2025-06-10,site_visit
CUST02217,2025-05-29,review_submitted
CUST02217,2025-06-26,cart_add
CUST02218,2024-09-27,site_visit
CUST02218,2025-01-14,site_visit
CUST02219,2025-07-24,site_visit
CUST02219,2025-07-10,cart_add
CUST02219,2025-06-10,cart_add
CUST02219,2025-06-01,review_submitted
CUST02220,2025-07-12,review_submitted
CUST02221,2025-06-28,site_visit
CUST02221,2025-06-18,site_visit
CUST02221,2025-03-08,cart_add
CUST02222,2025-03-05,cart_abandon
CUST02223,2024-06-16,email_open
CUST02224,2024-12-16,site_visit
CUST02224,2024-12-02,cart_add
CUST02224,2024-12-31,cart_add
CUST02224,2024-09-09,site_visit
CUST02224,2025-01-24,site_visit
CUST02225,2025-06-06,email_open
CUST02226,2025-03-24,cart_abandon
CUST02226,2024-12-15,cart_abandon
CUST02226,2025-05-25,site_visit
CUST02227,2025-07-04,cart_add
CUST02227,2025-03-02,site_visit
CUST02227,2025-02-07,site_visit
CUST02227,2025-04-16,site_visit
CUST02227,2025-03-24,review_submitted
CUST02227,2025-05-07,site_visit
CUST02227,2024-09-25,cart_abandon
CUST02228,2025-04-09,site_visit
CUST02228,2025-07-24,cart_add
CUST02228,2024-12-28,site_visit
CUST02229,2025-01-25,site_visit
CUST02230,2025-02-17,email_open
CUST02231,2025-06-05,cart_add
CUST02231,2025-03-06,site_visit
CUST02231,2025-07-27,site_visit
CUST02232,2025-06-28,review_submitted
CUST02233,2025-07-01,site_visit
CUST02233,2025-06-19,site_visit
CUST02233,2025-07-05,site_visit
CUST02233,2025-06-24,cart_abandon
CUST02234,2025-06-20,email_open
CUST02234,2025-06-24,cart_add
CUST02234,2025-07-25,cart_add
CUST02235,2025-06-23,site_visit
CUST02236,2025-04-07,email_open
CUST02237,2025-07-08,cart_abandon
CUST02237,2025-06-25,cart_add
CUST02237,2025-07-02,site_visit
CUST02237,2025-07-15,support_ticket
CUST02237,2025-07-06,cart_add
CUST02238,2024-06-30,cart_abandon
CUST02239,2025-03-10,site_visit
CUST02240,2025-06-17,site_visit
CUST02240,2024-06-26,cart_add
CUST02241,2025-05-26,cart_abandon
CUST02241,2025-06-30,cart_abandon
CUST02241,2025-06-24,cart_add
CUST02242,2024-11-16,cart_abandon
CUST02243,2025-02-01,site_visit
CUST02244,2025-07-29,email_open
CUST02244,2025-07-31,email_open
CUST02244,2025-07-30,email_open
CUST02244,2025-07-30,site_visit
CUST02244,2025-07-31,site_visit
CUST02244,2025-07-28,cart_abandon
CUST02244,2025-07-31,email_open
CUST02244,2025-07-30,cart_add
CUST02245,2025-06-06,review_submitted
CUST02245,2025-05-23,cart_abandon
CUST02245,2025-07-04,cart_abandon
CUST02246,2025-02-28,cart_abandon
CUST02246,2025-06-08,cart_abandon
CUST02247,2025-07-18,site_visit
CUST02248,2025-07-14,review_submitted
CUST02248,2025-06-15,site_visit
CUST02248,2025-05-22,cart_add
CUST02248,2025-05-27,site_visit
CUST02248,2025-07-25,site_visit
CUST02248,2025-07-26,cart_add
CUST02248,2025-05-06,site_visit
CUST02248,2025-07-29,site_visit
CUST02248,2025-05-30,site_visit
CUST02249,2025-04-04,cart_add
CUST02250,2024-11-14,review_submitted
CUST02251,2025-01-26,cart_abandon
CUST02252,2025-07-24,site_visit
CUST02252,2025-06-20,site_visit
CUST02252,2025-07-06,site_visit
CUST02252,2025-07-09,site_visit
CUST02253,2025-06-13,cart_abandon
CUST02253,2025-02-20,review_submitted
CUST02253,2025-05-11,site_visit
CUST02254,2025-07-20,site_visit
CUST02254,2025-07-04,cart_abandon
CUST02255,2025-07-01,cart_add
CUST02255,2025-07-10,cart_add
CUST02255,2025-07-16,site_visit
CUST02255,2025-07-30,email_open
CUST02256,2025-05-19,site_visit
CUST02256,2024-12-30,email_open
CUST02256,2025-03-17,site_visit
CUST02257,2025-06-06,site_visit
CUST02258,2024-10-18,cart_add
CUST02259,2025-02-28,site_visit
CUST02260,2025-07-26,site_visit
CUST02261,2025-07-11,site_visit
CUST02261,2025-05-28,email_open
CUST02261,2025-03-24,cart_abandon
CUST02261,2025-07-29,site_visit
CUST02261,2025-07-17,email_open
CUST02262,2024-12-30,site_visit
CUST02262,2025-05-07,site_visit
CUST02262,2025-03-21,cart_add
CUST02262,2025-05-24,email_open
CUST02263,2025-06-14,site_visit
CUST02263,2025-06-16,support_ticket
CUST02263,2025-07-01,cart_add
CUST02264,2024-12-08,cart_abandon
CUST02265,2025-07-09,site_visit
CUST02266,2025-01-19,site_visit
CUST02267,2024-12-15,cart_add
CUST02267,2025-04-30,site_visit
CUST02268,2025-05-18,cart_abandon
CUST02268,2025-03-16,cart_abandon
CUST02268,2025-05-11,site_visit
CUST02269,2025-05-21,email_open
CUST02270,2025-06-20,cart_add
CUST02271,2024-11-17,cart_add
CUST02272,2024-12-13,site_visit
CUST02273,2025-03-24,site_visit
CUST02273,2024-12-03,cart_add
CUST02273,2025-03-20,cart_add
CUST02273,2025-02-25,site_visit
CUST02273,2025-04-19,email_open
CUST02273,2025-06-30,support_ticket
CUST02274,2025-05-04,cart_add
CUST02274,2025-05-19,email_open
CUST02275,2025-07-29,site_visit
CUST02275,2025-07-13,email_open
CUST02275,2025-07-16,site_visit
CUST02275,2025-07-18,site_visit
CUST02276,2025-03-18,site_visit
CUST02277,2025-07-23,cart_add
CUST02277,2025-06-06,email_open
CUST02278,2024-12-09,cart_add
CUST02278,2025-01-20,support_ticket
CUST02278,2025-01-24,site_visit
CUST02278,2025-06-16,review_submitted
CUST02278,2025-02-07,cart_add
CUST02279,2025-04-06,cart_add
CUST02279,2025-06-11,email_open
CUST02279,2025-07-04,cart_abandon
CUST02280,2025-01-26,review_submitted
CUST02281,2025-01-17,cart_abandon
CUST02282,2025-01-22,site_visit
CUST02283,2024-11-07,email_open
CUST02284,2024-04-18,site_visit
CUST02285,2025-01-10,site_visit
CUST02286,2024-11-21,site_visit
CUST02287,2025-07-18,site_visit
CUST02287,2025-07-28,cart_add
CUST02287,2025-07-15,review_submitted
CUST02287,2025-07-29,site_visit
CUST02287,2025-07-28,email_open
CUST02287,2025-07-30,cart_add
CUST02288,2024-08-16,site_visit
CUST02289,2025-02-21,cart_add
CUST02290,2025-04-14,review_submitted
CUST02291,2025-06-16,cart_add
CUST02291,2025-01-03,cart_add
CUST02291,2025-03-29,support_ticket
CUST02291,2025-01-26,cart_add
CUST02291,2025-03-07,site_visit
CUST02291,2025-01-02,site_visit
CUST02291,2025-06-14,email_open
CUST02291,2025-05-23,cart_add
CUST02291,2025-04-16,site_visit
CUST02291,2025-05-22,cart_add
CUST02291,2025-05-17,email_open
CUST02291,2025-05-13,email_open
CUST02292,2024-10-28,site_visit
CUST02293,2024-09-24,review_submitted
CUST02294,2025-04-18,cart_add
CUST02294,2025-05-02,email_open
CUST02295,2024-02-23,site_visit
CUST02296,2025-02-14,cart_abandon
CUST02297,2025-03-28,cart_abandon
CUST02298,2025-03-26,cart_add
CUST02299,2024-07-21,cart_abandon
CUST02300,2025-01-03,site_visit
CUST02301,2025-06-13,cart_add
CUST02301,2025-05-02,review_submitted
CUST02302,2025-07-18,cart_add
CUST02302,2025-07-23,cart_add
CUST02303,2025-03-22,site_visit
CUST02303,2025-04-30,cart_add
CUST02303,2025-04-26,site_visit
CUST02304,2025-01-27,site_visit
CUST02305,2025-07-18,cart_abandon
CUST02305,2025-07-04,site_visit
CUST02305,2025-07-20,email_open
CUST02305,2025-06-26,support_ticket
CUST02305,2025-07-21,cart_abandon
CUST02305,2025-07-26,cart_add
CUST02305,2025-07-06,cart_add
CUST02305,2025-06-24,site_visit
CUST02306,2025-06-22,cart_add
CUST02307,2025-06-13,site_visit
CUST02308,2025-06-28,site_visit
CUST02308,2025-04-28,cart_add
CUST02308,2025-01-31,cart_add
CUST02309,2024-07-24,cart_abandon
CUST02310,2024-09-30,email_open
CUST02311,2025-04-01,site_visit
CUST02311,2025-07-03,email_open
CUST02312,2025-07-02,cart_add
CUST02312,2025-07-12,cart_add
CUST02312,2025-06-23,email_open
CUST02312,2025-07-05,cart_abandon
CUST02312,2025-06-16,site_visit
CUST02312,2025-06-29,email_open
CUST02313,2024-11-26,cart_add
CUST02314,2025-05-09,cart_abandon
CUST02315,2025-07-31,site_visit
CUST02315,2025-07-26,site_visit
CUST02315,2025-07-31,cart_abandon
CUST02315,2025-07-30,cart_add
CUST02315,2025-07-26,site_visit
CUST02315,2025-07-31,site_visit
CUST02315,2025-07-28,site_visit
CUST02316,2024-09-25,review_submitted
CUST02317,2024-11-30,site_visit
CUST02318,2024-11-13,site_visit
CUST02318,2025-02-25,cart_add
CUST02319,2025-06-14,cart_add
CUST02320,2025-06-15,cart_add
CUST02320,2025-01-02,site_visit
CUST02320,2025-04-05,site_visit
CUST02320,2025-04-08,email_open
CUST02320,2024-10-11,review_submitted
CUST02321,2025-07-24,site_visit
CUST02321,2025-06-27,site_visit
CUST02321,2025-06-10,site_visit
CUST02321,2025-06-28,site_visit
CUST02322,2025-05-03,site_visit
CUST02322,2025-06-02,site_visit
CUST02323,2025-03-19,site_visit
CUST02323,2024-12-27,site_visit
CUST02323,2025-02-28,cart_add
CUST02323,2025-03-17,email_open
CUST02323,2025-02-18,cart_abandon
CUST02324,2024-12-02,site_visit
CUST02325,2025-06-30,site_visit
CUST02325,2025-05-24,cart_abandon
CUST02325,2025-06-30,email_open
CUST02326,2025-07-29,cart_add
CUST02326,2025-07-23,site_visit
CUST02326,2025-07-28,cart_add
CUST02326,2025-07-12,cart_abandon
CUST02327,2025-06-29,email_open
CUST02327,2025-07-16,site_visit
CUST02327,2025-07-30,email_open
CUST02327,2025-07-13,review_submitted
CUST02328,2024-08-09,site_visit
CUST02329,2025-05-31,site_visit
CUST02329,2025-06-24,cart_abandon
CUST02329,2025-06-05,site_visit
CUST02330,2025-04-09,cart_add
CUST02331,2024-07-10,review_submitted
CUST02332,2025-04-06,email_open
CUST02333,2025-02-25,site_visit
CUST02333,2025-07-20,support_ticket
CUST02334,2025-02-25,email_open
CUST02335,2024-09-04,site_visit
CUST02336,2024-10-11,site_visit
CUST02336,2025-02-02,cart_add
CUST02337,2024-11-02,review_submitted
CUST02338,2025-05-10,site_visit
CUST02339,2024-06-06,cart_add
CUST02340,2025-07-19,cart_add
CUST02341,2025-06-30,cart_add
CUST02341,2025-05-25,site_visit
CUST02341,2025-06-07,email_open
CUST02341,2025-03-22,site_visit
CUST02341,2025-07-30,cart_abandon
CUST02342,2024-05-24,cart_add
CUST02343,2025-07-03,site_visit
CUST02344,2024-09-25,support_ticket
CUST02345,2025-07-26,site_visit
CUST02345,2025-07-17,email_open
CUST02345,2025-07-28,site_visit
CUST02345,2025-07-19,site_visit
CUST02346,2025-02-21,site_visit
CUST02346,2025-06-03,site_visit
CUST02346,2025-06-10,site_visit
CUST02347,2025-05-28,cart_abandon
CUST02347,2025-07-06,cart_add
CUST02348,2024-09-14,cart_abandon
CUST02349,2025-01-03,cart_add
CUST02349,2025-04-16,email_open
CUST02350,2025-01-29,cart_abandon
CUST02351,2025-04-02,cart_add
CUST02351,2025-02-23,cart_add
CUST02352,2025-07-02,site_visit
CUST02352,2025-07-19,site_visit
CUST02352,2025-06-27,review_submitted
CUST02352,2025-07-01,site_visit
CUST02352,2025-07-27,site_visit
CUST02352,2025-06-19,email_open
CUST02352,2025-06-24,review_submitted
CUST02353,2025-02-20,cart_add
CUST02353,2025-07-25,review_submitted
CUST02353,2025-01-15,site_visit
CUST02353,2025-02-08,site_visit
CUST02353,2025-06-07,email_open
CUST02354,2025-07-26,site_visit
CUST02354,2025-06-15,email_open
CUST02354,2025-06-14,site_visit
CUST02354,2025-06-05,site_visit
CUST02354,2025-07-02,site_visit
CUST02355,2025-07-07,cart_add
CUST02355,2025-04-21,support_ticket
CUST02356,2024-08-28,support_ticket
CUST02357,2025-07-06,site_visit
CUST02357,2025-06-25,email_open
CUST02357,2025-07-07,site_visit
CUST02357,2025-06-16,cart_add
CUST02357,2025-07-19,cart_abandon
CUST02357,2025-06-09,site_visit
CUST02358,2024-05-15,cart_abandon
CUST02359,2024-11-27,cart_add
CUST02359,2024-12-28,site_visit
CUST02359,2025-02-16,site_visit
CUST02359,2025-04-13,cart_add
CUST02359,2025-05-27,review_submitted
CUST02360,2025-07-23,site_visit
CUST02361,2024-09-18,site_visit
CUST02362,2025-04-08,cart_abandon
CUST02363,2024-09-13,cart_abandon
CUST02364,2025-01-30,site_visit
CUST02365,2025-04-30,site_visit
CUST02366,2025-07-02,site_visit
CUST02367,2025-02-05,email_open
CUST02368,2025-07-18,cart_add
CUST02368,2025-02-06,cart_abandon
CUST02368,2025-01-10,site_visit
CUST02369,2025-02-24,site_visit
CUST02369,2025-05-24,cart_add
CUST02370,2025-03-14,cart_add
CUST02370,2025-03-12,site_visit
CUST02371,2025-07-23,site_visit
CUST02371,2025-01-24,cart_add
CUST02371,2025-07-31,site_visit
CUST02371,2025-02-11,site_visit
CUST02371,2025-03-15,site_visit
CUST02371,2025-01-23,cart_abandon
CUST02372,2025-05-17,cart_add
CUST02372,2025-05-23,site_visit
CUST02372,2025-06-07,cart_abandon
CUST02372,2025-06-25,site_visit
CUST02373,2025-06-15,site_visit
CUST02373,2025-02-09,site_visit
CUST02374,2024-12-05,cart_add
CUST02375,2025-06-01,support_ticket
CUST02376,2024-08-23,cart_add
CUST02377,2024-11-22,site_visit
CUST02378,2025-04-28,email_open
CUST02378,2025-04-30,cart_abandon
CUST02378,2025-05-29,cart_add
CUST02379,2024-12-18,cart_abandon
CUST02380,2025-06-20,site_visit
CUST02380,2025-07-07,site_visit
CUST02380,2025-06-13,cart_abandon
CUST02380,2025-07-16,cart_add
CUST02381,2025-06-22,email_open
CUST02381,2025-05-02,cart_add
CUST02382,2025-07-02,site_visit
CUST02382,2025-07-13,site_visit
CUST02382,2025-07-21,email_open
CUST02382,2025-07-20,site_visit
CUST02382,2025-06-12,site_visit
CUST02382,2025-05-27,site_visit
CUST02382,2025-07-13,cart_abandon
CUST02383,2025-07-28,site_visit
CUST02383,2025-07-07,cart_add
CUST02383,2025-06-19,email_open
CUST02383,2025-06-16,site_visit
CUST02383,2025-06-20,site_visit
CUST02383,2025-07-17,cart_add
CUST02383,2025-06-22,site_visit
CUST02383,2025-07-22,site_visit
CUST02384,2025-02-21,cart_add
CUST02385,2025-02-12,site_visit
CUST02386,2025-03-22,site_visit
CUST02387,2024-09-20,cart_add
CUST02387,2025-05-23,email_open
CUST02387,2025-07-23,site_visit
CUST02387,2024-10-29,support_ticket
CUST02388,2025-05-04,site_visit
CUST02388,2025-07-29,email_open
CUST02389,2025-02-25,cart_add
CUST02390,2025-02-27,site_visit
CUST02391,2025-03-27,site_visit
CUST02392,2025-05-18,cart_add
CUST02393,2025-07-27,site_visit
CUST02393,2024-12-26,site_visit
CUST02393,2025-04-05,site_visit
CUST02393,2025-07-06,email_open
CUST02393,2024-11-28,cart_abandon
CUST02394,2025-03-08,site_visit
CUST02395,2025-06-11,cart_add
CUST02395,2025-07-04,site_visit
CUST02395,2025-06-22,cart_add
CUST02395,2025-06-08,email_open
CUST02395,2025-07-28,cart_add
CUST02395,2025-07-27,cart_add
CUST02395,2025-07-23,site_visit
CUST02395,2025-06-22,email_open
CUST02395,2025-07-23,site_visit
CUST02395,2025-07-25,site_visit
CUST02396,2024-12-19,site_visit
CUST02397,2024-07-18,site_visit
CUST02398,2024-12-05,site_visit
CUST02399,2025-05-31,cart_add
CUST02399,2025-02-08,cart_add
CUST02399,2025-07-16,cart_abandon
CUST02400,2025-06-16,email_open
CUST02400,2025-04-15,site_visit
CUST02400,2025-01-23,site_visit
CUST02400,2025-06-24,cart_add
CUST02401,2025-01-29,support_ticket
CUST02402,2024-08-30,cart_abandon
CUST02403,2025-05-04,site_visit
CUST02403,2025-06-18,cart_add
CUST02404,2025-06-09,site_visit
CUST02405,2025-05-01,site_visit
CUST02405,2025-06-26,site_visit
CUST02406,2025-05-19,site_visit
CUST02407,2024-09-22,email_open
CUST02407,2024-11-08,site_visit
CUST02407,2025-01-26,support_ticket
CUST02407,2025-03-13,cart_abandon
CUST02407,2025-06-05,cart_abandon
CUST02408,2025-05-11,site_visit
CUST02409,2025-07-27,email_open
CUST02409,2025-07-28,cart_add
CUST02409,2025-07-29,site_visit
CUST02409,2025-07-31,support_ticket
CUST02409,2025-07-30,cart_add
CUST02409,2025-07-31,email_open
CUST02409,2025-07-31,cart_add
CUST02410,2025-01-29,site_visit
CUST02410,2025-04-25,site_visit
CUST02411,2025-05-21,review_submitted
CUST02411,2025-02-04,cart_abandon
CUST02411,2025-05-04,cart_add
CUST02411,2025-02-14,site_visit
CUST02411,2025-07-21,site_visit
CUST02411,2025-04-30,cart_add
CUST02412,2024-09-26,cart_abandon
CUST02413,2024-12-31,site_visit
CUST02414,2025-03-01,site_visit
CUST02415,2025-07-16,site_visit
CUST02415,2024-12-05,email_open
CUST02415,2025-01-12,support_ticket
CUST02416,2025-07-20,cart_add
CUST02416,2025-07-25,site_visit
CUST02416,2025-07-10,cart_abandon
CUST02416,2025-07-25,cart_add
CUST02416,2025-07-12,cart_abandon
CUST02416,2025-07-17,site_visit
CUST02417,2024-11-11,review_submitted
CUST02418,2024-04-11,cart_add
CUST02419,2024-08-11,cart_add
CUST02420,2025-04-09,review_submitted
CUST02421,2024-10-18,cart_add
CUST02422,2024-03-18,cart_abandon
CUST02423,2025-03-17,cart_abandon
CUST02423,2025-05-03,email_open
CUST02423,2025-07-03,site_visit
CUST02423,2025-04-26,site_visit
CUST02423,2025-03-15,cart_add
CUST02423,2025-07-28,site_visit
CUST02424,2025-02-01,cart_abandon
CUST02425,2025-04-17,cart_add
CUST02426,2025-07-02,cart_abandon
CUST02426,2025-07-21,review_submitted
CUST02426,2025-07-02,site_visit
CUST02426,2025-06-25,cart_abandon
CUST02426,2025-07-04,cart_abandon
CUST02426,2025-06-10,site_visit
CUST02426,2025-07-19,site_visit
CUST02427,2025-07-10,cart_abandon
CUST02428,2025-07-16,cart_abandon
CUST02428,2025-07-14,cart_add
CUST02428,2025-07-04,site_visit
CUST02428,2025-07-31,site_visit
CUST02428,2025-07-25,cart_add
CUST02428,2025-07-06,site_visit
CUST02429,2025-01-30,cart_add
CUST02430,2025-07-15,site_visit
CUST02430,2025-07-31,site_visit
CUST02430,2025-07-27,cart_abandon
CUST02430,2025-06-08,site_visit
CUST02431,2025-07-23,support_ticket
CUST02431,2025-06-02,site_visit
CUST02431,2025-06-24,cart_add
CUST02432,2025-05-08,cart_add
CUST02432,2025-05-26,review_submitted
CUST02432,2025-05-23,site_visit
CUST02433,2025-07-31,cart_abandon
CUST02433,2025-07-29,site_visit
CUST02433,2025-07-30,site_visit
CUST02433,2025-07-28,cart_add
CUST02433,2025-07-21,site_visit
CUST02433,2025-07-23,site_visit
CUST02433,2025-07-31,site_visit
CUST02433,2025-07-30,site_visit
CUST02434,2025-05-11,site_visit
CUST02435,2025-07-07,site_visit
CUST02435,2025-07-26,email_open
CUST02435,2025-07-20,cart_add
CUST02435,2025-07-29,site_visit
CUST02435,2025-07-22,site_visit
CUST02435,2025-07-27,review_submitted
CUST02435,2025-07-16,site_visit
CUST02435,2025-07-10,cart_add
CUST02436,2025-01-09,site_visit
CUST02437,2024-11-11,email_open
CUST02438,2025-05-09,site_visit
CUST02438,2025-01-12,email_open
CUST02438,2025-01-16,site_visit
CUST02438,2024-11-18,site_visit
CUST02438,2024-10-13,site_visit
CUST02438,2025-06-01,site_visit
CUST02439,2025-01-07,site_visit
CUST02440,2024-08-23,site_visit
CUST02441,2025-07-11,site_visit
CUST02441,2025-04-07,site_visit
CUST02442,2025-04-14,cart_add
CUST02442,2025-05-17,site_visit
CUST02442,2025-01-22,cart_abandon
CUST02443,2025-05-20,site_visit
CUST02443,2025-07-07,site_visit
CUST02443,2025-07-06,email_open
CUST02443,2025-07-12,cart_add
CUST02443,2025-06-16,cart_add
CUST02443,2025-06-11,cart_add
CUST02443,2025-04-30,email_open
CUST02444,2025-07-09,site_visit
CUST02444,2025-06-02,site_visit
CUST02444,2025-05-11,cart_abandon
CUST02444,2025-06-21,site_visit
CUST02445,2025-07-23,cart_add
CUST02445,2024-11-25,site_visit
CUST02445,2025-01-26,cart_abandon
CUST02446,2024-08-04,email_open
CUST02447,2025-03-06,site_visit
CUST02447,2024-10-04,email_open
CUST02448,2025-03-20,cart_add
CUST02449,2024-04-14,cart_add
CUST02450,2025-04-17,site_visit
CUST02450,2025-01-21,cart_abandon
CUST02451,2025-07-12,site_visit
CUST02452,2025-07-21,cart_abandon
CUST02452,2025-07-28,cart_add
CUST02452,2025-07-30,cart_add
CUST02452,2025-07-25,site_visit
CUST02452,2025-07-22,site_visit
CUST02452,2025-07-27,site_visit
CUST02452,2025-07-29,site_visit
CUST02452,2025-07-16,cart_abandon
CUST02453,2025-03-04,cart_add
CUST02453,2025-06-06,cart_abandon
CUST02454,2024-12-15,site_visit
CUST02454,2024-10-19,support_ticket
CUST02455,2025-06-11,review_submitted
CUST02456,2025-05-10,site_visit
CUST02456,2024-11-22,site_visit
CUST02456,2024-11-07,email_open
CUST02457,2025-07-12,cart_abandon
CUST02458,2025-06-11,cart_abandon
CUST02458,2025-03-21,cart_abandon
CUST02459,2025-07-17,cart_abandon
CUST02460,2025-01-28,email_open
CUST02460,2024-11-25,cart_add
CUST02461,2025-07-30,cart_abandon
CUST02461,2025-07-28,cart_abandon
CUST02461,2025-07-27,cart_add
CUST02461,2025-07-27,cart_abandon
CUST02461,2025-07-27,cart_add
CUST02461,2025-07-30,site_visit
CUST02461,2025-07-28,site_visit
CUST02461,2025-07-31,support_ticket
CUST02461,2025-07-30,cart_add
CUST02461,2025-07-30,site_visit
CUST02461,2025-07-29,review_submitted
CUST02461,2025-07-29,cart_abandon
CUST02461,2025-07-30,cart_abandon
CUST02461,2025-07-30,cart_add
CUST02462,2025-07-11,email_open
CUST02462,2025-06-24,site_visit
CUST02462,2025-07-11,review_submitted
CUST02463,2025-05-15,cart_add
CUST02464,2024-12-12,cart_add
CUST02464,2025-01-26,site_visit
CUST02464,2025-02-21,site_visit
CUST02464,2025-02-28,cart_add
CUST02464,2025-04-03,cart_abandon
CUST02464,2025-06-14,cart_add
CUST02465,2025-06-10,email_open
CUST02466,2025-02-05,email_open
CUST02467,2025-07-28,site_visit
CUST02468,2024-04-09,site_visit
CUST02469,2025-02-05,email_open
CUST02470,2025-01-04,site_visit
CUST02471,2025-07-20,site_visit
CUST02472,2025-07-25,cart_add
CUST02472,2025-07-14,cart_abandon
CUST02472,2025-07-31,review_submitted
CUST02472,2025-07-10,cart_abandon
CUST02472,2025-07-13,review_submitted
CUST02472,2025-07-17,site_visit
CUST02473,2025-06-27,support_ticket
CUST02473,2025-06-18,email_open
CUST02473,2025-07-11,cart_add
CUST02473,2025-07-11,cart_add
CUST02473,2025-07-18,review_submitted
CUST02474,2025-03-30,email_open
CUST02474,2025-07-04,support_ticket
CUST02474,2025-05-30,cart_add
CUST02474,2025-06-11,cart_add
CUST02474,2025-03-21,site_visit
CUST02475,2025-04-18,site_visit
CUST02475,2025-03-12,cart_add
CUST02476,2025-07-31,review_submitted
CUST02476,2025-05-22,site_visit
CUST02476,2025-07-31,cart_add
CUST02476,2025-06-02,site_visit
CUST02477,2024-05-26,cart_add
CUST02478,2025-06-10,support_ticket
CUST02478,2025-05-07,support_ticket
CUST02478,2025-04-22,site_visit
CUST02478,2025-04-26,site_visit
CUST02478,2025-04-05,site_visit
CUST02479,2024-05-24,cart_add
CUST02480,2025-05-17,cart_add
CUST02480,2025-04-22,site_visit
CUST02480,2025-04-17,cart_add
CUST02480,2025-05-21,cart_add
CUST02481,2024-09-22,email_open
CUST02482,2025-07-01,email_open
CUST02482,2025-06-14,email_open
CUST02482,2025-07-28,email_open
CUST02482,2025-06-08,email_open
CUST02482,2025-07-21,email_open
CUST02483,2025-07-23,email_open
CUST02483,2025-07-23,site_visit
CUST02483,2025-06-29,site_visit
CUST02483,2025-07-05,site_visit
CUST02483,2025-07-07,cart_abandon
CUST02483,2025-07-06,site_visit
CUST02483,2025-07-31,email_open
CUST02484,2024-11-06,email_open
CUST02485,2025-06-18,email_open
CUST02485,2025-01-19,cart_abandon
CUST02486,2025-07-21,cart_add
CUST02486,2025-07-29,cart_add
CUST02486,2025-07-20,site_visit
CUST02486,2025-07-24,cart_add
CUST02486,2025-07-24,site_visit
CUST02486,2025-07-29,site_visit
CUST02487,2025-05-28,cart_add
CUST02488,2025-06-23,cart_abandon
CUST02488,2025-07-25,cart_add
CUST02488,2025-06-29,site_visit
CUST02489,2025-06-29,site_visit
CUST02490,2024-11-06,site_visit
CUST02491,2025-05-07,email_open
CUST02492,2024-07-09,cart_add
CUST02493,2025-06-22,cart_add
CUST02494,2025-07-24,site_visit
CUST02495,2024-12-28,email_open
CUST02496,2025-04-27,cart_add
CUST02497,2025-06-24,email_open
CUST02497,2024-12-13,email_open
CUST02498,2025-05-22,site_visit
CUST02498,2025-07-16,cart_add
CUST02498,2025-06-23,site_visit
CUST02498,2025-07-05,email_open
CUST02498,2025-05-30,cart_abandon
CUST02498,2025-07-19,cart_abandon
CUST02499,2025-07-19,site_visit
CUST02499,2025-07-22,site_visit
CUST02499,2025-07-30,cart_add
CUST02499,2025-07-22,support_ticket
CUST02499,2025-07-22,email_open
CUST02500,2024-11-08,site_visit
CUST02500,2025-07-12,cart_abandon
CUST02500,2025-01-13,email_open
CUST02501,2025-04-30,site_visit
CUST02501,2025-05-03,site_visit
CUST02501,2025-07-04,cart_add
CUST02501,2025-05-31,site_visit
CUST02501,2025-05-11,review_submitted
CUST02501,2025-05-29,cart_abandon
CUST02501,2025-07-11,email_open
CUST02501,2025-06-05,site_visit
CUST02501,2025-07-24,site_visit
CUST02502,2025-05-15,cart_add
CUST02502,2025-05-26,site_visit
CUST02502,2025-03-24,site_visit
CUST02503,2025-05-25,cart_add
CUST02504,2025-07-04,cart_add
CUST02504,2025-07-12,cart_add
CUST02504,2025-07-05,site_visit
CUST02504,2025-07-09,email_open
CUST02504,2025-07-17,site_visit
CUST02504,2025-07-26,cart_add
CUST02505,2024-12-18,site_visit
CUST02506,2025-01-15,cart_abandon
CUST02507,2025-06-01,cart_abandon
CUST02507,2025-05-15,cart_add
CUST02507,2025-07-31,cart_add
CUST02508,2025-03-22,site_visit
CUST02509,2025-05-15,site_visit
CUST02509,2025-05-30,review_submitted
CUST02509,2025-07-20,email_open
CUST02509,2025-07-18,cart_add
CUST02509,2025-07-26,review_submitted
CUST02509,2025-05-17,site_visit
CUST02510,2025-06-03,cart_abandon
CUST02510,2025-06-20,cart_abandon
CUST02510,2025-06-29,site_visit
CUST02510,2025-07-06,cart_abandon
CUST02511,2024-10-09,email_open
CUST02512,2025-07-07,site_visit
CUST02512,2025-07-11,site_visit
CUST02512,2025-07-18,site_visit
CUST02512,2025-07-16,site_visit
CUST02512,2025-05-31,email_open
CUST02512,2025-06-22,cart_abandon
CUST02513,2025-03-14,cart_add
CUST02514,2024-11-27,email_open
CUST02515,2025-04-06,email_open
CUST02515,2024-12-29,site_visit
CUST02516,2025-07-02,site_visit
CUST02516,2025-07-24,cart_abandon
CUST02516,2025-07-26,email_open
CUST02516,2025-07-19,email_open
CUST02516,2025-07-23,cart_abandon
CUST02516,2025-07-28,cart_add
CUST02517,2024-07-26,site_visit
CUST02518,2025-06-07,cart_add
CUST02519,2025-06-14,email_open
CUST02520,2025-05-26,cart_add
CUST02520,2025-04-24,cart_add
CUST02520,2025-06-13,email_open
CUST02520,2025-04-15,cart_add
CUST02521,2025-02-23,site_visit
CUST02522,2025-03-11,site_visit
CUST02523,2025-04-15,cart_add
CUST02524,2025-01-29,site_visit
CUST02525,2025-07-28,site_visit
CUST02525,2025-06-07,site_visit
CUST02525,2025-04-18,review_submitted
CUST02525,2025-05-22,cart_abandon
CUST02525,2025-04-29,cart_abandon
CUST02525,2025-05-30,site_visit
CUST02525,2025-07-05,site_visit
CUST02525,2025-06-07,site_visit
CUST02526,2025-06-20,site_visit
CUST02527,2024-11-05,site_visit
CUST02528,2025-07-19,cart_abandon
CUST02528,2025-07-26,site_visit
CUST02528,2025-07-27,site_visit
CUST02528,2025-07-06,site_visit
CUST02528,2025-07-17,site_visit
CUST02529,2024-11-11,site_visit
CUST02530,2025-07-31,review_submitted
CUST02530,2025-07-29,cart_abandon
CUST02530,2025-07-29,site_visit
CUST02530,2025-07-29,cart_abandon
CUST02530,2025-07-29,site_visit
CUST02530,2025-07-31,site_visit
CUST02530,2025-07-30,site_visit
CUST02530,2025-07-29,support_ticket
CUST02531,2025-03-20,email_open
CUST02531,2025-05-17,cart_add
CUST02532,2025-05-02,site_visit
CUST02532,2025-06-21,email_open
CUST02532,2025-05-19,site_visit
CUST02532,2025-06-09,site_visit
CUST02533,2025-06-20,site_visit
CUST02534,2024-08-15,site_visit
CUST02535,2025-06-07,cart_add
CUST02535,2025-05-24,site_visit
CUST02535,2025-05-02,site_visit
CUST02536,2025-06-06,site_visit
CUST02536,2025-07-24,site_visit
CUST02536,2025-07-26,cart_add
CUST02536,2025-05-13,cart_abandon
CUST02536,2025-05-27,site_visit
CUST02536,2025-06-21,email_open
CUST02536,2025-05-25,cart_add
CUST02537,2025-05-24,site_visit
CUST02537,2025-07-13,site_visit
CUST02537,2025-03-22,site_visit
CUST02537,2025-04-06,review_submitted
CUST02537,2025-07-04,cart_abandon
CUST02537,2025-05-12,cart_abandon
CUST02537,2025-05-28,site_visit
CUST02537,2025-04-20,site_visit
CUST02537,2025-04-28,email_open
CUST02538,2024-09-06,review_submitted
CUST02539,2025-06-23,site_visit
CUST02539,2025-03-30,site_visit
CUST02539,2025-07-19,email_open
CUST02539,2025-07-28,cart_add
CUST02539,2025-06-10,cart_add
CUST02540,2025-07-18,cart_abandon
CUST02540,2025-06-10,site_visit
CUST02540,2025-05-02,cart_add
CUST02540,2025-07-15,email_open
CUST02541,2025-06-29,cart_abandon
CUST02542,2025-03-20,cart_abandon
CUST02542,2025-04-03,site_visit
CUST02542,2025-04-06,cart_add
CUST02543,2025-07-19,site_visit
CUST02543,2025-05-10,site_visit
CUST02543,2025-07-15,site_visit
CUST02543,2025-07-17,review_submitted
CUST02543,2025-06-05,cart_abandon
CUST02543,2025-05-12,cart_add
CUST02544,2025-01-13,site_visit
CUST02545,2025-01-13,site_visit
CUST02546,2024-11-29,cart_add
CUST02547,2024-11-18,support_ticket
CUST02547,2024-11-26,cart_add
CUST02547,2024-12-27,review_submitted
CUST02547,2024-12-30,support_ticket
CUST02547,2024-08-18,site_visit
CUST02548,2025-02-02,site_visit
CUST02549,2025-01-31,site_visit
CUST02549,2025-07-10,site_visit
CUST02550,2024-03-30,cart_add
CUST02551,2024-09-14,site_visit
CUST02552,2024-08-03,cart_add
CUST02553,2025-07-03,site_visit
CUST02553,2025-04-20,site_visit
CUST02553,2025-05-02,cart_add
CUST02553,2025-05-18,cart_abandon
CUST02554,2025-07-04,cart_add
CUST02554,2025-07-10,cart_abandon
CUST02554,2025-07-27,review_submitted
CUST02554,2025-07-02,cart_abandon
CUST02554,2025-06-30,email_open
CUST02554,2025-07-04,cart_abandon
CUST02554,2025-07-13,site_visit
CUST02554,2025-07-19,site_visit
CUST02554,2025-07-04,site_visit
CUST02555,2025-02-26,cart_add
CUST02556,2025-07-04,cart_add
CUST02556,2025-07-10,cart_add
CUST02556,2025-07-09,site_visit
CUST02556,2025-07-12,site_visit
CUST02556,2025-07-08,site_visit
CUST02556,2025-07-11,site_visit
CUST02556,2025-07-03,email_open
CUST02556,2025-07-27,cart_abandon
CUST02556,2025-07-29,cart_add
CUST02556,2025-07-28,site_visit
CUST02556,2025-07-22,site_visit
CUST02557,2025-05-14,site_visit
CUST02557,2025-03-21,site_visit
CUST02558,2024-11-02,cart_abandon
CUST02559,2025-06-14,email_open
CUST02560,2025-06-05,cart_add
CUST02560,2024-12-03,site_visit
CUST02561,2025-04-25,cart_abandon
CUST02562,2025-06-23,site_visit
CUST02562,2025-07-13,cart_abandon
CUST02562,2025-05-10,cart_abandon
CUST02562,2025-02-15,site_visit
CUST02563,2025-01-12,review_submitted
CUST02564,2024-08-22,site_visit
CUST02565,2025-02-27,cart_add
CUST02566,2025-03-03,review_submitted
CUST02567,2025-06-08,site_visit
CUST02568,2024-07-30,site_visit
CUST02569,2025-05-24,cart_abandon
CUST02569,2025-06-21,cart_add
CUST02569,2025-06-02,review_submitted
CUST02569,2025-06-11,cart_abandon
CUST02570,2025-07-24,site_visit
CUST02570,2025-06-27,site_visit
CUST02570,2025-07-29,site_visit
CUST02570,2025-07-09,cart_abandon
CUST02570,2025-07-24,site_visit
CUST02570,2025-07-22,review_submitted
CUST02570,2025-07-17,email_open
CUST02570,2025-07-11,site_visit
CUST02571,2025-04-20,email_open
CUST02572,2025-07-10,email_open
CUST02572,2025-07-05,site_visit
CUST02572,2025-07-08,site_visit
CUST02572,2025-07-14,cart_add
CUST02572,2025-07-09,cart_abandon
CUST02572,2025-07-02,email_open
CUST02573,2025-06-27,site_visit
CUST02574,2025-02-05,cart_abandon
CUST02574,2024-12-30,email_open
CUST02575,2024-09-22,site_visit
CUST02576,2025-02-24,site_visit
CUST02576,2025-04-05,cart_abandon
CUST02576,2025-04-22,cart_add
CUST02576,2025-07-25,email_open
CUST02577,2025-07-22,review_submitted
CUST02577,2025-07-29,email_open
CUST02577,2025-07-20,site_visit
CUST02577,2025-07-20,site_visit
CUST02578,2025-02-22,site_visit
CUST02579,2025-07-30,email_open
CUST02580,2025-06-08,site_visit
CUST02580,2025-06-18,site_visit
CUST02581,2025-03-24,email_open
CUST02582,2025-07-15,site_visit
CUST02582,2025-06-27,cart_add
CUST02582,2025-07-09,cart_add
CUST02582,2025-07-26,cart_add
CUST02583,2025-02-21,review_submitted
CUST02584,2024-10-28,site_visit
CUST02584,2025-03-23,support_ticket
CUST02585,2025-02-26,cart_abandon
CUST02586,2025-05-30,cart_add
CUST02586,2025-07-19,site_visit
CUST02587,2024-10-22,cart_add
CUST02588,2025-06-25,site_visit
CUST02588,2025-07-14,email_open
CUST02588,2025-04-15,cart_add
CUST02589,2025-06-27,email_open
CUST02590,2025-06-22,site_visit
CUST02590,2025-05-25,cart_add
CUST02591,2025-05-28,cart_abandon
CUST02591,2025-06-07,cart_add
CUST02591,2025-05-31,cart_add
CUST02591,2025-07-02,site_visit
CUST02591,2025-07-24,site_visit
CUST02591,2025-06-25,cart_add
CUST02591,2025-07-27,site_visit
CUST02592,2025-04-21,site_visit
CUST02592,2025-04-17,cart_abandon
CUST02592,2025-07-15,site_visit
CUST02592,2025-07-24,site_visit
CUST02592,2025-07-04,cart_abandon
CUST02592,2025-05-26,cart_abandon
CUST02593,2025-05-20,site_visit
CUST02593,2025-07-29,review_submitted
CUST02593,2025-02-07,cart_abandon
CUST02594,2024-12-12,cart_add
CUST02595,2025-04-22,email_open
CUST02596,2025-06-20,review_submitted
CUST02596,2025-06-14,site_visit
CUST02596,2025-06-26,cart_add
CUST02596,2025-05-04,cart_add
CUST02597,2025-01-15,support_ticket
CUST02597,2025-07-17,support_ticket
CUST02598,2025-06-14,site_visit
CUST02599,2024-09-23,site_visit
CUST02600,2024-06-01,email_open
CUST02601,2025-05-25,cart_add
CUST02601,2025-05-15,cart_abandon
CUST02601,2025-01-12,cart_add
CUST02602,2025-04-08,cart_add
CUST02603,2025-05-03,site_visit
CUST02604,2025-05-10,site_visit
CUST02605,2024-10-29,cart_abandon
CUST02606,2025-05-25,email_open
CUST02606,2025-06-22,site_visit
CUST02607,2024-03-18,cart_abandon
CUST02608,2024-08-01,site_visit
CUST02608,2024-12-28,site_visit
CUST02609,2025-06-06,email_open
CUST02609,2025-02-17,site_visit
CUST02610,2025-02-04,cart_abandon
CUST02611,2025-07-21,cart_abandon
CUST02611,2025-06-16,site_visit
CUST02611,2025-05-22,site_visit
CUST02611,2025-07-17,cart_abandon
CUST02612,2024-10-14,cart_add
CUST02613,2025-07-02,site_visit
CUST02614,2025-03-15,site_visit
CUST02614,2025-04-27,site_visit
CUST02614,2025-05-31,site_visit
CUST02615,2025-02-22,site_visit
CUST02616,2024-12-26,review_submitted
CUST02617,2025-06-30,email_open
CUST02617,2024-09-30,site_visit
CUST02618,2025-05-31,site_visit
CUST02619,2025-05-11,cart_abandon
CUST02619,2025-07-04,cart_add
CUST02619,2025-05-21,cart_abandon
CUST02619,2025-05-18,support_ticket
CUST02619,2025-06-27,site_visit
CUST02620,2025-07-05,cart_abandon
CUST02621,2025-06-29,cart_add
CUST02621,2025-05-27,site_visit
CUST02622,2025-07-02,site_visit
CUST02622,2025-06-19,cart_add
CUST02622,2025-07-17,site_visit
CUST02622,2025-07-03,cart_abandon
CUST02622,2025-06-07,site_visit
CUST02622,2025-07-01,cart_abandon
CUST02623,2025-01-10,site_visit
CUST02624,2025-07-28,cart_add
CUST02624,2025-06-17,site_visit
CUST02624,2025-07-22,email_open
CUST02624,2025-07-31,cart_add
CUST02624,2025-07-03,site_visit
CUST02624,2025-06-20,cart_abandon
CUST02624,2025-07-18,site_visit
CUST02625,2025-03-21,site_visit
CUST02626,2025-07-18,site_visit
CUST02626,2025-07-25,review_submitted
CUST02626,2025-07-29,cart_add
CUST02626,2025-07-30,site_visit
CUST02626,2025-07-19,site_visit
CUST02626,2025-07-17,cart_add
CUST02626,2025-07-27,site_visit
CUST02626,2025-07-15,email_open
CUST02626,2025-07-10,site_visit
CUST02627,2024-10-13,cart_abandon
CUST02628,2025-07-22,email_open
CUST02628,2025-06-18,cart_add
CUST02628,2025-06-04,cart_abandon
CUST02629,2025-04-03,site_visit
CUST02630,2025-02-27,cart_add
CUST02631,2025-01-28,cart_add
CUST02631,2025-03-03,support_ticket
CUST02632,2025-03-18,site_visit
CUST02632,2025-07-14,site_visit
CUST02632,2025-07-22,cart_add
CUST02633,2024-08-08,cart_abandon
CUST02634,2024-08-28,site_visit
CUST02635,2025-06-18,site_visit
CUST02635,2025-07-23,email_open
CUST02636,2025-05-09,review_submitted
CUST02637,2025-07-25,site_visit
CUST02637,2025-07-27,site_visit
CUST02637,2025-07-23,cart_add
CUST02637,2025-07-27,site_visit
CUST02637,2025-07-30,cart_add
CUST02637,2025-07-10,cart_add
CUST02638,2025-07-16,site_visit
CUST02638,2025-05-11,site_visit
CUST02638,2025-07-08,cart_abandon
CUST02638,2025-04-24,cart_add
CUST02639,2025-07-02,cart_abandon
CUST02639,2025-07-12,site_visit
CUST02639,2025-07-24,site_visit
CUST02639,2025-07-13,cart_abandon
CUST02639,2025-07-12,site_visit
CUST02639,2025-07-29,site_visit
CUST02639,2025-07-10,email_open
CUST02639,2025-07-18,site_visit
CUST02640,2025-05-30,cart_abandon
CUST02640,2025-03-08,cart_add
CUST02640,2025-06-01,email_open
CUST02641,2024-09-05,site_visit
CUST02642,2024-08-04,site_visit
CUST02643,2025-07-07,site_visit
CUST02643,2025-07-31,site_visit
CUST02643,2025-07-27,cart_add
CUST02644,2025-05-08,cart_abandon
CUST02644,2025-01-23,site_visit
CUST02644,2025-02-15,site_visit
CUST02645,2025-07-19,site_visit
CUST02646,2025-03-04,cart_add
CUST02646,2024-11-26,site_visit
CUST02647,2025-07-09,site_visit
CUST02647,2025-07-13,cart_add
CUST02647,2025-07-07,site_visit
CUST02647,2025-07-29,review_submitted
CUST02647,2025-07-26,site_visit
CUST02647,2025-07-10,site_visit
CUST02647,2025-07-07,site_visit
CUST02647,2025-07-23,site_visit
CUST02647,2025-07-28,site_visit
CUST02648,2025-04-15,site_visit
CUST02649,2024-11-16,cart_abandon
CUST02650,2025-05-02,site_visit
CUST02651,2025-05-04,site_visit
CUST02652,2025-02-03,cart_abandon
CUST02652,2025-04-16,site_visit
CUST02652,2024-10-05,cart_abandon
CUST02652,2024-11-02,site_visit
CUST02652,2025-03-31,site_visit
CUST02653,2025-01-22,site_visit
CUST02654,2025-06-18,site_visit
CUST02655,2025-04-15,site_visit
CUST02655,2025-07-29,support_ticket
CUST02655,2025-04-29,cart_abandon
CUST02655,2025-06-05,email_open
CUST02656,2025-05-01,site_visit
CUST02657,2025-06-29,site_visit
CUST02657,2025-05-03,cart_abandon
CUST02658,2025-05-20,email_open
CUST02658,2025-05-24,cart_add
CUST02658,2025-07-24,cart_abandon
CUST02658,2025-05-30,site_visit
CUST02658,2025-07-09,site_visit
CUST02659,2025-02-12,cart_add
CUST02660,2025-07-13,review_submitted
CUST02660,2025-06-16,cart_add
CUST02661,2025-02-11,site_visit
CUST02661,2025-04-23,site_visit
CUST02662,2025-07-23,site_visit
CUST02662,2025-06-15,cart_add
CUST02662,2025-07-15,site_visit
CUST02662,2025-06-15,cart_abandon
CUST02662,2025-07-31,email_open
CUST02662,2025-06-29,site_visit
CUST02662,2025-07-15,cart_abandon
CUST02663,2025-04-29,site_visit
CUST02664,2025-05-31,cart_add
CUST02665,2025-04-23,cart_abandon
CUST02665,2025-04-05,cart_add
CUST02666,2025-03-22,site_visit
CUST02667,2025-06-20,cart_abandon
CUST02668,2025-07-22,email_open
CUST02668,2025-06-12,site_visit
CUST02668,2025-05-08,site_visit
CUST02668,2025-06-20,review_submitted
CUST02669,2025-04-19,cart_add
CUST02669,2025-03-23,cart_abandon
CUST02670,2025-06-08,cart_add
CUST02671,2025-04-01,site_visit
CUST02671,2025-05-23,site_visit
CUST02671,2025-05-11,cart_add
CUST02671,2025-07-07,site_visit
CUST02672,2025-03-21,cart_add
CUST02673,2025-07-24,cart_abandon
CUST02674,2025-04-19,site_visit
CUST02675,2025-06-22,site_visit
CUST02675,2025-07-17,site_visit
CUST02675,2025-06-24,email_open
CUST02675,2025-06-10,cart_add
CUST02675,2025-07-01,review_submitted
CUST02675,2025-07-30,site_visit
CUST02675,2025-06-17,cart_add
CUST02675,2025-07-14,cart_abandon
CUST02676,2025-04-29,cart_add
CUST02677,2024-10-08,site_visit
CUST02678,2024-08-21,email_open
CUST02679,2024-09-28,site_visit
CUST02680,2025-02-10,cart_add
CUST02680,2025-06-29,cart_abandon
CUST02681,2025-07-22,review_submitted
CUST02682,2025-07-16,email_open
CUST02682,2025-05-11,site_visit
CUST02682,2025-07-05,email_open
CUST02683,2025-03-19,email_open
CUST02684,2024-12-23,support_ticket
CUST02684,2025-05-10,cart_add
CUST02684,2025-01-30,review_submitted
CUST02685,2025-02-02,site_visit
CUST02686,2024-03-23,support_ticket
CUST02687,2025-01-19,cart_add
CUST02687,2025-05-06,site_visit
CUST02688,2025-07-13,site_visit
CUST02689,2025-02-24,site_visit
CUST02690,2024-12-03,cart_add
CUST02691,2025-04-28,site_visit
CUST02691,2025-02-01,site_visit
CUST02692,2025-02-16,cart_add
CUST02693,2024-06-14,cart_add
CUST02694,2025-07-07,site_visit
CUST02695,2025-07-13,support_ticket
CUST02695,2025-07-31,site_visit
CUST02695,2025-07-26,review_submitted
CUST02695,2025-07-11,site_visit
CUST02695,2025-07-10,site_visit
CUST02695,2025-07-25,site_visit
CUST02695,2025-07-25,site_visit
CUST02695,2025-07-14,cart_add
CUST02695,2025-07-30,email_open
CUST02695,2025-07-13,email_open
CUST02696,2025-05-26,site_visit
CUST02697,2025-06-10,review_submitted
CUST02697,2025-05-01,email_open
CUST02697,2025-04-21,email_open
CUST02697,2025-06-25,site_visit
CUST02698,2025-06-26,site_visit
CUST02699,2025-07-02,email_open
CUST02699,2025-04-08,email_open
CUST02699,2025-03-25,site_visit
CUST02699,2025-04-02,site_visit
CUST02699,2025-04-21,site_visit
CUST02700,2025-07-16,site_visit
CUST02700,2025-04-20,site_visit
CUST02700,2025-04-04,site_visit
CUST02701,2025-01-02,site_visit
CUST02701,2024-12-25,site_visit
CUST02702,2025-07-17,site_visit
CUST02702,2025-07-20,cart_add
CUST02702,2025-07-25,email_open
CUST02702,2025-07-25,cart_abandon
CUST02702,2025-07-24,site_visit
CUST02702,2025-07-21,support_ticket
CUST02702,2025-07-28,support_ticket
CUST02702,2025-07-28,site_visit
CUST02702,2025-07-31,site_visit
CUST02702,2025-07-28,site_visit
CUST02703,2024-05-31,cart_add
CUST02704,2024-09-30,site_visit
CUST02705,2025-06-22,site_visit
CUST02705,2025-06-06,cart_abandon
CUST02705,2025-03-24,site_visit
CUST02705,2025-03-29,cart_add
CUST02705,2025-07-27,site_visit
CUST02706,2025-05-22,site_visit
CUST02706,2025-04-27,review_submitted
CUST02706,2025-06-27,review_submitted
CUST02706,2025-07-01,cart_add
CUST02707,2024-12-19,cart_add
CUST02708,2024-08-26,site_visit
CUST02709,2025-04-22,site_visit
CUST02710,2025-01-06,review_submitted
CUST02711,2025-07-21,site_visit
CUST02711,2025-06-01,site_visit
CUST02711,2025-04-02,cart_abandon
CUST02711,2025-05-21,cart_abandon
CUST02711,2025-04-19,site_visit
CUST02711,2025-05-15,support_ticket
CUST02712,2025-02-11,cart_abandon
CUST02713,2025-02-06,site_visit
CUST02714,2024-12-11,site_visit
CUST02715,2024-05-04,site_visit
CUST02716,2025-04-03,email_open
CUST02717,2025-07-28,cart_abandon
CUST02717,2025-06-04,cart_add
CUST02717,2025-06-01,site_visit
CUST02718,2025-07-16,review_submitted
CUST02718,2025-07-18,review_submitted
CUST02718,2025-07-19,cart_add
CUST02719,2025-05-13,cart_abandon
CUST02719,2025-07-09,site_visit
CUST02720,2024-09-29,site_visit
CUST02721,2025-07-21,site_visit
CUST02721,2025-07-22,cart_add
CUST02721,2025-07-16,review_submitted
CUST02721,2025-07-16,cart_abandon
CUST02721,2025-07-17,site_visit
CUST02721,2025-07-24,site_visit
CUST02722,2025-07-13,cart_abandon
CUST02722,2025-06-12,review_submitted
CUST02722,2025-07-24,site_visit
CUST02723,2025-07-21,email_open
CUST02723,2025-07-19,site_visit
CUST02723,2025-07-25,cart_add
CUST02724,2025-04-12,site_visit
CUST02725,2025-01-25,cart_add
CUST02726,2025-05-19,site_visit
CUST02727,2024-10-11,cart_add
CUST02728,2025-03-01,cart_add
CUST02729,2025-06-15,site_visit
CUST02730,2024-12-14,cart_add
CUST02730,2024-12-12,cart_add
CUST02731,2025-03-08,cart_add
CUST02731,2025-04-06,review_submitted
CUST02731,2025-06-11,cart_add
CUST02732,2025-07-01,site_visit
CUST02732,2025-06-23,site_visit
CUST02733,2024-12-09,site_visit
CUST02734,2025-07-25,cart_abandon
CUST02734,2025-07-13,support_ticket
CUST02734,2025-07-25,cart_abandon
CUST02734,2025-07-09,site_visit
CUST02734,2025-07-19,cart_abandon
CUST02734,2025-07-11,cart_add
CUST02734,2025-07-23,site_visit
CUST02735,2025-07-20,site_visit
CUST02735,2025-07-19,site_visit
CUST02735,2025-07-16,cart_add
CUST02735,2025-07-07,site_visit
CUST02735,2025-07-14,site_visit
CUST02735,2025-07-16,email_open
CUST02736,2025-04-19,cart_add
CUST02736,2025-07-24,site_visit
CUST02737,2025-07-31,site_visit
CUST02737,2025-07-30,site_visit
CUST02737,2025-07-30,cart_add
CUST02737,2025-07-31,site_visit
CUST02737,2025-07-26,cart_abandon
CUST02738,2025-06-14,cart_add
CUST02738,2025-04-18,site_visit
CUST02739,2025-07-12,cart_abandon
CUST02739,2025-07-19,cart_add
CUST02739,2025-07-30,email_open
CUST02739,2025-07-15,site_visit
CUST02739,2025-07-27,cart_add
CUST02739,2025-07-14,cart_abandon
CUST02739,2025-07-23,email_open
CUST02739,2025-07-09,cart_add
CUST02740,2024-05-25,site_visit
CUST02741,2025-01-12,site_visit
CUST02742,2024-11-03,cart_abandon
CUST02743,2024-09-20,site_visit
CUST02744,2024-12-19,cart_add
CUST02745,2025-07-28,cart_abandon
CUST02746,2025-06-30,cart_abandon
CUST02746,2025-05-08,cart_abandon
CUST02746,2025-04-25,site_visit
CUST02746,2025-03-29,site_visit
CUST02747,2025-05-24,cart_add
CUST02747,2025-04-09,site_visit
CUST02748,2025-05-02,site_visit
CUST02749,2025-05-29,cart_add
CUST02749,2025-05-06,site_visit
CUST02749,2025-06-30,site_visit
CUST02749,2025-06-01,cart_add
CUST02749,2025-06-18,cart_add
CUST02749,2025-05-18,support_ticket
CUST02749,2025-07-21,email_open
CUST02750,2025-07-08,cart_abandon
CUST02750,2025-05-22,site_visit
CUST02751,2025-05-01,cart_add
CUST02752,2025-02-18,email_open
CUST02752,2025-05-04,site_visit
CUST02753,2025-06-04,site_visit
CUST02754,2024-12-21,email_open
CUST02755,2025-07-13,site_visit
CUST02755,2025-07-26,site_visit
CUST02755,2025-07-06,email_open
CUST02755,2025-07-08,site_visit
CUST02755,2025-06-17,cart_abandon
CUST02755,2025-06-22,support_ticket
CUST02755,2025-07-16,review_submitted
CUST02756,2025-03-15,review_submitted
CUST02756,2025-04-07,email_open
CUST02757,2024-12-16,cart_add
CUST02758,2025-06-17,email_open
CUST02758,2025-07-25,email_open
CUST02758,2025-07-15,cart_add
CUST02758,2025-07-25,cart_add
CUST02759,2025-05-19,site_visit
CUST02759,2025-07-17,site_visit
CUST02759,2025-07-10,site_visit
CUST02759,2025-07-18,email_open
CUST02759,2025-04-13,cart_abandon
CUST02760,2024-07-06,site_visit
CUST02761,2025-05-29,site_visit
CUST02762,2024-08-15,site_visit
CUST02763,2025-04-16,site_visit
CUST02763,2025-04-20,site_visit
CUST02763,2025-06-05,cart_add
CUST02763,2025-07-13,cart_abandon
CUST02764,2024-12-28,cart_abandon
CUST02765,2025-05-24,cart_abandon
CUST02766,2025-07-28,cart_add
CUST02766,2025-07-24,site_visit
CUST02766,2025-07-06,email_open
CUST02766,2025-07-12,cart_abandon
CUST02766,2025-07-29,site_visit
CUST02767,2024-12-16,site_visit
CUST02767,2025-04-16,review_submitted
CUST02767,2025-04-06,site_visit
CUST02767,2025-07-09,cart_abandon
CUST02767,2024-12-10,email_open
CUST02767,2025-06-23,cart_add
CUST02768,2024-12-02,cart_add
CUST02769,2024-11-20,site_visit
CUST02769,2024-12-11,cart_add
CUST02770,2025-02-17,cart_abandon
CUST02770,2025-05-11,site_visit
CUST02770,2025-02-02,cart_add
CUST02771,2024-09-11,cart_add
CUST02772,2024-10-01,site_visit
CUST02773,2025-04-21,cart_abandon
CUST02773,2025-07-02,site_visit
CUST02773,2025-05-14,review_submitted
CUST02773,2025-06-13,cart_abandon
CUST02773,2025-04-14,email_open
CUST02773,2025-07-23,site_visit
CUST02774,2024-12-10,email_open
CUST02774,2025-05-09,email_open
CUST02775,2025-06-14,cart_add
CUST02775,2025-06-07,cart_add
CUST02776,2025-03-25,cart_abandon
CUST02777,2025-05-11,cart_abandon
CUST02778,2025-04-30,email_open
CUST02778,2024-05-15,site_visit
CUST02779,2025-05-09,site_visit
CUST02780,2025-07-24,review_submitted
CUST02781,2024-07-31,site_visit
CUST02782,2025-05-31,site_visit
CUST02782,2025-05-28,site_visit
CUST02782,2025-07-12,site_visit
CUST02782,2025-05-24,site_visit
CUST02782,2025-06-09,email_open
CUST02782,2025-07-17,review_submitted
CUST02782,2025-05-18,review_submitted
CUST02782,2025-06-21,site_visit
CUST02782,2025-06-12,site_visit
CUST02782,2025-05-27,site_visit
CUST02783,2025-07-28,cart_add
CUST02783,2025-07-21,support_ticket
CUST02783,2025-07-25,site_visit
CUST02783,2025-07-25,site_visit
CUST02783,2025-07-24,cart_abandon
CUST02783,2025-07-30,email_open
CUST02783,2025-07-20,email_open
CUST02783,2025-07-22,cart_add
CUST02784,2025-07-11,site_visit
CUST02784,2025-05-26,review_submitted
CUST02784,2025-05-30,cart_add
CUST02784,2025-04-11,cart_abandon
CUST02784,2025-06-23,email_open
CUST02784,2025-04-14,cart_add
CUST02784,2025-05-07,site_visit
CUST02785,2025-05-31,cart_add
CUST02785,2025-05-27,site_visit
CUST02785,2025-06-19,cart_abandon
CUST02785,2025-06-09,cart_abandon
CUST02785,2025-07-31,site_visit
CUST02786,2024-09-17,site_visit
CUST02787,2025-07-17,site_visit
CUST02787,2025-07-15,email_open
CUST02787,2025-07-24,site_visit
CUST02788,2025-01-25,cart_add
CUST02789,2025-07-10,cart_abandon
CUST02789,2025-07-15,cart_abandon
CUST02789,2025-07-28,site_visit
CUST02789,2025-07-21,site_visit
CUST02789,2025-07-22,site_visit
CUST02789,2025-07-24,site_visit
CUST02789,2025-07-24,cart_abandon
CUST02789,2025-07-10,cart_add
CUST02789,2025-07-18,cart_add
CUST02790,2025-07-29,cart_abandon
CUST02790,2025-07-27,cart_add
CUST02790,2025-07-27,site_visit
CUST02790,2025-07-28,cart_add
CUST02790,2025-07-30,site_visit
CUST02790,2025-07-30,site_visit
CUST02790,2025-07-31,site_visit
CUST02790,2025-07-30,cart_add
CUST02790,2025-07-29,site_visit
CUST02790,2025-07-29,site_visit
CUST02791,2025-03-16,email_open
CUST02791,2025-05-14,site_visit
CUST02792,2025-07-25,email_open
CUST02792,2025-07-19,cart_add
CUST02792,2025-07-25,site_visit
CUST02792,2025-07-23,cart_add
CUST02792,2025-07-28,site_visit
CUST02792,2025-07-29,site_visit
CUST02793,2025-03-05,site_visit
CUST02793,2025-07-18,review_submitted
CUST02794,2025-04-21,site_visit
CUST02795,2025-07-25,cart_add
CUST02795,2025-05-08,cart_add
CUST02796,2025-06-17,cart_abandon
CUST02796,2025-02-24,site_visit
CUST02797,2024-04-29,cart_add
CUST02798,2025-06-11,support_ticket
CUST02798,2025-01-07,cart_abandon
CUST02799,2025-07-22,site_visit
CUST02799,2025-07-30,site_visit
CUST02799,2025-07-20,cart_abandon
CUST02799,2025-07-26,site_visit
CUST02799,2025-07-30,site_visit
CUST02799,2025-07-22,email_open
CUST02799,2025-07-29,support_ticket
CUST02800,2024-05-26,cart_add
CUST02801,2025-06-10,cart_abandon
CUST02801,2025-06-08,site_visit
CUST02801,2025-05-20,site_visit
CUST02801,2025-06-01,cart_add
CUST02801,2025-06-03,site_visit
CUST02802,2025-07-28,site_visit
CUST02802,2025-07-11,cart_add
CUST02802,2025-07-22,cart_add
CUST02802,2025-07-15,cart_abandon
CUST02802,2025-06-16,cart_add
CUST02802,2025-07-06,email_open
CUST02802,2025-06-21,site_visit
CUST02803,2025-07-13,site_visit
CUST02803,2025-07-03,site_visit
CUST02803,2025-07-08,email_open
CUST02803,2025-07-12,support_ticket
CUST02803,2025-06-27,site_visit
CUST02803,2025-07-13,site_visit
CUST02803,2025-07-15,site_visit
CUST02803,2025-07-26,email_open
CUST02804,2025-07-30,site_visit
CUST02804,2025-07-08,email_open
CUST02804,2025-07-29,site_visit
CUST02805,2025-02-15,site_visit
CUST02806,2025-07-23,email_open
CUST02806,2025-07-23,email_open
CUST02806,2025-07-29,cart_add
CUST02806,2025-07-26,cart_abandon
CUST02806,2025-07-22,site_visit
CUST02806,2025-07-18,site_visit
CUST02806,2025-07-20,cart_abandon
CUST02806,2025-07-20,site_visit
CUST02807,2025-05-08,cart_abandon
CUST02807,2025-05-08,site_visit
CUST02807,2025-06-07,cart_add
CUST02807,2025-06-15,cart_add
CUST02808,2025-01-21,cart_add
CUST02809,2025-07-11,cart_abandon
CUST02810,2025-06-24,cart_abandon
CUST02810,2025-05-27,site_visit
CUST02811,2025-02-02,email_open
CUST02812,2025-07-16,site_visit
CUST02812,2025-01-26,review_submitted
CUST02812,2025-03-04,cart_abandon
CUST02813,2025-02-24,site_visit
CUST02813,2025-02-11,site_visit
CUST02814,2025-06-24,cart_add
CUST02815,2025-05-03,site_visit
CUST02816,2025-05-30,site_visit
CUST02816,2025-04-08,cart_abandon
CUST02816,2025-05-22,site_visit
CUST02816,2025-04-27,site_visit
CUST02816,2025-06-28,email_open
CUST02817,2024-12-26,site_visit
CUST02818,2024-07-30,cart_abandon
CUST02819,2024-04-28,site_visit
CUST02820,2025-04-19,site_visit
CUST02820,2024-10-29,cart_abandon
CUST02821,2025-07-21,cart_add
CUST02821,2025-07-26,site_visit
CUST02821,2025-07-17,cart_add
CUST02821,2025-06-23,site_visit
CUST02822,2024-07-25,cart_abandon
CUST02823,2025-04-09,site_visit
CUST02823,2025-02-24,site_visit
CUST02823,2025-05-11,site_visit
CUST02824,2025-02-09,site_visit
CUST02825,2024-08-28,site_visit
CUST02826,2025-05-30,email_open
CUST02826,2025-06-18,site_visit
CUST02826,2025-05-22,cart_add
CUST02826,2025-05-16,site_visit
CUST02826,2025-05-24,site_visit
CUST02826,2025-05-25,site_visit
CUST02826,2025-06-19,site_visit
CUST02826,2025-07-16,site_visit
CUST02826,2025-07-08,cart_add
CUST02827,2025-03-09,email_open
CUST02827,2025-05-25,site_visit
CUST02828,2025-07-15,cart_abandon
CUST02829,2024-11-01,site_visit
CUST02829,2025-05-28,email_open
CUST02829,2025-07-23,site_visit
CUST02830,2024-06-18,site_visit
CUST02831,2025-02-22,site_visit
CUST02832,2025-02-25,site_visit
CUST02832,2025-03-24,email_open
CUST02833,2024-10-06,cart_abandon
CUST02834,2024-09-18,site_visit
CUST02835,2024-12-25,cart_abandon
CUST02836,2025-07-05,site_visit
CUST02836,2025-07-11,site_visit
CUST02836,2025-07-18,cart_abandon
CUST02836,2025-07-21,cart_abandon
CUST02836,2025-07-10,cart_add
CUST02836,2025-07-26,site_visit
CUST02836,2025-06-30,site_visit
CUST02836,2025-07-14,cart_add
CUST02837,2025-07-26,site_visit
CUST02837,2025-07-31,email_open
CUST02837,2025-07-28,email_open
CUST02837,2025-07-26,cart_add
CUST02838,2025-02-02,site_visit
CUST02839,2025-03-21,site_visit
CUST02839,2025-03-25,site_visit
CUST02839,2025-05-05,cart_abandon
CUST02839,2025-06-13,cart_add
CUST02839,2025-07-12,site_visit
CUST02839,2025-07-31,site_visit
CUST02839,2025-06-11,site_visit
CUST02839,2025-05-12,cart_abandon
CUST02839,2025-04-28,site_visit
CUST02840,2025-04-17,site_visit
CUST02841,2025-05-24,cart_add
CUST02842,2025-03-31,email_open
CUST02842,2025-05-23,site_visit
CUST02842,2025-05-08,cart_add
CUST02843,2025-07-08,email_open
CUST02843,2025-07-13,cart_abandon
CUST02843,2025-07-01,site_visit
CUST02844,2025-07-28,site_visit
CUST02844,2025-07-11,site_visit
CUST02844,2025-07-13,cart_add
CUST02845,2025-06-28,site_visit
CUST02845,2025-03-01,site_visit
CUST02845,2025-02-05,email_open
CUST02846,2025-05-15,cart_abandon
CUST02847,2025-06-01,cart_add
CUST02847,2025-04-26,site_visit
CUST02847,2025-07-28,cart_abandon
CUST02848,2025-07-13,cart_add
CUST02849,2025-02-07,cart_abandon
CUST02849,2025-07-26,site_visit
CUST02850,2024-12-14,email_open
CUST02851,2025-06-26,site_visit
CUST02851,2025-03-29,cart_add
CUST02852,2025-02-18,cart_abandon
CUST02853,2024-07-02,cart_abandon
CUST02854,2025-07-08,cart_add
CUST02854,2025-07-26,email_open
CUST02854,2025-06-25,site_visit
CUST02854,2025-06-27,site_visit
CUST02854,2025-06-27,cart_add
CUST02854,2025-07-04,site_visit
CUST02854,2025-07-28,cart_abandon
CUST02855,2024-06-09,cart_add
CUST02856,2025-03-18,cart_abandon
CUST02857,2025-06-15,site_visit
CUST02857,2024-09-22,site_visit
CUST02858,2025-07-03,cart_add
CUST02859,2025-03-27,site_visit
CUST02860,2024-11-09,site_visit
CUST02861,2025-06-25,site_visit
CUST02861,2025-06-16,site_visit
CUST02861,2025-07-16,site_visit
CUST02861,2025-06-30,cart_abandon
CUST02861,2025-05-25,cart_add
CUST02861,2025-07-12,cart_abandon
CUST02861,2025-05-22,cart_add
CUST02861,2025-07-23,cart_abandon
CUST02861,2025-07-15,cart_abandon
CUST02862,2024-11-01,site_visit
CUST02863,2025-07-06,site_visit
CUST02863,2025-07-05,cart_abandon
CUST02863,2025-07-08,site_visit
CUST02863,2025-06-30,cart_abandon
CUST02863,2025-07-27,site_visit
CUST02863,2025-07-26,site_visit
CUST02864,2025-01-12,cart_add
CUST02864,2025-01-04,site_visit
CUST02865,2025-06-03,cart_abandon
CUST02865,2025-07-14,site_visit
CUST02866,2025-04-28,cart_add
CUST02867,2025-05-17,cart_abandon
CUST02868,2025-04-24,cart_add
CUST02868,2025-04-01,email_open
CUST02868,2025-05-07,site_visit
CUST02869,2025-05-18,cart_abandon
CUST02870,2025-05-18,cart_add
CUST02871,2025-06-18,site_visit
CUST02871,2025-06-15,site_visit
CUST02871,2025-06-18,site_visit
CUST02871,2025-06-25,cart_add
CUST02871,2025-06-30,site_visit
CUST02871,2025-07-06,email_open
CUST02871,2025-06-05,site_visit
CUST02872,2025-07-18,cart_add
CUST02872,2025-06-28,email_open
CUST02872,2025-07-15,email_open
CUST02872,2025-07-22,cart_abandon
CUST02872,2025-07-04,site_visit
CUST02872,2025-07-23,cart_abandon
CUST02872,2025-07-07,cart_add
CUST02872,2025-06-28,site_visit
CUST02873,2025-07-16,cart_abandon
CUST02873,2025-06-09,cart_add
CUST02873,2025-07-14,cart_add
CUST02873,2025-07-31,cart_add
CUST02873,2025-07-31,cart_add
CUST02874,2024-10-29,cart_add
CUST02875,2025-04-21,site_visit
CUST02875,2025-05-14,site_visit
CUST02876,2025-05-25,site_visit
CUST02877,2025-03-27,email_open
CUST02878,2024-06-25,site_visit
CUST02879,2025-01-07,site_visit
CUST02879,2024-12-19,site_visit
CUST02879,2025-05-06,cart_add
CUST02880,2025-02-13,email_open
CUST02881,2025-05-30,site_visit
CUST02882,2025-06-18,cart_abandon
CUST02882,2025-05-25,email_open
CUST02882,2025-05-26,cart_abandon
CUST02882,2025-06-22,site_visit
CUST02882,2025-06-06,site_visit
CUST02882,2025-07-19,cart_abandon
CUST02883,2025-06-29,site_visit
CUST02884,2025-04-28,review_submitted
CUST02885,2025-02-01,review_submitted
CUST02885,2025-05-19,site_visit
CUST02886,2025-07-26,support_ticket
CUST02886,2025-07-18,cart_abandon
CUST02886,2025-07-18,email_open
CUST02886,2025-07-07,review_submitted
CUST02886,2025-07-19,site_visit
CUST02887,2025-02-01,email_open
CUST02887,2025-03-30,site_visit
CUST02887,2025-03-30,cart_abandon
CUST02887,2025-06-29,site_visit
CUST02888,2025-03-17,cart_add
CUST02889,2025-05-07,site_visit
CUST02889,2025-06-28,site_visit
CUST02890,2025-07-08,cart_add
CUST02890,2025-07-23,site_visit
CUST02890,2025-06-27,site_visit
CUST02890,2025-07-05,cart_add
CUST02890,2025-05-23,cart_add
CUST02890,2025-06-25,site_visit
CUST02890,2025-06-23,site_visit
CUST02890,2025-06-09,cart_add
CUST02891,2024-10-18,site_visit
CUST02891,2025-01-11,email_open
CUST02892,2025-04-01,site_visit
CUST02892,2025-05-28,site_visit
CUST02892,2025-06-23,site_visit
CUST02893,2025-06-06,cart_abandon
CUST02893,2025-07-09,site_visit
CUST02894,2025-01-11,cart_add
CUST02894,2025-02-18,email_open
CUST02895,2024-11-27,cart_abandon
CUST02896,2025-07-05,cart_add
CUST02896,2025-06-30,site_visit
CUST02896,2025-07-17,email_open
CUST02897,2025-05-01,email_open
CUST02898,2024-09-20,site_visit
CUST02899,2024-10-28,email_open
CUST02899,2025-04-01,site_visit
CUST02899,2024-12-28,cart_add
CUST02899,2025-04-02,site_visit
CUST02900,2024-10-13,review_submitted
CUST02901,2025-01-26,site_visit
CUST02902,2025-07-08,site_visit
CUST02902,2025-07-27,site_visit
CUST02902,2025-04-18,site_visit
CUST02903,2024-08-12,cart_add
CUST02904,2025-06-26,site_visit
CUST02905,2025-03-09,cart_add
CUST02905,2025-03-14,site_visit
CUST02906,2024-11-04,cart_add
CUST02907,2025-07-28,support_ticket
CUST02907,2025-07-26,support_ticket
CUST02907,2025-07-19,cart_add
CUST02907,2025-07-27,site_visit
CUST02907,2025-07-16,site_visit
CUST02907,2025-07-20,site_visit
CUST02907,2025-07-29,site_visit
CUST02907,2025-07-17,email_open
CUST02908,2025-06-27,email_open
CUST02908,2025-06-03,cart_add
CUST02908,2025-01-12,site_visit
CUST02909,2025-07-17,site_visit
CUST02910,2024-12-12,cart_abandon
CUST02910,2025-04-10,email_open
CUST02911,2024-07-14,email_open
CUST02912,2025-05-03,support_ticket
CUST02913,2025-07-08,cart_add
CUST02914,2025-07-11,support_ticket
CUST02914,2025-07-10,support_ticket
CUST02914,2025-07-24,cart_abandon
CUST02914,2025-07-22,site_visit
CUST02914,2025-07-30,cart_abandon
CUST02915,2025-05-16,site_visit
CUST02916,2025-04-13,site_visit
CUST02917,2025-04-15,email_open
CUST02917,2025-03-20,cart_add
CUST02917,2025-04-25,site_visit
CUST02917,2025-07-19,email_open
CUST02917,2025-06-13,site_visit
CUST02917,2025-07-24,cart_add
CUST02917,2025-03-18,site_visit
CUST02918,2025-07-27,site_visit
CUST02918,2025-05-09,site_visit
CUST02918,2025-06-05,site_visit
CUST02918,2025-06-19,site_visit
CUST02918,2025-06-02,site_visit
CUST02919,2024-10-23,email_open
CUST02920,2024-11-07,site_visit
CUST02921,2024-08-14,cart_abandon
CUST02922,2025-02-25,cart_add
CUST02922,2025-05-11,cart_add
CUST02922,2025-07-27,site_visit
CUST02922,2025-07-26,site_visit
CUST02922,2025-06-26,cart_add
CUST02923,2025-05-16,cart_abandon
CUST02923,2025-07-10,cart_abandon
CUST02924,2025-06-14,support_ticket
CUST02925,2025-05-23,cart_add
CUST02925,2025-07-29,site_visit
CUST02926,2025-07-11,cart_add
CUST02926,2025-07-09,cart_add
CUST02926,2025-06-20,cart_abandon
CUST02926,2025-07-26,site_visit
CUST02926,2025-06-26,review_submitted
CUST02926,2025-07-06,site_visit
CUST02926,2025-07-25,site_visit
CUST02926,2025-07-20,site_visit
CUST02926,2025-06-10,cart_add
CUST02926,2025-06-20,cart_add
CUST02927,2025-07-12,review_submitted
CUST02927,2025-04-19,email_open
CUST02927,2025-06-06,cart_abandon
CUST02927,2025-07-02,cart_add
CUST02927,2025-05-28,cart_add
CUST02927,2025-05-28,site_visit
CUST02927,2025-06-02,site_visit
CUST02928,2025-07-21,support_ticket
CUST02928,2025-07-26,site_visit
CUST02928,2025-07-21,cart_add
CUST02928,2025-07-26,email_open
CUST02928,2025-07-31,cart_add
CUST02928,2025-07-25,site_visit
CUST02928,2025-07-31,cart_abandon
CUST02928,2025-07-25,support_ticket
CUST02928,2025-07-30,cart_abandon
CUST02928,2025-07-30,site_visit
CUST02929,2025-05-16,site_visit
CUST02930,2025-05-12,cart_add
CUST02931,2025-05-16,site_visit
CUST02931,2025-01-28,review_submitted
CUST02932,2025-03-21,site_visit
CUST02932,2025-07-07,site_visit
CUST02932,2025-03-09,cart_abandon
CUST02933,2024-08-28,cart_abandon
CUST02934,2025-06-01,email_open
CUST02935,2025-03-07,site_visit
CUST02935,2025-05-17,site_visit
CUST02936,2024-08-12,email_open
CUST02937,2025-05-20,cart_abandon
CUST02937,2025-05-02,site_visit
CUST02937,2025-06-07,cart_add
CUST02938,2025-01-28,cart_add
CUST02938,2025-04-01,site_visit
CUST02939,2025-07-20,support_ticket
CUST02939,2025-07-18,cart_add
CUST02939,2025-07-13,review_submitted
CUST02939,2025-07-27,site_visit
CUST02939,2025-07-22,site_visit
CUST02940,2024-12-04,site_visit
CUST02941,2025-02-03,site_visit
CUST02942,2025-04-25,cart_add
CUST02943,2024-08-10,site_visit
CUST02944,2025-07-04,site_visit
CUST02944,2025-04-05,email_open
CUST02944,2025-03-28,cart_abandon
CUST02945,2025-04-08,cart_add
CUST02945,2025-07-23,site_visit
CUST02946,2024-11-23,email_open
CUST02947,2025-03-27,site_visit
CUST02947,2025-04-13,email_open
CUST02947,2025-01-15,site_visit
CUST02947,2025-05-28,site_visit
CUST02948,2025-03-18,cart_add
CUST02948,2025-07-25,site_visit
CUST02949,2024-12-12,email_open
CUST02950,2025-07-29,cart_add
CUST02950,2025-07-10,site_visit
CUST02950,2025-07-14,email_open
CUST02950,2025-06-22,cart_abandon
CUST02950,2025-07-20,site_visit
CUST02950,2025-07-22,site_visit
CUST02951,2025-07-29,site_visit
CUST02951,2025-07-15,site_visit
CUST02952,2025-03-16,cart_add
CUST02952,2025-04-01,site_visit
CUST02952,2025-03-22,site_visit
CUST02953,2025-07-21,review_submitted
CUST02953,2025-05-29,site_visit
CUST02953,2025-04-14,email_open
CUST02953,2025-04-15,email_open
CUST02953,2025-06-01,site_visit
CUST02953,2025-07-13,cart_add
CUST02954,2025-02-28,site_visit
CUST02955,2025-07-03,email_open
CUST02955,2025-06-20,email_open
CUST02955,2025-07-19,email_open
CUST02955,2025-07-13,email_open
CUST02955,2025-07-27,cart_add
CUST02955,2025-06-21,cart_abandon
CUST02955,2025-06-27,cart_abandon
CUST02955,2025-07-03,cart_abandon
CUST02956,2025-07-03,cart_abandon
CUST02956,2025-02-18,cart_add
CUST02956,2025-07-27,email_open
CUST02957,2025-03-28,email_open
CUST02957,2025-07-24,cart_abandon
CUST02957,2025-06-10,site_visit
CUST02957,2025-05-01,site_visit
CUST02957,2025-05-11,site_visit
CUST02957,2025-03-24,site_visit
CUST02958,2025-07-02,cart_add
CUST02958,2025-07-31,email_open
CUST02958,2025-05-25,cart_add
CUST02958,2025-06-14,site_visit
CUST02958,2025-06-14,site_visit
CUST02959,2025-06-22,site_visit
CUST02960,2025-07-21,cart_add
CUST02960,2025-05-08,site_visit
CUST02960,2025-07-15,site_visit
CUST02960,2025-07-03,site_visit
CUST02961,2025-06-26,site_visit
CUST02962,2025-01-23,site_visit
CUST02963,2024-08-19,cart_add
CUST02963,2025-02-13,site_visit
CUST02964,2025-07-21,review_submitted
CUST02964,2025-07-29,site_visit
CUST02964,2025-07-29,cart_add
CUST02964,2025-07-29,review_submitted
CUST02964,2025-07-22,cart_abandon
CUST02965,2025-06-22,cart_add
CUST02965,2025-06-20,site_visit
CUST02965,2025-05-31,site_visit
CUST02965,2025-07-02,site_visit
CUST02965,2025-07-12,site_visit
CUST02966,2025-03-31,site_visit
CUST02966,2025-07-28,site_visit
CUST02966,2025-04-17,site_visit
CUST02966,2025-03-04,cart_abandon
CUST02966,2025-03-17,support_ticket
CUST02966,2025-06-18,site_visit
CUST02966,2025-06-24,site_visit
CUST02967,2025-06-28,cart_abandon
CUST02967,2025-04-20,cart_abandon
CUST02968,2025-02-14,cart_add
CUST02968,2025-06-30,support_ticket
CUST02969,2025-06-29,cart_add
CUST02969,2025-07-02,review_submitted
CUST02969,2025-07-24,site_visit
CUST02969,2025-07-13,site_visit
CUST02969,2025-07-25,support_ticket
CUST02970,2025-03-15,email_open
CUST02971,2024-09-19,site_visit
CUST02972,2024-12-24,cart_add
CUST02973,2025-05-19,email_open
CUST02973,2025-05-27,site_visit
CUST02973,2025-06-16,cart_abandon
CUST02974,2025-07-13,site_visit
CUST02974,2025-07-17,cart_abandon
CUST02975,2024-11-06,cart_abandon
CUST02975,2025-05-18,site_visit
CUST02975,2024-10-23,cart_abandon
CUST02976,2025-06-07,site_visit
CUST02977,2025-06-30,site_visit
CUST02977,2025-06-01,email_open
CUST02977,2025-07-10,email_open
CUST02977,2025-07-17,site_visit
CUST02977,2025-06-22,site_visit
CUST02977,2025-07-20,cart_add
CUST02978,2025-05-24,cart_add
CUST02979,2025-03-29,site_visit
CUST02980,2025-07-20,site_visit
CUST02980,2025-07-14,review_submitted
CUST02980,2025-07-25,cart_abandon
CUST02980,2025-07-13,site_visit
CUST02980,2025-07-12,site_visit
CUST02981,2024-11-30,cart_add
CUST02982,2024-06-28,site_visit
CUST02983,2025-03-12,site_visit
CUST02983,2025-02-26,cart_add
CUST02983,2025-03-01,site_visit
CUST02983,2025-07-09,cart_abandon
CUST02983,2025-06-21,cart_abandon
CUST02984,2025-07-28,email_open
CUST02984,2025-07-28,site_visit
CUST02984,2025-06-10,site_visit
CUST02985,2024-12-29,site_visit
CUST02986,2025-07-26,cart_add
CUST02986,2025-07-23,site_visit
CUST02986,2025-07-16,site_visit
CUST02986,2025-07-11,site_visit
CUST02986,2025-07-22,email_open
CUST02986,2025-07-14,site_visit
CUST02986,2025-07-31,site_visit
CUST02986,2025-07-21,site_visit
CUST02987,2024-05-29,site_visit
CUST02988,2025-05-21,site_visit
CUST02989,2025-03-16,site_visit
CUST02990,2025-06-23,cart_add
CUST02990,2025-07-29,site_visit
CUST02990,2025-07-22,site_visit
CUST02991,2025-02-21,site_visit
CUST02992,2025-07-06,email_open
CUST02992,2025-04-23,site_visit
CUST02992,2025-04-11,cart_add
CUST02992,2025-06-13,cart_add
CUST02992,2025-04-30,site_visit
CUST02992,2025-04-17,site_visit
CUST02992,2025-05-03,site_visit
CUST02992,2025-04-10,email_open
CUST02992,2025-07-26,site_visit
CUST02993,2025-06-18,email_open
CUST02993,2025-01-30,site_visit
CUST02993,2025-01-27,cart_abandon
CUST02994,2025-06-15,site_visit
CUST02994,2025-01-11,cart_add
CUST02995,2025-06-08,site_visit
CUST02996,2025-05-30,cart_add
CUST02996,2025-07-09,cart_add
CUST02996,2025-05-29,cart_add
CUST02996,2025-06-14,site_visit
CUST02997,2024-10-09,cart_add
CUST02998,2024-09-15,site_visit
CUST02999,2024-08-09,email_open
CUST02999,2024-12-14,cart_abandon
CUST02999,2025-05-17,cart_add
CUST02999,2025-05-28,site_visit
CUST03000,2025-07-03,site_visit
CUST03000,2025-07-31,review_submitted
CUST03000,2025-07-25,email_open
CUST03000,2025-06-24,email_open
CUST03000,2025-05-29,cart_add
CUST03000,2025-07-10,site_visit
CUST03000,2025-06-30,cart_abandon
CUST03001,2025-02-01,site_visit
CUST03001,2025-07-03,site_visit
CUST03001,2025-02-11,site_visit
CUST03001,2025-03-13,site_visit
CUST03001,2025-07-07,site_visit
CUST03001,2025-05-09,site_visit
CUST03001,2025-03-15,email_open
CUST03002,2025-05-06,cart_add
CUST03002,2025-05-05,cart_abandon
CUST03002,2025-05-01,site_visit
CUST03003,2025-03-05,support_ticket
CUST03004,2025-05-11,site_visit
CUST03004,2025-06-04,cart_add
CUST03005,2025-05-06,review_submitted
CUST03006,2025-05-24,site_visit
CUST03006,2025-06-30,site_visit
CUST03007,2025-06-27,cart_add
CUST03007,2025-06-22,site_visit
CUST03007,2025-06-18,site_visit
CUST03007,2025-06-14,cart_add
CUST03007,2025-07-26,site_visit
CUST03007,2025-07-28,cart_abandon
CUST03007,2025-07-31,email_open
CUST03007,2025-07-06,site_visit
CUST03007,2025-07-28,support_ticket
CUST03008,2025-05-27,cart_add
CUST03009,2025-04-02,site_visit
CUST03009,2025-04-07,cart_abandon
CUST03009,2025-02-02,site_visit
CUST03009,2025-07-27,site_visit
CUST03009,2025-06-19,site_visit
CUST03009,2025-03-24,cart_add
CUST03009,2025-06-14,cart_add
CUST03009,2025-05-19,review_submitted
CUST03010,2024-08-19,support_ticket
CUST03011,2024-12-31,site_visit
CUST03012,2025-01-30,email_open
CUST03013,2024-08-30,site_visit
CUST03014,2025-04-22,cart_abandon
CUST03014,2024-10-12,site_visit
CUST03015,2025-03-05,support_ticket
CUST03016,2024-12-06,site_visit
CUST03017,2025-03-26,review_submitted
CUST03017,2025-06-04,site_visit
CUST03017,2025-07-30,site_visit
CUST03018,2024-10-08,review_submitted
CUST03019,2025-07-21,email_open
CUST03020,2025-07-10,cart_add
CUST03020,2025-05-05,cart_abandon
CUST03021,2024-09-24,cart_add
CUST03022,2025-05-25,site_visit
CUST03023,2025-03-10,site_visit
CUST03023,2025-03-29,site_visit
CUST03024,2025-04-22,email_open
CUST03025,2024-04-07,site_visit
CUST03026,2025-07-21,site_visit
CUST03027,2025-07-04,review_submitted
CUST03027,2025-07-08,cart_abandon
CUST03027,2025-07-29,cart_abandon
CUST03027,2025-07-07,cart_add
CUST03027,2025-06-29,site_visit
CUST03027,2025-06-30,site_visit
CUST03028,2025-03-01,email_open
CUST03028,2025-04-20,site_visit
CUST03029,2025-02-02,site_visit
CUST03029,2025-07-23,cart_add
CUST03030,2025-04-24,cart_abandon
CUST03031,2025-04-08,site_visit
CUST03032,2025-06-20,review_submitted
CUST03033,2025-07-04,cart_add
CUST03033,2025-04-03,email_open
CUST03034,2024-09-10,site_visit
CUST03035,2024-08-02,site_visit
CUST03036,2025-06-11,site_visit
CUST03037,2024-12-01,site_visit
CUST03038,2025-07-29,cart_add
CUST03038,2025-07-19,site_visit
CUST03038,2025-07-22,site_visit
CUST03038,2025-07-27,email_open
CUST03038,2025-07-19,site_visit
CUST03039,2024-11-27,review_submitted
CUST03040,2025-05-23,cart_abandon
CUST03040,2025-03-08,site_visit
CUST03041,2024-09-09,site_visit
CUST03042,2025-07-22,site_visit
CUST03042,2025-07-18,cart_add
CUST03042,2025-07-26,site_visit
CUST03042,2025-07-20,site_visit
CUST03042,2025-07-31,cart_abandon
CUST03043,2024-11-13,cart_add
CUST03044,2025-07-19,email_open
CUST03044,2024-10-31,site_visit
CUST03045,2025-06-21,cart_add
CUST03045,2025-06-05,site_visit
CUST03045,2025-07-27,support_ticket
CUST03045,2025-05-27,site_visit
CUST03045,2025-07-19,review_submitted
CUST03046,2025-07-22,site_visit
CUST03046,2025-02-21,email_open
CUST03046,2025-04-06,email_open
CUST03047,2025-05-02,cart_add
CUST03048,2024-09-14,cart_abandon
CUST03048,2024-11-11,site_visit
CUST03048,2025-04-19,email_open
CUST03049,2025-03-29,site_visit
CUST03049,2025-05-15,cart_add
CUST03049,2025-05-11,site_visit
CUST03049,2025-06-15,email_open
CUST03050,2025-03-16,site_visit
CUST03051,2024-11-24,site_visit
CUST03052,2025-02-12,email_open
CUST03053,2025-06-28,cart_add
CUST03054,2025-02-12,cart_add
CUST03055,2025-04-14,site_visit
CUST03055,2025-07-08,cart_add
CUST03055,2025-06-19,site_visit
CUST03056,2025-07-21,site_visit
CUST03056,2025-07-16,cart_add
CUST03056,2025-07-27,site_visit
CUST03056,2025-07-18,cart_abandon
CUST03056,2025-07-17,site_visit
CUST03056,2025-07-11,site_visit
CUST03057,2025-03-26,site_visit
CUST03057,2025-06-03,site_visit
CUST03058,2024-11-22,cart_add
CUST03059,2024-09-09,review_submitted
CUST03060,2025-07-13,site_visit
CUST03060,2025-07-21,cart_add
CUST03060,2025-07-25,site_visit
CUST03060,2025-07-09,cart_add
CUST03060,2025-07-02,cart_abandon
CUST03061,2024-10-23,review_submitted
CUST03062,2024-12-21,cart_add
CUST03063,2025-04-18,site_visit
CUST03064,2025-05-10,site_visit
CUST03064,2025-06-22,site_visit
CUST03064,2025-01-04,site_visit
CUST03065,2025-06-06,site_visit
CUST03065,2025-01-24,support_ticket
CUST03066,2024-08-28,site_visit
CUST03067,2025-04-02,site_visit
CUST03068,2025-07-26,cart_add
CUST03068,2025-07-28,site_visit
CUST03068,2025-07-30,site_visit
CUST03068,2025-07-19,cart_abandon
CUST03068,2025-07-17,email_open
CUST03068,2025-07-20,email_open
CUST03068,2025-07-14,site_visit
CUST03069,2025-05-21,cart_add
CUST03070,2025-03-31,site_visit
CUST03070,2025-05-28,cart_abandon
CUST03071,2025-03-29,site_visit
CUST03071,2025-04-12,cart_add
CUST03071,2025-04-23,support_ticket
CUST03071,2025-04-05,site_visit
CUST03072,2025-05-24,cart_add
CUST03073,2024-09-21,cart_add
CUST03074,2025-01-21,review_submitted
CUST03075,2025-04-13,cart_add
CUST03075,2025-04-10,cart_abandon
CUST03075,2025-02-12,cart_add
CUST03076,2025-05-22,site_visit
CUST03076,2025-07-24,support_ticket
CUST03076,2025-06-22,site_visit
CUST03076,2025-07-12,site_visit
CUST03077,2025-07-03,cart_add
CUST03077,2025-07-14,site_visit
CUST03077,2025-06-29,cart_add
CUST03077,2025-07-26,cart_add
CUST03077,2025-07-10,review_submitted
CUST03077,2025-07-26,site_visit
CUST03078,2025-03-18,site_visit
CUST03079,2025-02-11,review_submitted
CUST03080,2025-07-26,cart_add
CUST03080,2025-07-14,site_visit
CUST03080,2025-07-27,site_visit
CUST03080,2025-07-20,site_visit
CUST03080,2025-07-01,cart_add
CUST03081,2025-06-18,site_visit
CUST03081,2025-05-20,cart_abandon
CUST03081,2025-04-08,site_visit
CUST03082,2025-07-09,email_open
CUST03082,2025-06-16,cart_add
CUST03082,2025-06-30,site_visit
CUST03082,2025-06-08,site_visit
CUST03082,2025-07-18,site_visit
CUST03082,2025-06-27,cart_add
CUST03082,2025-05-31,site_visit
CUST03083,2024-06-03,site_visit
CUST03084,2025-03-25,email_open
CUST03084,2025-04-20,cart_add
CUST03084,2025-05-19,email_open
CUST03084,2025-03-31,site_visit
CUST03085,2025-07-19,site_visit
CUST03085,2025-05-16,site_visit
CUST03085,2025-07-28,cart_abandon
CUST03086,2025-06-18,cart_add
CUST03086,2025-07-13,cart_abandon
CUST03086,2025-06-29,email_open
CUST03086,2025-03-19,site_visit
CUST03087,2024-11-25,email_open
CUST03088,2024-10-19,site_visit
CUST03089,2025-06-26,cart_abandon
CUST03090,2024-09-25,site_visit
CUST03091,2024-10-31,cart_abandon
CUST03092,2025-07-15,email_open
CUST03092,2025-07-18,cart_abandon
CUST03092,2025-07-25,site_visit
CUST03092,2025-07-31,site_visit
CUST03092,2025-07-14,email_open
CUST03092,2025-07-07,cart_add
CUST03092,2025-07-17,site_visit
CUST03093,2025-05-17,site_visit
CUST03094,2025-07-21,cart_add
CUST03094,2025-07-08,site_visit
CUST03094,2025-06-09,cart_abandon
CUST03094,2025-06-10,email_open
CUST03094,2025-06-22,review_submitted
CUST03094,2025-06-06,cart_abandon
CUST03095,2024-09-14,cart_abandon
CUST03096,2025-02-18,site_visit
CUST03097,2025-07-22,site_visit
CUST03097,2025-07-16,site_visit
CUST03097,2025-07-18,site_visit
CUST03098,2024-08-21,site_visit
CUST03099,2025-01-31,email_open
CUST03100,2025-04-05,cart_abandon
CUST03100,2024-12-08,site_visit
CUST03101,2024-12-09,site_visit
CUST03102,2025-05-17,cart_abandon
CUST03102,2025-04-27,site_visit
CUST03103,2025-07-27,cart_abandon
CUST03103,2025-06-27,site_visit
CUST03103,2025-06-17,cart_add
CUST03103,2025-07-21,site_visit
CUST03103,2025-07-13,site_visit
CUST03103,2025-06-15,review_submitted
CUST03103,2025-06-20,site_visit
CUST03103,2025-07-04,cart_add
CUST03103,2025-07-07,email_open
CUST03104,2025-02-08,cart_add
CUST03105,2025-06-08,site_visit
CUST03106,2025-06-07,site_visit
CUST03107,2025-06-10,site_visit
CUST03108,2025-05-26,email_open
CUST03109,2024-12-16,email_open
CUST03110,2025-02-05,site_visit
CUST03111,2025-03-03,site_visit
CUST03112,2025-05-22,site_visit
CUST03113,2025-02-15,cart_add
CUST03114,2025-05-04,site_visit
CUST03115,2025-07-27,site_visit
CUST03116,2025-07-11,site_visit
CUST03116,2025-06-13,site_visit
CUST03116,2025-07-22,review_submitted
CUST03116,2025-06-24,site_visit
CUST03117,2025-07-22,cart_add
CUST03117,2025-06-23,cart_add
CUST03117,2025-06-03,review_submitted
CUST03117,2025-06-03,cart_add
CUST03118,2025-07-11,site_visit
CUST03119,2024-08-23,site_visit
CUST03119,2025-04-10,cart_abandon
CUST03119,2025-03-20,cart_add
CUST03120,2025-02-01,site_visit
CUST03121,2025-05-05,cart_abandon
CUST03122,2025-05-01,site_visit
CUST03122,2025-04-02,cart_abandon
CUST03122,2024-11-30,cart_abandon
CUST03123,2025-03-07,site_visit
CUST03124,2025-01-05,site_visit
CUST03124,2025-01-18,cart_add
CUST03124,2025-02-08,site_visit
CUST03125,2025-07-06,cart_add
CUST03126,2025-07-12,cart_abandon
CUST03127,2025-04-13,site_visit
CUST03127,2025-05-09,cart_add
CUST03128,2025-02-15,site_visit
CUST03129,2025-07-21,email_open
CUST03129,2025-07-24,site_visit
CUST03129,2025-07-15,site_visit
CUST03129,2025-07-09,cart_abandon
CUST03129,2025-07-20,email_open
CUST03129,2025-07-31,cart_add
CUST03130,2025-05-12,cart_add
CUST03130,2025-07-17,site_visit
CUST03130,2025-06-21,cart_abandon
CUST03130,2025-05-17,site_visit
CUST03131,2025-04-30,site_visit
CUST03131,2025-07-20,site_visit
CUST03131,2025-04-16,support_ticket
CUST03131,2025-05-10,cart_abandon
CUST03132,2025-06-29,site_visit
CUST03132,2025-06-17,cart_add
CUST03132,2025-06-29,site_visit
CUST03132,2025-07-07,cart_abandon
CUST03132,2025-05-26,site_visit
CUST03133,2025-07-07,site_visit
CUST03133,2025-07-25,cart_add
CUST03133,2025-07-29,site_visit
CUST03133,2025-07-22,cart_abandon
CUST03133,2025-06-23,cart_add
CUST03133,2025-07-30,cart_add
CUST03133,2025-07-01,site_visit
CUST03134,2025-01-03,cart_add
CUST03134,2025-01-02,review_submitted
CUST03134,2025-02-05,site_visit
CUST03135,2025-01-12,site_visit
CUST03136,2025-03-04,cart_add
CUST03136,2025-02-27,site_visit
CUST03137,2025-07-21,site_visit
CUST03137,2025-06-01,cart_add
CUST03137,2025-05-31,site_visit
CUST03137,2025-06-30,cart_add
CUST03137,2025-05-06,site_visit
CUST03138,2025-04-07,site_visit
CUST03138,2025-07-06,email_open
CUST03138,2025-04-14,site_visit
CUST03139,2025-03-10,email_open
CUST03140,2024-12-02,review_submitted
CUST03141,2024-12-04,site_visit
CUST03141,2025-05-29,site_visit
CUST03142,2025-07-02,review_submitted
CUST03142,2025-07-09,cart_abandon
CUST03142,2025-06-26,site_visit
CUST03142,2025-07-21,cart_abandon
CUST03142,2025-07-16,cart_add
CUST03142,2025-06-22,cart_add
CUST03142,2025-06-23,site_visit
CUST03142,2025-07-18,site_visit
CUST03142,2025-07-25,site_visit
CUST03143,2025-04-06,site_visit
CUST03144,2025-04-15,site_visit
CUST03145,2025-01-21,cart_add
CUST03146,2025-03-11,cart_add
CUST03147,2025-06-10,site_visit
CUST03147,2025-07-30,site_visit
CUST03147,2025-06-22,email_open
CUST03147,2025-06-22,cart_abandon
CUST03147,2025-06-19,cart_abandon
CUST03147,2025-07-31,cart_add
CUST03147,2025-07-14,cart_abandon
CUST03147,2025-07-21,site_visit
CUST03148,2025-01-25,cart_abandon
CUST03148,2025-03-20,site_visit
CUST03148,2025-07-24,cart_add
CUST03148,2025-07-19,cart_add
CUST03148,2025-06-20,email_open
CUST03149,2025-07-16,cart_add
CUST03149,2025-07-18,email_open
CUST03149,2025-04-28,cart_abandon
CUST03149,2025-06-05,cart_abandon
CUST03149,2025-07-14,cart_abandon
CUST03150,2025-06-19,site_visit
CUST03151,2025-05-25,cart_add
CUST03151,2025-04-02,site_visit
CUST03152,2025-03-20,site_visit
CUST03153,2025-02-10,cart_abandon
CUST03153,2025-06-24,site_visit
CUST03153,2025-07-06,cart_add
CUST03153,2025-02-19,site_visit
CUST03153,2025-03-23,cart_abandon
CUST03153,2025-05-18,site_visit
CUST03154,2025-01-13,cart_abandon
CUST03155,2025-04-11,review_submitted
CUST03155,2024-12-14,cart_abandon
CUST03155,2025-06-19,site_visit
CUST03155,2025-07-21,site_visit
CUST03156,2025-04-16,email_open
CUST03156,2025-06-21,site_visit
CUST03157,2025-07-09,cart_add
CUST03157,2025-07-29,cart_add
CUST03157,2025-06-27,cart_add
CUST03157,2025-07-10,site_visit
CUST03157,2025-06-26,site_visit
CUST03157,2025-07-03,cart_abandon
CUST03157,2025-07-05,cart_add
CUST03157,2025-06-29,site_visit
CUST03158,2024-05-25,site_visit
CUST03159,2025-05-10,site_visit
CUST03159,2025-07-01,cart_add
CUST03159,2025-06-14,site_visit
CUST03159,2025-06-22,cart_abandon
CUST03159,2025-05-17,cart_abandon
CUST03160,2024-11-29,site_visit
CUST03161,2025-04-29,site_visit
CUST03162,2024-06-19,site_visit
CUST03163,2024-09-21,cart_add
CUST03164,2025-05-22,site_visit
CUST03165,2024-04-25,cart_abandon
CUST03166,2024-11-15,site_visit
CUST03167,2025-07-28,support_ticket
CUST03167,2025-07-10,site_visit
CUST03167,2025-07-16,cart_add
CUST03167,2025-06-19,site_visit
CUST03167,2025-07-25,site_visit
CUST03167,2025-07-05,site_visit
CUST03167,2025-07-18,email_open
CUST03167,2025-07-03,site_visit
CUST03167,2025-06-28,site_visit
CUST03167,2025-07-21,site_visit
CUST03168,2024-10-04,site_visit
CUST03169,2025-06-25,review_submitted
CUST03169,2025-05-28,cart_add
CUST03169,2025-07-30,site_visit
CUST03169,2025-05-07,email_open
CUST03169,2025-05-24,email_open
CUST03169,2025-06-27,cart_add
CUST03169,2025-04-28,site_visit
CUST03169,2025-03-24,cart_add
CUST03169,2025-05-03,site_visit
CUST03170,2025-05-15,review_submitted
CUST03171,2025-02-10,cart_abandon
CUST03171,2025-04-26,site_visit
CUST03172,2025-03-13,email_open
CUST03173,2025-02-05,cart_abandon
CUST03173,2025-07-06,site_visit
CUST03173,2025-07-18,review_submitted
CUST03174,2024-10-03,site_visit
CUST03175,2024-03-20,email_open
CUST03176,2025-01-31,site_visit
CUST03177,2025-06-23,cart_add
CUST03178,2025-07-04,cart_abandon
CUST03178,2025-06-07,site_visit
CUST03178,2025-07-04,site_visit
CUST03178,2025-06-06,site_visit
CUST03179,2025-07-22,cart_abandon
CUST03179,2025-06-28,cart_abandon
CUST03179,2025-05-19,cart_add
CUST03180,2025-06-28,email_open
CUST03181,2025-03-08,cart_add
CUST03182,2025-06-25,email_open
CUST03182,2025-06-25,site_visit
CUST03182,2025-02-15,cart_abandon
CUST03183,2025-05-19,site_visit
CUST03184,2024-11-04,site_visit
CUST03185,2024-12-14,site_visit
CUST03186,2024-11-27,cart_abandon
CUST03186,2025-07-02,cart_add
CUST03186,2025-03-27,site_visit
CUST03186,2024-12-03,email_open
CUST03187,2025-02-17,cart_abandon
CUST03187,2024-12-21,site_visit
CUST03188,2025-01-21,site_visit
CUST03188,2025-06-10,site_visit
CUST03189,2025-06-04,cart_add
CUST03189,2025-06-28,cart_add
CUST03189,2025-07-10,site_visit
CUST03189,2025-04-26,cart_add
CUST03189,2025-06-24,site_visit
CUST03190,2025-04-06,site_visit
CUST03190,2025-04-05,site_visit
CUST03190,2025-07-04,cart_add
CUST03191,2025-07-10,site_visit
CUST03191,2024-11-29,email_open
CUST03192,2025-07-13,cart_add
CUST03192,2025-07-21,site_visit
CUST03192,2025-07-19,email_open
CUST03192,2025-07-02,cart_add
CUST03192,2025-06-25,cart_add
CUST03192,2025-06-26,email_open
CUST03192,2025-07-05,email_open
CUST03193,2025-07-15,email_open
CUST03193,2025-07-31,cart_abandon
CUST03193,2025-07-04,cart_add
CUST03193,2025-07-11,cart_add
CUST03193,2025-07-22,site_visit
CUST03193,2025-07-12,site_visit
CUST03193,2025-07-07,site_visit
CUST03193,2025-07-25,site_visit
CUST03194,2025-06-17,site_visit
CUST03195,2025-06-03,site_visit
CUST03196,2024-11-27,site_visit
CUST03196,2025-07-25,support_ticket
CUST03197,2025-07-09,cart_abandon
CUST03197,2025-07-20,site_visit
CUST03197,2025-07-08,cart_abandon
CUST03197,2025-07-15,site_visit
CUST03197,2025-07-18,email_open
CUST03197,2025-07-30,site_visit
CUST03197,2025-07-27,cart_add
CUST03197,2025-07-17,cart_add
CUST03198,2025-05-29,cart_abandon
CUST03198,2025-07-21,cart_add
CUST03198,2025-07-22,site_visit
CUST03198,2025-05-25,cart_abandon
CUST03199,2025-01-14,cart_add
CUST03200,2025-03-29,cart_abandon
CUST03201,2025-04-26,cart_abandon
CUST03201,2025-07-04,review_submitted
CUST03202,2024-11-23,site_visit
CUST03203,2025-07-03,email_open
CUST03204,2025-07-03,site_visit
CUST03204,2025-05-23,site_visit
CUST03204,2025-06-26,review_submitted
CUST03204,2025-05-14,site_visit
CUST03204,2025-07-18,email_open
CUST03204,2025-07-25,site_visit
CUST03204,2025-05-28,site_visit
CUST03204,2025-06-29,site_visit
CUST03205,2025-05-02,email_open
CUST03205,2025-07-31,email_open
CUST03205,2025-07-20,cart_add
CUST03206,2025-07-09,site_visit
CUST03206,2025-07-08,review_submitted
CUST03206,2025-06-17,site_visit
CUST03207,2025-07-20,cart_add
CUST03207,2025-06-10,site_visit
CUST03207,2025-05-27,site_visit
CUST03207,2025-06-10,cart_add
CUST03208,2025-06-23,site_visit
CUST03208,2025-07-11,cart_abandon
CUST03208,2025-05-11,review_submitted
CUST03209,2025-03-01,site_visit
CUST03210,2025-02-04,cart_add
CUST03210,2025-04-10,site_visit
CUST03211,2024-09-29,site_visit
CUST03212,2025-02-10,site_visit
CUST03212,2025-04-15,email_open
CUST03212,2025-01-31,support_ticket
CUST03213,2025-04-29,cart_add
CUST03214,2025-04-10,email_open
CUST03214,2025-06-02,cart_abandon
CUST03215,2025-01-10,site_visit
CUST03216,2025-03-10,site_visit
CUST03217,2025-07-09,site_visit
CUST03217,2025-07-11,cart_add
CUST03218,2025-01-04,review_submitted
CUST03219,2025-07-01,site_visit
CUST03219,2025-03-26,site_visit
CUST03219,2025-05-27,support_ticket
CUST03219,2025-05-18,cart_abandon
CUST03219,2025-07-10,cart_add
CUST03220,2025-03-21,site_visit
CUST03220,2025-05-11,site_visit
CUST03221,2025-03-28,site_visit
CUST03222,2025-03-29,site_visit
CUST03223,2024-12-31,cart_add
CUST03224,2025-04-13,support_ticket
CUST03225,2024-10-27,cart_add
CUST03226,2025-06-20,site_visit
CUST03226,2025-06-08,cart_abandon
CUST03226,2025-06-14,cart_add
CUST03226,2025-06-22,email_open
CUST03227,2025-06-19,review_submitted
CUST03228,2024-09-01,review_submitted
CUST03229,2025-04-23,site_visit
CUST03230,2025-05-21,cart_add
CUST03231,2024-12-02,site_visit
CUST03232,2025-02-07,cart_abandon
CUST03232,2025-06-13,cart_abandon
CUST03232,2025-04-18,site_visit
CUST03233,2025-04-29,site_visit
CUST03234,2024-08-14,site_visit
CUST03235,2024-10-06,email_open
CUST03236,2025-02-26,review_submitted
CUST03237,2025-04-30,site_visit
CUST03238,2025-07-14,cart_add
CUST03238,2025-07-14,email_open
CUST03238,2025-07-08,site_visit
CUST03238,2025-07-27,cart_abandon
CUST03238,2025-07-14,site_visit
CUST03238,2025-07-19,site_visit
CUST03238,2025-07-18,site_visit
CUST03239,2025-04-18,site_visit
CUST03239,2025-07-04,site_visit
CUST03240,2025-05-26,cart_add
CUST03240,2025-01-01,site_visit
CUST03241,2024-12-13,site_visit
CUST03242,2025-01-16,cart_abandon
CUST03243,2025-02-20,cart_abandon
CUST03243,2025-04-07,site_visit
CUST03244,2025-03-09,cart_add
CUST03245,2025-06-30,site_visit
CUST03245,2025-05-15,cart_abandon
CUST03246,2025-02-27,email_open
CUST03247,2025-04-18,cart_add
CUST03247,2025-03-23,site_visit
CUST03248,2025-07-16,site_visit
CUST03248,2025-05-01,cart_add
CUST03249,2025-06-05,review_submitted
CUST03249,2025-05-24,cart_abandon
CUST03249,2025-05-30,review_submitted
CUST03249,2025-05-22,site_visit
CUST03249,2025-07-10,cart_abandon
CUST03250,2025-03-03,cart_add
CUST03250,2025-07-03,cart_add
CUST03250,2025-06-06,cart_abandon
CUST03251,2025-01-24,cart_abandon
CUST03251,2025-07-04,cart_add
CUST03252,2024-07-17,review_submitted
CUST03253,2025-01-15,site_visit
CUST03254,2025-05-28,cart_abandon
CUST03255,2025-04-10,cart_add
CUST03256,2024-09-08,site_visit
CUST03257,2025-06-01,site_visit
CUST03257,2025-03-30,cart_add
CUST03258,2024-10-19,cart_abandon
CUST03259,2024-11-09,site_visit
CUST03260,2025-07-25,email_open
CUST03260,2025-06-14,email_open
CUST03260,2025-06-13,cart_add
CUST03260,2025-07-22,site_visit
CUST03260,2025-07-21,site_visit
CUST03261,2025-01-31,site_visit
CUST03262,2025-06-06,cart_add
CUST03262,2025-07-20,site_visit
CUST03263,2025-06-21,site_visit
CUST03263,2024-11-07,site_visit
CUST03263,2025-02-23,cart_add
CUST03263,2024-12-07,site_visit
CUST03263,2025-05-01,cart_abandon
CUST03263,2025-03-30,site_visit
CUST03264,2025-07-25,cart_add
CUST03265,2025-04-27,review_submitted
CUST03265,2025-06-10,site_visit
CUST03265,2025-07-06,cart_abandon
CUST03265,2025-07-23,site_visit
CUST03265,2025-04-27,review_submitted
CUST03265,2025-04-23,review_submitted
CUST03265,2025-07-23,email_open
CUST03265,2025-05-22,site_visit
CUST03265,2025-07-26,support_ticket
CUST03265,2025-04-14,cart_abandon
CUST03265,2025-07-31,cart_abandon
CUST03266,2024-12-28,site_visit
CUST03267,2025-04-22,cart_abandon
CUST03268,2025-02-08,site_visit
CUST03269,2024-12-25,site_visit
CUST03269,2025-03-26,cart_add
CUST03270,2025-06-12,review_submitted
CUST03270,2025-06-15,cart_abandon
CUST03270,2025-04-11,site_visit
CUST03270,2025-04-24,cart_abandon
CUST03270,2025-02-13,site_visit
CUST03270,2025-06-29,cart_abandon
CUST03270,2025-02-18,site_visit
CUST03271,2025-07-22,site_visit
CUST03272,2024-02-08,site_visit
CUST03273,2025-06-29,site_visit
CUST03273,2025-05-16,cart_add
CUST03273,2025-04-30,site_visit
CUST03273,2025-03-05,site_visit
CUST03274,2025-01-23,site_visit
CUST03275,2025-05-18,site_visit
CUST03275,2025-05-17,site_visit
CUST03275,2025-07-03,site_visit
CUST03276,2025-07-28,site_visit
CUST03276,2025-06-29,cart_add
CUST03276,2025-04-26,cart_add
CUST03276,2025-05-24,email_open
CUST03277,2025-06-12,cart_abandon
CUST03277,2025-07-19,site_visit
CUST03277,2025-06-12,site_visit
CUST03277,2025-06-04,site_visit
CUST03277,2025-06-24,site_visit
CUST03277,2025-05-10,site_visit
CUST03277,2025-05-24,cart_abandon
CUST03277,2025-06-03,site_visit
CUST03277,2025-07-17,site_visit
CUST03278,2025-01-29,cart_abandon
CUST03279,2024-09-02,email_open
CUST03280,2025-05-20,site_visit
CUST03280,2025-05-18,email_open
CUST03280,2025-06-10,site_visit
CUST03280,2025-06-13,cart_abandon
CUST03281,2025-03-11,site_visit
CUST03282,2025-06-15,cart_add
CUST03283,2025-06-05,email_open
CUST03283,2025-06-23,site_visit
CUST03283,2025-07-19,cart_add
CUST03283,2025-05-14,cart_add
CUST03283,2025-07-05,site_visit
CUST03283,2025-05-26,cart_add
CUST03284,2025-07-17,site_visit
CUST03284,2025-07-22,cart_abandon
CUST03284,2025-07-23,site_visit
CUST03284,2025-06-23,site_visit
CUST03284,2025-06-29,cart_add
CUST03285,2025-07-07,cart_abandon
CUST03286,2025-06-08,site_visit
CUST03287,2024-12-07,support_ticket
CUST03287,2025-05-25,email_open
CUST03287,2024-11-18,review_submitted
CUST03288,2025-06-23,site_visit
CUST03288,2025-07-01,site_visit
CUST03288,2025-05-24,site_visit
CUST03288,2025-06-12,cart_abandon
CUST03289,2025-07-24,email_open
CUST03289,2025-07-16,site_visit
CUST03289,2025-06-19,site_visit
CUST03289,2025-07-21,site_visit
CUST03289,2025-07-31,email_open
CUST03289,2025-06-19,site_visit
CUST03289,2025-07-20,review_submitted
CUST03289,2025-07-14,site_visit
CUST03289,2025-07-25,cart_add
CUST03289,2025-07-19,cart_abandon
CUST03289,2025-06-08,site_visit
CUST03290,2024-06-09,site_visit
CUST03291,2024-06-23,cart_abandon
CUST03292,2025-06-10,cart_abandon
CUST03292,2025-05-30,review_submitted
CUST03292,2025-06-13,site_visit
CUST03292,2025-07-05,review_submitted
CUST03292,2025-06-26,cart_abandon
CUST03292,2025-07-23,email_open
CUST03293,2025-05-30,site_visit
CUST03293,2024-10-29,site_visit
CUST03294,2025-02-02,email_open
CUST03294,2025-05-31,cart_add
CUST03294,2025-01-25,site_visit
CUST03295,2025-07-22,cart_abandon
CUST03295,2025-07-15,site_visit
CUST03295,2025-07-24,site_visit
CUST03295,2025-07-19,cart_abandon
CUST03295,2025-07-21,cart_abandon
CUST03295,2025-07-31,cart_add
CUST03295,2025-07-19,site_visit
CUST03295,2025-07-13,cart_add
CUST03295,2025-07-26,cart_add
CUST03295,2025-07-18,site_visit
CUST03296,2024-09-04,email_open
CUST03297,2025-04-03,site_visit
CUST03297,2025-03-28,cart_add
CUST03297,2025-06-26,cart_add
CUST03298,2024-09-27,review_submitted
CUST03299,2025-07-18,cart_abandon
CUST03299,2024-11-19,cart_add
CUST03300,2025-06-27,review_submitted
CUST03300,2025-07-24,site_visit
CUST03300,2025-07-16,cart_abandon
CUST03300,2025-04-20,site_visit
CUST03300,2025-06-05,cart_abandon
CUST03300,2025-04-12,site_visit
CUST03300,2025-06-11,email_open
CUST03301,2025-01-09,site_visit
CUST03302,2025-07-29,cart_abandon
CUST03302,2025-07-31,site_visit
CUST03302,2025-07-31,email_open
CUST03302,2025-07-29,cart_add
CUST03302,2025-07-29,email_open
CUST03302,2025-07-29,site_visit
CUST03302,2025-07-31,site_visit
CUST03302,2025-07-30,support_ticket
CUST03302,2025-07-31,email_open
CUST03302,2025-07-31,email_open
CUST03302,2025-07-29,site_visit
CUST03303,2025-02-04,cart_add
CUST03303,2025-04-26,site_visit
CUST03304,2025-01-20,site_visit
CUST03305,2024-11-14,site_visit
CUST03306,2025-07-06,cart_add
CUST03307,2025-03-19,cart_add
CUST03308,2024-11-08,cart_abandon
CUST03309,2025-05-15,cart_abandon
CUST03310,2025-06-13,cart_abandon
CUST03310,2025-07-30,support_ticket
CUST03311,2025-07-17,site_visit
CUST03311,2025-02-26,cart_add
CUST03312,2025-01-23,cart_add
CUST03313,2025-07-20,cart_abandon
CUST03313,2025-05-16,site_visit
CUST03314,2024-07-20,cart_add
CUST03315,2025-01-12,email_open
CUST03316,2025-06-14,site_visit
CUST03316,2025-05-09,review_submitted
CUST03316,2025-06-22,cart_add
CUST03317,2025-07-16,site_visit
CUST03318,2024-06-16,cart_abandon
CUST03319,2025-05-11,cart_abandon
CUST03319,2025-07-05,support_ticket
CUST03319,2025-07-12,email_open
CUST03319,2025-06-04,site_visit
CUST03319,2025-05-18,site_visit
CUST03319,2025-05-04,site_visit
CUST03319,2025-04-25,site_visit
CUST03320,2025-04-23,site_visit
CUST03320,2025-07-20,site_visit
CUST03320,2025-06-10,review_submitted
CUST03320,2025-05-10,site_visit
CUST03320,2025-07-02,site_visit
CUST03321,2024-11-30,email_open
CUST03322,2024-03-25,site_visit
CUST03323,2025-03-25,site_visit
CUST03323,2025-04-11,cart_abandon
CUST03323,2025-05-10,support_ticket
CUST03324,2025-06-06,site_visit
CUST03324,2025-02-20,cart_abandon
CUST03325,2025-03-31,site_visit
CUST03325,2025-04-11,cart_add
CUST03325,2025-06-08,site_visit
CUST03325,2025-06-20,site_visit
CUST03326,2025-05-11,site_visit
CUST03326,2025-07-30,cart_add
CUST03326,2025-03-13,site_visit
CUST03327,2025-05-20,site_visit
CUST03327,2025-05-18,site_visit
CUST03327,2025-05-20,cart_abandon
CUST03328,2024-12-22,cart_add
CUST03329,2024-07-16,email_open
CUST03330,2025-06-11,site_visit
CUST03331,2025-07-04,site_visit
CUST03331,2025-02-02,cart_abandon
CUST03332,2025-04-05,cart_add
CUST03332,2025-04-17,site_visit
CUST03333,2024-12-04,site_visit
CUST03334,2024-09-30,site_visit
CUST03335,2025-06-28,site_visit
CUST03335,2025-06-14,cart_add
CUST03335,2025-07-25,cart_add
CUST03335,2025-06-18,site_visit
CUST03335,2025-06-20,cart_add
CUST03335,2025-06-03,cart_add
CUST03335,2025-07-27,site_visit
CUST03336,2025-03-26,site_visit
CUST03336,2025-04-30,site_visit
CUST03336,2025-06-08,site_visit
CUST03337,2025-07-10,cart_add
CUST03337,2025-06-25,cart_add
CUST03337,2025-06-30,cart_abandon
CUST03337,2025-07-02,cart_abandon
CUST03337,2025-07-04,cart_add
CUST03337,2025-06-19,cart_add
CUST03338,2025-04-10,cart_abandon
CUST03339,2025-06-09,cart_add
CUST03340,2025-07-16,email_open
CUST03340,2025-07-24,site_visit
CUST03341,2025-06-21,cart_add
CUST03341,2025-06-17,site_visit
CUST03341,2025-06-25,site_visit
CUST03341,2025-07-08,site_visit
CUST03341,2025-06-27,site_visit
CUST03342,2025-01-11,cart_abandon
CUST03342,2025-02-05,site_visit
CUST03343,2025-03-05,site_visit
CUST03343,2025-01-31,cart_add
CUST03344,2024-11-05,cart_add
CUST03345,2025-03-05,cart_add
CUST03346,2025-03-14,review_submitted
CUST03347,2024-10-19,email_open
CUST03348,2024-08-09,site_visit
CUST03349,2025-06-18,site_visit
CUST03350,2025-07-15,cart_abandon
CUST03351,2024-06-23,support_ticket
CUST03352,2024-12-03,site_visit
CUST03353,2025-06-28,cart_abandon
CUST03353,2025-06-29,cart_add
CUST03353,2025-06-25,site_visit
CUST03353,2025-06-27,email_open
CUST03353,2025-07-09,site_visit
CUST03353,2025-07-28,email_open
CUST03354,2025-06-08,support_ticket
CUST03354,2025-03-04,site_visit
CUST03354,2025-06-11,review_submitted
CUST03354,2025-01-02,cart_add
CUST03354,2025-07-29,cart_add
CUST03354,2024-12-18,cart_add
CUST03354,2025-06-03,site_visit
CUST03354,2024-12-21,site_visit
CUST03354,2025-03-28,site_visit
CUST03355,2024-10-14,cart_abandon
CUST03356,2024-05-06,cart_add
CUST03357,2025-04-10,email_open
CUST03357,2025-02-12,site_visit
CUST03357,2025-02-22,site_visit
CUST03357,2025-07-12,cart_add
CUST03357,2025-04-17,cart_abandon
CUST03357,2025-03-15,site_visit
CUST03357,2025-02-27,email_open
CUST03357,2025-03-02,site_visit
CUST03357,2025-02-24,cart_add
CUST03357,2025-04-26,site_visit
CUST03358,2024-12-09,email_open
CUST03359,2025-07-29,site_visit
CUST03359,2025-06-30,cart_abandon
CUST03360,2025-04-26,site_visit
CUST03360,2025-01-12,site_visit
CUST03361,2025-07-03,review_submitted
CUST03361,2025-06-15,cart_abandon
CUST03361,2025-04-30,site_visit
CUST03361,2025-04-27,site_visit
CUST03361,2025-04-13,cart_abandon
CUST03362,2025-02-13,cart_add
CUST03363,2025-07-02,cart_add
CUST03363,2025-02-16,site_visit
CUST03363,2025-03-22,review_submitted
CUST03364,2025-04-16,site_visit
CUST03365,2025-07-29,cart_abandon
CUST03365,2025-06-25,site_visit
CUST03365,2025-07-10,email_open
CUST03365,2025-07-22,site_visit
CUST03365,2025-06-30,email_open
CUST03365,2025-07-17,email_open
CUST03365,2025-07-20,site_visit
CUST03365,2025-07-17,site_visit
CUST03365,2025-07-20,site_visit
CUST03366,2025-06-02,support_ticket
CUST03366,2025-01-15,site_visit
CUST03366,2025-04-29,review_submitted
CUST03366,2025-07-11,cart_abandon
CUST03367,2024-12-20,cart_add
CUST03368,2024-12-01,site_visit
CUST03369,2024-09-26,site_visit
CUST03370,2025-07-26,cart_add
CUST03370,2025-02-12,site_visit
CUST03370,2025-04-14,cart_abandon
CUST03370,2025-07-31,cart_add
CUST03371,2025-06-27,site_visit
CUST03372,2025-07-28,site_visit
CUST03372,2025-06-26,email_open
CUST03373,2024-07-27,cart_add
CUST03374,2025-01-29,cart_add
CUST03374,2025-04-24,email_open
CUST03374,2025-01-13,site_visit
CUST03374,2025-02-14,review_submitted
CUST03375,2025-04-21,cart_abandon
CUST03375,2025-06-14,cart_add
CUST03375,2025-05-10,site_visit
CUST03376,2025-04-18,site_visit
CUST03376,2025-06-02,cart_add
CUST03376,2025-05-27,site_visit
CUST03376,2025-06-06,email_open
CUST03376,2025-07-07,cart_add
CUST03377,2025-05-26,cart_abandon
CUST03377,2025-05-13,review_submitted
CUST03377,2025-05-13,site_visit
CUST03377,2025-07-01,cart_abandon
CUST03377,2025-05-08,cart_abandon
CUST03378,2024-06-30,cart_add
CUST03379,2025-01-01,site_visit
CUST03380,2025-05-02,email_open
CUST03380,2025-07-30,email_open
CUST03381,2024-11-29,site_visit
CUST03382,2025-01-03,cart_add
CUST03383,2024-10-02,site_visit
CUST03384,2025-07-31,email_open
CUST03384,2025-01-05,site_visit
CUST03385,2024-06-23,site_visit
CUST03386,2025-05-31,review_submitted
CUST03386,2025-07-13,site_visit
CUST03386,2025-07-05,cart_add
CUST03386,2025-06-21,cart_add
CUST03386,2025-05-28,cart_abandon
CUST03387,2024-12-31,support_ticket
CUST03388,2025-01-14,cart_add
CUST03388,2025-05-19,site_visit
CUST03389,2025-01-21,site_visit
CUST03390,2025-03-29,cart_abandon
CUST03390,2025-03-21,site_visit
CUST03390,2025-03-08,site_visit
CUST03390,2025-07-29,site_visit
CUST03390,2025-02-06,site_visit
CUST03391,2025-03-26,email_open
CUST03392,2025-06-19,site_visit
CUST03392,2025-06-13,review_submitted
CUST03392,2025-07-03,cart_abandon
CUST03392,2025-07-13,cart_add
CUST03392,2025-07-12,email_open
CUST03392,2025-06-09,email_open
CUST03392,2025-07-31,cart_add
CUST03393,2025-07-13,cart_add
CUST03393,2025-06-18,site_visit
CUST03393,2025-07-23,review_submitted
CUST03394,2024-08-24,site_visit
CUST03394,2025-04-11,cart_abandon
CUST03395,2025-07-10,review_submitted
CUST03395,2025-07-11,review_submitted
CUST03395,2025-07-19,cart_abandon
CUST03395,2025-06-30,site_visit
CUST03395,2025-06-17,cart_abandon
CUST03396,2025-07-29,site_visit
CUST03396,2025-07-28,site_visit
CUST03396,2025-07-29,cart_abandon
CUST03396,2025-07-28,cart_add
CUST03396,2025-07-28,cart_add
CUST03396,2025-07-29,site_visit
CUST03396,2025-07-28,site_visit
CUST03396,2025-07-30,cart_add
CUST03396,2025-07-31,site_visit
CUST03396,2025-07-31,cart_abandon
CUST03396,2025-07-31,cart_abandon
CUST03396,2025-07-31,site_visit
CUST03397,2025-04-28,site_visit
CUST03397,2025-05-05,cart_abandon
CUST03397,2025-07-15,cart_add
CUST03397,2025-06-26,email_open
CUST03398,2025-07-09,cart_add
CUST03398,2025-06-07,cart_abandon
CUST03398,2025-06-29,site_visit
CUST03399,2025-04-04,review_submitted
CUST03400,2025-03-03,cart_abandon
CUST03400,2025-05-09,site_visit
CUST03401,2024-04-17,site_visit
CUST03402,2025-01-07,site_visit
CUST03403,2025-07-31,site_visit
CUST03403,2025-07-31,site_visit
CUST03403,2025-07-30,site_visit
CUST03403,2025-07-30,review_submitted
CUST03403,2025-07-30,site_visit
CUST03403,2025-07-31,site_visit
CUST03403,2025-07-31,cart_add
CUST03403,2025-07-31,site_visit
CUST03403,2025-07-31,cart_abandon
CUST03403,2025-07-30,site_visit
CUST03403,2025-07-30,cart_abandon
CUST03404,2024-10-26,email_open
CUST03405,2025-04-26,site_visit
CUST03405,2025-03-14,site_visit
CUST03405,2025-05-31,site_visit
CUST03406,2025-05-21,email_open
CUST03406,2025-04-25,site_visit
CUST03407,2025-05-19,site_visit
CUST03407,2025-07-18,support_ticket
CUST03407,2025-07-27,cart_abandon
CUST03407,2025-06-05,site_visit
CUST03407,2025-05-16,support_ticket
CUST03407,2025-06-26,cart_add
CUST03408,2025-07-29,cart_add
CUST03408,2025-07-30,cart_add
CUST03408,2025-07-30,email_open
CUST03408,2025-07-31,site_visit
CUST03408,2025-07-30,email_open
CUST03408,2025-07-31,review_submitted
CUST03408,2025-07-30,cart_abandon
CUST03408,2025-07-29,email_open
CUST03408,2025-07-31,site_visit
CUST03408,2025-07-30,site_visit
CUST03408,2025-07-30,cart_abandon
CUST03409,2024-07-18,email_open
CUST03409,2024-10-29,site_visit
CUST03410,2025-06-05,site_visit
CUST03411,2024-11-22,cart_add
CUST03411,2024-12-18,cart_add
CUST03411,2025-07-04,site_visit
CUST03412,2025-06-15,site_visit
CUST03413,2025-06-06,cart_add
CUST03414,2024-09-27,site_visit
CUST03415,2025-05-17,site_visit
CUST03415,2025-04-07,site_visit
CUST03415,2025-06-14,cart_add
CUST03415,2025-05-23,site_visit
CUST03415,2025-07-11,cart_add
CUST03416,2025-04-13,email_open
CUST03417,2024-12-31,cart_abandon
CUST03418,2025-01-13,site_visit
CUST03418,2025-06-27,review_submitted
CUST03418,2025-01-13,site_visit
CUST03418,2025-06-09,cart_abandon
CUST03418,2025-07-13,site_visit
CUST03418,2025-04-08,cart_abandon
CUST03418,2025-05-15,cart_abandon
CUST03418,2025-05-19,site_visit
CUST03418,2025-06-26,site_visit
CUST03419,2025-02-02,site_visit
CUST03420,2025-04-09,site_visit
CUST03421,2025-04-21,cart_abandon
CUST03421,2025-05-27,support_ticket
CUST03421,2025-07-12,site_visit
CUST03422,2025-05-31,site_visit
CUST03422,2025-05-29,site_visit
CUST03423,2025-04-18,site_visit
CUST03423,2025-06-08,cart_add
CUST03423,2025-05-26,site_visit
CUST03424,2025-01-28,site_visit
CUST03425,2025-05-18,site_visit
CUST03425,2025-05-22,site_visit
CUST03425,2025-05-02,cart_add
CUST03426,2025-03-09,site_visit
CUST03426,2025-04-20,site_visit
CUST03426,2024-12-28,email_open
CUST03426,2025-01-13,cart_abandon
CUST03426,2025-03-12,site_visit
CUST03426,2025-01-13,site_visit
CUST03426,2025-07-23,email_open
CUST03427,2025-02-04,site_visit
CUST03427,2025-04-19,site_visit
CUST03427,2025-01-20,cart_abandon
CUST03428,2025-04-02,site_visit
CUST03428,2025-03-19,cart_add
CUST03428,2025-07-12,cart_add
CUST03428,2024-12-28,support_ticket
CUST03428,2025-03-25,site_visit
CUST03429,2025-06-07,cart_add
CUST03429,2025-06-02,email_open
CUST03429,2025-06-18,email_open
CUST03430,2025-01-04,cart_add
CUST03430,2025-02-09,site_visit
CUST03431,2025-05-25,site_visit
CUST03431,2025-04-16,review_submitted
CUST03432,2025-07-30,site_visit
CUST03432,2025-07-25,email_open
CUST03432,2025-07-25,site_visit
CUST03432,2025-07-28,cart_add
CUST03432,2025-07-30,cart_add
CUST03432,2025-07-28,cart_add
CUST03433,2025-03-29,site_visit
CUST03433,2025-04-14,email_open
CUST03433,2025-04-27,site_visit
CUST03433,2025-07-27,site_visit
CUST03433,2025-05-30,site_visit
CUST03434,2025-05-29,cart_add
CUST03434,2024-11-22,site_visit
CUST03435,2025-02-15,site_visit
CUST03435,2025-06-30,site_visit
CUST03435,2025-06-16,cart_add
CUST03436,2025-07-22,cart_add
CUST03437,2025-05-27,email_open
CUST03438,2025-05-25,site_visit
CUST03439,2025-07-29,site_visit
CUST03439,2025-07-06,cart_abandon
CUST03439,2025-07-26,email_open
CUST03439,2025-07-20,site_visit
CUST03439,2025-07-10,site_visit
CUST03439,2025-07-03,cart_add
CUST03439,2025-06-23,site_visit
CUST03440,2025-06-26,site_visit
CUST03440,2025-06-25,site_visit
CUST03440,2025-07-30,site_visit
CUST03440,2025-07-04,review_submitted
CUST03440,2025-07-08,cart_add
CUST03441,2025-04-10,cart_abandon
CUST03442,2025-06-11,site_visit
CUST03442,2024-12-22,review_submitted
CUST03443,2024-11-07,site_visit
CUST03444,2025-07-29,email_open
CUST03444,2025-07-30,cart_add
CUST03444,2025-07-28,cart_add
CUST03444,2025-07-31,review_submitted
CUST03444,2025-07-29,site_visit
CUST03444,2025-07-29,cart_add
CUST03444,2025-07-30,site_visit
CUST03444,2025-07-30,site_visit
CUST03444,2025-07-31,site_visit
CUST03444,2025-07-29,site_visit
CUST03445,2025-07-29,site_visit
CUST03445,2025-07-31,review_submitted
CUST03445,2025-07-31,cart_add
CUST03445,2025-07-29,site_visit
CUST03445,2025-07-31,review_submitted
CUST03445,2025-07-28,site_visit
CUST03445,2025-07-26,cart_add
CUST03445,2025-07-21,review_submitted
CUST03445,2025-07-26,cart_abandon
CUST03445,2025-07-24,cart_abandon
CUST03445,2025-07-20,review_submitted
CUST03446,2025-01-08,cart_add
CUST03446,2025-02-14,cart_abandon
CUST03446,2025-03-09,cart_abandon
CUST03447,2025-05-08,site_visit
CUST03447,2025-07-16,cart_abandon
CUST03447,2025-07-14,site_visit
CUST03447,2025-07-16,site_visit
CUST03448,2025-02-22,site_visit
CUST03448,2025-06-22,cart_add
CUST03448,2025-06-03,site_visit
CUST03448,2025-06-06,cart_abandon
CUST03448,2025-05-08,cart_add
CUST03448,2025-04-27,site_visit
CUST03448,2025-04-10,review_submitted
CUST03449,2025-07-10,email_open
CUST03449,2025-06-13,cart_abandon
CUST03449,2025-01-27,cart_abandon
CUST03449,2025-01-07,cart_add
CUST03449,2025-03-29,site_visit
CUST03450,2024-12-10,cart_abandon
CUST03451,2024-11-26,cart_add
CUST03451,2024-11-30,site_visit
CUST03452,2025-04-16,cart_add
CUST03452,2025-02-03,site_visit
CUST03452,2025-03-01,site_visit
CUST03453,2025-03-03,review_submitted
CUST03454,2025-03-16,cart_abandon
CUST03455,2025-07-20,site_visit
CUST03455,2025-06-27,site_visit
CUST03455,2025-06-30,support_ticket
CUST03455,2025-07-15,cart_add
CUST03455,2025-07-16,cart_abandon
CUST03455,2025-07-14,review_submitted
CUST03456,2024-12-25,email_open
CUST03457,2025-05-29,site_visit
CUST03458,2025-03-15,site_visit
CUST03458,2025-06-12,site_visit
CUST03458,2025-02-19,site_visit
CUST03459,2025-02-05,email_open
CUST03459,2025-02-05,site_visit
CUST03459,2025-04-05,email_open
CUST03460,2025-07-30,site_visit
CUST03460,2025-02-25,site_visit
CUST03461,2025-01-12,site_visit
CUST03462,2024-06-09,site_visit
CUST03463,2025-04-05,site_visit
CUST03463,2025-03-23,cart_add
CUST03463,2025-07-06,site_visit
CUST03464,2025-04-01,site_visit
CUST03464,2025-05-07,cart_add
CUST03465,2025-05-26,cart_add
CUST03466,2025-05-13,site_visit
CUST03466,2025-04-27,site_visit
CUST03466,2025-03-24,cart_abandon
CUST03467,2025-04-23,site_visit
CUST03467,2025-04-10,cart_abandon
CUST03468,2025-06-17,site_visit
CUST03468,2025-03-20,site_visit
CUST03469,2025-05-30,email_open
CUST03469,2025-07-31,cart_abandon
CUST03469,2025-06-04,email_open
CUST03470,2025-07-24,site_visit
CUST03471,2024-03-21,site_visit
CUST03472,2025-04-08,cart_abandon
CUST03472,2025-04-23,cart_add
CUST03472,2025-07-18,site_visit
CUST03472,2025-06-14,site_visit
CUST03472,2025-07-28,site_visit
CUST03472,2025-07-17,cart_abandon
CUST03473,2025-04-02,site_visit
CUST03473,2025-04-06,site_visit
CUST03473,2025-03-11,cart_add
CUST03474,2025-04-17,cart_add
CUST03475,2025-06-10,cart_add
CUST03475,2025-06-10,email_open
CUST03475,2025-07-16,site_visit
CUST03476,2025-04-13,cart_abandon
CUST03476,2025-04-30,cart_abandon
CUST03477,2025-07-08,cart_add
CUST03477,2025-07-29,cart_add
CUST03477,2025-07-15,site_visit
CUST03477,2025-07-25,site_visit
CUST03477,2025-07-19,site_visit
CUST03477,2025-07-12,site_visit
CUST03477,2025-07-16,support_ticket
CUST03477,2025-07-24,site_visit
CUST03478,2025-03-23,site_visit
CUST03479,2025-04-09,cart_abandon
CUST03480,2025-01-17,review_submitted
CUST03480,2025-05-24,review_submitted
CUST03481,2024-06-29,site_visit
CUST03482,2024-12-24,site_visit
CUST03483,2025-03-21,cart_add
CUST03484,2025-07-10,cart_add
CUST03484,2025-07-24,cart_add
CUST03484,2025-07-12,cart_abandon
CUST03484,2025-07-16,site_visit
CUST03484,2025-06-30,support_ticket
CUST03485,2025-03-28,review_submitted
CUST03485,2024-12-28,cart_abandon
CUST03485,2025-04-03,site_visit
CUST03485,2025-02-14,cart_add
CUST03485,2025-07-24,site_visit
CUST03486,2025-04-04,cart_add
CUST03486,2025-06-01,site_visit
CUST03486,2025-06-26,site_visit
CUST03486,2025-05-10,support_ticket
CUST03486,2025-05-29,cart_abandon
CUST03486,2024-12-29,site_visit
CUST03486,2025-04-04,site_visit
CUST03486,2025-07-02,cart_add
CUST03486,2025-06-12,cart_abandon
CUST03486,2025-06-15,email_open
CUST03487,2025-07-11,site_visit
CUST03488,2025-05-04,site_visit
CUST03489,2024-11-26,email_open
CUST03490,2024-11-21,email_open
CUST03491,2025-05-23,cart_add
CUST03492,2025-02-18,email_open
CUST03492,2024-12-16,site_visit
CUST03492,2025-01-20,site_visit
CUST03493,2025-07-31,cart_add
CUST03493,2025-07-11,site_visit
CUST03493,2025-07-06,email_open
CUST03493,2025-06-12,cart_abandon
CUST03494,2025-06-20,site_visit
CUST03494,2025-06-27,site_visit
CUST03494,2025-06-16,email_open
CUST03494,2025-06-24,site_visit
CUST03495,2025-03-14,cart_add
CUST03495,2025-02-01,site_visit
CUST03495,2025-03-14,site_visit
CUST03496,2025-05-07,review_submitted
CUST03497,2025-05-24,site_visit
CUST03497,2025-07-09,cart_abandon
CUST03497,2025-05-25,site_visit
CUST03497,2025-07-07,site_visit
CUST03497,2025-07-05,cart_add
CUST03497,2025-05-25,review_submitted
CUST03498,2025-07-13,review_submitted
CUST03498,2025-07-05,site_visit
CUST03498,2025-07-05,cart_add
CUST03498,2025-06-28,site_visit
CUST03498,2025-07-24,cart_abandon
CUST03498,2025-06-15,cart_add
CUST03498,2025-06-26,cart_abandon
CUST03499,2025-04-17,cart_add
CUST03500,2025-03-11,cart_abandon
CUST03500,2025-03-02,review_submitted
CUST03500,2025-07-11,site_visit
CUST03500,2025-07-17,site_visit
CUST03501,2024-07-25,site_visit
CUST03502,2025-04-18,cart_abandon
CUST03502,2025-05-11,site_visit
CUST03503,2025-07-29,site_visit
CUST03503,2025-07-31,site_visit
CUST03503,2025-07-30,cart_add
CUST03503,2025-07-29,site_visit
CUST03504,2024-05-11,cart_add
CUST03505,2025-07-16,site_visit
CUST03505,2025-07-31,cart_add
CUST03505,2025-06-08,review_submitted
CUST03505,2025-07-17,site_visit
CUST03505,2025-07-24,site_visit
CUST03505,2025-07-26,site_visit
CUST03505,2025-07-01,cart_add
CUST03506,2025-03-15,cart_add
CUST03506,2025-01-16,cart_add
CUST03507,2025-07-24,site_visit
CUST03507,2025-07-31,review_submitted
CUST03507,2025-07-25,support_ticket
CUST03507,2025-07-28,site_visit
CUST03507,2025-07-14,cart_add
CUST03507,2025-07-16,site_visit
CUST03507,2025-07-26,support_ticket
CUST03508,2024-12-26,cart_add
CUST03508,2024-11-28,site_visit
CUST03509,2025-07-10,cart_abandon
CUST03509,2025-07-21,site_visit
CUST03509,2025-05-31,cart_abandon
CUST03509,2025-06-11,cart_add
CUST03509,2025-05-17,site_visit
CUST03509,2025-07-20,email_open
CUST03510,2025-02-24,site_visit
CUST03511,2025-07-23,site_visit
CUST03512,2024-06-15,cart_abandon
CUST03513,2025-07-31,cart_add
CUST03513,2025-07-30,site_visit
CUST03513,2025-07-17,support_ticket
CUST03513,2025-07-18,cart_abandon
CUST03513,2025-07-16,site_visit
CUST03513,2025-07-16,cart_abandon
CUST03513,2025-07-30,cart_abandon
CUST03513,2025-07-21,site_visit
CUST03513,2025-07-15,site_visit
CUST03513,2025-07-26,site_visit
CUST03513,2025-07-30,cart_add
CUST03513,2025-07-29,site_visit
CUST03514,2025-05-19,cart_add
CUST03514,2025-07-29,site_visit
CUST03514,2025-07-26,site_visit
CUST03514,2025-05-26,cart_abandon
CUST03515,2025-06-12,cart_abandon
CUST03515,2025-05-19,site_visit
CUST03515,2025-06-30,support_ticket
CUST03516,2025-07-27,site_visit
CUST03517,2024-07-29,cart_add
CUST03518,2025-07-24,site_visit
CUST03518,2024-10-31,cart_add
CUST03518,2025-04-02,site_visit
CUST03518,2024-11-07,site_visit
CUST03519,2025-03-24,email_open
CUST03520,2025-02-26,cart_add
CUST03521,2024-11-18,email_open
CUST03522,2024-12-25,email_open
CUST03522,2025-06-14,site_visit
CUST03523,2025-01-24,site_visit
CUST03524,2024-07-12,cart_add
CUST03525,2024-12-17,cart_add
CUST03526,2024-10-28,cart_add
CUST03527,2025-07-25,site_visit
CUST03527,2025-07-16,site_visit
CUST03527,2025-07-21,site_visit
CUST03527,2025-07-23,cart_abandon
CUST03527,2025-07-28,cart_abandon
CUST03527,2025-07-24,site_visit
CUST03527,2025-07-17,site_visit
CUST03527,2025-07-19,site_visit
CUST03527,2025-07-14,cart_abandon
CUST03527,2025-07-17,cart_abandon
CUST03528,2025-05-09,cart_add
CUST03528,2025-04-13,email_open
CUST03528,2025-05-03,site_visit
CUST03529,2025-07-25,site_visit
CUST03529,2025-07-22,email_open
CUST03529,2025-07-24,cart_add
CUST03529,2025-07-18,site_visit
CUST03529,2025-07-20,cart_abandon
CUST03530,2025-03-27,site_visit
CUST03531,2025-06-28,site_visit
CUST03532,2025-05-02,site_visit
CUST03532,2025-07-02,site_visit
CUST03532,2025-05-10,cart_abandon
CUST03533,2025-03-17,cart_add
CUST03534,2024-10-13,site_visit
CUST03535,2025-01-21,site_visit
CUST03536,2025-05-10,cart_abandon
CUST03537,2025-05-15,site_visit
CUST03538,2024-11-02,cart_add
CUST03539,2025-05-17,site_visit
CUST03539,2025-05-29,cart_add
CUST03540,2024-07-15,site_visit
CUST03541,2024-10-17,site_visit
CUST03542,2025-07-06,cart_abandon
CUST03542,2025-05-14,email_open
CUST03542,2025-05-05,email_open
CUST03542,2025-05-16,cart_add
CUST03542,2025-07-14,site_visit
CUST03542,2025-07-05,site_visit
CUST03543,2025-04-11,cart_abandon
CUST03544,2025-03-15,site_visit
CUST03544,2025-01-23,site_visit
CUST03545,2025-05-26,cart_add
CUST03545,2025-05-27,site_visit
CUST03546,2024-11-18,site_visit
CUST03547,2025-07-04,email_open
CUST03548,2025-01-23,site_visit
CUST03548,2024-12-05,cart_add
CUST03548,2025-01-06,site_visit
CUST03548,2025-07-05,cart_add
CUST03549,2024-10-10,site_visit
CUST03550,2025-04-22,cart_abandon
CUST03551,2025-07-02,review_submitted
CUST03551,2025-07-07,site_visit
CUST03552,2024-06-05,site_visit
CUST03553,2025-07-15,email_open
CUST03553,2025-01-22,cart_add
CUST03554,2025-06-02,cart_add
CUST03554,2025-04-08,site_visit
CUST03554,2025-01-18,cart_add
CUST03555,2025-01-15,cart_abandon
CUST03556,2025-02-04,cart_abandon
CUST03557,2025-01-30,site_visit
CUST03558,2025-01-03,cart_add
CUST03559,2025-05-15,cart_abandon
CUST03560,2025-06-15,email_open
CUST03560,2025-01-09,cart_abandon
CUST03560,2025-04-16,site_visit
CUST03560,2025-02-09,review_submitted
CUST03560,2024-11-09,cart_add
CUST03560,2025-06-26,site_visit
CUST03561,2025-03-09,cart_abandon
CUST03562,2025-05-19,cart_add
CUST03562,2025-05-27,cart_add
CUST03562,2025-06-01,review_submitted
CUST03562,2025-05-16,cart_abandon
CUST03562,2025-05-24,site_visit
CUST03562,2025-07-02,site_visit
CUST03563,2025-07-23,cart_abandon
CUST03564,2025-01-05,cart_abandon
CUST03565,2025-07-06,cart_add
CUST03565,2024-12-17,site_visit
CUST03565,2025-05-02,email_open
CUST03565,2025-03-25,email_open
CUST03565,2025-03-06,site_visit
CUST03565,2024-12-10,site_visit
CUST03565,2025-05-14,site_visit
CUST03565,2025-05-29,cart_add
CUST03566,2025-06-24,cart_abandon
CUST03566,2025-07-30,email_open
CUST03566,2025-06-03,cart_add
CUST03566,2025-06-15,site_visit
CUST03567,2025-07-01,cart_abandon
CUST03567,2025-06-05,site_visit
CUST03567,2025-06-07,site_visit
CUST03567,2024-12-12,site_visit
CUST03567,2025-04-19,site_visit
CUST03567,2025-05-29,cart_add
CUST03568,2025-01-24,cart_add
CUST03568,2025-05-14,site_visit
CUST03569,2025-06-11,cart_add
CUST03569,2025-05-18,site_visit
CUST03570,2025-07-15,site_visit
CUST03570,2025-07-02,cart_add
CUST03570,2025-06-22,cart_add
CUST03570,2025-06-25,cart_abandon
CUST03571,2025-01-20,email_open
CUST03572,2025-05-04,support_ticket
CUST03572,2025-05-11,site_visit
CUST03573,2025-05-09,cart_add
CUST03573,2025-07-13,cart_abandon
CUST03573,2025-06-25,cart_abandon
CUST03573,2025-06-05,site_visit
CUST03573,2025-07-19,support_ticket
CUST03574,2025-07-24,review_submitted
CUST03574,2025-07-31,cart_abandon
CUST03574,2025-07-31,site_visit
CUST03574,2025-07-31,cart_abandon
CUST03574,2025-07-28,email_open
CUST03574,2025-07-28,cart_add
CUST03574,2025-07-29,cart_abandon
CUST03574,2025-07-24,site_visit
CUST03575,2025-06-13,email_open
CUST03575,2025-07-29,cart_add
CUST03575,2025-07-27,cart_add
CUST03575,2025-06-22,email_open
CUST03575,2025-07-08,site_visit
CUST03576,2024-12-08,cart_abandon
CUST03577,2025-05-13,site_visit
CUST03578,2025-07-30,site_visit
CUST03578,2025-06-19,site_visit
CUST03579,2025-07-07,cart_add
CUST03579,2025-03-05,cart_add
CUST03579,2025-06-30,email_open
CUST03580,2025-01-02,cart_add
CUST03580,2025-07-27,cart_add
CUST03581,2025-06-05,site_visit
CUST03581,2025-04-12,site_visit
CUST03582,2025-06-21,cart_add
CUST03582,2025-05-30,email_open
CUST03582,2025-07-10,cart_abandon
CUST03583,2024-11-09,site_visit
CUST03584,2025-05-25,site_visit
CUST03584,2025-07-30,cart_add
CUST03584,2025-07-20,cart_abandon
CUST03584,2025-06-04,site_visit
CUST03584,2025-07-10,cart_abandon
CUST03584,2025-07-22,cart_abandon
CUST03584,2025-05-19,cart_add
CUST03584,2025-05-22,site_visit
CUST03584,2025-05-18,cart_add
CUST03584,2025-06-30,site_visit
CUST03584,2025-07-15,email_open
CUST03584,2025-06-20,site_visit
CUST03585,2025-05-30,site_visit
CUST03586,2024-09-03,cart_abandon
CUST03587,2025-06-10,site_visit
CUST03587,2025-03-19,site_visit
CUST03588,2025-05-14,email_open
CUST03588,2025-04-19,support_ticket
CUST03588,2025-07-11,cart_add
CUST03588,2025-07-28,site_visit
CUST03589,2024-12-20,site_visit
CUST03590,2025-06-23,cart_add
CUST03591,2025-07-27,site_visit
CUST03591,2025-07-25,site_visit
CUST03591,2025-07-31,cart_add
CUST03591,2025-07-15,site_visit
CUST03591,2025-07-22,site_visit
CUST03591,2025-07-30,site_visit
CUST03591,2025-07-08,site_visit
CUST03591,2025-07-12,site_visit
CUST03592,2025-06-17,cart_add
CUST03593,2025-03-06,site_visit
CUST03593,2024-12-20,cart_add
CUST03593,2025-06-29,cart_add
CUST03594,2025-06-05,site_visit
CUST03595,2024-11-28,cart_abandon
CUST03595,2025-04-19,email_open
CUST03596,2025-01-18,cart_abandon
CUST03597,2025-05-16,cart_add
CUST03598,2025-04-06,cart_add
CUST03599,2025-05-01,site_visit
CUST03600,2025-03-17,site_visit
CUST03601,2025-04-28,site_visit
CUST03602,2025-01-02,review_submitted
CUST03602,2025-01-03,site_visit
CUST03602,2024-12-17,cart_abandon
CUST03602,2025-05-26,cart_add
CUST03602,2025-02-03,site_visit
CUST03602,2025-05-11,site_visit
CUST03603,2025-05-10,cart_abandon
CUST03604,2025-07-18,email_open
CUST03604,2025-02-21,site_visit
CUST03604,2025-02-07,cart_abandon
CUST03604,2024-10-30,site_visit
CUST03605,2025-07-29,cart_add
CUST03606,2024-10-06,review_submitted
CUST03606,2025-06-07,review_submitted
CUST03607,2025-07-08,email_open
CUST03607,2025-06-20,email_open
CUST03607,2025-05-21,email_open
CUST03607,2025-06-29,email_open
CUST03607,2025-06-13,site_visit
CUST03607,2025-06-22,cart_abandon
CUST03608,2024-09-20,site_visit
CUST03609,2025-06-22,site_visit
CUST03609,2025-07-22,site_visit
CUST03609,2025-07-28,site_visit
CUST03609,2025-07-24,cart_add
CUST03610,2025-07-23,review_submitted
CUST03610,2025-07-27,site_visit
CUST03610,2025-07-13,site_visit
CUST03610,2025-07-12,site_visit
CUST03610,2025-07-26,email_open
CUST03610,2025-07-17,email_open
CUST03611,2025-02-03,site_visit
CUST03611,2025-01-06,site_visit
CUST03612,2025-07-23,cart_add
CUST03613,2025-05-31,email_open
CUST03614,2025-04-08,cart_add
CUST03614,2025-06-10,support_ticket
CUST03614,2025-06-05,email_open
CUST03614,2025-04-14,site_visit
CUST03614,2025-05-12,site_visit
CUST03615,2025-07-27,review_submitted
CUST03616,2025-06-24,cart_abandon
CUST03617,2025-07-17,cart_add
CUST03617,2025-06-10,cart_add
CUST03618,2025-06-03,email_open
CUST03618,2025-06-19,site_visit
CUST03618,2025-06-16,review_submitted
CUST03618,2025-06-15,cart_add
CUST03618,2025-07-15,cart_abandon
CUST03619,2025-07-05,site_visit
CUST03619,2025-06-09,cart_abandon
CUST03619,2025-06-14,email_open
CUST03619,2025-04-07,site_visit
CUST03619,2025-05-16,site_visit
CUST03620,2024-12-07,cart_abandon
CUST03621,2025-05-04,site_visit
CUST03621,2025-05-23,site_visit
CUST03621,2025-05-03,site_visit
CUST03622,2025-01-01,site_visit
CUST03623,2025-03-27,site_visit
CUST03624,2025-06-24,cart_add
CUST03624,2025-05-29,cart_abandon
CUST03624,2025-05-27,cart_add
CUST03624,2025-07-18,cart_add
CUST03624,2025-06-21,cart_add
CUST03624,2025-06-27,cart_add
CUST03624,2025-06-27,site_visit
CUST03624,2025-06-05,site_visit
CUST03625,2024-10-28,cart_add
CUST03626,2025-02-28,cart_abandon
CUST03627,2025-05-24,site_visit
CUST03628,2025-07-31,review_submitted
CUST03628,2025-06-25,site_visit
CUST03628,2025-07-28,email_open
CUST03628,2025-06-02,site_visit
CUST03628,2025-07-24,email_open
CUST03628,2025-07-15,site_visit
CUST03628,2025-07-03,cart_add
CUST03629,2025-07-02,site_visit
CUST03629,2025-06-18,cart_abandon
CUST03629,2025-06-12,site_visit
CUST03629,2025-05-16,review_submitted
CUST03630,2025-07-21,email_open
CUST03631,2025-06-28,site_visit
CUST03631,2025-07-18,cart_abandon
CUST03632,2024-11-01,site_visit
CUST03633,2025-04-17,cart_add
CUST03633,2025-04-23,site_visit
CUST03633,2024-11-24,site_visit
CUST03633,2025-03-28,cart_add
CUST03633,2025-01-17,cart_abandon
CUST03634,2025-05-09,site_visit
CUST03635,2024-10-12,site_visit
CUST03636,2025-03-14,site_visit
CUST03637,2025-06-27,cart_add
CUST03637,2025-07-11,site_visit
CUST03637,2025-06-27,site_visit
CUST03638,2025-01-29,site_visit
CUST03639,2025-05-11,cart_abandon
CUST03640,2025-01-30,site_visit
CUST03641,2024-08-06,support_ticket
CUST03642,2025-07-26,cart_abandon
CUST03642,2025-07-06,site_visit
CUST03642,2025-06-26,review_submitted
CUST03643,2024-11-04,site_visit
CUST03643,2025-07-06,site_visit
CUST03644,2024-12-26,cart_abandon
CUST03644,2025-07-04,cart_add
CUST03645,2025-07-18,site_visit
CUST03645,2025-05-09,site_visit
CUST03645,2025-05-12,site_visit
CUST03645,2025-05-08,cart_abandon
CUST03645,2025-07-24,site_visit
CUST03645,2025-07-05,site_visit
CUST03646,2025-05-18,cart_abandon
CUST03647,2025-07-07,site_visit
CUST03647,2024-12-21,email_open
CUST03648,2025-01-01,email_open
CUST03649,2025-07-18,site_visit
CUST03649,2025-06-21,site_visit
CUST03650,2025-07-31,site_visit
CUST03650,2025-07-30,cart_add
CUST03650,2025-07-30,review_submitted
CUST03650,2025-07-30,site_visit
CUST03650,2025-07-30,site_visit
CUST03650,2025-07-30,site_visit
CUST03650,2025-07-31,site_visit
CUST03651,2025-07-11,cart_add
CUST03651,2025-05-09,email_open
CUST03651,2025-07-29,cart_abandon
CUST03651,2025-06-15,cart_add
CUST03651,2025-06-08,email_open
CUST03651,2025-07-01,site_visit
CUST03652,2025-05-27,site_visit
CUST03653,2025-04-26,site_visit
CUST03653,2025-07-20,site_visit
CUST03653,2025-07-27,site_visit
CUST03653,2025-07-06,cart_add
CUST03654,2024-06-11,cart_add
CUST03655,2025-01-22,site_visit
CUST03656,2025-01-26,cart_add
CUST03657,2025-04-25,site_visit
CUST03658,2025-02-27,site_visit
CUST03659,2025-06-19,cart_add
CUST03659,2025-04-06,email_open
CUST03659,2025-07-02,site_visit
CUST03660,2025-06-19,review_submitted
CUST03660,2025-06-27,site_visit
CUST03660,2025-07-31,cart_add
CUST03660,2025-06-26,site_visit
CUST03660,2025-07-27,cart_add
CUST03660,2025-06-29,email_open
CUST03661,2025-02-01,email_open
CUST03662,2025-07-31,review_submitted
CUST03662,2024-12-23,site_visit
CUST03662,2025-04-16,site_visit
CUST03663,2025-06-25,site_visit
CUST03664,2024-06-13,site_visit
CUST03665,2025-04-18,email_open
CUST03666,2024-11-17,site_visit
CUST03667,2025-06-02,cart_add
CUST03667,2025-05-26,site_visit
CUST03667,2025-07-10,cart_add
CUST03667,2025-05-15,site_visit
CUST03667,2025-07-05,site_visit
CUST03667,2025-05-19,site_visit
CUST03667,2025-06-29,site_visit
CUST03668,2024-06-26,site_visit
CUST03669,2025-01-06,email_open
CUST03670,2025-06-15,site_visit
CUST03671,2025-03-04,site_visit
CUST03672,2024-12-31,site_visit
CUST03673,2025-06-06,site_visit
CUST03673,2025-03-21,site_visit
CUST03673,2025-07-29,site_visit
CUST03673,2025-04-22,site_visit
CUST03673,2025-05-15,email_open
CUST03674,2024-06-22,site_visit
CUST03675,2025-07-02,cart_abandon
CUST03675,2025-05-06,cart_add
CUST03676,2025-02-14,email_open
CUST03677,2025-07-05,cart_add
CUST03678,2025-05-31,site_visit
CUST03679,2025-07-05,cart_add
CUST03679,2025-06-16,cart_add
CUST03679,2025-06-22,site_visit
CUST03680,2025-02-24,site_visit
CUST03681,2025-07-19,support_ticket
CUST03681,2025-04-01,site_visit
CUST03682,2024-07-22,cart_add
CUST03683,2025-05-02,cart_add
CUST03683,2025-05-17,cart_add
CUST03683,2025-04-30,cart_add
CUST03684,2025-02-05,site_visit
CUST03685,2025-06-10,cart_abandon
CUST03685,2025-05-30,site_visit
CUST03686,2025-01-27,site_visit
CUST03686,2024-12-04,site_visit
CUST03687,2025-07-20,site_visit
CUST03687,2025-07-05,review_submitted
CUST03687,2025-07-11,email_open
CUST03687,2025-06-21,support_ticket
CUST03688,2024-12-25,email_open
CUST03689,2024-10-23,cart_add
CUST03689,2024-11-28,review_submitted
CUST03689,2024-07-05,site_visit
CUST03689,2024-07-24,email_open
CUST03689,2024-11-03,site_visit
CUST03689,2025-01-10,cart_add
CUST03690,2025-07-13,cart_add
CUST03691,2025-06-14,site_visit
CUST03691,2025-05-07,email_open
CUST03692,2025-04-03,site_visit
CUST03693,2025-07-24,site_visit
CUST03693,2025-05-15,site_visit
CUST03693,2025-04-07,site_visit
CUST03694,2025-04-16,site_visit
CUST03695,2025-04-16,cart_abandon
CUST03696,2024-04-01,support_ticket
CUST03697,2025-07-28,cart_add
CUST03697,2025-07-24,site_visit
CUST03697,2025-07-20,cart_add
CUST03697,2025-07-15,cart_add
CUST03697,2025-07-13,cart_add
CUST03697,2025-07-16,email_open
CUST03697,2025-07-13,cart_abandon
CUST03697,2025-07-07,site_visit
CUST03697,2025-07-07,cart_abandon
CUST03698,2025-04-07,cart_abandon
CUST03698,2025-04-16,site_visit
CUST03698,2025-07-19,site_visit
CUST03699,2025-07-20,email_open
CUST03699,2025-06-25,cart_add
CUST03699,2025-07-19,cart_add
CUST03699,2025-07-01,site_visit
CUST03699,2025-06-28,cart_add
CUST03700,2025-03-27,site_visit
CUST03701,2025-06-05,site_visit
CUST03701,2025-02-11,site_visit
CUST03702,2025-02-13,email_open
CUST03702,2025-03-27,support_ticket
CUST03703,2025-04-20,cart_add
CUST03704,2025-07-18,cart_abandon
CUST03704,2025-05-28,cart_add
CUST03704,2025-06-25,cart_add
CUST03704,2025-05-29,cart_add
CUST03704,2025-06-01,site_visit
CUST03705,2025-07-05,cart_add
CUST03705,2025-07-10,site_visit
CUST03705,2025-07-27,site_visit
CUST03705,2025-07-21,site_visit
CUST03705,2025-07-11,cart_add
CUST03706,2025-06-12,cart_abandon
CUST03706,2025-06-19,cart_add
CUST03706,2025-07-17,cart_abandon
CUST03706,2025-07-08,cart_add
CUST03706,2025-07-12,email_open
CUST03706,2025-07-15,site_visit
CUST03706,2025-07-25,email_open
CUST03706,2025-07-03,cart_abandon
CUST03706,2025-07-25,email_open
CUST03706,2025-07-21,email_open
CUST03707,2025-03-28,cart_add
CUST03707,2025-05-29,email_open
CUST03707,2025-04-07,site_visit
CUST03708,2025-06-30,site_visit
CUST03709,2025-03-01,cart_add
CUST03709,2024-12-19,cart_add
CUST03710,2025-07-14,cart_add
CUST03710,2025-07-26,site_visit
CUST03710,2025-07-14,email_open
CUST03710,2025-07-09,cart_abandon
CUST03710,2025-07-25,site_visit
CUST03710,2025-07-16,cart_add
CUST03710,2025-07-12,cart_add
CUST03711,2025-02-24,cart_add
CUST03712,2025-04-21,cart_abandon
CUST03712,2025-03-18,site_visit
CUST03712,2025-04-26,cart_abandon
CUST03712,2025-06-27,site_visit
CUST03713,2025-03-13,cart_add
CUST03713,2025-06-21,site_visit
CUST03713,2025-04-27,email_open
CUST03713,2025-07-04,cart_abandon
CUST03714,2025-07-11,cart_add
CUST03714,2025-06-04,cart_abandon
CUST03714,2025-07-13,cart_abandon
CUST03715,2025-07-26,cart_add
CUST03715,2025-07-25,cart_add
CUST03715,2025-07-25,cart_add
CUST03715,2025-07-28,site_visit
CUST03715,2025-07-26,cart_add
CUST03715,2025-07-27,site_visit
CUST03715,2025-07-25,site_visit
CUST03715,2025-07-31,cart_abandon
CUST03715,2025-07-29,cart_abandon
CUST03715,2025-07-31,site_visit
CUST03716,2025-04-02,site_visit
CUST03716,2024-11-11,cart_add
CUST03716,2025-07-01,email_open
CUST03716,2025-03-16,site_visit
CUST03717,2024-09-08,cart_add
CUST03718,2024-10-08,site_visit
CUST03719,2025-07-19,site_visit
CUST03720,2025-07-25,cart_abandon
CUST03721,2024-11-22,site_visit
CUST03721,2024-09-05,site_visit
CUST03721,2025-02-24,review_submitted
CUST03722,2025-06-05,site_visit
CUST03722,2025-05-15,site_visit
CUST03722,2025-05-21,cart_abandon
CUST03722,2025-07-29,cart_add
CUST03723,2025-07-08,site_visit
CUST03723,2025-06-29,cart_abandon
CUST03723,2025-06-27,email_open
CUST03723,2025-07-08,site_visit
CUST03723,2025-07-18,site_visit
CUST03723,2025-07-08,site_visit
CUST03723,2025-07-23,cart_add
CUST03723,2025-06-28,email_open
CUST03724,2024-09-17,cart_add
CUST03725,2025-01-04,cart_abandon
CUST03726,2025-07-15,site_visit
CUST03726,2025-06-24,cart_add
CUST03726,2025-07-08,site_visit
CUST03726,2025-06-27,review_submitted
CUST03726,2025-07-09,site_visit
CUST03726,2025-06-29,cart_add
CUST03727,2024-06-21,site_visit
CUST03727,2025-07-05,cart_add
CUST03728,2025-03-14,review_submitted
CUST03729,2024-06-05,email_open
CUST03730,2025-04-15,cart_abandon
CUST03730,2025-04-16,review_submitted
CUST03731,2025-01-03,cart_add
CUST03732,2025-07-16,email_open
CUST03732,2025-07-12,cart_add
CUST03732,2025-07-15,cart_add
CUST03732,2025-07-20,site_visit
CUST03732,2025-07-31,cart_add
CUST03732,2025-07-29,site_visit
CUST03732,2025-07-24,cart_add
CUST03733,2025-03-11,cart_add
CUST03733,2025-02-07,email_open
CUST03734,2025-06-07,cart_abandon
CUST03734,2025-06-16,site_visit
CUST03734,2025-02-18,site_visit
CUST03734,2025-01-10,site_visit
CUST03734,2024-12-17,cart_abandon
CUST03735,2025-02-25,site_visit
CUST03736,2024-12-12,email_open
CUST03736,2025-04-15,site_visit
CUST03737,2025-07-22,cart_abandon
CUST03737,2025-04-06,site_visit
CUST03738,2025-07-15,review_submitted
CUST03738,2025-05-02,site_visit
CUST03738,2025-04-11,site_visit
CUST03738,2025-05-19,site_visit
CUST03739,2025-04-23,site_visit
CUST03739,2025-07-12,site_visit
CUST03739,2025-06-26,site_visit
CUST03739,2025-03-25,review_submitted
CUST03740,2024-12-08,site_visit
CUST03740,2025-04-18,site_visit
CUST03741,2025-07-07,cart_add
CUST03741,2025-06-21,site_visit
CUST03741,2025-07-02,site_visit
CUST03742,2025-07-06,cart_abandon
CUST03742,2025-06-15,cart_add
CUST03742,2025-05-22,site_visit
CUST03743,2025-07-01,cart_add
CUST03743,2025-04-06,review_submitted
CUST03743,2025-03-30,site_visit
CUST03744,2024-05-31,cart_abandon
CUST03745,2024-04-03,site_visit
CUST03745,2025-02-27,site_visit
CUST03745,2024-12-02,site_visit
CUST03746,2025-02-02,site_visit
CUST03747,2025-03-08,review_submitted
CUST03747,2025-06-17,cart_add
CUST03747,2025-03-31,site_visit
CUST03748,2025-04-29,cart_add
CUST03749,2025-01-24,site_visit
CUST03750,2025-06-26,cart_abandon
CUST03750,2025-07-07,site_visit
CUST03750,2025-06-21,cart_abandon
CUST03750,2025-06-19,site_visit
CUST03750,2025-06-28,email_open
CUST03751,2025-07-23,site_visit
CUST03751,2025-07-16,support_ticket
CUST03751,2025-06-17,site_visit
CUST03751,2025-06-09,site_visit
CUST03751,2025-06-17,site_visit
CUST03752,2025-07-21,cart_add
CUST03752,2025-06-23,site_visit
CUST03752,2025-07-22,site_visit
CUST03753,2024-08-12,cart_add
CUST03754,2025-03-10,site_visit
CUST03754,2025-02-08,site_visit
CUST03754,2025-02-08,site_visit
CUST03754,2025-05-16,cart_add
CUST03755,2024-07-06,cart_abandon
CUST03756,2025-07-09,cart_add
CUST03756,2024-08-17,site_visit
CUST03757,2025-05-05,cart_add
CUST03758,2024-12-24,cart_add
CUST03759,2024-12-18,site_visit
CUST03759,2025-06-02,site_visit
CUST03760,2025-06-14,cart_abandon
CUST03760,2025-06-05,site_visit
CUST03760,2025-06-28,site_visit
CUST03760,2025-05-05,site_visit
CUST03761,2025-05-13,cart_abandon
CUST03762,2025-06-15,site_visit
CUST03762,2025-07-03,review_submitted
CUST03762,2025-06-11,review_submitted
CUST03762,2025-04-22,site_visit
CUST03763,2025-01-21,cart_abandon
CUST03764,2025-02-24,cart_add
CUST03765,2025-04-16,cart_abandon
CUST03766,2024-07-30,site_visit
CUST03767,2025-04-15,site_visit
CUST03767,2025-04-22,site_visit
CUST03767,2025-05-03,cart_add
CUST03768,2024-11-27,email_open
CUST03769,2024-12-31,review_submitted
CUST03770,2025-02-15,cart_add
CUST03771,2025-01-13,site_visit
CUST03771,2025-07-24,cart_abandon
CUST03771,2025-01-17,site_visit
CUST03772,2025-06-16,cart_abandon
CUST03772,2025-06-21,site_visit
CUST03772,2025-06-26,cart_abandon
CUST03772,2025-07-25,site_visit
CUST03772,2025-07-23,cart_abandon
CUST03772,2025-07-28,cart_abandon
CUST03772,2025-06-27,site_visit
CUST03773,2024-12-25,site_visit
CUST03774,2025-03-01,cart_add
CUST03775,2025-04-20,site_visit
CUST03776,2025-07-24,site_visit
CUST03776,2025-07-18,cart_add
CUST03776,2025-06-30,review_submitted
CUST03776,2025-07-15,cart_add
CUST03776,2025-07-02,cart_add
CUST03776,2025-06-21,support_ticket
CUST03776,2025-07-23,site_visit
CUST03776,2025-07-14,review_submitted
CUST03777,2025-07-23,site_visit
CUST03777,2025-07-23,cart_abandon
CUST03778,2025-03-19,site_visit
CUST03778,2024-12-11,review_submitted
CUST03778,2024-12-12,cart_add
CUST03778,2025-01-27,email_open
CUST03778,2024-12-21,cart_abandon
CUST03778,2025-04-01,site_visit
CUST03779,2025-06-30,site_visit
CUST03780,2025-07-07,site_visit
CUST03780,2025-07-09,email_open
CUST03780,2025-07-13,cart_add
CUST03780,2025-07-10,site_visit
CUST03780,2025-07-23,cart_abandon
CUST03781,2025-07-06,site_visit
CUST03781,2025-03-02,cart_add
CUST03782,2025-01-06,site_visit
CUST03783,2025-04-08,site_visit
CUST03784,2025-06-11,cart_abandon
CUST03784,2025-06-01,site_visit
CUST03785,2025-06-19,support_ticket
CUST03785,2025-07-21,email_open
CUST03786,2024-10-06,site_visit
CUST03787,2025-04-06,site_visit
CUST03788,2024-11-13,cart_add
CUST03789,2024-07-05,cart_add
CUST03790,2025-07-27,site_visit
CUST03790,2025-07-25,cart_add
CUST03790,2025-07-28,site_visit
CUST03791,2025-04-13,site_visit
CUST03792,2024-07-18,site_visit
CUST03793,2025-05-29,site_visit
CUST03794,2025-04-22,email_open
CUST03794,2025-05-22,site_visit
CUST03794,2025-04-17,site_visit
CUST03795,2025-01-09,cart_add
CUST03796,2025-07-18,site_visit
CUST03796,2025-05-20,review_submitted
CUST03796,2025-07-04,site_visit
CUST03796,2025-03-31,cart_add
CUST03796,2025-04-28,site_visit
CUST03796,2025-01-20,site_visit
CUST03796,2025-05-29,site_visit
CUST03797,2025-05-01,site_visit
CUST03797,2024-12-04,site_visit
CUST03798,2024-09-12,site_visit
CUST03799,2025-06-01,email_open
CUST03800,2025-01-29,site_visit
CUST03800,2025-01-23,cart_add
CUST03801,2025-06-25,email_open
CUST03802,2025-07-08,email_open
CUST03802,2025-07-06,email_open
CUST03802,2025-06-28,review_submitted
CUST03802,2025-06-25,review_submitted
CUST03802,2025-07-11,cart_add
CUST03802,2025-07-20,review_submitted
CUST03802,2025-07-11,review_submitted
CUST03803,2025-07-06,cart_abandon
CUST03803,2025-06-14,cart_add
CUST03803,2025-06-28,cart_abandon
CUST03803,2025-06-18,email_open
CUST03804,2025-07-23,site_visit
CUST03804,2025-07-31,cart_add
CUST03804,2025-07-29,cart_add
CUST03804,2025-07-22,site_visit
CUST03804,2025-07-23,site_visit
CUST03804,2025-07-21,site_visit
CUST03805,2024-11-14,cart_add
CUST03806,2025-07-14,site_visit
CUST03806,2025-07-17,cart_abandon
CUST03806,2025-07-23,email_open
CUST03806,2025-07-15,email_open
CUST03806,2025-07-24,cart_add
CUST03806,2025-07-27,cart_add
CUST03806,2025-07-14,site_visit
CUST03807,2025-06-29,site_visit
CUST03808,2025-01-12,site_visit
CUST03809,2024-06-28,cart_abandon
CUST03810,2024-03-23,cart_add
CUST03811,2025-02-04,email_open
CUST03811,2025-03-06,site_visit
CUST03812,2025-01-28,site_visit
CUST03813,2024-12-19,cart_add
CUST03814,2025-02-09,site_visit
CUST03814,2025-06-24,review_submitted
CUST03815,2025-02-08,cart_add
CUST03816,2025-01-26,site_visit
CUST03817,2025-01-17,cart_abandon
CUST03818,2025-07-08,site_visit
CUST03818,2025-05-28,cart_add
CUST03818,2025-06-05,review_submitted
CUST03819,2025-06-12,site_visit
CUST03819,2025-06-09,email_open
CUST03819,2025-06-06,cart_add
CUST03819,2025-07-14,review_submitted
CUST03820,2025-01-22,email_open
CUST03821,2025-03-24,email_open
CUST03822,2025-07-09,site_visit
CUST03823,2025-05-21,email_open
CUST03823,2025-06-16,cart_abandon
CUST03824,2024-12-20,site_visit
CUST03825,2024-10-17,site_visit
CUST03826,2024-11-26,site_visit
CUST03827,2025-03-29,review_submitted
CUST03828,2024-12-02,cart_abandon
CUST03828,2025-05-12,email_open
CUST03828,2025-02-12,site_visit
CUST03829,2025-07-25,cart_add
CUST03829,2025-07-04,email_open
CUST03829,2025-06-26,site_visit
CUST03829,2025-06-23,site_visit
CUST03830,2025-03-04,cart_add
CUST03831,2025-07-28,site_visit
CUST03832,2025-04-21,cart_add
CUST03832,2025-05-13,site_visit
CUST03832,2025-06-13,cart_add
CUST03833,2025-06-10,site_visit
CUST03833,2025-07-26,cart_add
CUST03834,2025-01-20,site_visit
CUST03835,2025-05-03,email_open
CUST03836,2025-07-13,email_open
CUST03837,2025-06-28,cart_abandon
CUST03837,2025-07-29,site_visit
CUST03837,2025-07-12,cart_add
CUST03837,2025-07-06,site_visit
CUST03838,2024-10-27,support_ticket
CUST03839,2025-07-22,cart_abandon
CUST03839,2025-07-23,cart_add
CUST03839,2025-07-22,site_visit
CUST03839,2025-07-16,site_visit
CUST03840,2025-07-27,cart_add
CUST03840,2025-03-24,support_ticket
CUST03841,2025-05-06,cart_abandon
CUST03841,2025-06-14,email_open
CUST03842,2024-07-10,email_open
CUST03843,2025-07-08,review_submitted
CUST03844,2024-12-13,review_submitted
CUST03844,2025-05-25,site_visit
CUST03845,2025-03-27,site_visit
CUST03846,2025-06-19,site_visit
CUST03846,2025-07-29,site_visit
CUST03847,2025-07-28,cart_abandon
CUST03847,2025-07-15,site_visit
CUST03847,2025-07-28,site_visit
CUST03847,2025-07-23,site_visit
CUST03847,2025-07-19,email_open
CUST03847,2025-07-16,cart_abandon
CUST03847,2025-07-13,cart_add
CUST03848,2025-05-03,review_submitted
CUST03848,2024-12-02,site_visit
CUST03849,2025-06-25,site_visit
CUST03849,2025-03-29,site_visit
CUST03850,2024-04-04,email_open
CUST03851,2024-12-02,cart_abandon
CUST03851,2025-01-01,site_visit
CUST03852,2025-02-03,site_visit
CUST03853,2025-05-03,site_visit
CUST03854,2025-07-05,site_visit
CUST03854,2025-07-29,site_visit
CUST03854,2025-07-08,site_visit
CUST03854,2025-07-16,site_visit
CUST03854,2025-07-10,site_visit
CUST03854,2025-07-18,site_visit
CUST03854,2025-07-19,cart_add
CUST03855,2025-04-14,cart_abandon
CUST03855,2025-01-21,cart_add
CUST03856,2024-05-26,cart_abandon
CUST03857,2024-10-08,cart_abandon
CUST03857,2025-06-01,site_visit
CUST03858,2025-02-14,cart_add
CUST03859,2025-01-19,site_visit
CUST03859,2024-09-30,site_visit
CUST03860,2025-07-30,review_submitted
CUST03860,2025-06-30,site_visit
CUST03860,2025-07-17,cart_abandon
CUST03860,2025-07-14,cart_abandon
CUST03861,2025-06-29,cart_abandon
CUST03861,2025-05-30,review_submitted
CUST03862,2025-03-09,site_visit
CUST03863,2025-02-16,cart_abandon
CUST03864,2025-07-18,cart_add
CUST03865,2025-06-13,site_visit
CUST03866,2025-05-07,site_visit
CUST03867,2025-05-14,site_visit
CUST03867,2024-10-27,support_ticket
CUST03867,2025-05-15,site_visit
CUST03867,2025-07-29,site_visit
CUST03867,2025-01-04,site_visit
CUST03867,2025-04-12,cart_add
CUST03867,2025-02-24,site_visit
CUST03867,2025-02-22,site_visit
CUST03868,2025-01-28,cart_add
CUST03868,2025-05-14,cart_add
CUST03868,2025-05-01,site_visit
CUST03868,2025-03-24,site_visit
CUST03868,2025-01-25,email_open
CUST03868,2025-07-06,site_visit
CUST03869,2025-06-09,site_visit
CUST03869,2025-05-01,cart_add
CUST03870,2024-04-30,cart_abandon
CUST03871,2025-07-02,site_visit
CUST03871,2024-12-06,site_visit
CUST03872,2025-02-20,cart_add
CUST03872,2024-06-21,site_visit
CUST03872,2025-05-01,site_visit
CUST03873,2025-03-17,site_visit
CUST03874,2025-06-07,email_open
CUST03874,2025-06-11,site_visit
CUST03874,2025-05-20,cart_add
CUST03874,2025-05-15,cart_add
CUST03875,2025-02-25,cart_abandon
CUST03876,2025-01-11,cart_add
CUST03877,2024-08-29,email_open
CUST03878,2025-05-31,email_open
CUST03878,2025-06-19,email_open
CUST03878,2025-06-08,cart_abandon
CUST03878,2025-07-17,email_open
CUST03878,2025-05-31,site_visit
CUST03878,2025-07-05,site_visit
CUST03878,2025-07-11,email_open
CUST03879,2025-07-08,cart_add
CUST03879,2025-04-07,review_submitted
CUST03880,2024-07-05,email_open
CUST03881,2024-12-19,site_visit
CUST03882,2025-06-05,site_visit
CUST03882,2025-06-30,site_visit
CUST03882,2025-07-25,review_submitted
CUST03882,2025-05-02,cart_add
CUST03883,2025-07-24,email_open
CUST03883,2025-07-25,site_visit
CUST03883,2025-07-29,cart_abandon
CUST03883,2025-07-18,cart_add
CUST03883,2025-07-16,site_visit
CUST03884,2024-07-30,site_visit
CUST03885,2025-07-12,cart_add
CUST03885,2025-06-23,site_visit
CUST03885,2025-06-10,site_visit
CUST03885,2025-07-29,email_open
CUST03885,2025-07-08,cart_abandon
CUST03886,2025-07-17,site_visit
CUST03886,2025-07-15,site_visit
CUST03886,2025-06-23,site_visit
CUST03886,2025-06-26,site_visit
CUST03886,2025-06-28,support_ticket
CUST03886,2025-07-09,review_submitted
CUST03886,2025-07-25,email_open
CUST03887,2025-06-15,site_visit
CUST03887,2025-07-17,cart_abandon
CUST03887,2025-07-30,site_visit
CUST03887,2025-07-08,support_ticket
CUST03888,2025-07-16,site_visit
CUST03888,2025-05-04,site_visit
CUST03888,2025-01-02,site_visit
CUST03889,2025-05-24,cart_add
CUST03890,2025-01-18,cart_add
CUST03890,2024-11-14,site_visit
CUST03891,2025-05-11,site_visit
CUST03891,2025-07-04,site_visit
CUST03891,2025-05-02,site_visit
CUST03891,2025-03-31,site_visit
CUST03892,2025-07-24,site_visit
CUST03892,2024-12-28,site_visit
CUST03893,2025-04-22,cart_abandon
CUST03894,2025-05-30,cart_add
CUST03895,2025-05-21,cart_add
CUST03895,2025-05-18,site_visit
CUST03895,2025-03-04,email_open
CUST03896,2025-05-12,site_visit
CUST03896,2025-06-11,site_visit
CUST03896,2025-07-15,cart_add
CUST03896,2025-07-28,review_submitted
CUST03896,2025-07-16,site_visit
CUST03897,2025-04-01,email_open
CUST03898,2025-07-02,site_visit
CUST03898,2025-06-02,site_visit
CUST03898,2025-07-14,site_visit
CUST03898,2025-07-08,cart_add
CUST03898,2025-06-12,site_visit
CUST03898,2025-07-15,site_visit
CUST03898,2025-07-24,site_visit
CUST03899,2025-01-11,cart_abandon
CUST03899,2025-03-24,cart_abandon
CUST03900,2025-07-16,cart_abandon
CUST03900,2025-07-27,site_visit
CUST03900,2025-05-27,site_visit
CUST03900,2025-07-18,site_visit
CUST03900,2025-07-24,site_visit
CUST03900,2025-06-17,cart_add
CUST03900,2025-06-09,site_visit
CUST03900,2025-05-07,email_open
CUST03900,2025-06-30,email_open
CUST03900,2025-06-12,site_visit
CUST03900,2025-05-11,email_open
CUST03900,2025-07-16,review_submitted
CUST03900,2025-06-23,cart_add
CUST03900,2025-06-26,site_visit
CUST03900,2025-05-14,cart_abandon
CUST03900,2025-06-28,email_open
CUST03901,2025-03-05,cart_abandon
CUST03902,2025-05-23,site_visit
CUST03902,2025-07-14,site_visit
CUST03903,2025-06-14,cart_add
CUST03903,2025-06-22,cart_abandon
CUST03903,2025-07-27,site_visit
CUST03903,2025-07-11,cart_add
CUST03903,2025-06-29,cart_add
CUST03903,2025-07-14,site_visit
CUST03904,2024-09-07,email_open
CUST03905,2025-07-25,site_visit
CUST03906,2025-07-11,email_open
CUST03906,2025-06-20,site_visit
CUST03907,2025-02-27,site_visit
CUST03907,2025-01-07,site_visit
CUST03908,2025-04-20,site_visit
CUST03909,2025-05-18,cart_add
CUST03910,2025-04-28,site_visit
CUST03911,2024-05-18,cart_add
CUST03912,2025-02-18,site_visit
CUST03913,2024-04-25,cart_abandon
CUST03914,2025-07-31,site_visit
CUST03914,2025-07-17,review_submitted
CUST03914,2025-07-19,cart_add
CUST03914,2025-07-31,site_visit
CUST03914,2025-07-31,cart_add
CUST03914,2025-07-25,cart_abandon
CUST03914,2025-07-20,site_visit
CUST03914,2025-07-26,site_visit
CUST03914,2025-07-26,site_visit
CUST03914,2025-07-29,cart_add
CUST03915,2025-07-11,cart_add
CUST03915,2025-07-14,cart_abandon
CUST03915,2025-07-17,site_visit
CUST03916,2025-07-30,site_visit
CUST03917,2025-03-24,email_open
CUST03917,2025-02-26,cart_abandon
CUST03917,2025-06-29,cart_add
CUST03917,2025-07-19,cart_add
CUST03917,2025-04-14,site_visit
CUST03917,2025-05-04,site_visit
CUST03918,2024-10-06,cart_abandon
CUST03919,2025-04-03,site_visit
CUST03919,2025-07-31,cart_add
CUST03920,2025-07-09,cart_add
CUST03920,2025-04-24,cart_add
CUST03920,2025-05-18,email_open
CUST03920,2025-04-14,site_visit
CUST03921,2025-07-27,review_submitted
CUST03921,2025-07-10,site_visit
CUST03921,2025-07-10,cart_abandon
CUST03921,2025-07-04,review_submitted
CUST03921,2025-07-19,site_visit
CUST03921,2025-07-01,site_visit
CUST03921,2025-07-28,site_visit
CUST03921,2025-07-07,site_visit
CUST03922,2025-03-25,cart_abandon
CUST03922,2025-05-12,cart_abandon
CUST03923,2025-06-04,cart_add
CUST03923,2025-05-04,site_visit
CUST03923,2025-05-11,site_visit
CUST03924,2024-11-11,cart_add
CUST03925,2025-07-26,site_visit
CUST03925,2025-07-31,site_visit
CUST03925,2025-07-26,site_visit
CUST03925,2025-07-26,site_visit
CUST03925,2025-07-27,cart_abandon
CUST03925,2025-07-25,site_visit
CUST03925,2025-07-29,email_open
CUST03925,2025-07-28,site_visit
CUST03926,2024-07-16,site_visit
CUST03927,2025-02-13,cart_abandon
CUST03927,2025-07-03,cart_add
CUST03928,2025-04-04,site_visit
CUST03928,2025-02-12,site_visit
CUST03928,2025-05-02,review_submitted
CUST03929,2025-02-20,cart_abandon
CUST03929,2025-04-23,site_visit
CUST03929,2025-06-11,cart_abandon
CUST03930,2025-02-18,site_visit
CUST03931,2025-07-19,cart_abandon
CUST03931,2025-07-17,cart_add
CUST03931,2025-07-20,cart_add
CUST03931,2025-07-04,cart_add
CUST03931,2025-07-14,site_visit
CUST03932,2025-03-03,cart_abandon
CUST03933,2025-01-04,review_submitted
CUST03934,2025-01-24,site_visit
CUST03935,2025-03-01,email_open
CUST03936,2025-07-01,site_visit
CUST03937,2024-11-16,site_visit
CUST03937,2025-05-26,cart_abandon
CUST03937,2025-02-16,site_visit
CUST03938,2025-01-08,cart_abandon
CUST03939,2025-03-24,cart_add
CUST03940,2024-11-14,cart_abandon
CUST03940,2024-12-07,email_open
CUST03940,2025-04-09,site_visit
CUST03940,2024-10-22,review_submitted
CUST03940,2025-04-07,cart_add
CUST03940,2025-05-20,site_visit
CUST03941,2025-05-27,email_open
CUST03941,2025-06-05,cart_abandon
CUST03941,2025-03-21,cart_add
CUST03942,2025-06-08,cart_abandon
CUST03942,2025-07-16,email_open
CUST03942,2025-06-16,cart_abandon
CUST03942,2025-07-13,site_visit
CUST03942,2025-07-16,site_visit
CUST03942,2025-06-08,email_open
CUST03942,2025-07-02,review_submitted
CUST03942,2025-06-30,site_visit
CUST03942,2025-07-14,site_visit
CUST03943,2025-03-11,site_visit
CUST03944,2024-10-12,site_visit
CUST03944,2025-01-01,cart_add
CUST03944,2025-06-19,site_visit
CUST03944,2025-03-19,site_visit
CUST03944,2025-02-27,site_visit
CUST03945,2025-07-26,cart_add
CUST03946,2024-06-09,review_submitted
CUST03947,2025-01-24,site_visit
CUST03947,2025-06-24,site_visit
CUST03948,2025-01-21,site_visit
CUST03948,2025-03-10,cart_abandon
CUST03949,2024-08-30,site_visit
CUST03950,2024-12-04,site_visit
CUST03951,2024-10-20,site_visit
CUST03952,2025-06-01,cart_add
CUST03952,2025-04-30,support_ticket
CUST03952,2025-06-16,review_submitted
CUST03952,2025-05-18,email_open
CUST03952,2025-06-13,site_visit
CUST03953,2025-07-24,cart_abandon
CUST03953,2025-07-22,cart_abandon
CUST03953,2025-07-19,cart_abandon
CUST03953,2025-07-23,site_visit
CUST03954,2025-04-03,site_visit
CUST03955,2025-03-25,support_ticket
CUST03956,2025-05-25,cart_abandon
CUST03956,2025-07-17,site_visit
CUST03956,2025-07-01,site_visit
CUST03957,2025-06-20,cart_add
CUST03957,2025-07-23,cart_add
CUST03957,2025-07-09,site_visit
CUST03958,2024-12-08,email_open
CUST03959,2024-03-08,review_submitted
CUST03960,2025-01-29,site_visit
CUST03961,2024-12-06,cart_abandon
CUST03961,2025-03-08,site_visit
CUST03962,2024-11-02,cart_add
CUST03963,2024-09-13,site_visit
CUST03964,2025-06-06,site_visit
CUST03965,2024-02-22,site_visit
CUST03966,2025-04-12,cart_add
CUST03966,2025-06-04,cart_abandon
CUST03966,2025-04-18,cart_add
CUST03966,2025-05-11,cart_add
CUST03967,2025-03-22,cart_abandon
CUST03968,2024-03-04,site_visit
CUST03969,2025-04-30,cart_add
CUST03970,2025-05-14,cart_abandon
CUST03971,2025-07-18,cart_add
CUST03971,2025-07-26,site_visit
CUST03971,2025-07-26,review_submitted
CUST03971,2025-07-19,cart_add
CUST03971,2025-07-26,review_submitted
CUST03971,2025-07-27,site_visit
CUST03971,2025-07-25,cart_add
CUST03971,2025-07-17,cart_abandon
CUST03971,2025-07-22,cart_abandon
CUST03972,2025-07-20,site_visit
CUST03972,2025-07-19,site_visit
CUST03973,2025-04-06,review_submitted
CUST03974,2025-02-20,site_visit
CUST03974,2025-07-29,cart_abandon
CUST03974,2025-06-09,site_visit
CUST03974,2025-05-17,email_open
CUST03974,2025-07-16,site_visit
CUST03975,2024-12-19,site_visit
CUST03976,2025-06-17,email_open
CUST03976,2025-06-17,site_visit
CUST03976,2025-06-30,site_visit
CUST03977,2024-12-18,site_visit
CUST03977,2025-01-31,cart_abandon
CUST03978,2025-05-15,site_visit
CUST03978,2025-02-16,cart_abandon
CUST03979,2025-07-29,email_open
CUST03980,2025-02-24,email_open
CUST03981,2025-06-29,email_open
CUST03981,2025-06-25,site_visit
CUST03981,2025-06-22,site_visit
CUST03982,2025-06-30,site_visit
CUST03982,2025-05-04,cart_abandon
CUST03982,2025-07-03,support_ticket
CUST03982,2025-04-30,cart_add
CUST03982,2025-04-12,site_visit
CUST03982,2025-06-26,review_submitted
CUST03983,2025-01-06,email_open
CUST03984,2024-11-21,cart_abandon
CUST03985,2025-06-01,cart_add
CUST03985,2025-05-20,email_open
CUST03985,2025-04-29,site_visit
CUST03985,2025-05-02,site_visit
CUST03985,2025-05-23,review_submitted
CUST03986,2025-07-29,site_visit
CUST03986,2025-07-02,site_visit
CUST03986,2025-07-09,cart_add
CUST03986,2025-06-26,cart_abandon
CUST03986,2025-06-28,cart_add
CUST03986,2025-07-18,site_visit
CUST03987,2024-12-22,cart_add
CUST03988,2025-06-23,cart_abandon
CUST03988,2025-06-04,review_submitted
CUST03989,2025-05-28,cart_abandon
CUST03989,2024-09-11,cart_add
CUST03989,2025-01-10,email_open
CUST03990,2025-07-12,site_visit
CUST03990,2025-06-05,site_visit
CUST03990,2025-06-16,site_visit
CUST03990,2025-06-21,email_open
CUST03990,2025-07-10,site_visit
CUST03990,2025-06-13,site_visit
CUST03990,2025-07-04,site_visit
CUST03991,2024-10-12,site_visit
CUST03992,2024-08-13,cart_abandon
CUST03993,2025-06-14,cart_add
CUST03993,2025-06-22,site_visit
CUST03993,2025-03-28,cart_abandon
CUST03993,2025-04-21,cart_abandon
CUST03993,2025-04-03,site_visit
CUST03993,2025-05-06,site_visit
CUST03994,2025-02-13,cart_add
CUST03995,2024-12-24,support_ticket
CUST03996,2025-04-25,site_visit
CUST03996,2025-04-26,cart_add
CUST03997,2024-11-26,cart_add
CUST03998,2024-12-04,site_visit
CUST03999,2025-01-13,email_open
CUST03999,2025-04-06,site_visit
CUST04000,2025-05-31,site_visit
CUST04001,2025-05-08,cart_add
CUST04001,2025-02-14,site_visit
CUST04001,2025-01-11,cart_abandon
CUST04001,2025-04-11,site_visit
CUST04001,2025-01-22,site_visit
CUST04001,2025-03-07,site_visit
CUST04001,2025-01-29,email_open
CUST04002,2025-04-16,email_open
CUST04002,2025-05-22,site_visit
CUST04002,2025-06-23,cart_abandon
CUST04002,2025-07-03,site_visit
CUST04003,2025-04-27,site_visit
CUST04003,2025-04-22,site_visit
CUST04003,2025-06-25,site_visit
CUST04003,2025-05-14,email_open
CUST04004,2024-08-14,review_submitted
CUST04005,2024-05-23,site_visit
CUST04006,2025-01-31,site_visit
CUST04007,2025-06-08,support_ticket
CUST04008,2025-06-01,cart_add
CUST04009,2025-07-14,review_submitted
CUST04009,2025-01-27,email_open
CUST04010,2024-06-03,site_visit
CUST04011,2024-09-02,email_open
CUST04012,2024-12-19,cart_add
CUST04013,2025-04-02,site_visit
CUST04013,2025-02-21,review_submitted
CUST04013,2025-03-25,cart_add
CUST04013,2025-06-03,site_visit
CUST04014,2024-08-14,review_submitted
CUST04015,2025-07-23,cart_abandon
CUST04016,2025-07-20,cart_add
CUST04017,2025-06-23,site_visit
CUST04017,2025-07-18,site_visit
CUST04017,2025-06-27,cart_abandon
CUST04017,2025-07-31,cart_add
CUST04017,2025-07-01,cart_abandon
CUST04018,2025-06-09,site_visit
CUST04018,2025-06-07,email_open
CUST04018,2025-07-26,cart_abandon
CUST04018,2025-06-06,site_visit
CUST04018,2025-06-05,site_visit
CUST04018,2025-07-25,site_visit
CUST04019,2025-05-11,site_visit
CUST04020,2024-06-15,cart_abandon
CUST04021,2024-11-28,site_visit
CUST04021,2025-02-22,review_submitted
CUST04022,2025-03-30,site_visit
CUST04022,2024-09-23,site_visit
CUST04022,2025-01-09,cart_add
CUST04023,2025-03-04,review_submitted
CUST04023,2025-07-25,cart_add
CUST04023,2025-05-20,cart_add
CUST04024,2025-05-09,cart_add
CUST04024,2025-05-05,cart_abandon
CUST04024,2025-05-11,site_visit
CUST04024,2025-06-26,site_visit
CUST04025,2025-05-09,email_open
CUST04026,2025-07-13,site_visit
CUST04026,2025-05-10,site_visit
CUST04026,2025-04-27,cart_abandon
CUST04026,2025-07-20,site_visit
CUST04027,2024-12-22,site_visit
CUST04027,2025-07-03,site_visit
CUST04028,2024-06-16,site_visit
CUST04029,2025-07-10,site_visit
CUST04029,2025-03-18,site_visit
CUST04029,2025-07-17,cart_abandon
CUST04029,2025-04-13,cart_add
CUST04029,2025-06-29,email_open
CUST04030,2024-12-13,site_visit
CUST04031,2025-01-23,site_visit
CUST04031,2025-03-11,cart_add
CUST04032,2025-01-10,site_visit
CUST04033,2024-12-01,site_visit
CUST04034,2025-07-28,cart_abandon
CUST04034,2025-07-28,site_visit
CUST04034,2025-07-27,review_submitted
CUST04034,2025-07-28,email_open
CUST04034,2025-07-28,cart_add
CUST04034,2025-07-31,site_visit
CUST04034,2025-07-26,site_visit
CUST04034,2025-07-27,cart_add
CUST04034,2025-07-27,site_visit
CUST04034,2025-07-31,cart_add
CUST04035,2024-09-13,site_visit
CUST04036,2025-07-24,site_visit
CUST04037,2025-07-23,site_visit
CUST04037,2025-07-29,support_ticket
CUST04037,2025-07-18,email_open
CUST04037,2025-07-17,site_visit
CUST04038,2025-05-24,cart_add
CUST04038,2025-06-19,cart_abandon
CUST04038,2025-04-22,site_visit
CUST04039,2025-07-01,email_open
CUST04039,2025-06-05,site_visit
CUST04039,2025-01-17,site_visit
CUST04039,2025-02-27,site_visit
CUST04039,2025-04-21,email_open
CUST04039,2025-07-11,cart_abandon
CUST04039,2025-07-10,cart_abandon
CUST04040,2025-05-10,site_visit
CUST04040,2025-01-19,site_visit
CUST04040,2025-07-18,site_visit
CUST04041,2025-07-31,review_submitted
CUST04041,2025-07-25,site_visit
CUST04041,2025-07-31,site_visit
CUST04041,2025-06-25,site_visit
CUST04042,2024-08-18,site_visit
CUST04043,2025-05-14,cart_abandon
CUST04043,2025-05-07,site_visit
CUST04044,2025-07-04,email_open
CUST04044,2025-07-09,email_open
CUST04045,2025-05-18,site_visit
CUST04045,2025-02-21,review_submitted
CUST04046,2024-12-15,review_submitted
CUST04046,2025-04-24,review_submitted
CUST04047,2025-07-22,site_visit
CUST04048,2025-04-04,site_visit
CUST04048,2024-12-20,site_visit
CUST04049,2025-06-30,site_visit
CUST04049,2025-07-02,site_visit
CUST04049,2025-07-24,email_open
CUST04050,2024-10-18,cart_abandon
CUST04051,2025-07-05,site_visit
CUST04051,2025-06-26,cart_abandon
CUST04051,2025-07-11,cart_add
CUST04051,2025-07-21,site_visit
CUST04051,2025-07-02,cart_add
CUST04051,2025-06-23,site_visit
CUST04052,2025-03-25,cart_abandon
CUST04052,2025-06-26,site_visit
CUST04053,2025-07-18,email_open
CUST04053,2025-05-06,site_visit
CUST04053,2025-06-22,cart_abandon
CUST04053,2025-05-30,cart_add
CUST04053,2025-04-27,site_visit
CUST04054,2025-01-28,site_visit
CUST04054,2025-03-13,email_open
CUST04055,2025-05-24,site_visit
CUST04055,2025-06-14,site_visit
CUST04055,2025-07-07,review_submitted
CUST04055,2025-07-10,site_visit
CUST04055,2025-06-25,site_visit
CUST04056,2024-07-06,cart_abandon
CUST04057,2025-06-27,site_visit
CUST04057,2025-06-15,site_visit
CUST04058,2025-02-16,cart_abandon
CUST04059,2025-06-13,site_visit
CUST04059,2025-07-31,cart_abandon
CUST04059,2025-07-24,site_visit
CUST04059,2025-06-25,site_visit
CUST04059,2025-07-12,site_visit
CUST04060,2025-07-27,cart_abandon
CUST04060,2025-07-30,cart_add
CUST04060,2025-07-26,site_visit
CUST04060,2025-07-28,site_visit
CUST04060,2025-07-26,site_visit
CUST04061,2025-04-15,review_submitted
CUST04062,2025-01-29,cart_abandon
CUST04063,2025-04-26,site_visit
CUST04064,2024-07-23,site_visit
CUST04065,2025-06-06,cart_abandon
CUST04065,2025-06-05,cart_add
CUST04065,2025-06-17,site_visit
CUST04065,2025-05-26,cart_abandon
CUST04065,2025-06-27,email_open
CUST04065,2025-07-07,cart_abandon
CUST04066,2025-07-01,site_visit
CUST04067,2025-02-27,site_visit
CUST04068,2025-07-21,site_visit
CUST04068,2025-07-19,review_submitted
CUST04068,2025-07-24,cart_add
CUST04068,2025-07-25,site_visit
CUST04068,2025-07-29,review_submitted
CUST04068,2025-07-29,site_visit
CUST04068,2025-07-24,site_visit
CUST04069,2025-05-27,email_open
CUST04069,2025-02-22,email_open
CUST04069,2025-02-09,site_visit
CUST04069,2025-07-05,site_visit
CUST04070,2025-06-12,cart_abandon
CUST04070,2025-06-17,site_visit
CUST04070,2025-06-27,site_visit
CUST04070,2025-07-30,site_visit
CUST04070,2025-06-29,site_visit
CUST04071,2025-06-24,site_visit
CUST04072,2025-07-29,email_open
CUST04072,2025-04-10,email_open
CUST04072,2025-02-08,cart_add
CUST04072,2025-07-01,site_visit
CUST04072,2025-03-12,email_open
CUST04073,2025-07-30,cart_add
CUST04073,2025-07-11,cart_add
CUST04074,2025-06-17,site_visit
CUST04074,2025-07-06,cart_add
CUST04074,2025-02-28,email_open
CUST04075,2025-06-24,cart_abandon
CUST04075,2025-06-28,cart_add
CUST04075,2025-05-19,cart_add
CUST04076,2025-05-21,site_visit
CUST04076,2025-03-04,cart_abandon
CUST04077,2024-12-15,email_open
CUST04078,2025-03-11,cart_add
CUST04079,2025-06-27,site_visit
CUST04079,2025-04-10,site_visit
CUST04079,2025-05-03,cart_add
CUST04079,2025-05-14,cart_abandon
CUST04080,2025-02-24,cart_add
CUST04081,2025-04-13,site_visit
CUST04081,2025-03-20,cart_abandon
CUST04081,2025-05-08,cart_add
CUST04081,2025-03-15,site_visit
CUST04082,2025-03-16,site_visit
CUST04083,2025-07-17,site_visit
CUST04084,2025-04-18,cart_add
CUST04084,2025-04-08,site_visit
CUST04084,2025-07-19,cart_add
CUST04084,2025-07-06,cart_add
CUST04084,2025-05-22,site_visit
CUST04084,2025-05-21,site_visit
CUST04084,2025-05-08,email_open
CUST04084,2025-06-24,support_ticket
CUST04084,2025-07-16,site_visit
CUST04084,2025-07-13,cart_add
CUST04084,2025-03-21,site_visit
CUST04084,2025-06-27,cart_add
CUST04084,2025-03-18,email_open
CUST04084,2025-07-04,cart_add
CUST04084,2025-06-14,site_visit
CUST04085,2025-03-18,cart_add
CUST04086,2025-04-04,site_visit
CUST04087,2024-09-12,cart_abandon
CUST04087,2024-07-11,site_visit
CUST04087,2025-04-17,site_visit
CUST04087,2024-09-05,site_visit
CUST04088,2025-04-11,cart_abandon
CUST04088,2025-01-27,site_visit
CUST04088,2025-02-10,site_visit
CUST04089,2025-07-28,site_visit
CUST04089,2025-05-09,email_open
CUST04089,2025-05-09,site_visit
CUST04089,2025-06-20,review_submitted
CUST04089,2025-05-29,cart_abandon
CUST04089,2025-06-11,review_submitted
CUST04089,2025-07-01,review_submitted
CUST04089,2025-06-02,site_visit
CUST04089,2025-05-11,site_visit
CUST04090,2025-03-01,site_visit
CUST04091,2025-05-12,site_visit
CUST04091,2025-05-29,site_visit
CUST04091,2025-03-09,site_visit
CUST04091,2025-04-12,site_visit
CUST04092,2025-03-22,support_ticket
CUST04093,2024-12-16,site_visit
CUST04093,2025-01-17,site_visit
CUST04094,2025-07-26,cart_add
CUST04094,2025-07-22,site_visit
CUST04094,2025-07-01,site_visit
CUST04094,2025-06-25,site_visit
CUST04095,2024-08-14,cart_add
CUST04095,2025-02-09,site_visit
CUST04095,2024-09-28,site_visit
CUST04095,2024-10-25,site_visit
CUST04095,2024-11-04,cart_add
CUST04096,2025-07-22,site_visit
CUST04096,2025-05-02,site_visit
CUST04096,2024-11-20,site_visit
CUST04097,2024-05-19,cart_abandon
CUST04098,2025-07-11,cart_add
CUST04099,2024-12-17,cart_add
CUST04100,2024-12-16,site_visit
CUST04101,2025-07-15,site_visit
CUST04101,2025-02-12,site_visit
CUST04101,2025-05-01,cart_abandon
CUST04102,2024-11-23,site_visit
CUST04103,2025-03-22,cart_abandon
CUST04103,2025-04-12,review_submitted
CUST04104,2025-02-28,cart_abandon
CUST04105,2024-10-07,email_open
CUST04106,2025-05-24,site_visit
CUST04106,2025-03-29,email_open
CUST04107,2025-07-24,site_visit
CUST04107,2025-07-25,site_visit
CUST04107,2025-07-21,cart_add
CUST04107,2025-07-10,cart_abandon
CUST04107,2025-07-21,review_submitted
CUST04108,2024-12-13,site_visit
CUST04109,2025-06-02,cart_add
CUST04109,2025-06-20,site_visit
CUST04109,2025-07-03,site_visit
CUST04109,2025-07-02,site_visit
CUST04110,2025-02-14,site_visit
CUST04110,2025-01-03,site_visit
CUST04111,2025-03-06,site_visit
CUST04112,2025-02-06,site_visit
CUST04113,2024-12-01,cart_abandon
CUST04114,2024-09-01,cart_abandon
CUST04115,2025-06-12,site_visit
CUST04115,2025-01-20,site_visit
CUST04116,2024-12-19,cart_abandon
CUST04116,2025-04-29,cart_abandon
CUST04117,2025-07-12,cart_add
CUST04117,2025-07-28,cart_add
CUST04117,2025-07-04,site_visit
CUST04117,2025-07-31,site_visit
CUST04118,2025-03-07,email_open
CUST04119,2025-05-23,site_visit
CUST04120,2025-03-23,site_visit
CUST04120,2025-03-15,review_submitted
CUST04120,2025-03-22,site_visit
CUST04121,2025-01-21,cart_abandon
CUST04122,2025-07-05,site_visit
CUST04122,2025-07-11,site_visit
CUST04122,2024-11-28,cart_abandon
CUST04122,2025-07-08,site_visit
CUST04122,2025-06-18,cart_abandon
CUST04122,2025-01-19,site_visit
CUST04123,2025-03-19,cart_add
CUST04123,2025-03-23,site_visit
CUST04124,2025-07-01,cart_add
CUST04124,2025-07-20,site_visit
CUST04124,2025-07-04,cart_add
CUST04125,2025-07-17,cart_add
CUST04125,2025-04-07,site_visit
CUST04126,2025-05-28,email_open
CUST04126,2025-03-30,site_visit
CUST04126,2025-02-08,cart_abandon
CUST04126,2025-05-16,cart_abandon
CUST04127,2025-03-31,site_visit
CUST04127,2025-06-21,cart_add
CUST04128,2025-07-07,cart_add
CUST04128,2025-07-04,cart_abandon
CUST04128,2025-07-29,site_visit
CUST04128,2025-07-19,cart_abandon
CUST04128,2025-07-30,site_visit
CUST04128,2025-07-12,cart_abandon
CUST04128,2025-07-05,site_visit
CUST04128,2025-07-31,cart_add
CUST04128,2025-07-27,cart_add
CUST04128,2025-07-14,cart_add
CUST04129,2024-09-13,cart_abandon
CUST04130,2024-08-12,support_ticket
CUST04131,2025-05-10,cart_add
CUST04132,2024-09-01,cart_add
CUST04133,2025-01-30,cart_add
CUST04133,2025-07-17,review_submitted
CUST04134,2025-04-06,site_visit
CUST04135,2025-02-17,cart_add
CUST04135,2025-01-05,site_visit
CUST04135,2025-05-10,site_visit
CUST04136,2025-01-11,site_visit
CUST04137,2025-07-25,cart_add
CUST04137,2025-07-07,site_visit
CUST04138,2025-06-03,site_visit
CUST04139,2025-06-08,site_visit
CUST04140,2025-02-05,cart_add
CUST04140,2025-01-21,site_visit
CUST04140,2025-03-24,site_visit
CUST04141,2025-01-30,support_ticket
CUST04142,2024-12-18,cart_abandon
CUST04143,2025-05-10,review_submitted
CUST04144,2025-05-27,site_visit
CUST04144,2025-05-24,cart_abandon
CUST04144,2025-05-07,site_visit
CUST04144,2025-07-17,cart_add
CUST04144,2025-07-18,cart_abandon
CUST04144,2025-06-13,email_open
CUST04144,2025-05-11,review_submitted
CUST04144,2025-06-02,review_submitted
CUST04145,2025-07-10,cart_abandon
CUST04145,2025-07-01,site_visit
CUST04145,2025-06-24,site_visit
CUST04145,2025-07-22,site_visit
CUST04145,2025-07-17,site_visit
CUST04145,2025-07-29,cart_abandon
CUST04145,2025-07-26,site_visit
CUST04145,2025-07-04,cart_add
CUST04145,2025-06-25,cart_add
CUST04145,2025-07-04,cart_abandon
CUST04145,2025-07-26,cart_add
CUST04146,2025-03-16,site_visit
CUST04146,2025-04-02,cart_add
CUST04146,2025-04-12,email_open
CUST04146,2025-02-06,site_visit
CUST04147,2025-02-20,site_visit
CUST04148,2025-06-28,cart_add
CUST04148,2024-11-07,email_open
CUST04148,2025-07-11,email_open
CUST04148,2025-05-30,site_visit
CUST04148,2025-05-13,support_ticket
CUST04149,2025-03-08,cart_add
CUST04149,2025-07-10,site_visit
CUST04149,2025-05-30,cart_add
CUST04149,2025-05-25,review_submitted
CUST04149,2025-03-14,support_ticket
CUST04149,2025-04-17,site_visit
CUST04149,2025-04-14,site_visit
CUST04149,2025-04-05,site_visit
CUST04149,2025-04-15,cart_add
CUST04149,2025-06-15,site_visit
CUST04150,2025-05-06,cart_add
CUST04150,2025-05-19,site_visit
CUST04150,2025-05-24,site_visit
CUST04151,2025-03-26,cart_add
CUST04152,2024-10-22,review_submitted
CUST04153,2025-05-27,site_visit
CUST04153,2025-02-22,cart_add
CUST04154,2025-07-20,site_visit
CUST04154,2024-10-22,cart_add
CUST04155,2024-11-24,email_open
CUST04156,2024-09-20,site_visit
CUST04157,2025-02-27,site_visit
CUST04158,2025-06-24,cart_add
CUST04158,2025-06-12,cart_add
CUST04158,2025-07-30,email_open
CUST04158,2025-07-18,site_visit
CUST04158,2025-05-19,cart_abandon
CUST04158,2025-05-26,site_visit
CUST04158,2025-06-13,cart_add
CUST04159,2025-07-22,email_open
CUST04159,2025-07-11,site_visit
CUST04159,2025-07-26,cart_abandon
CUST04159,2025-07-26,email_open
CUST04159,2025-07-27,site_visit
CUST04159,2025-07-25,email_open
CUST04159,2025-07-15,site_visit
CUST04159,2025-07-11,site_visit
CUST04160,2025-02-18,review_submitted
CUST04160,2025-05-06,site_visit
CUST04160,2025-05-24,cart_abandon
CUST04161,2025-05-09,cart_abandon
CUST04162,2025-07-04,email_open
CUST04163,2025-03-23,cart_add
CUST04164,2024-11-12,site_visit
CUST04164,2025-04-10,site_visit
CUST04164,2025-01-02,site_visit
CUST04164,2024-12-09,email_open
CUST04165,2025-01-27,site_visit
CUST04165,2025-01-18,email_open
CUST04165,2025-03-28,cart_abandon
CUST04165,2025-04-21,cart_add
CUST04165,2025-01-04,site_visit
CUST04165,2025-06-17,email_open
CUST04166,2025-04-16,site_visit
CUST04167,2024-10-22,review_submitted
CUST04168,2024-12-07,cart_abandon
CUST04169,2024-09-30,email_open
CUST04170,2024-11-02,site_visit
CUST04171,2024-10-20,cart_abandon
CUST04172,2025-07-27,site_visit
CUST04172,2025-07-29,cart_abandon
CUST04172,2025-07-29,site_visit
CUST04172,2025-07-30,site_visit
CUST04172,2025-07-23,review_submitted
CUST04172,2025-07-23,cart_add
CUST04173,2024-11-22,cart_abandon
CUST04174,2025-05-25,cart_abandon
CUST04174,2025-06-06,review_submitted
CUST04175,2025-06-16,site_visit
CUST04175,2025-07-12,cart_abandon
CUST04175,2025-07-11,site_visit
CUST04175,2025-06-09,site_visit
CUST04176,2025-07-28,cart_add
CUST04176,2025-07-30,cart_abandon
CUST04176,2025-07-29,cart_add
CUST04176,2025-07-31,email_open
CUST04176,2025-07-28,site_visit
CUST04176,2025-07-30,cart_add
CUST04176,2025-07-30,site_visit
CUST04177,2025-04-13,cart_add
CUST04177,2025-05-01,cart_add
CUST04178,2025-05-16,site_visit
CUST04178,2025-06-14,site_visit
CUST04178,2025-05-18,cart_add
CUST04178,2025-05-30,review_submitted
CUST04179,2024-10-19,cart_add
CUST04180,2024-10-06,cart_abandon
CUST04181,2025-02-02,email_open
CUST04182,2025-07-17,site_visit
CUST04182,2025-05-27,cart_add
CUST04182,2025-05-25,review_submitted
CUST04182,2025-01-26,cart_abandon
CUST04183,2025-03-19,site_visit
CUST04183,2025-02-04,email_open
CUST04184,2024-08-11,cart_abandon
CUST04185,2025-06-14,cart_abandon
CUST04186,2025-04-12,cart_add
CUST04187,2025-04-24,cart_add
CUST04188,2024-12-21,site_visit
CUST04189,2025-07-01,email_open
CUST04189,2025-06-11,email_open
CUST04189,2025-07-13,email_open
CUST04189,2025-04-27,site_visit
CUST04189,2025-03-25,site_visit
CUST04189,2025-04-13,review_submitted
CUST04190,2025-05-12,cart_add
CUST04190,2025-07-31,site_visit
CUST04190,2025-06-10,site_visit
CUST04191,2025-07-07,site_visit
CUST04191,2025-04-23,site_visit
CUST04191,2025-06-28,cart_add
CUST04191,2025-07-30,cart_add
CUST04191,2025-03-15,site_visit
CUST04191,2025-03-13,email_open
CUST04191,2025-06-01,site_visit
CUST04192,2025-07-05,site_visit
CUST04192,2025-06-27,site_visit
CUST04192,2025-06-12,site_visit
CUST04192,2025-07-05,cart_add
CUST04192,2025-06-06,site_visit
CUST04192,2025-07-20,site_visit
CUST04193,2025-04-21,site_visit
CUST04193,2024-11-12,site_visit
CUST04193,2025-02-15,cart_add
CUST04194,2025-07-06,site_visit
CUST04194,2025-05-10,site_visit
CUST04194,2025-03-28,cart_add
CUST04194,2025-04-10,site_visit
CUST04195,2025-02-07,email_open
CUST04195,2025-05-02,site_visit
CUST04195,2025-04-18,email_open
CUST04195,2025-07-30,site_visit
CUST04196,2024-10-23,site_visit
CUST04197,2024-02-28,site_visit
CUST04197,2025-01-04,cart_abandon
CUST04197,2024-12-24,cart_add
CUST04197,2024-08-03,site_visit
CUST04198,2024-07-24,email_open
CUST04199,2025-01-20,review_submitted
CUST04199,2025-04-01,site_visit
CUST04200,2025-05-09,site_visit
CUST04200,2025-04-20,email_open
CUST04200,2025-06-18,site_visit
CUST04200,2025-07-14,site_visit
CUST04201,2025-06-04,site_visit
CUST04201,2025-05-31,site_visit
CUST04201,2025-05-30,email_open
CUST04202,2025-01-21,cart_add
CUST04203,2024-08-04,site_visit
CUST04204,2025-07-20,site_visit
CUST04204,2025-07-30,cart_abandon
CUST04204,2025-07-16,site_visit
CUST04204,2025-07-24,site_visit
CUST04204,2025-07-24,site_visit
CUST04204,2025-07-16,review_submitted
CUST04204,2025-07-29,cart_abandon
CUST04205,2025-06-14,email_open
CUST04206,2025-04-13,email_open
CUST04207,2024-12-24,support_ticket
CUST04208,2024-12-29,site_visit
CUST04209,2024-12-08,cart_add
CUST04210,2024-03-11,cart_abandon
CUST04211,2025-06-05,email_open
CUST04212,2025-01-27,site_visit
CUST04212,2025-06-15,site_visit
CUST04213,2025-07-13,site_visit
CUST04214,2025-02-13,cart_abandon
CUST04215,2025-01-17,site_visit
CUST04216,2025-07-07,site_visit
CUST04216,2025-05-27,site_visit
CUST04216,2025-06-19,cart_add
CUST04216,2025-07-07,cart_abandon
CUST04216,2025-05-01,cart_add
CUST04217,2024-09-07,site_visit
CUST04218,2025-02-06,cart_abandon
CUST04218,2025-06-28,site_visit
CUST04219,2025-07-23,cart_add
CUST04219,2025-04-30,site_visit
CUST04220,2025-06-22,email_open
CUST04221,2025-03-05,site_visit
CUST04222,2025-07-15,cart_add
CUST04222,2025-01-21,email_open
CUST04223,2025-06-08,site_visit
CUST04223,2025-07-27,cart_add
CUST04223,2025-06-19,site_visit
CUST04223,2025-07-28,review_submitted
CUST04224,2025-07-24,site_visit
CUST04224,2025-04-18,site_visit
CUST04224,2025-05-20,site_visit
CUST04224,2025-07-14,cart_abandon
CUST04224,2025-07-13,cart_add
CUST04225,2025-02-16,site_visit
CUST04226,2025-07-01,cart_add
CUST04226,2025-05-31,site_visit
CUST04227,2024-09-20,site_visit
CUST04228,2025-04-23,cart_abandon
CUST04228,2025-05-24,cart_add
CUST04228,2025-07-16,site_visit
CUST04229,2025-04-20,email_open
CUST04229,2025-05-26,cart_add
CUST04230,2025-03-03,cart_add
CUST04231,2025-02-12,site_visit
CUST04232,2025-05-19,site_visit
CUST04232,2024-11-28,email_open
CUST04232,2025-05-04,email_open
CUST04232,2024-12-10,site_visit
CUST04232,2025-05-09,site_visit
CUST04232,2025-07-27,site_visit
CUST04232,2025-04-15,email_open
CUST04232,2025-06-14,cart_abandon
CUST04233,2024-09-19,support_ticket
CUST04234,2025-06-22,cart_abandon
CUST04234,2025-07-10,site_visit
CUST04234,2025-07-18,cart_add
CUST04235,2024-04-27,site_visit
CUST04236,2025-07-24,cart_add
CUST04237,2024-09-12,site_visit
CUST04238,2025-05-31,review_submitted
CUST04238,2025-05-16,site_visit
CUST04238,2025-05-10,site_visit
CUST04238,2025-07-14,email_open
CUST04239,2025-02-22,cart_abandon
CUST04239,2025-03-26,site_visit
CUST04239,2025-03-14,cart_abandon
CUST04239,2025-04-09,site_visit
CUST04240,2024-10-17,email_open
CUST04240,2025-04-01,site_visit
CUST04241,2025-07-21,site_visit
CUST04241,2025-05-07,cart_abandon
CUST04241,2025-02-27,email_open
CUST04241,2025-02-24,site_visit
CUST04242,2025-07-21,cart_add
CUST04243,2025-04-29,cart_add
CUST04243,2025-03-17,site_visit
CUST04243,2025-04-18,cart_add
CUST04243,2025-04-30,cart_abandon
CUST04244,2025-07-03,cart_add
CUST04244,2025-03-14,site_visit
CUST04245,2025-05-16,cart_add
CUST04246,2025-07-11,cart_abandon
CUST04246,2025-07-03,cart_abandon
CUST04246,2025-06-25,cart_add
CUST04246,2025-07-02,site_visit
CUST04247,2025-02-25,site_visit
CUST04248,2025-01-09,cart_add
CUST04249,2025-04-22,cart_add
CUST04250,2025-07-21,site_visit
CUST04250,2025-07-24,site_visit
CUST04250,2025-07-30,site_visit
CUST04250,2025-07-26,cart_add
CUST04250,2025-07-13,site_visit
CUST04250,2025-07-28,cart_add
CUST04250,2025-07-13,site_visit
CUST04250,2025-07-21,site_visit
CUST04250,2025-07-23,site_visit
CUST04251,2025-07-01,cart_abandon
CUST04252,2024-12-11,cart_add
CUST04253,2025-03-06,cart_abandon
CUST04254,2025-07-17,cart_add
CUST04254,2024-12-15,cart_add
CUST04255,2025-05-14,site_visit
CUST04256,2025-04-10,site_visit
CUST04256,2025-07-04,site_visit
CUST04256,2025-02-08,email_open
CUST04257,2025-07-30,support_ticket
CUST04257,2025-07-30,email_open
CUST04257,2025-07-29,cart_add
CUST04257,2025-07-31,site_visit
CUST04257,2025-07-30,cart_abandon
CUST04257,2025-07-30,site_visit
CUST04257,2025-07-31,site_visit
CUST04257,2025-07-30,site_visit
CUST04258,2025-04-23,site_visit
CUST04258,2024-10-28,review_submitted
CUST04258,2025-06-06,site_visit
CUST04259,2024-11-18,site_visit
CUST04260,2025-05-13,cart_add
CUST04261,2025-01-21,site_visit
CUST04262,2025-07-08,site_visit
CUST04262,2025-07-02,cart_add
CUST04262,2025-07-31,site_visit
CUST04263,2025-04-18,cart_add
CUST04264,2024-11-22,site_visit
CUST04265,2025-03-09,cart_add
CUST04265,2025-02-03,support_ticket
CUST04266,2025-05-31,site_visit
CUST04266,2024-12-17,cart_add
CUST04266,2025-02-16,site_visit
CUST04266,2025-01-29,site_visit
CUST04266,2025-06-25,email_open
CUST04267,2025-01-14,cart_add
CUST04267,2025-01-28,email_open
CUST04267,2025-05-03,site_visit
CUST04268,2025-02-24,site_visit
CUST04269,2025-05-13,site_visit
CUST04270,2025-07-14,email_open
CUST04270,2025-07-13,cart_abandon
CUST04270,2025-07-16,site_visit
CUST04270,2025-07-10,site_visit
CUST04270,2025-07-19,site_visit
CUST04270,2025-07-26,site_visit
CUST04270,2025-07-11,cart_add
CUST04270,2025-06-29,cart_abandon
CUST04271,2025-04-16,site_visit
CUST04271,2025-04-27,site_visit
CUST04272,2025-07-25,cart_abandon
CUST04272,2025-07-10,cart_add
CUST04272,2025-07-07,cart_add
CUST04272,2025-07-19,site_visit
CUST04272,2025-07-21,cart_add
CUST04272,2025-07-20,site_visit
CUST04272,2025-07-14,cart_abandon
CUST04272,2025-07-13,site_visit
CUST04273,2024-10-08,review_submitted
CUST04274,2024-12-31,cart_abandon
CUST04274,2025-07-12,cart_add
CUST04274,2024-11-20,cart_abandon
CUST04275,2025-04-22,email_open
CUST04276,2025-07-25,site_visit
CUST04277,2025-04-20,cart_add
CUST04278,2025-07-20,review_submitted
CUST04279,2025-04-25,site_visit
CUST04280,2025-02-12,cart_abandon
CUST04281,2025-03-15,support_ticket
CUST04282,2025-04-27,review_submitted
CUST04282,2025-04-01,site_visit
CUST04282,2025-07-20,site_visit
CUST04282,2025-05-23,email_open
CUST04282,2025-07-31,site_visit
CUST04283,2024-12-25,cart_add
CUST04284,2025-01-04,email_open
CUST04285,2025-06-15,review_submitted
CUST04285,2025-05-22,email_open
CUST04285,2025-02-10,cart_abandon
CUST04286,2025-05-19,site_visit
CUST04286,2025-01-31,support_ticket
CUST04287,2025-06-24,cart_add
CUST04287,2025-06-25,email_open
CUST04287,2025-07-23,cart_add
CUST04287,2025-07-23,cart_add
CUST04287,2025-07-27,site_visit
CUST04288,2025-04-14,email_open
CUST04288,2025-01-13,site_visit
CUST04288,2025-07-28,email_open
CUST04289,2024-11-30,site_visit
CUST04290,2025-05-17,site_visit
CUST04290,2025-04-24,cart_abandon
CUST04290,2025-06-05,site_visit
CUST04291,2025-03-27,site_visit
CUST04292,2024-04-06,support_ticket
CUST04292,2025-04-18,email_open
CUST04292,2024-06-29,cart_add
CUST04292,2024-08-03,review_submitted
CUST04292,2025-01-15,cart_abandon
CUST04293,2025-05-16,review_submitted
CUST04293,2025-02-21,site_visit
CUST04294,2025-07-06,site_visit
CUST04294,2025-07-19,site_visit
CUST04294,2025-07-09,site_visit
CUST04294,2025-07-07,site_visit
CUST04294,2025-07-26,email_open
CUST04294,2025-07-21,cart_abandon
CUST04295,2025-01-13,cart_abandon
CUST04296,2024-10-18,cart_abandon
CUST04297,2025-03-25,site_visit
CUST04298,2024-09-14,cart_add
CUST04299,2024-11-09,site_visit
CUST04299,2024-12-12,cart_abandon
CUST04299,2025-07-22,site_visit
CUST04300,2025-04-20,cart_abandon
CUST04301,2025-03-27,site_visit
CUST04302,2025-07-07,cart_add
CUST04302,2025-07-07,cart_add
CUST04302,2025-07-26,site_visit
CUST04302,2025-07-10,site_visit
CUST04303,2025-04-07,email_open
CUST04303,2025-05-19,site_visit
CUST04303,2025-07-02,site_visit
CUST04303,2025-03-14,site_visit
CUST04303,2025-07-01,site_visit
CUST04304,2025-01-21,support_ticket
CUST04304,2025-06-17,cart_add
CUST04305,2025-06-09,site_visit
CUST04305,2025-07-31,cart_add
CUST04305,2025-04-27,site_visit
CUST04305,2025-05-22,site_visit
CUST04306,2025-04-06,site_visit
CUST04307,2025-05-22,cart_add
CUST04307,2025-05-21,site_visit
CUST04308,2025-05-19,site_visit
CUST04308,2025-03-28,site_visit
CUST04308,2025-03-12,site_visit
CUST04309,2025-06-22,cart_add
CUST04309,2025-07-23,review_submitted
CUST04309,2025-06-23,email_open
CUST04309,2025-05-13,email_open
CUST04309,2025-04-26,site_visit
CUST04309,2025-07-08,cart_add
CUST04309,2025-05-29,support_ticket
CUST04309,2025-05-04,cart_abandon
CUST04309,2025-06-05,site_visit
CUST04309,2025-07-08,site_visit
CUST04310,2025-05-06,site_visit
CUST04310,2025-06-09,cart_add
CUST04310,2025-04-11,site_visit
CUST04310,2025-06-30,cart_add
CUST04310,2025-07-12,cart_add
CUST04310,2025-05-05,site_visit
CUST04311,2024-10-28,site_visit
CUST04312,2025-07-12,site_visit
CUST04312,2025-07-31,cart_abandon
CUST04312,2025-07-29,site_visit
CUST04312,2025-07-14,cart_add
CUST04312,2025-07-24,site_visit
CUST04312,2025-07-16,email_open
CUST04313,2025-01-30,site_visit
CUST04314,2025-06-11,cart_add
CUST04314,2025-07-18,site_visit
CUST04314,2025-07-21,site_visit
CUST04314,2025-06-02,email_open
CUST04314,2025-06-13,cart_add
CUST04314,2025-06-13,cart_add
CUST04314,2025-07-29,site_visit
CUST04315,2025-07-13,cart_abandon
CUST04315,2025-07-21,site_visit
CUST04315,2025-07-19,cart_add
CUST04315,2025-07-26,cart_abandon
CUST04315,2025-07-27,site_visit
CUST04315,2025-07-26,site_visit
CUST04316,2025-03-09,site_visit
CUST04317,2025-06-27,site_visit
CUST04317,2025-04-29,cart_add
CUST04317,2025-03-23,email_open
CUST04317,2025-06-25,cart_abandon
CUST04317,2025-04-24,site_visit
CUST04317,2025-06-27,cart_abandon
CUST04317,2025-03-17,email_open
CUST04317,2025-03-22,cart_add
CUST04318,2025-07-11,site_visit
CUST04319,2024-12-15,support_ticket
CUST04319,2025-01-31,site_visit
CUST04319,2025-06-20,support_ticket
CUST04319,2025-05-23,cart_abandon
CUST04319,2024-12-13,email_open
CUST04319,2025-06-14,site_visit
CUST04319,2025-06-04,cart_add
CUST04320,2025-03-23,cart_add
CUST04320,2025-01-10,cart_abandon
CUST04320,2025-04-18,cart_add
CUST04321,2025-06-01,site_visit
CUST04322,2025-07-09,cart_add
CUST04322,2025-06-24,cart_abandon
CUST04322,2025-07-04,site_visit
CUST04322,2025-07-10,cart_abandon
CUST04322,2025-07-21,review_submitted
CUST04322,2025-07-22,site_visit
CUST04322,2025-07-09,site_visit
CUST04322,2025-07-03,cart_add
CUST04322,2025-07-28,site_visit
CUST04323,2025-04-06,cart_add
CUST04323,2025-02-21,cart_add
CUST04324,2025-02-07,site_visit
CUST04325,2025-07-30,review_submitted
CUST04325,2025-05-17,site_visit
CUST04325,2025-05-05,cart_abandon
CUST04326,2025-07-29,cart_abandon
CUST04326,2025-07-04,site_visit
CUST04326,2025-07-08,site_visit
CUST04327,2025-02-03,cart_abandon
CUST04328,2025-07-28,site_visit
CUST04328,2025-07-28,site_visit
CUST04329,2024-12-29,site_visit
CUST04330,2025-07-27,site_visit
CUST04330,2025-07-15,email_open
CUST04330,2025-07-24,site_visit
CUST04330,2025-06-21,site_visit
CUST04331,2025-06-20,cart_add
CUST04332,2024-05-25,site_visit
CUST04333,2025-03-03,review_submitted
CUST04334,2025-07-06,cart_add
CUST04334,2025-04-15,cart_abandon
CUST04334,2025-01-14,site_visit
CUST04335,2025-01-15,cart_add
CUST04336,2025-01-02,site_visit
CUST04337,2025-03-02,site_visit
CUST04337,2025-01-29,email_open
CUST04338,2025-06-17,site_visit
CUST04338,2025-06-25,site_visit
CUST04338,2025-06-11,site_visit
CUST04338,2025-07-16,site_visit
CUST04338,2025-07-10,cart_add
CUST04338,2025-06-22,site_visit
CUST04338,2025-07-22,site_visit
CUST04338,2025-06-08,cart_add
CUST04339,2025-07-29,site_visit
CUST04340,2024-06-09,cart_add
CUST04341,2025-05-16,email_open
CUST04341,2025-04-26,site_visit
CUST04342,2024-09-22,site_visit
CUST04343,2025-07-31,site_visit
CUST04343,2025-05-29,cart_abandon
CUST04343,2025-06-22,cart_add
CUST04344,2025-05-09,site_visit
CUST04344,2025-05-24,cart_add
CUST04344,2025-04-25,cart_add
CUST04344,2025-06-19,site_visit
CUST04344,2025-06-30,site_visit
CUST04344,2025-05-08,site_visit
CUST04344,2025-06-06,email_open
CUST04345,2025-03-25,review_submitted
CUST04346,2025-05-30,site_visit
CUST04347,2025-05-25,cart_add
CUST04347,2025-06-09,cart_add
CUST04347,2025-05-29,site_visit
CUST04347,2025-04-22,email_open
CUST04347,2025-04-18,cart_abandon
CUST04347,2025-06-18,cart_abandon
CUST04348,2025-07-13,site_visit
CUST04349,2025-04-30,site_visit
CUST04349,2025-05-25,cart_add
CUST04349,2025-06-19,support_ticket
CUST04349,2025-07-21,site_visit
CUST04349,2025-06-03,site_visit
CUST04349,2025-06-14,site_visit
CUST04350,2025-02-09,email_open
CUST04350,2025-07-23,cart_abandon
CUST04351,2025-05-11,site_visit
CUST04351,2025-04-06,site_visit
CUST04351,2025-04-06,site_visit
CUST04351,2025-06-14,cart_add
CUST04351,2025-05-03,email_open
CUST04352,2025-01-13,review_submitted
CUST04353,2025-01-03,site_visit
CUST04353,2025-03-04,cart_add
CUST04354,2025-07-28,cart_add
CUST04354,2025-07-07,site_visit
CUST04354,2025-07-31,cart_add
CUST04354,2025-07-23,email_open
CUST04354,2025-07-17,site_visit
CUST04354,2025-07-18,cart_abandon
CUST04354,2025-07-20,site_visit
CUST04354,2025-07-19,support_ticket
CUST04355,2025-07-28,site_visit
CUST04356,2025-01-15,cart_add
CUST04356,2025-01-31,cart_add
CUST04356,2025-07-28,site_visit
CUST04356,2024-12-23,email_open
CUST04357,2025-07-28,email_open
CUST04357,2024-09-11,site_visit
CUST04357,2024-10-09,site_visit
CUST04357,2024-06-15,site_visit
CUST04358,2025-01-21,email_open
CUST04358,2025-02-26,cart_abandon
CUST04359,2024-12-30,site_visit
CUST04360,2024-09-18,cart_add
CUST04361,2025-03-10,site_visit
CUST04362,2025-02-26,cart_abandon
CUST04362,2025-06-09,site_visit
CUST04363,2025-04-16,site_visit
CUST04363,2025-03-23,site_visit
CUST04363,2025-04-30,site_visit
CUST04363,2025-04-01,cart_abandon
CUST04363,2025-07-24,site_visit
CUST04363,2025-05-23,review_submitted
CUST04364,2025-03-06,site_visit
CUST04364,2025-06-26,cart_abandon
CUST04365,2024-12-21,site_visit
CUST04366,2025-05-08,email_open
CUST04366,2025-06-29,cart_add
CUST04367,2024-08-27,site_visit
CUST04368,2025-06-11,email_open
CUST04368,2025-01-21,review_submitted
CUST04368,2025-04-03,email_open
CUST04368,2024-11-23,cart_abandon
CUST04368,2025-01-14,review_submitted
CUST04368,2025-04-05,cart_abandon
CUST04368,2024-12-10,cart_abandon
CUST04369,2025-05-21,site_visit
CUST04370,2025-06-06,email_open
CUST04371,2025-05-23,review_submitted
CUST04372,2025-07-14,email_open
CUST04373,2024-09-13,email_open
CUST04374,2025-04-16,site_visit
CUST04375,2025-04-04,site_visit
CUST04375,2024-12-03,site_visit
CUST04375,2025-04-07,site_visit
CUST04375,2025-06-06,cart_abandon
CUST04376,2025-02-09,site_visit
CUST04377,2025-06-10,site_visit
CUST04377,2025-06-25,cart_abandon
CUST04378,2025-06-26,review_submitted
CUST04378,2025-05-05,site_visit
CUST04378,2025-07-19,site_visit
CUST04378,2025-05-07,cart_add
CUST04378,2025-06-17,cart_add
CUST04378,2025-06-06,review_submitted
CUST04379,2025-05-26,site_visit
CUST04380,2025-06-13,cart_abandon
CUST04381,2025-02-01,cart_add
CUST04382,2024-09-07,site_visit
CUST04383,2025-02-23,email_open
CUST04383,2025-03-01,review_submitted
CUST04383,2025-03-15,site_visit
CUST04383,2025-01-23,site_visit
CUST04384,2025-04-21,site_visit
CUST04384,2025-07-27,site_visit
CUST04384,2025-01-24,cart_add
CUST04384,2024-12-27,email_open
CUST04384,2025-03-25,site_visit
CUST04384,2025-04-08,cart_add
CUST04384,2025-01-01,cart_abandon
CUST04384,2025-06-01,cart_abandon
CUST04385,2025-07-04,cart_abandon
CUST04385,2025-06-28,review_submitted
CUST04385,2025-05-28,cart_abandon
CUST04385,2025-07-15,site_visit
CUST04385,2025-07-05,cart_abandon
CUST04386,2024-12-16,site_visit
CUST04386,2025-04-16,review_submitted
CUST04386,2025-01-11,cart_abandon
CUST04386,2024-12-11,site_visit
CUST04386,2025-03-24,cart_abandon
CUST04386,2025-02-25,site_visit
CUST04387,2025-07-25,site_visit
CUST04387,2025-07-11,site_visit
CUST04388,2025-07-05,site_visit
CUST04389,2025-02-24,site_visit
CUST04390,2024-09-03,site_visit
CUST04391,2024-06-24,email_open
CUST04392,2025-04-30,cart_abandon
CUST04392,2025-04-18,site_visit
CUST04393,2025-04-11,site_visit
CUST04393,2025-04-11,cart_add
CUST04394,2025-02-12,email_open
CUST04395,2025-07-11,cart_abandon
CUST04395,2025-06-29,site_visit
CUST04395,2025-07-23,cart_add
CUST04395,2025-07-05,cart_abandon
CUST04396,2025-07-04,site_visit
CUST04396,2025-07-07,cart_add
CUST04396,2025-07-27,site_visit
CUST04396,2025-07-13,site_visit
CUST04396,2025-05-25,site_visit
CUST04397,2024-09-20,cart_add
CUST04398,2024-04-30,review_submitted
CUST04399,2024-09-07,cart_add
CUST04400,2025-02-12,cart_add
CUST04401,2024-07-13,cart_abandon
CUST04402,2024-12-13,support_ticket
CUST04402,2025-04-02,site_visit
CUST04402,2025-04-24,site_visit
CUST04403,2025-01-12,cart_abandon
CUST04404,2025-03-06,cart_add
CUST04405,2025-07-27,email_open
CUST04405,2025-07-27,site_visit
CUST04405,2025-07-25,email_open
CUST04405,2025-07-24,site_visit
CUST04405,2025-07-27,cart_abandon
CUST04405,2025-07-24,site_visit
CUST04405,2025-07-29,site_visit
CUST04405,2025-07-30,cart_add
CUST04406,2025-01-30,review_submitted
CUST04406,2025-03-25,site_visit
CUST04407,2025-07-05,support_ticket
CUST04407,2025-07-15,cart_add
CUST04407,2025-07-29,site_visit
CUST04407,2025-07-09,site_visit
CUST04407,2025-07-09,site_visit
CUST04408,2024-05-27,site_visit
CUST04409,2025-04-28,cart_add
CUST04410,2025-01-09,cart_abandon
CUST04411,2025-07-08,site_visit
CUST04412,2025-04-12,site_visit
CUST04413,2025-03-22,site_visit
CUST04413,2025-07-06,site_visit
CUST04413,2025-06-30,email_open
CUST04414,2025-06-04,site_visit
CUST04414,2025-03-09,email_open
CUST04415,2024-10-08,cart_abandon
CUST04415,2024-11-13,site_visit
CUST04415,2024-11-22,support_ticket
CUST04415,2025-06-25,cart_add
CUST04415,2024-12-02,cart_abandon
CUST04416,2025-06-28,site_visit
CUST04416,2025-03-09,cart_add
CUST04417,2024-12-01,cart_abandon
CUST04417,2025-03-25,email_open
CUST04417,2025-03-09,cart_add
CUST04418,2025-05-22,site_visit
CUST04419,2024-11-27,site_visit
CUST04420,2025-07-15,cart_add
CUST04421,2025-03-18,cart_add
CUST04422,2025-07-10,cart_add
CUST04422,2025-07-15,cart_abandon
CUST04422,2025-07-24,site_visit
CUST04422,2025-07-26,site_visit
CUST04422,2025-07-28,site_visit
CUST04422,2025-07-08,site_visit
CUST04423,2025-07-31,email_open
CUST04423,2025-03-19,email_open
CUST04424,2025-06-15,review_submitted
CUST04424,2025-05-18,site_visit
CUST04424,2025-03-06,email_open
CUST04424,2025-06-22,site_visit
CUST04424,2025-07-29,site_visit
CUST04425,2024-10-21,email_open
CUST04426,2025-01-17,cart_add
CUST04427,2025-02-09,review_submitted
CUST04427,2025-04-12,review_submitted
CUST04427,2024-07-16,site_visit
CUST04427,2024-10-25,site_visit
CUST04427,2025-02-01,cart_add
CUST04427,2024-10-02,cart_abandon
CUST04428,2025-07-15,site_visit
CUST04429,2024-11-13,site_visit
CUST04430,2025-05-15,site_visit
CUST04430,2025-06-17,cart_add
CUST04430,2025-07-15,site_visit
CUST04430,2025-04-24,site_visit
CUST04430,2025-06-23,cart_add
CUST04431,2025-06-24,site_visit
CUST04431,2025-04-19,site_visit
CUST04431,2025-05-07,cart_add
CUST04431,2025-06-15,cart_abandon
CUST04431,2025-04-06,cart_add
CUST04431,2025-05-20,site_visit
CUST04432,2024-11-27,review_submitted
CUST04432,2025-04-24,site_visit
CUST04433,2025-05-24,site_visit
CUST04434,2025-06-21,site_visit
CUST04435,2024-09-09,cart_abandon
CUST04436,2025-05-05,cart_abandon
CUST04437,2025-03-16,email_open
CUST04438,2025-06-16,cart_abandon
CUST04438,2025-04-28,site_visit
CUST04438,2025-05-29,cart_add
CUST04438,2025-04-13,cart_add
CUST04439,2025-07-27,site_visit
CUST04439,2025-07-29,site_visit
CUST04439,2025-07-26,site_visit
CUST04439,2025-07-30,site_visit
CUST04439,2025-07-28,site_visit
CUST04440,2025-06-11,support_ticket
CUST04441,2025-06-07,email_open
CUST04441,2025-07-18,site_visit
CUST04441,2025-05-29,site_visit
CUST04441,2025-07-28,cart_add
CUST04441,2025-07-01,support_ticket
CUST04441,2025-07-02,email_open
CUST04441,2025-06-24,site_visit
CUST04442,2025-04-30,review_submitted
CUST04442,2025-07-10,site_visit
CUST04442,2025-06-17,site_visit
CUST04442,2025-06-01,site_visit
CUST04442,2025-06-27,site_visit
CUST04443,2025-04-25,review_submitted
CUST04444,2025-07-10,site_visit
CUST04445,2025-05-16,email_open
CUST04446,2025-07-29,site_visit
CUST04446,2025-07-31,cart_add
CUST04446,2025-07-26,cart_add
CUST04446,2025-07-25,email_open
CUST04446,2025-07-18,site_visit
CUST04446,2025-07-20,site_visit
CUST04446,2025-07-24,email_open
CUST04447,2025-07-25,email_open
CUST04448,2025-05-23,cart_add
CUST04448,2025-07-03,site_visit
CUST04449,2024-08-31,review_submitted
CUST04450,2025-04-07,site_visit
CUST04450,2025-03-30,site_visit
CUST04450,2025-05-09,site_visit
CUST04451,2025-01-03,cart_abandon
CUST04451,2024-10-24,site_visit
CUST04451,2025-05-02,cart_abandon
CUST04452,2025-01-16,site_visit
CUST04452,2025-05-12,email_open
CUST04453,2025-07-20,cart_add
CUST04453,2025-07-01,email_open
CUST04453,2025-05-16,site_visit
CUST04453,2025-06-08,email_open
CUST04453,2025-05-06,site_visit
CUST04454,2025-07-17,site_visit
CUST04454,2025-04-12,site_visit
CUST04454,2025-07-01,site_visit
CUST04455,2025-05-27,cart_abandon
CUST04455,2025-06-26,site_visit
CUST04455,2025-07-30,email_open
CUST04455,2025-07-23,site_visit
CUST04455,2025-06-15,cart_add
CUST04455,2025-07-21,cart_abandon
CUST04455,2025-06-12,site_visit
CUST04455,2025-06-01,cart_abandon
CUST04456,2025-06-01,cart_abandon
CUST04456,2024-08-19,site_visit
CUST04456,2024-07-19,cart_abandon
CUST04456,2024-03-14,email_open
CUST04456,2024-07-16,site_visit
CUST04457,2025-04-28,cart_add
CUST04458,2025-01-02,site_visit
CUST04459,2024-11-07,email_open
CUST04459,2025-06-06,cart_add
CUST04460,2025-06-26,cart_abandon
CUST04461,2025-01-29,site_visit
CUST04462,2025-06-04,site_visit
CUST04462,2025-05-13,site_visit
CUST04463,2025-07-29,site_visit
CUST04463,2025-07-31,site_visit
CUST04463,2025-07-31,site_visit
CUST04463,2025-07-30,site_visit
CUST04463,2025-07-29,email_open
CUST04463,2025-07-30,cart_add
CUST04463,2025-07-29,site_visit
CUST04463,2025-07-28,site_visit
CUST04463,2025-07-28,cart_abandon
CUST04463,2025-07-28,site_visit
CUST04463,2025-07-31,cart_abandon
CUST04464,2025-07-09,site_visit
CUST04465,2025-04-02,site_visit
CUST04465,2025-05-13,email_open
CUST04465,2025-05-09,cart_abandon
CUST04466,2024-11-09,review_submitted
CUST04466,2025-02-14,cart_add
CUST04467,2025-05-01,site_visit
CUST04468,2024-09-29,cart_abandon
CUST04469,2025-07-27,email_open
CUST04469,2025-07-07,site_visit
CUST04469,2025-07-28,site_visit
CUST04469,2025-07-23,site_visit
CUST04469,2025-07-19,cart_add
CUST04469,2025-06-30,cart_abandon
CUST04469,2025-07-05,email_open
CUST04470,2025-07-26,cart_abandon
CUST04470,2025-06-09,site_visit
CUST04470,2025-07-08,cart_add
CUST04471,2025-07-13,site_visit
CUST04471,2025-06-18,site_visit
CUST04471,2025-07-09,cart_abandon
CUST04471,2025-07-14,site_visit
CUST04471,2025-07-12,cart_add
CUST04471,2025-07-30,cart_abandon
CUST04471,2025-07-12,cart_add
CUST04471,2025-07-03,email_open
CUST04472,2025-07-25,cart_abandon
CUST04472,2025-07-30,cart_abandon
CUST04472,2025-07-30,site_visit
CUST04473,2025-04-12,site_visit
CUST04474,2025-05-25,cart_abandon
CUST04475,2025-05-22,site_visit
CUST04475,2025-07-15,cart_add
CUST04475,2025-03-29,site_visit
CUST04475,2025-05-12,site_visit
CUST04476,2025-03-25,email_open
CUST04477,2025-03-01,cart_abandon
CUST04478,2025-04-12,cart_add
CUST04479,2025-05-12,site_visit
CUST04479,2025-06-28,site_visit
CUST04480,2025-02-04,site_visit
CUST04480,2025-03-16,site_visit
CUST04481,2024-11-11,cart_add
CUST04482,2024-11-13,email_open
CUST04483,2025-01-08,cart_add
CUST04483,2025-03-22,email_open
CUST04484,2025-06-14,site_visit
CUST04484,2024-12-18,site_visit
CUST04485,2025-01-28,email_open
CUST04486,2025-03-21,site_visit
CUST04486,2025-04-23,review_submitted
CUST04486,2025-06-10,cart_add
CUST04486,2025-07-24,site_visit
CUST04487,2024-09-22,cart_add
CUST04488,2025-06-14,site_visit
CUST04489,2025-04-11,cart_abandon
CUST04489,2025-06-01,site_visit
CUST04489,2025-05-21,site_visit
CUST04489,2025-05-25,site_visit
CUST04489,2025-03-30,cart_add
CUST04489,2025-04-08,cart_add
CUST04490,2025-06-19,cart_abandon
CUST04490,2025-06-11,site_visit
CUST04491,2024-08-04,site_visit
CUST04492,2025-07-29,site_visit
CUST04492,2025-03-05,email_open
CUST04492,2025-04-26,site_visit
CUST04493,2025-03-19,site_visit
CUST04493,2024-12-25,cart_abandon
CUST04494,2025-05-06,review_submitted
CUST04494,2025-06-13,cart_abandon
CUST04494,2025-07-13,cart_abandon
CUST04494,2025-05-26,cart_add
CUST04494,2025-06-17,cart_abandon
CUST04494,2025-04-13,cart_add
CUST04495,2025-07-03,email_open
CUST04495,2025-06-17,cart_add
CUST04495,2025-07-23,site_visit
CUST04496,2025-01-08,email_open
CUST04496,2025-06-19,cart_abandon
CUST04497,2025-07-21,email_open
CUST04497,2025-01-22,site_visit
CUST04498,2025-06-08,site_visit
CUST04499,2025-04-19,site_visit
CUST04500,2025-06-07,site_visit
CUST04501,2024-12-23,cart_add
CUST04501,2025-01-03,site_visit
CUST04501,2025-06-18,site_visit
CUST04501,2025-07-05,email_open
CUST04501,2025-04-15,email_open
CUST04501,2025-02-24,site_visit
CUST04502,2025-02-12,cart_add
CUST04503,2024-08-05,site_visit
CUST04504,2025-03-04,cart_abandon
CUST04504,2024-08-10,cart_abandon
CUST04505,2025-07-26,email_open
CUST04506,2024-10-28,cart_add
CUST04506,2025-02-11,cart_add
CUST04507,2025-06-02,cart_abandon
CUST04507,2025-07-05,site_visit
CUST04507,2025-07-15,email_open
CUST04508,2024-11-01,site_visit
CUST04509,2025-05-26,site_visit
CUST04509,2025-05-03,cart_abandon
CUST04509,2025-06-14,site_visit
CUST04509,2025-05-12,cart_abandon
CUST04509,2025-03-29,site_visit
CUST04509,2025-03-11,email_open
CUST04509,2025-05-10,cart_abandon
CUST04509,2025-04-21,cart_abandon
CUST04509,2025-02-03,cart_abandon
CUST04509,2025-05-28,email_open
CUST04509,2025-01-02,site_visit
CUST04509,2024-12-24,cart_abandon
CUST04510,2025-06-26,site_visit
CUST04510,2025-07-20,cart_add
CUST04511,2024-07-11,email_open
CUST04512,2025-06-05,site_visit
CUST04513,2024-06-30,site_visit
CUST04514,2025-04-11,site_visit
CUST04514,2025-04-17,site_visit
CUST04514,2025-03-16,site_visit
CUST04515,2025-03-01,site_visit
CUST04516,2024-10-08,site_visit
CUST04516,2025-04-15,site_visit
CUST04517,2025-05-23,email_open
CUST04518,2025-06-07,site_visit
CUST04518,2025-07-02,site_visit
CUST04518,2025-07-19,cart_add
CUST04518,2025-06-18,site_visit
CUST04518,2025-06-23,review_submitted
CUST04519,2024-11-02,cart_add
CUST04520,2024-02-15,cart_add
CUST04521,2025-07-27,site_visit
CUST04521,2025-07-09,cart_add
CUST04521,2025-06-23,cart_abandon
CUST04521,2025-07-10,site_visit
CUST04521,2025-06-26,site_visit
CUST04521,2025-07-20,site_visit
CUST04521,2025-06-06,site_visit
CUST04522,2025-07-15,cart_add
CUST04522,2025-02-22,cart_abandon
CUST04523,2025-07-06,site_visit
CUST04523,2025-07-21,review_submitted
CUST04523,2025-07-15,email_open
CUST04523,2025-06-13,email_open
CUST04523,2025-07-01,site_visit
CUST04523,2025-06-06,email_open
CUST04524,2025-01-01,site_visit
CUST04525,2025-07-16,site_visit
CUST04525,2025-06-15,cart_add
CUST04526,2025-07-22,site_visit
CUST04527,2025-06-08,site_visit
CUST04527,2025-05-04,site_visit
CUST04527,2025-04-23,cart_add
CUST04528,2025-07-20,site_visit
CUST04528,2025-07-05,site_visit
CUST04528,2025-07-22,cart_add
CUST04528,2025-06-15,site_visit
CUST04528,2025-06-16,cart_add
CUST04528,2025-07-28,cart_abandon
CUST04528,2025-07-18,support_ticket
CUST04529,2025-03-31,cart_add
CUST04529,2024-12-19,cart_abandon
CUST04530,2025-04-24,site_visit
CUST04531,2025-06-12,cart_add
CUST04532,2025-03-13,site_visit
CUST04533,2025-03-13,site_visit
CUST04534,2025-02-06,email_open
CUST04535,2025-01-31,cart_add
CUST04535,2024-12-03,cart_add
CUST04536,2025-04-18,email_open
CUST04537,2025-02-13,site_visit
CUST04537,2025-06-06,cart_add
CUST04537,2025-02-01,site_visit
CUST04538,2025-03-12,cart_abandon
CUST04538,2025-03-17,cart_abandon
CUST04539,2024-08-08,site_visit
CUST04540,2024-07-19,site_visit
CUST04541,2024-10-11,cart_add
CUST04542,2024-12-08,cart_add
CUST04543,2024-07-11,cart_add
CUST04544,2024-09-21,email_open
CUST04545,2025-03-31,cart_add
CUST04546,2025-05-10,cart_abandon
CUST04546,2025-07-16,cart_add
CUST04546,2025-06-16,cart_add
CUST04546,2025-07-03,site_visit
CUST04546,2025-05-09,site_visit
CUST04546,2025-06-07,email_open
CUST04547,2025-01-19,site_visit
CUST04548,2025-07-07,site_visit
CUST04548,2025-03-25,cart_add
CUST04549,2025-05-25,site_visit
CUST04549,2025-01-25,site_visit
CUST04550,2025-07-10,site_visit
CUST04550,2025-06-01,site_visit
CUST04551,2025-06-25,cart_abandon
CUST04551,2025-07-05,site_visit
CUST04551,2025-06-23,site_visit
CUST04551,2025-07-17,site_visit
CUST04552,2025-06-12,site_visit
CUST04553,2024-09-24,email_open
CUST04553,2025-05-11,review_submitted
CUST04553,2024-10-27,site_visit
CUST04553,2024-07-15,site_visit
CUST04553,2025-05-13,site_visit
CUST04554,2025-07-22,cart_abandon
CUST04554,2025-07-07,email_open
CUST04554,2025-06-01,cart_abandon
CUST04554,2025-07-20,support_ticket
CUST04554,2025-06-02,review_submitted
CUST04555,2024-12-15,site_visit
CUST04556,2025-02-18,cart_add
CUST04556,2025-07-29,cart_add
CUST04557,2025-05-06,site_visit
CUST04558,2025-01-29,cart_add
CUST04559,2025-07-10,site_visit
CUST04559,2025-07-30,cart_add
CUST04559,2025-06-25,cart_abandon
CUST04560,2025-07-30,site_visit
CUST04560,2025-07-31,site_visit
CUST04560,2025-07-29,site_visit
CUST04560,2025-07-31,site_visit
CUST04560,2025-07-30,cart_abandon
CUST04561,2025-03-13,site_visit
CUST04561,2025-07-22,site_visit
CUST04561,2025-07-03,site_visit
CUST04561,2025-07-21,email_open
CUST04562,2025-03-13,cart_abandon
CUST04563,2025-07-08,site_visit
CUST04563,2025-07-13,cart_add
CUST04563,2025-07-02,site_visit
CUST04563,2025-06-29,site_visit
CUST04563,2025-07-11,support_ticket
CUST04563,2025-06-28,review_submitted
CUST04563,2025-05-28,cart_add
CUST04564,2025-03-28,site_visit
CUST04565,2025-01-22,cart_abandon
CUST04565,2025-03-13,email_open
CUST04566,2025-07-15,cart_abandon
CUST04566,2025-07-17,site_visit
CUST04566,2025-07-29,site_visit
CUST04566,2025-06-19,site_visit
CUST04567,2024-07-26,site_visit
CUST04568,2025-01-23,site_visit
CUST04569,2024-12-11,site_visit
CUST04570,2025-06-16,site_visit
CUST04570,2025-07-05,cart_abandon
CUST04571,2024-11-26,email_open
CUST04572,2025-02-04,site_visit
CUST04572,2025-04-15,site_visit
CUST04572,2025-02-19,review_submitted
CUST04572,2025-04-03,site_visit
CUST04572,2025-02-03,email_open
CUST04572,2025-05-20,email_open
CUST04572,2025-07-21,site_visit
CUST04572,2025-06-01,cart_add
CUST04572,2025-04-05,cart_add
CUST04572,2025-05-01,site_visit
CUST04572,2025-02-10,cart_add
CUST04572,2025-07-22,site_visit
CUST04573,2024-11-06,cart_add
CUST04574,2025-05-09,email_open
CUST04574,2025-05-01,cart_add
CUST04575,2025-07-07,cart_add
CUST04575,2025-07-14,cart_abandon
CUST04576,2025-04-13,site_visit
CUST04577,2024-10-31,email_open
CUST04578,2025-03-24,site_visit
CUST04579,2025-07-17,site_visit
CUST04579,2025-07-20,email_open
CUST04579,2025-07-20,cart_add
CUST04579,2025-07-28,cart_add
CUST04579,2025-07-26,site_visit
CUST04579,2025-07-25,cart_abandon
CUST04579,2025-07-19,site_visit
CUST04579,2025-07-25,site_visit
CUST04579,2025-07-17,site_visit
CUST04580,2025-06-12,site_visit
CUST04580,2025-01-05,cart_add
CUST04580,2025-07-05,site_visit
CUST04580,2025-01-21,cart_add
CUST04580,2025-01-28,support_ticket
CUST04581,2025-07-18,cart_abandon
CUST04581,2025-07-12,site_visit
CUST04581,2025-07-05,review_submitted
CUST04582,2025-05-21,support_ticket
CUST04583,2025-04-01,site_visit
CUST04583,2025-04-24,cart_abandon
CUST04583,2025-07-17,cart_abandon
CUST04583,2025-06-25,cart_add
CUST04584,2025-04-28,site_visit
CUST04584,2025-07-28,cart_add
CUST04584,2025-06-09,site_visit
CUST04584,2025-07-28,site_visit
CUST04585,2025-07-09,site_visit
CUST04585,2025-05-25,site_visit
CUST04585,2025-05-19,cart_abandon
CUST04586,2025-07-19,site_visit
CUST04586,2025-07-23,review_submitted
CUST04586,2025-07-14,site_visit
CUST04586,2025-07-25,site_visit
CUST04586,2025-07-19,site_visit
CUST04586,2025-07-15,email_open
CUST04587,2025-04-19,review_submitted
CUST04588,2024-08-22,cart_abandon
CUST04589,2025-06-09,email_open
CUST04589,2025-03-01,cart_add
CUST04589,2025-02-14,site_visit
CUST04590,2025-04-30,site_visit
CUST04590,2025-03-04,site_visit
CUST04590,2025-05-12,site_visit
CUST04591,2025-02-26,site_visit
CUST04591,2025-06-08,cart_abandon
CUST04592,2025-05-24,site_visit
CUST04593,2024-12-05,review_submitted
CUST04593,2024-12-09,cart_abandon
CUST04593,2025-03-29,email_open
CUST04594,2024-12-07,cart_abandon
CUST04594,2025-04-11,email_open
CUST04595,2024-12-01,cart_abandon
CUST04595,2025-04-07,cart_add
CUST04595,2025-03-09,review_submitted
CUST04596,2025-06-25,site_visit
CUST04596,2025-06-27,email_open
CUST04596,2025-04-30,cart_add
CUST04597,2025-06-11,cart_add
CUST04597,2025-03-22,cart_abandon
CUST04598,2024-06-29,site_visit
CUST04599,2025-02-06,site_visit
CUST04600,2024-08-13,cart_add
CUST04601,2024-11-04,cart_add
CUST04602,2025-05-21,site_visit
CUST04602,2025-06-22,site_visit
CUST04602,2025-05-14,review_submitted
CUST04602,2025-07-15,support_ticket
CUST04602,2025-04-09,site_visit
CUST04602,2025-06-30,cart_abandon
CUST04603,2025-06-17,cart_add
CUST04603,2025-07-14,email_open
CUST04603,2025-07-16,email_open
CUST04603,2025-06-24,cart_add
CUST04604,2025-01-11,site_visit
CUST04604,2025-06-22,cart_add
CUST04604,2025-03-18,review_submitted
CUST04605,2025-03-30,cart_abandon
CUST04605,2025-05-26,site_visit
CUST04606,2025-06-26,site_visit
CUST04606,2025-06-13,site_visit
CUST04606,2025-07-03,review_submitted
CUST04606,2025-06-17,cart_add
CUST04606,2025-06-12,cart_add
CUST04606,2025-06-16,site_visit
CUST04606,2025-06-07,cart_add
CUST04607,2025-05-23,cart_abandon
CUST04607,2025-05-26,site_visit
CUST04607,2025-06-22,site_visit
CUST04607,2025-07-29,email_open
CUST04607,2025-05-28,email_open
CUST04607,2025-06-12,email_open
CUST04607,2025-05-20,site_visit
CUST04608,2024-07-21,site_visit
CUST04609,2025-07-08,site_visit
CUST04609,2025-07-04,cart_abandon
CUST04609,2025-07-24,site_visit
CUST04609,2025-07-26,cart_add
CUST04609,2025-07-20,site_visit
CUST04609,2025-07-25,site_visit
CUST04610,2025-02-04,cart_abandon
CUST04611,2024-10-01,cart_abandon
CUST04611,2024-10-24,email_open
CUST04612,2025-03-16,review_submitted
CUST04613,2025-07-14,site_visit
CUST04613,2025-03-18,site_visit
CUST04614,2024-10-18,site_visit
CUST04615,2025-04-18,review_submitted
CUST04616,2025-05-08,site_visit
CUST04617,2025-06-17,email_open
CUST04617,2025-07-13,site_visit
CUST04617,2025-05-29,cart_add
CUST04617,2025-07-29,site_visit
CUST04618,2025-06-02,cart_add
CUST04618,2025-06-13,cart_abandon
CUST04618,2025-06-03,support_ticket
CUST04618,2025-06-15,site_visit
CUST04618,2025-07-30,site_visit
CUST04619,2025-03-18,cart_abandon
CUST04620,2025-07-06,site_visit
CUST04620,2025-07-12,email_open
CUST04620,2025-05-24,review_submitted
CUST04620,2025-05-26,email_open
CUST04621,2025-07-17,cart_add
CUST04621,2025-07-15,cart_add
CUST04621,2025-06-22,site_visit
CUST04621,2025-05-26,cart_add
CUST04621,2025-06-22,site_visit
CUST04621,2025-06-15,site_visit
CUST04622,2025-06-06,cart_abandon
CUST04622,2025-06-02,review_submitted
CUST04623,2025-06-29,site_visit
CUST04624,2025-02-02,site_visit
CUST04624,2025-02-15,cart_add
CUST04624,2025-06-19,cart_add
CUST04624,2025-06-29,cart_add
CUST04625,2025-06-28,site_visit
CUST04625,2025-07-15,cart_abandon
CUST04625,2025-07-19,site_visit
CUST04625,2025-07-05,cart_abandon
CUST04625,2025-07-20,cart_add
CUST04625,2025-07-02,site_visit
CUST04625,2025-07-23,cart_add
CUST04626,2025-04-06,site_visit
CUST04626,2025-06-01,site_visit
CUST04627,2025-05-13,site_visit
CUST04628,2025-01-05,cart_add
CUST04629,2025-03-15,cart_abandon
CUST04629,2025-04-24,site_visit
CUST04629,2025-01-28,site_visit
CUST04630,2025-02-18,site_visit
CUST04631,2024-09-12,site_visit
CUST04632,2024-12-20,cart_add
CUST04633,2025-07-28,email_open
CUST04633,2025-05-08,email_open
CUST04633,2025-05-01,site_visit
CUST04633,2025-06-06,cart_add
CUST04633,2025-06-10,email_open
CUST04633,2025-07-04,cart_add
CUST04634,2025-06-15,site_visit
CUST04634,2025-07-23,cart_abandon
CUST04634,2025-07-20,site_visit
CUST04634,2025-06-08,cart_add
CUST04634,2025-05-24,cart_add
CUST04634,2025-07-12,email_open
CUST04634,2025-05-30,site_visit
CUST04635,2024-08-25,cart_add
CUST04636,2025-07-10,site_visit
CUST04636,2025-07-13,site_visit
CUST04636,2025-07-11,site_visit
CUST04636,2025-07-30,site_visit
CUST04636,2025-07-05,cart_add
CUST04636,2025-07-15,site_visit
CUST04636,2025-07-20,cart_add
CUST04636,2025-07-10,site_visit
CUST04637,2024-10-21,site_visit
CUST04638,2025-02-15,cart_abandon
CUST04639,2025-05-11,cart_abandon
CUST04639,2025-07-26,site_visit
CUST04639,2025-06-10,site_visit
CUST04639,2025-06-03,cart_abandon
CUST04640,2025-06-02,site_visit
CUST04640,2025-04-28,cart_abandon
CUST04640,2025-06-01,site_visit
CUST04641,2025-07-03,email_open
CUST04641,2025-07-08,review_submitted
CUST04641,2025-06-30,site_visit
CUST04641,2025-07-30,email_open
CUST04641,2025-07-29,email_open
CUST04641,2025-06-30,cart_add
CUST04641,2025-07-07,site_visit
CUST04641,2025-06-30,cart_add
CUST04642,2025-01-29,site_visit
CUST04643,2025-06-05,site_visit
CUST04643,2025-06-02,support_ticket
CUST04643,2025-06-12,site_visit
CUST04643,2025-07-31,email_open
CUST04643,2025-05-19,cart_add
CUST04644,2025-06-20,cart_abandon
CUST04645,2025-07-25,site_visit
CUST04645,2025-07-10,review_submitted
CUST04645,2025-07-23,site_visit
CUST04645,2025-03-04,cart_abandon
CUST04646,2025-04-30,site_visit
CUST04647,2025-04-15,site_visit
CUST04647,2025-03-12,site_visit
CUST04647,2025-02-22,site_visit
CUST04647,2025-06-17,email_open
CUST04647,2025-06-04,site_visit
CUST04648,2024-09-17,email_open
CUST04649,2025-06-18,site_visit
CUST04649,2025-07-23,cart_add
CUST04649,2025-07-01,site_visit
CUST04649,2025-06-17,cart_add
CUST04650,2025-03-31,cart_abandon
CUST04651,2024-08-29,site_visit
CUST04652,2025-07-17,cart_abandon
CUST04652,2025-03-21,site_visit
CUST04652,2025-06-12,support_ticket
CUST04652,2025-03-17,cart_add
CUST04652,2025-03-01,site_visit
CUST04652,2025-04-30,cart_add
CUST04653,2025-07-11,site_visit
CUST04653,2025-03-06,site_visit
CUST04654,2025-06-28,cart_abandon
CUST04654,2025-05-16,cart_add
CUST04654,2025-05-12,site_visit
CUST04654,2025-05-14,site_visit
CUST04654,2025-06-17,cart_abandon
CUST04655,2025-01-07,cart_add
CUST04655,2024-12-18,cart_add
CUST04656,2025-03-08,site_visit
CUST04657,2025-05-15,support_ticket
CUST04657,2025-05-18,cart_abandon
CUST04657,2025-07-01,site_visit
CUST04657,2025-06-01,cart_abandon
CUST04657,2025-07-16,site_visit
CUST04657,2025-07-14,cart_add
CUST04657,2025-05-25,site_visit
CUST04657,2025-05-25,site_visit
CUST04657,2025-05-14,site_visit
CUST04657,2025-07-19,site_visit
CUST04657,2025-06-30,cart_add
CUST04658,2025-07-17,site_visit
CUST04658,2025-06-14,site_visit
CUST04659,2025-03-14,review_submitted
CUST04660,2025-05-29,review_submitted
CUST04661,2025-06-03,site_visit
CUST04661,2025-07-23,site_visit
CUST04662,2025-02-07,cart_abandon
CUST04662,2025-07-14,site_visit
CUST04662,2025-06-01,site_visit
CUST04662,2025-04-02,email_open
CUST04662,2025-05-15,email_open
CUST04663,2025-07-07,cart_add
CUST04663,2025-04-22,support_ticket
CUST04664,2025-07-09,email_open
CUST04664,2025-07-01,cart_add
CUST04664,2025-06-01,cart_add
CUST04664,2025-05-05,cart_add
CUST04665,2025-07-18,cart_add
CUST04665,2025-07-13,site_visit
CUST04665,2025-06-16,email_open
CUST04665,2025-07-31,site_visit
CUST04665,2025-05-28,email_open
CUST04666,2025-05-24,review_submitted
CUST04666,2025-02-18,site_visit
CUST04666,2025-07-19,email_open
CUST04666,2025-04-15,site_visit
CUST04667,2025-05-27,site_visit
CUST04668,2025-05-28,cart_add
CUST04668,2025-05-03,site_visit
CUST04668,2025-07-15,site_visit
CUST04669,2025-07-12,cart_abandon
CUST04669,2025-06-19,cart_abandon
CUST04670,2025-03-30,site_visit
CUST04670,2025-03-14,email_open
CUST04670,2025-06-13,cart_abandon
CUST04670,2025-06-27,site_visit
CUST04670,2025-02-28,cart_abandon
CUST04671,2024-09-06,cart_add
CUST04672,2025-06-16,site_visit
CUST04673,2025-04-25,site_visit
CUST04673,2025-04-12,cart_abandon
CUST04673,2025-04-10,site_visit
CUST04674,2025-06-12,site_visit
CUST04675,2025-07-28,site_visit
CUST04676,2025-06-03,cart_add
CUST04676,2025-06-12,cart_add
CUST04676,2025-07-20,site_visit
CUST04677,2024-03-30,email_open
CUST04678,2025-07-29,cart_add
CUST04678,2025-07-28,review_submitted
CUST04678,2025-07-24,cart_add
CUST04678,2025-07-07,site_visit
CUST04678,2025-07-29,cart_add
CUST04678,2025-07-12,site_visit
CUST04678,2025-07-26,review_submitted
CUST04678,2025-07-20,site_visit
CUST04678,2025-07-10,site_visit
CUST04678,2025-07-12,site_visit
CUST04678,2025-07-09,email_open
CUST04678,2025-07-16,site_visit
CUST04678,2025-07-09,cart_add
CUST04679,2025-07-09,cart_add
CUST04679,2025-07-19,cart_add
CUST04680,2025-04-02,support_ticket
CUST04680,2025-06-17,cart_add
CUST04681,2025-01-24,site_visit
CUST04682,2024-10-05,site_visit
CUST04683,2025-07-01,cart_add
CUST04683,2025-07-11,site_visit
CUST04684,2025-04-25,site_visit
CUST04685,2025-06-09,site_visit
CUST04685,2025-04-01,email_open
CUST04685,2025-05-13,cart_add
CUST04685,2025-05-26,cart_abandon
CUST04685,2025-04-28,email_open
CUST04686,2025-07-02,review_submitted
CUST04686,2024-10-23,cart_abandon
CUST04687,2025-07-24,site_visit
CUST04688,2025-01-30,cart_abandon
CUST04689,2025-03-16,cart_add
CUST04689,2025-05-10,support_ticket
CUST04690,2025-07-16,email_open
CUST04690,2025-07-29,site_visit
CUST04690,2025-07-20,site_visit
CUST04690,2025-07-25,review_submitted
CUST04691,2025-04-01,site_visit
CUST04691,2025-01-30,cart_add
CUST04692,2025-05-30,cart_abandon
CUST04693,2025-03-11,cart_add
CUST04694,2025-06-06,site_visit
CUST04695,2025-01-15,cart_add
CUST04696,2025-06-03,site_visit
CUST04696,2025-06-05,review_submitted
CUST04696,2025-06-07,site_visit
CUST04696,2025-07-01,review_submitted
CUST04696,2025-07-12,site_visit
CUST04696,2025-07-19,site_visit
CUST04697,2025-05-18,cart_add
CUST04698,2025-07-07,site_visit
CUST04699,2024-04-26,cart_add
CUST04700,2025-07-20,email_open
CUST04700,2025-07-20,review_submitted
CUST04700,2025-07-28,site_visit
CUST04700,2025-07-25,cart_add
CUST04700,2025-07-25,site_visit
CUST04700,2025-07-28,site_visit
CUST04700,2025-07-23,site_visit
CUST04700,2025-07-28,cart_add
CUST04700,2025-07-28,site_visit
CUST04701,2024-08-31,site_visit
CUST04702,2025-06-02,site_visit
CUST04703,2025-03-19,cart_add
CUST04704,2025-02-03,cart_add
CUST04704,2025-03-29,site_visit
CUST04705,2025-05-06,cart_abandon
CUST04706,2024-11-17,email_open
CUST04706,2025-06-06,cart_add
CUST04707,2025-06-25,cart_abandon
CUST04707,2025-07-31,site_visit
CUST04707,2025-06-21,cart_add
CUST04707,2025-05-15,site_visit
CUST04707,2025-06-18,cart_add
CUST04707,2025-05-16,email_open
CUST04707,2025-06-17,cart_abandon
CUST04707,2025-05-21,cart_abandon
CUST04707,2025-04-08,support_ticket
CUST04708,2024-11-11,email_open
CUST04709,2025-06-20,site_visit
CUST04709,2025-07-27,cart_abandon
CUST04709,2025-07-28,cart_abandon
CUST04709,2025-06-26,support_ticket
CUST04710,2025-06-06,site_visit
CUST04710,2025-01-03,cart_abandon
CUST04710,2025-07-01,site_visit
CUST04711,2025-04-30,cart_abandon
CUST04712,2025-07-09,cart_abandon
CUST04712,2025-04-10,site_visit
CUST04713,2025-03-23,cart_add
CUST04714,2025-04-27,email_open
CUST04714,2025-03-19,site_visit
CUST04714,2025-04-30,site_visit
CUST04714,2025-04-18,site_visit
CUST04715,2025-02-19,cart_add
CUST04715,2025-01-18,review_submitted
CUST04716,2025-02-01,site_visit
CUST04717,2025-05-22,cart_add
CUST04717,2025-03-12,site_visit
CUST04718,2025-07-28,site_visit
CUST04718,2025-07-28,email_open
CUST04718,2025-07-31,site_visit
CUST04718,2025-07-29,email_open
CUST04718,2025-07-28,cart_add
CUST04718,2025-07-29,cart_add
CUST04718,2025-07-30,cart_add
CUST04718,2025-07-31,site_visit
CUST04718,2025-07-28,cart_abandon
CUST04718,2025-07-30,email_open
CUST04718,2025-07-31,cart_add
CUST04718,2025-07-30,site_visit
CUST04719,2025-01-24,site_visit
CUST04720,2025-06-21,cart_add
CUST04720,2025-07-16,site_visit
CUST04720,2025-06-26,cart_add
CUST04720,2025-07-17,cart_add
CUST04720,2025-06-18,site_visit
CUST04720,2025-07-17,review_submitted
CUST04721,2025-03-30,email_open
CUST04722,2025-06-19,cart_add
CUST04723,2024-09-24,site_visit
CUST04724,2025-07-14,support_ticket
CUST04725,2025-07-06,cart_add
CUST04726,2024-10-14,cart_abandon
CUST04727,2025-06-30,site_visit
CUST04727,2025-06-23,site_visit
CUST04727,2025-07-16,site_visit
CUST04727,2025-07-01,cart_abandon
CUST04727,2025-06-20,review_submitted
CUST04727,2025-06-22,site_visit
CUST04727,2025-07-16,cart_add
CUST04727,2025-07-18,cart_abandon
CUST04727,2025-07-05,cart_abandon
CUST04727,2025-06-16,review_submitted
CUST04727,2025-06-25,review_submitted
CUST04728,2025-06-09,cart_abandon
CUST04728,2025-07-20,email_open
CUST04728,2025-05-11,site_visit
CUST04728,2025-05-09,site_visit
CUST04728,2025-07-10,site_visit
CUST04728,2025-05-10,site_visit
CUST04728,2025-05-30,cart_abandon
CUST04728,2025-06-23,cart_abandon
CUST04729,2025-07-08,cart_abandon
CUST04729,2025-06-29,support_ticket
CUST04729,2025-04-17,site_visit
CUST04730,2025-01-02,site_visit
CUST04731,2024-06-24,email_open
CUST04732,2024-03-31,site_visit
CUST04733,2025-03-07,cart_add
CUST04733,2025-05-27,site_visit
CUST04734,2025-07-31,site_visit
CUST04734,2025-07-20,site_visit
CUST04734,2025-07-17,email_open
CUST04734,2025-06-22,cart_add
CUST04735,2025-07-31,site_visit
CUST04735,2025-01-11,cart_add
CUST04736,2024-05-03,cart_add
CUST04737,2024-12-29,site_visit
CUST04737,2024-12-26,site_visit
CUST04737,2025-04-22,cart_abandon
CUST04738,2025-06-20,site_visit
CUST04739,2025-06-26,cart_add
CUST04739,2025-07-09,email_open
CUST04740,2025-07-06,site_visit
CUST04740,2025-03-18,site_visit
CUST04740,2025-02-18,review_submitted
CUST04741,2025-07-12,email_open
CUST04741,2025-05-21,site_visit
CUST04742,2025-07-04,site_visit
CUST04743,2025-01-03,site_visit
CUST04744,2025-07-30,site_visit
CUST04744,2025-07-27,site_visit
CUST04744,2025-07-27,site_visit
CUST04744,2025-07-29,email_open
CUST04744,2025-07-31,site_visit
CUST04744,2025-07-30,support_ticket
CUST04745,2025-07-25,site_visit
CUST04746,2024-06-11,site_visit
CUST04747,2024-05-28,site_visit
CUST04748,2025-07-23,email_open
CUST04749,2025-01-10,site_visit
CUST04749,2024-11-08,site_visit
CUST04750,2025-07-19,site_visit
CUST04750,2025-05-14,site_visit
CUST04750,2025-06-26,site_visit
CUST04751,2025-01-19,email_open
CUST04752,2024-12-24,site_visit
CUST04753,2025-03-25,site_visit
CUST04753,2025-05-19,site_visit
CUST04754,2025-05-02,cart_add
CUST04755,2025-06-04,site_visit
CUST04755,2025-06-21,cart_abandon
CUST04755,2025-06-09,support_ticket
CUST04756,2025-07-16,site_visit
CUST04756,2025-06-12,review_submitted
CUST04756,2025-06-13,site_visit
CUST04756,2025-07-27,site_visit
CUST04756,2025-07-02,site_visit
CUST04756,2025-06-27,support_ticket
CUST04756,2025-05-29,cart_add
CUST04756,2025-07-02,site_visit
CUST04757,2024-12-12,site_visit
CUST04758,2025-07-24,site_visit
CUST04758,2025-04-30,site_visit
CUST04758,2025-07-13,site_visit
CUST04759,2025-06-04,site_visit
CUST04760,2025-07-24,email_open
CUST04760,2025-07-30,site_visit
CUST04760,2025-07-30,cart_add
CUST04760,2025-07-28,cart_add
CUST04760,2025-07-28,site_visit
CUST04760,2025-07-28,email_open
CUST04760,2025-07-30,review_submitted
CUST04760,2025-07-24,site_visit
CUST04760,2025-07-30,site_visit
CUST04761,2025-03-28,cart_abandon
CUST04761,2025-04-23,site_visit
CUST04762,2025-07-28,site_visit
CUST04762,2025-07-31,site_visit
CUST04762,2025-07-30,cart_add
CUST04762,2025-07-28,site_visit
CUST04762,2025-07-25,cart_abandon
CUST04762,2025-07-24,cart_abandon
CUST04763,2025-07-01,email_open
CUST04763,2025-06-28,cart_add
CUST04764,2024-08-02,site_visit
CUST04765,2025-03-06,cart_abandon
CUST04766,2025-07-27,cart_add
CUST04766,2025-07-31,cart_add
CUST04766,2025-07-31,site_visit
CUST04766,2025-07-31,email_open
CUST04766,2025-07-28,cart_abandon
CUST04766,2025-07-31,cart_add
CUST04766,2025-07-27,cart_add
CUST04767,2025-05-19,cart_abandon
CUST04767,2025-06-29,cart_abandon
CUST04767,2025-06-05,email_open
CUST04767,2025-07-21,email_open
CUST04767,2025-05-18,cart_abandon
CUST04767,2025-05-21,email_open
CUST04767,2025-06-11,support_ticket
CUST04767,2025-06-29,site_visit
CUST04768,2024-06-11,site_visit
CUST04769,2025-04-24,site_visit
CUST04769,2025-05-26,cart_add
CUST04770,2024-12-28,site_visit
CUST04770,2024-10-10,site_visit
CUST04771,2024-03-15,cart_add
CUST04771,2024-08-15,cart_add
CUST04772,2025-04-18,email_open
CUST04773,2025-02-04,site_visit
CUST04774,2025-06-18,cart_add
CUST04774,2025-06-11,cart_abandon
CUST04774,2025-06-28,cart_abandon
CUST04774,2025-06-08,cart_add
CUST04774,2025-07-06,email_open
CUST04774,2025-07-20,cart_add
CUST04775,2024-10-10,cart_abandon
CUST04776,2025-05-18,site_visit
CUST04776,2025-07-17,site_visit
CUST04776,2025-05-18,review_submitted
CUST04776,2025-07-25,site_visit
CUST04776,2025-06-24,email_open
CUST04777,2024-07-27,site_visit
CUST04778,2025-07-10,site_visit
CUST04778,2025-04-08,site_visit
CUST04778,2024-10-17,site_visit
CUST04779,2024-09-13,email_open
CUST04779,2025-05-11,email_open
CUST04780,2025-02-08,site_visit
CUST04781,2025-03-23,site_visit
CUST04782,2024-07-23,cart_add
CUST04783,2025-04-20,cart_abandon
CUST04783,2025-04-22,site_visit
CUST04784,2025-03-16,site_visit
CUST04785,2025-02-19,site_visit
CUST04786,2025-07-19,site_visit
CUST04787,2025-05-29,site_visit
CUST04787,2025-06-16,email_open
CUST04787,2025-05-28,cart_add
CUST04787,2025-06-24,cart_abandon
CUST04787,2025-06-01,cart_add
CUST04787,2025-06-12,site_visit
CUST04788,2025-07-01,site_visit
CUST04788,2025-06-09,site_visit
CUST04788,2025-07-04,cart_add
CUST04788,2025-07-20,cart_abandon
CUST04789,2025-03-08,site_visit
CUST04789,2024-12-31,site_visit
CUST04790,2024-10-15,site_visit
CUST04791,2024-11-21,email_open
CUST04791,2024-05-03,site_visit
CUST04792,2025-07-07,site_visit
CUST04792,2025-07-15,site_visit
CUST04792,2025-07-13,site_visit
CUST04792,2025-07-11,site_visit
CUST04792,2025-07-21,site_visit
CUST04792,2025-07-24,site_visit
CUST04792,2025-07-10,site_visit
CUST04792,2025-07-02,email_open
CUST04792,2025-07-29,site_visit
CUST04792,2025-07-13,site_visit
CUST04792,2025-07-15,site_visit
CUST04793,2024-06-07,cart_add
CUST04794,2025-05-08,cart_abandon
CUST04795,2025-06-17,site_visit
CUST04796,2025-04-24,email_open
CUST04797,2024-06-04,support_ticket
CUST04798,2025-06-02,email_open
CUST04798,2025-07-25,site_visit
CUST04798,2025-06-20,site_visit
CUST04798,2025-07-18,cart_abandon
CUST04798,2025-07-15,site_visit
CUST04799,2024-04-23,email_open
CUST04800,2025-06-28,review_submitted
CUST04800,2025-03-30,site_visit
CUST04801,2025-07-06,site_visit
CUST04802,2025-07-19,cart_abandon
CUST04803,2025-07-10,site_visit
CUST04803,2025-07-09,site_visit
CUST04803,2025-06-29,site_visit
CUST04803,2025-06-21,site_visit
CUST04803,2025-06-28,cart_abandon
CUST04803,2025-07-18,site_visit
CUST04804,2025-05-30,site_visit
CUST04805,2025-07-04,cart_abandon
CUST04806,2025-05-04,site_visit
CUST04806,2025-01-18,cart_add
CUST04807,2024-03-30,site_visit
CUST04808,2025-07-04,email_open
CUST04808,2025-07-26,site_visit
CUST04808,2025-07-06,email_open
CUST04808,2025-07-06,cart_abandon
CUST04808,2025-07-17,site_visit
CUST04808,2025-07-21,site_visit
CUST04809,2024-07-22,cart_add
CUST04810,2025-06-11,cart_abandon
CUST04810,2025-05-19,site_visit
CUST04810,2025-07-04,site_visit
CUST04810,2025-07-08,cart_abandon
CUST04810,2025-07-29,site_visit
CUST04811,2025-05-23,email_open
CUST04812,2025-06-09,support_ticket
CUST04812,2025-07-13,cart_add
CUST04812,2025-05-14,site_visit
CUST04812,2025-07-19,site_visit
CUST04812,2025-07-01,cart_add
CUST04812,2025-07-30,review_submitted
CUST04812,2025-05-31,cart_add
CUST04813,2024-04-07,site_visit
CUST04814,2025-03-18,cart_abandon
CUST04814,2025-04-24,site_visit
CUST04815,2025-04-28,site_visit
CUST04815,2025-07-08,site_visit
CUST04815,2025-04-21,site_visit
CUST04815,2025-05-20,email_open
CUST04815,2025-07-29,email_open
CUST04816,2025-07-25,cart_add
CUST04816,2025-07-21,site_visit
CUST04816,2025-07-01,cart_add
CUST04816,2025-07-25,site_visit
CUST04816,2025-07-08,email_open
CUST04816,2025-07-09,email_open
CUST04816,2025-07-17,site_visit
CUST04816,2025-07-29,site_visit
CUST04816,2025-07-01,site_visit
CUST04816,2025-07-14,site_visit
CUST04816,2025-07-13,cart_abandon
CUST04817,2025-07-01,site_visit
CUST04817,2025-07-19,cart_add
CUST04817,2025-07-31,cart_abandon
CUST04817,2025-07-14,review_submitted
CUST04818,2025-06-03,support_ticket
CUST04818,2025-05-21,site_visit
CUST04819,2025-07-14,cart_add
CUST04819,2025-07-02,site_visit
CUST04819,2025-07-11,email_open
CUST04820,2024-12-09,cart_add
CUST04821,2024-11-22,site_visit
CUST04822,2024-11-10,site_visit
CUST04823,2025-03-13,cart_add
CUST04824,2025-03-17,cart_add
CUST04825,2025-04-23,site_visit
CUST04825,2025-03-07,site_visit
CUST04826,2024-11-12,cart_abandon
CUST04827,2025-03-22,site_visit
CUST04828,2025-01-30,site_visit
CUST04829,2025-05-19,site_visit
CUST04830,2025-04-29,cart_add
CUST04831,2025-04-08,email_open
CUST04831,2025-07-10,site_visit
CUST04831,2025-04-22,cart_add
CUST04831,2025-07-14,email_open
CUST04831,2025-05-13,cart_add
CUST04832,2025-04-09,cart_add
CUST04832,2025-06-06,cart_add
CUST04832,2025-07-15,cart_add
CUST04832,2025-07-13,email_open
CUST04833,2025-07-06,email_open
CUST04834,2024-07-22,review_submitted
CUST04835,2025-05-02,email_open
CUST04836,2025-07-02,site_visit
CUST04837,2025-07-24,site_visit
CUST04838,2025-05-27,site_visit
CUST04838,2025-07-31,site_visit
CUST04839,2024-06-07,email_open
CUST04840,2024-10-14,email_open
CUST04841,2025-07-20,site_visit
CUST04841,2025-07-04,cart_add
CUST04841,2025-07-24,review_submitted
CUST04841,2025-07-25,site_visit
CUST04841,2025-07-13,site_visit
CUST04841,2025-07-08,site_visit
CUST04842,2025-07-26,cart_abandon
CUST04842,2025-07-13,cart_abandon
CUST04842,2025-07-08,cart_add
CUST04842,2025-07-23,cart_add
CUST04842,2025-07-14,cart_add
CUST04842,2025-07-12,site_visit
CUST04842,2025-07-21,site_visit
CUST04842,2025-07-08,email_open
CUST04842,2025-07-13,email_open
CUST04842,2025-07-29,cart_add
CUST04843,2025-04-13,email_open
CUST04844,2025-03-03,site_visit
CUST04845,2025-02-06,cart_add
CUST04846,2025-04-09,cart_add
CUST04846,2025-03-20,site_visit
CUST04846,2024-11-05,email_open
CUST04847,2025-07-14,email_open
CUST04847,2025-07-21,cart_abandon
CUST04847,2025-07-18,cart_abandon
CUST04847,2025-07-09,cart_add
CUST04848,2024-12-25,support_ticket
CUST04849,2025-07-11,cart_add
CUST04849,2025-05-06,review_submitted
CUST04849,2025-06-27,cart_add
CUST04849,2025-05-17,email_open
CUST04849,2025-05-25,site_visit
CUST04850,2024-06-13,site_visit
CUST04851,2025-07-21,cart_abandon
CUST04851,2025-07-28,cart_abandon
CUST04851,2025-07-22,support_ticket
CUST04851,2025-07-28,cart_add
CUST04851,2025-07-31,support_ticket
CUST04851,2025-07-27,site_visit
CUST04851,2025-07-29,email_open
CUST04851,2025-07-27,site_visit
CUST04851,2025-07-19,site_visit
CUST04851,2025-07-19,site_visit
CUST04851,2025-07-19,cart_add
CUST04851,2025-07-22,site_visit
CUST04852,2024-12-19,cart_add
CUST04853,2025-06-29,cart_add
CUST04853,2025-05-17,cart_abandon
CUST04853,2025-04-23,cart_abandon
CUST04853,2025-06-11,site_visit
CUST04853,2025-07-12,site_visit
CUST04853,2025-05-11,email_open
CUST04854,2024-11-17,cart_add
CUST04855,2025-03-25,site_visit
CUST04855,2025-03-31,site_visit
CUST04855,2025-03-31,cart_abandon
CUST04855,2025-07-22,email_open
CUST04855,2025-07-26,site_visit
CUST04856,2025-04-23,site_visit
CUST04857,2025-03-09,email_open
CUST04858,2025-07-29,support_ticket
CUST04858,2025-07-11,site_visit
CUST04858,2025-07-14,site_visit
CUST04858,2025-07-23,cart_abandon
CUST04858,2025-07-17,site_visit
CUST04858,2025-07-05,cart_abandon
CUST04859,2025-07-11,site_visit
CUST04859,2025-07-20,cart_add
CUST04859,2025-06-24,site_visit
CUST04859,2025-06-29,cart_abandon
CUST04859,2025-06-26,email_open
CUST04859,2025-07-11,cart_add
CUST04859,2025-07-19,email_open
CUST04859,2025-07-04,email_open
CUST04859,2025-07-11,cart_add
CUST04859,2025-07-15,cart_abandon
CUST04860,2025-07-12,site_visit
CUST04860,2025-06-04,site_visit
CUST04860,2025-06-14,cart_abandon
CUST04860,2025-07-04,site_visit
CUST04860,2025-06-18,site_visit
CUST04860,2025-07-15,cart_abandon
CUST04860,2025-06-04,site_visit
CUST04860,2025-06-13,cart_add
CUST04860,2025-07-10,site_visit
CUST04860,2025-06-12,cart_abandon
CUST04861,2025-03-17,site_visit
CUST04861,2025-01-06,cart_abandon
CUST04861,2025-01-09,email_open
CUST04862,2025-06-24,cart_abandon
CUST04862,2025-06-13,email_open
CUST04862,2025-04-30,site_visit
CUST04862,2025-07-03,site_visit
CUST04862,2025-05-13,cart_abandon
CUST04863,2024-07-06,site_visit
CUST04864,2025-04-19,cart_add
CUST04865,2024-12-04,site_visit
CUST04866,2025-06-17,cart_add
CUST04866,2025-01-21,site_visit
CUST04866,2025-07-08,site_visit
CUST04866,2025-04-04,email_open
CUST04866,2025-05-09,email_open
CUST04866,2025-01-24,cart_add
CUST04867,2025-05-30,site_visit
CUST04868,2024-10-05,cart_add
CUST04869,2025-06-15,site_visit
CUST04869,2025-01-19,cart_add
CUST04870,2025-07-12,site_visit
CUST04870,2025-05-29,site_visit
CUST04870,2025-06-14,cart_abandon
CUST04871,2025-02-12,site_visit
CUST04872,2024-10-09,cart_add
CUST04873,2025-03-23,site_visit
CUST04874,2025-03-20,site_visit
CUST04875,2024-11-28,site_visit
CUST04876,2025-06-29,site_visit
CUST04876,2025-07-05,site_visit
CUST04876,2025-05-20,cart_add
CUST04877,2025-04-09,email_open
CUST04877,2025-05-16,site_visit
CUST04877,2025-06-12,site_visit
CUST04877,2025-01-14,site_visit
CUST04878,2025-03-01,email_open
CUST04878,2025-04-17,site_visit
CUST04878,2025-03-05,email_open
CUST04878,2025-04-23,review_submitted
CUST04878,2025-05-21,cart_add
CUST04879,2024-09-14,site_visit
CUST04880,2025-06-20,email_open
CUST04880,2025-06-12,site_visit
CUST04880,2025-05-26,site_visit
CUST04880,2025-07-21,email_open
CUST04880,2025-07-07,site_visit
CUST04881,2024-11-11,cart_add
CUST04882,2025-06-24,email_open
CUST04882,2025-02-27,email_open
CUST04883,2025-04-17,site_visit
CUST04883,2025-07-20,cart_abandon
CUST04883,2025-07-04,site_visit
CUST04883,2025-05-21,cart_abandon
CUST04883,2025-06-06,site_visit
CUST04884,2025-06-15,review_submitted
CUST04885,2025-04-14,cart_add
CUST04886,2025-06-13,cart_add
CUST04886,2025-06-04,cart_abandon
CUST04886,2025-07-19,cart_abandon
CUST04886,2025-07-25,cart_abandon
CUST04886,2025-06-23,cart_add
CUST04887,2025-04-20,site_visit
CUST04888,2025-06-15,cart_abandon
CUST04889,2025-05-20,support_ticket
CUST04890,2025-04-26,cart_add
CUST04890,2025-03-10,email_open
CUST04890,2025-02-24,cart_add
CUST04890,2025-04-26,site_visit
CUST04891,2024-08-12,cart_add
CUST04891,2025-01-11,cart_add
CUST04892,2024-08-06,email_open
CUST04893,2025-03-03,site_visit
CUST04893,2025-03-16,site_visit
CUST04894,2025-02-28,cart_abandon
CUST04895,2025-01-17,site_visit
CUST04896,2024-09-16,email_open
CUST04897,2025-05-19,cart_add
CUST04897,2024-06-24,email_open
CUST04898,2025-06-22,cart_abandon
CUST04899,2024-05-23,site_visit
CUST04900,2025-07-05,site_visit
CUST04900,2025-06-25,site_visit
CUST04900,2025-06-18,site_visit
CUST04900,2025-07-28,cart_abandon
CUST04900,2025-07-04,site_visit
CUST04901,2024-09-03,site_visit
CUST04901,2025-06-14,cart_add
CUST04901,2024-10-22,email_open
CUST04902,2025-07-06,email_open
CUST04902,2025-04-09,review_submitted
CUST04903,2025-06-01,site_visit
CUST04904,2024-11-26,cart_abandon
CUST04905,2025-07-27,site_visit
CUST04905,2025-06-20,site_visit
CUST04905,2025-07-01,cart_abandon
CUST04905,2025-06-21,site_visit
CUST04905,2025-07-03,site_visit
CUST04905,2025-07-29,email_open
CUST04905,2025-07-19,email_open
CUST04905,2025-07-18,email_open
CUST04905,2025-06-27,cart_abandon
CUST04906,2025-07-30,cart_abandon
CUST04907,2025-07-11,site_visit
CUST04907,2025-07-19,site_visit
CUST04907,2025-07-13,site_visit
CUST04907,2025-07-11,cart_abandon
CUST04907,2025-07-25,site_visit
CUST04907,2025-07-29,email_open
CUST04907,2025-07-28,site_visit
CUST04908,2024-09-10,cart_abandon
CUST04909,2025-05-27,cart_add
CUST04909,2025-06-13,cart_add
CUST04910,2025-06-16,site_visit
CUST04911,2025-07-21,cart_add
CUST04911,2025-07-10,site_visit
CUST04911,2025-06-29,email_open
CUST04911,2025-07-07,site_visit
CUST04911,2025-07-25,cart_add
CUST04911,2025-07-09,site_visit
CUST04911,2025-07-25,site_visit
CUST04912,2025-03-10,site_visit
CUST04912,2025-02-03,review_submitted
CUST04913,2025-04-01,support_ticket
CUST04914,2024-06-25,cart_abandon
CUST04915,2024-05-22,email_open
CUST04916,2025-07-22,site_visit
CUST04916,2025-06-27,cart_add
CUST04916,2025-07-25,site_visit
CUST04916,2025-07-26,cart_abandon
CUST04916,2025-07-24,cart_abandon
CUST04917,2025-01-16,cart_add
CUST04918,2024-12-25,site_visit
CUST04919,2025-04-16,site_visit
CUST04919,2025-06-25,cart_abandon
CUST04919,2025-05-05,cart_add
CUST04919,2025-06-18,cart_abandon
CUST04920,2025-01-09,site_visit
CUST04921,2025-07-08,cart_abandon
CUST04921,2025-07-25,cart_abandon
CUST04921,2025-07-09,cart_abandon
CUST04921,2025-07-12,support_ticket
CUST04921,2025-07-31,cart_abandon
CUST04921,2025-07-30,site_visit
CUST04922,2025-03-29,site_visit
CUST04922,2025-05-27,site_visit
CUST04922,2025-07-04,cart_abandon
CUST04923,2025-05-28,cart_add
CUST04924,2025-06-03,site_visit
CUST04924,2025-06-14,email_open
CUST04925,2024-03-05,site_visit
CUST04926,2025-02-08,site_visit
CUST04927,2025-07-06,cart_abandon
CUST04928,2025-07-27,site_visit
CUST04929,2025-06-08,site_visit
CUST04929,2025-05-17,email_open
CUST04929,2025-06-13,cart_abandon
CUST04930,2025-06-27,email_open
CUST04930,2025-06-16,cart_abandon
CUST04930,2025-06-28,site_visit
CUST04930,2025-07-24,review_submitted
CUST04930,2025-07-07,cart_add
CUST04930,2025-07-08,site_visit
CUST04930,2025-07-19,site_visit
CUST04931,2025-01-10,cart_add
CUST04931,2024-12-03,cart_abandon
CUST04932,2024-11-24,cart_add
CUST04933,2025-07-11,cart_add
CUST04933,2025-07-08,site_visit
CUST04933,2025-07-14,site_visit
CUST04933,2025-07-19,site_visit
CUST04933,2025-07-07,site_visit
CUST04933,2025-07-10,site_visit
CUST04933,2025-07-20,site_visit
CUST04933,2025-07-26,cart_abandon
CUST04934,2025-06-07,cart_add
CUST04934,2025-02-24,cart_abandon
CUST04934,2025-07-27,site_visit
CUST04934,2025-04-25,review_submitted
CUST04934,2025-04-23,site_visit
CUST04934,2025-05-29,site_visit
CUST04934,2025-02-28,cart_abandon
CUST04934,2025-07-22,site_visit
CUST04934,2025-04-26,site_visit
CUST04935,2024-12-06,site_visit
CUST04936,2025-04-13,site_visit
CUST04937,2025-07-27,cart_add
CUST04937,2025-06-13,cart_abandon
CUST04937,2025-07-18,cart_add
CUST04937,2025-07-28,site_visit
CUST04937,2025-06-21,email_open
CUST04938,2025-03-29,email_open
CUST04939,2025-03-17,email_open
CUST04940,2025-07-18,site_visit
CUST04940,2025-07-07,cart_add
CUST04940,2025-06-01,email_open
CUST04940,2025-05-29,email_open
CUST04940,2025-06-27,site_visit
CUST04941,2024-11-30,site_visit
CUST04942,2025-07-15,email_open
CUST04943,2025-07-01,site_visit
CUST04943,2025-07-20,site_visit
CUST04943,2025-06-13,email_open
CUST04943,2025-06-12,site_visit
CUST04944,2025-01-17,cart_add
CUST04945,2025-06-16,cart_add
CUST04945,2025-04-23,review_submitted
CUST04945,2025-05-20,site_visit
CUST04946,2025-07-18,support_ticket
CUST04946,2025-07-19,email_open
CUST04946,2025-07-31,email_open
CUST04946,2025-07-05,site_visit
CUST04947,2025-06-26,cart_add
CUST04947,2025-01-25,email_open
CUST04947,2025-07-01,site_visit
CUST04947,2024-12-30,site_visit
CUST04948,2025-07-22,cart_add
CUST04948,2025-06-04,cart_add
CUST04948,2025-06-20,email_open
CUST04949,2025-07-23,cart_add
CUST04949,2025-06-09,site_visit
CUST04949,2025-06-23,site_visit
CUST04949,2025-04-29,site_visit
CUST04949,2025-07-15,site_visit
CUST04950,2025-07-15,cart_add
CUST04950,2025-06-26,cart_add
CUST04950,2025-05-15,email_open
CUST04950,2025-06-27,site_visit
CUST04950,2025-06-04,site_visit
CUST04950,2025-07-17,cart_abandon
CUST04951,2025-03-15,site_visit
CUST04952,2024-09-24,site_visit
CUST04953,2025-06-18,cart_add
CUST04954,2025-04-06,cart_abandon
CUST04954,2025-06-26,review_submitted
CUST04955,2025-01-07,cart_add
CUST04955,2025-02-07,site_visit
CUST04955,2025-02-06,site_visit
CUST04956,2025-05-07,site_visit
CUST04956,2025-04-01,support_ticket
CUST04956,2025-03-27,cart_abandon
CUST04957,2025-03-02,site_visit
CUST04958,2025-01-07,site_visit
CUST04958,2025-04-27,cart_add
CUST04959,2025-03-12,email_open
CUST04960,2025-04-13,site_visit
CUST04960,2025-06-26,site_visit
CUST04960,2025-05-17,site_visit
CUST04961,2025-03-27,support_ticket
CUST04961,2025-06-14,support_ticket
CUST04961,2025-01-02,cart_add
CUST04961,2025-05-26,email_open
CUST04962,2025-07-10,review_submitted
CUST04963,2025-04-24,email_open
CUST04964,2025-06-13,site_visit
CUST04964,2025-03-19,site_visit
CUST04964,2025-05-30,cart_add
CUST04964,2025-06-14,email_open
CUST04964,2025-07-29,cart_abandon
CUST04965,2025-03-24,site_visit
CUST04966,2024-11-09,cart_add
CUST04967,2025-07-22,cart_add
CUST04967,2025-07-26,cart_add
CUST04967,2025-07-27,cart_abandon
CUST04967,2025-07-18,site_visit
CUST04967,2025-07-20,cart_add
CUST04967,2025-07-13,site_visit
CUST04968,2025-04-26,site_visit
CUST04968,2025-07-27,email_open
CUST04968,2025-06-10,cart_add
CUST04968,2025-02-16,cart_add
CUST04968,2025-02-28,cart_add
CUST04969,2025-07-22,email_open
CUST04969,2025-07-21,cart_abandon
CUST04969,2025-07-14,support_ticket
CUST04970,2025-01-19,support_ticket
CUST04970,2024-11-22,site_visit
CUST04971,2025-06-14,email_open
CUST04972,2025-06-11,site_visit
CUST04972,2025-07-26,site_visit
CUST04972,2025-06-30,site_visit
CUST04972,2025-06-20,site_visit
CUST04972,2025-07-20,email_open
CUST04972,2025-07-12,cart_abandon
CUST04972,2025-07-27,site_visit
CUST04973,2025-06-28,email_open
CUST04974,2025-05-03,cart_add
CUST04975,2025-06-13,cart_abandon
CUST04976,2025-01-11,email_open
CUST04976,2025-01-06,cart_add
CUST04977,2025-02-24,site_visit
CUST04978,2025-01-07,site_visit
CUST04979,2024-09-27,email_open
CUST04980,2024-03-22,site_visit
CUST04981,2025-07-19,site_visit
CUST04981,2025-07-19,site_visit
CUST04981,2025-07-31,cart_add
CUST04981,2025-07-30,site_visit
CUST04981,2025-07-26,site_visit
CUST04981,2025-07-31,cart_abandon
CUST04982,2025-04-13,site_visit
CUST04983,2025-03-04,cart_abandon
CUST04983,2025-06-22,site_visit
CUST04983,2025-06-19,site_visit
CUST04983,2025-05-30,email_open
CUST04984,2025-07-08,cart_add
CUST04984,2025-06-13,cart_add
CUST04984,2025-06-28,site_visit
CUST04984,2025-07-28,site_visit
CUST04984,2025-05-28,site_visit
CUST04984,2025-05-16,site_visit
CUST04984,2025-05-25,cart_add
CUST04984,2025-05-06,site_visit
CUST04984,2025-07-29,email_open
CUST04985,2025-06-07,site_visit
CUST04985,2025-01-05,site_visit
CUST04985,2025-05-25,site_visit
CUST04986,2025-05-17,support_ticket
CUST04987,2025-03-18,site_visit
CUST04987,2025-07-27,cart_abandon
CUST04987,2025-02-24,email_open
CUST04987,2025-04-17,cart_add
CUST04988,2025-04-05,site_visit
CUST04989,2025-07-20,cart_add
CUST04989,2025-06-03,cart_abandon
CUST04989,2025-03-28,cart_abandon
CUST04989,2025-03-30,cart_abandon
CUST04990,2025-05-05,email_open
CUST04990,2025-07-31,site_visit
CUST04990,2025-04-23,cart_abandon
CUST04990,2025-05-23,cart_abandon
CUST04991,2025-07-25,site_visit
CUST04991,2025-07-21,site_visit
CUST04991,2025-07-30,site_visit
CUST04991,2025-07-22,site_visit
CUST04991,2025-07-31,site_visit
CUST04991,2025-07-26,cart_abandon
CUST04991,2025-07-28,site_visit
CUST04992,2025-01-28,site_visit
CUST04992,2025-07-13,site_visit
CUST04992,2025-03-06,review_submitted
CUST04992,2025-03-11,site_visit
CUST04993,2025-04-10,site_visit
CUST04994,2025-07-09,email_open
CUST04994,2025-04-27,site_visit
CUST04995,2024-06-20,email_open
CUST04996,2025-07-29,site_visit
CUST04996,2025-06-21,email_open
CUST04997,2024-06-24,cart_abandon
CUST04998,2024-12-31,site_visit
CUST04999,2025-06-24,cart_add
CUST04999,2025-06-03,cart_add
CUST04999,2025-07-06,site_visit
CUST04999,2025-06-28,cart_abandon
CUST04999,2025-06-10,cart_abandon
CUST04999,2025-07-08,cart_add
CUST04999,2025-06-23,site_visit
CUST04999,2025-05-02,site_visit
CUST05000,2025-03-17,site_visit
CUST05000,2025-01-31,site_visit
CUST05000,2025-01-01,cart_abandon
CUST05000,2025-02-11,site_visit
CUST05000,2025-06-17,cart_add
CUST05000,2025-07-24,email_open
CUST05000,2025-04-09,site_visit
CUST05001,2025-05-30,cart_add
CUST05002,2025-07-30,cart_add
CUST05002,2025-06-01,cart_add
CUST05003,2025-05-29,email_open
CUST05003,2025-07-14,site_visit
CUST05003,2025-07-22,cart_abandon
CUST05003,2025-07-31,site_visit
CUST05003,2025-07-01,cart_add
CUST05004,2024-11-28,site_visit
CUST05005,2025-07-10,email_open
CUST05005,2025-06-13,support_ticket
CUST05005,2025-07-18,cart_add
CUST05005,2025-07-09,email_open
CUST05005,2025-07-26,cart_abandon
CUST05005,2025-05-21,site_visit
CUST05005,2025-05-24,cart_add
CUST05005,2025-06-05,site_visit
CUST05006,2024-05-02,site_visit
CUST05007,2025-05-15,email_open
CUST05007,2025-05-01,cart_add
CUST05007,2025-07-11,site_visit
CUST05007,2025-04-19,site_visit
CUST05007,2025-06-16,site_visit
CUST05008,2025-05-27,site_visit
CUST05008,2025-07-31,site_visit
CUST05008,2025-05-26,site_visit
CUST05009,2024-05-26,site_visit
CUST05010,2024-10-15,support_ticket
CUST05011,2025-02-10,site_visit
CUST05012,2025-06-28,site_visit
CUST05012,2025-07-14,site_visit
CUST05013,2025-04-08,cart_abandon
CUST05013,2025-04-27,support_ticket
CUST05013,2025-02-24,cart_add
CUST05014,2025-05-11,cart_abandon
CUST05015,2025-07-02,cart_abandon
CUST05016,2024-06-17,site_visit
CUST05017,2024-02-27,site_visit
CUST05018,2025-02-12,site_visit
CUST05019,2024-12-14,site_visit
CUST05019,2025-02-03,cart_add
CUST05020,2025-07-28,cart_add
CUST05020,2025-06-07,cart_add
CUST05020,2025-05-29,email_open
CUST05020,2025-07-04,site_visit
CUST05020,2025-07-31,site_visit
CUST05020,2025-07-16,site_visit
CUST05020,2025-06-01,site_visit
CUST05020,2025-06-29,site_visit
CUST05021,2025-06-09,site_visit
CUST05021,2025-06-24,cart_add
CUST05021,2025-07-01,cart_abandon
CUST05021,2025-03-03,cart_abandon
CUST05021,2025-03-11,cart_add
CUST05021,2025-07-15,email_open
CUST05021,2025-02-01,site_visit
CUST05021,2025-05-04,cart_add
CUST05022,2025-02-04,review_submitted
CUST05022,2024-11-08,site_visit
CUST05023,2025-07-02,email_open
CUST05023,2025-07-27,email_open
CUST05023,2025-07-06,site_visit
CUST05023,2025-07-20,support_ticket
CUST05023,2025-07-22,site_visit
CUST05024,2025-07-06,site_visit
CUST05024,2025-06-30,site_visit
CUST05024,2025-07-18,site_visit
CUST05024,2025-07-25,site_visit
CUST05025,2025-07-06,cart_add
CUST05025,2025-07-03,email_open
CUST05025,2025-07-23,cart_abandon
CUST05025,2025-07-12,site_visit
CUST05025,2025-06-23,site_visit
CUST05025,2025-07-25,cart_add
CUST05026,2025-04-16,cart_abandon
CUST05026,2024-12-31,cart_add
CUST05027,2025-02-03,site_visit
CUST05028,2024-09-02,cart_add
CUST05029,2025-03-23,site_visit
CUST05030,2024-08-05,site_visit
CUST05031,2025-06-09,site_visit
CUST05032,2025-03-02,site_visit
CUST05033,2025-03-13,email_open
CUST05033,2025-02-26,cart_add
CUST05033,2025-07-25,site_visit
CUST05033,2025-04-28,email_open
CUST05033,2025-02-12,cart_abandon
CUST05033,2025-01-12,cart_abandon
CUST05034,2025-05-16,site_visit
CUST05034,2025-04-26,site_visit
CUST05035,2025-02-17,site_visit
CUST05036,2024-09-19,site_visit
CUST05036,2025-07-12,site_visit
CUST05036,2025-01-16,site_visit
CUST05037,2025-07-13,cart_add
CUST05037,2025-01-14,site_visit
CUST05038,2025-07-13,review_submitted
CUST05038,2025-07-26,site_visit
CUST05038,2025-07-25,email_open
CUST05038,2025-07-27,site_visit
CUST05038,2025-07-16,cart_abandon
CUST05038,2025-07-22,site_visit
CUST05038,2025-07-24,email_open
CUST05038,2025-07-23,cart_add
CUST05038,2025-07-29,email_open
CUST05038,2025-07-24,site_visit
CUST05038,2025-07-21,cart_abandon
CUST05039,2025-05-30,cart_abandon
CUST05039,2025-07-05,site_visit
CUST05040,2025-07-19,cart_add
CUST05040,2025-07-04,site_visit
CUST05040,2025-07-27,site_visit
CUST05040,2025-06-23,site_visit
CUST05040,2025-07-24,cart_abandon
CUST05040,2025-06-28,site_visit
CUST05040,2025-07-16,site_visit
CUST05040,2025-07-13,review_submitted
CUST05041,2025-04-12,email_open
CUST05041,2025-04-15,site_visit
CUST05041,2025-04-29,site_visit
CUST05042,2025-01-20,review_submitted
CUST05043,2025-04-19,cart_abandon
CUST05044,2025-02-08,cart_abandon
CUST05044,2025-05-06,site_visit
CUST05044,2025-07-12,support_ticket
CUST05044,2025-02-24,cart_abandon
CUST05044,2025-03-09,cart_add
CUST05045,2025-03-09,site_visit
CUST05046,2025-07-04,review_submitted
CUST05046,2025-04-03,review_submitted
CUST05047,2025-03-19,cart_abandon
CUST05047,2024-11-29,site_visit
CUST05047,2025-05-05,cart_abandon
CUST05048,2025-02-25,site_visit
CUST05048,2025-06-20,cart_add
CUST05049,2024-12-11,site_visit
CUST05050,2025-01-17,site_visit
CUST05050,2024-12-20,cart_abandon
CUST05050,2025-01-30,site_visit
CUST05050,2025-06-29,cart_abandon
CUST05050,2025-07-24,site_visit
CUST05051,2025-05-10,cart_add
CUST05052,2025-04-17,email_open
CUST05052,2025-06-03,site_visit
CUST05052,2025-06-13,cart_add
CUST05052,2025-07-09,site_visit
CUST05052,2025-04-13,site_visit
CUST05052,2025-04-18,cart_add
CUST05053,2024-10-26,site_visit
CUST05054,2024-05-26,cart_abandon
CUST05055,2024-12-03,site_visit
CUST05056,2025-04-29,cart_add
CUST05056,2025-01-17,email_open
CUST05056,2025-02-08,cart_abandon
CUST05057,2024-12-12,site_visit
CUST05057,2025-03-05,site_visit
CUST05058,2024-12-04,site_visit
CUST05058,2025-07-07,site_visit
CUST05058,2024-12-28,site_visit
CUST05058,2024-10-26,cart_abandon
CUST05058,2025-07-28,support_ticket
CUST05058,2025-03-30,cart_add
CUST05058,2024-08-21,cart_add
CUST05058,2025-01-16,site_visit
CUST05059,2025-01-15,support_ticket
CUST05059,2025-01-04,cart_add
CUST05060,2025-05-30,site_visit
CUST05061,2025-06-28,site_visit
CUST05061,2025-07-28,site_visit
CUST05061,2025-07-07,review_submitted
CUST05061,2025-07-30,cart_abandon
CUST05062,2025-06-29,cart_add
CUST05062,2025-07-28,site_visit
CUST05062,2025-07-24,site_visit
CUST05062,2025-07-01,site_visit
CUST05063,2025-04-03,site_visit
CUST05064,2024-08-25,cart_add
CUST05065,2025-03-28,site_visit
CUST05065,2025-07-11,email_open
CUST05065,2025-07-19,support_ticket
CUST05066,2025-01-17,site_visit
CUST05067,2025-02-02,cart_add
CUST05068,2024-11-14,site_visit
CUST05069,2025-07-05,site_visit
CUST05069,2025-07-15,site_visit
CUST05069,2025-07-13,site_visit
CUST05070,2024-02-29,cart_abandon
CUST05071,2025-02-09,cart_abandon
CUST05071,2025-05-30,site_visit
CUST05071,2025-05-18,site_visit
CUST05072,2025-04-09,site_visit
CUST05072,2025-06-23,cart_add
CUST05073,2025-01-31,email_open
CUST05073,2025-04-27,site_visit
CUST05074,2025-04-08,site_visit
CUST05075,2025-07-17,email_open
CUST05075,2025-07-23,email_open
CUST05075,2025-07-19,cart_abandon
CUST05075,2025-07-17,site_visit
CUST05075,2025-07-28,cart_abandon
CUST05075,2025-07-24,site_visit
CUST05075,2025-07-17,email_open
CUST05075,2025-07-25,site_visit
CUST05076,2025-01-02,site_visit
CUST05076,2025-07-17,site_visit
CUST05077,2025-04-18,cart_add
CUST05078,2025-01-26,cart_abandon
CUST05079,2025-06-08,review_submitted
CUST05079,2025-02-17,cart_add
CUST05080,2025-02-01,site_visit
CUST05080,2025-05-08,site_visit
CUST05080,2025-04-20,site_visit
CUST05080,2025-01-10,site_visit
CUST05080,2024-10-16,cart_add
CUST05081,2024-07-13,site_visit
CUST05082,2024-09-30,site_visit
CUST05083,2025-07-12,site_visit
CUST05083,2025-07-19,support_ticket
CUST05083,2025-07-09,cart_add
CUST05084,2024-07-13,cart_add
CUST05085,2024-08-25,site_visit
CUST05086,2025-05-26,cart_abandon
CUST05086,2025-02-16,site_visit
CUST05087,2025-05-05,site_visit
CUST05088,2024-12-21,site_visit
CUST05089,2025-05-01,site_visit
CUST05089,2025-07-22,site_visit
CUST05089,2025-01-13,support_ticket
CUST05089,2025-05-01,cart_add
CUST05090,2024-08-01,cart_abandon
CUST05091,2025-02-03,site_visit
CUST05092,2024-03-06,cart_add
CUST05093,2025-07-23,site_visit
CUST05093,2025-06-01,cart_add
CUST05093,2025-06-09,review_submitted
CUST05093,2025-07-05,site_visit
CUST05093,2025-05-25,cart_abandon
CUST05093,2025-06-01,site_visit
CUST05094,2024-08-30,cart_add
CUST05095,2025-05-05,site_visit
CUST05096,2024-11-23,site_visit
CUST05096,2025-03-03,site_visit
CUST05096,2025-02-09,site_visit
CUST05097,2025-05-08,site_visit
CUST05097,2025-07-16,cart_add
CUST05097,2025-07-27,site_visit
CUST05097,2025-07-30,site_visit
CUST05097,2025-07-15,cart_abandon
CUST05097,2025-07-02,site_visit
CUST05098,2024-11-18,cart_add
CUST05098,2025-05-10,cart_abandon
CUST05099,2025-03-25,email_open
CUST05100,2024-08-05,cart_add
CUST05101,2024-10-30,site_visit
CUST05101,2025-07-04,email_open
CUST05102,2025-05-12,site_visit
CUST05102,2025-03-07,site_visit
CUST05103,2024-12-19,site_visit
CUST05103,2024-12-03,cart_add
CUST05104,2024-10-08,cart_add
CUST05105,2025-04-01,cart_add
CUST05106,2025-01-09,site_visit
CUST05107,2025-02-01,cart_add
CUST05108,2025-03-21,cart_abandon
CUST05109,2025-06-06,cart_abandon
CUST05109,2025-06-10,cart_add
CUST05109,2025-07-28,cart_add
CUST05109,2025-06-04,cart_add
CUST05110,2025-07-12,cart_abandon
CUST05110,2025-07-25,site_visit
CUST05110,2025-07-20,site_visit
CUST05110,2025-07-18,site_visit
CUST05110,2025-07-29,cart_abandon
CUST05110,2025-07-15,site_visit
CUST05110,2025-07-30,site_visit
CUST05110,2025-07-22,cart_add
CUST05110,2025-07-11,site_visit
CUST05110,2025-07-21,cart_abandon
CUST05111,2025-07-28,site_visit
CUST05111,2025-07-22,email_open
CUST05111,2025-07-17,site_visit
CUST05111,2025-07-25,site_visit
CUST05111,2025-07-30,email_open
CUST05111,2025-07-22,email_open
CUST05111,2025-07-12,site_visit
CUST05111,2025-07-31,cart_abandon
CUST05112,2025-07-03,email_open
CUST05112,2025-07-23,email_open
CUST05112,2025-07-28,site_visit
CUST05112,2025-06-11,cart_add
CUST05112,2025-06-08,site_visit
CUST05113,2024-12-31,site_visit
CUST05113,2025-01-26,cart_add
CUST05114,2025-04-08,site_visit
CUST05114,2025-05-23,cart_abandon
CUST05114,2025-03-30,site_visit
CUST05115,2024-11-08,review_submitted
CUST05116,2025-04-16,review_submitted
CUST05116,2025-01-24,cart_add
CUST05116,2025-07-22,cart_add
CUST05117,2024-12-09,site_visit
CUST05117,2025-07-04,cart_add
CUST05118,2024-11-21,cart_add
CUST05118,2024-11-13,site_visit
CUST05119,2025-03-26,site_visit
CUST05119,2025-04-10,cart_abandon
CUST05119,2025-07-24,email_open
CUST05120,2024-08-07,site_visit
CUST05121,2025-05-26,cart_abandon
CUST05122,2025-06-30,site_visit
CUST05122,2025-06-19,email_open
CUST05122,2025-07-05,site_visit
CUST05123,2024-10-02,review_submitted
CUST05124,2025-03-13,email_open
CUST05124,2025-05-30,site_visit
CUST05125,2025-07-16,site_visit
CUST05125,2025-07-10,cart_abandon
CUST05125,2025-06-13,site_visit
CUST05125,2025-07-25,site_visit
CUST05126,2025-01-13,cart_abandon
CUST05126,2025-06-06,site_visit
CUST05126,2025-05-07,site_visit
CUST05126,2025-03-09,cart_abandon
CUST05126,2025-07-03,cart_abandon
CUST05126,2025-05-05,site_visit
CUST05127,2025-01-08,site_visit
CUST05127,2024-12-26,site_visit
CUST05127,2025-06-03,site_visit
CUST05128,2024-08-11,cart_abandon
CUST05129,2024-10-24,cart_add
CUST05130,2025-05-10,cart_abandon
CUST05130,2025-06-14,cart_add
CUST05130,2025-07-04,site_visit
CUST05130,2025-07-10,site_visit
CUST05130,2025-05-31,cart_add
CUST05130,2025-05-16,site_visit
CUST05131,2025-01-12,site_visit
CUST05131,2025-06-27,site_visit
CUST05132,2025-05-10,cart_add
CUST05133,2025-01-24,cart_add
CUST05134,2024-08-02,support_ticket
CUST05135,2025-07-31,site_visit
CUST05135,2025-07-21,cart_abandon
CUST05135,2025-07-21,email_open
CUST05136,2024-10-01,email_open
CUST05137,2025-01-21,cart_add
CUST05137,2024-12-18,site_visit
CUST05138,2024-12-22,cart_abandon
CUST05139,2025-03-25,site_visit
CUST05140,2025-06-26,cart_add
CUST05140,2025-07-12,site_visit
CUST05140,2025-07-09,cart_add
CUST05140,2025-07-25,site_visit
CUST05140,2025-07-03,cart_abandon
CUST05140,2025-07-10,cart_add
CUST05141,2025-07-09,support_ticket
CUST05141,2025-05-18,site_visit
CUST05142,2025-03-18,email_open
CUST05143,2025-06-02,cart_abandon
CUST05143,2025-01-03,cart_add
CUST05144,2025-05-16,site_visit
CUST05144,2025-05-17,cart_abandon
CUST05144,2025-04-14,site_visit
CUST05145,2024-11-10,cart_abandon
CUST05146,2025-06-17,cart_add
CUST05146,2025-07-29,site_visit
CUST05146,2025-07-06,site_visit
CUST05146,2025-07-07,cart_add
CUST05146,2025-07-16,cart_add
CUST05146,2025-07-14,cart_abandon
CUST05146,2025-06-06,site_visit
CUST05147,2025-03-07,site_visit
CUST05147,2025-07-08,email_open
CUST05147,2025-07-17,review_submitted
CUST05148,2025-07-06,cart_add
CUST05148,2025-07-05,email_open
CUST05148,2025-07-01,site_visit
CUST05148,2025-06-26,cart_add
CUST05148,2025-06-24,site_visit
CUST05149,2025-04-13,site_visit
CUST05149,2025-01-24,site_visit
CUST05149,2025-02-04,cart_abandon
CUST05150,2025-01-01,site_visit
CUST05151,2025-01-10,site_visit
CUST05151,2025-06-22,cart_abandon
CUST05151,2025-04-13,site_visit
CUST05151,2024-11-28,cart_add
CUST05152,2025-05-02,site_visit
CUST05152,2024-10-05,cart_add
CUST05152,2024-09-12,site_visit
CUST05153,2025-06-17,site_visit
CUST05153,2025-06-11,site_visit
CUST05153,2025-07-25,site_visit
CUST05153,2025-07-14,site_visit
CUST05153,2025-07-18,email_open
CUST05153,2025-07-28,cart_abandon
CUST05154,2025-07-14,site_visit
CUST05154,2025-05-15,email_open
CUST05154,2025-05-21,cart_add
CUST05155,2025-03-04,cart_add
CUST05155,2025-02-26,site_visit
CUST05156,2025-01-18,site_visit
CUST05157,2024-08-28,cart_add
CUST05158,2025-07-01,cart_abandon
CUST05158,2025-03-19,site_visit
CUST05158,2025-06-25,cart_add
CUST05158,2025-04-01,cart_add
CUST05159,2025-06-25,site_visit
CUST05160,2024-12-29,cart_abandon
CUST05161,2025-02-23,cart_add
CUST05161,2025-06-23,site_visit
CUST05162,2025-06-01,site_visit
CUST05163,2025-02-17,cart_abandon
CUST05163,2025-02-15,site_visit
CUST05164,2025-01-08,site_visit
CUST05165,2025-04-17,cart_abandon
CUST05166,2025-07-23,cart_add
CUST05166,2025-07-30,site_visit
CUST05166,2025-07-26,review_submitted
CUST05166,2025-07-24,cart_add
CUST05166,2025-07-30,review_submitted
CUST05166,2025-07-30,site_visit
CUST05166,2025-07-31,cart_abandon
CUST05166,2025-07-25,cart_abandon
CUST05167,2025-02-06,email_open
CUST05168,2025-04-12,cart_abandon
CUST05169,2025-05-10,site_visit
CUST05170,2025-07-19,site_visit
CUST05171,2025-06-22,site_visit
CUST05172,2024-12-05,cart_abandon
CUST05173,2024-05-10,site_visit
CUST05174,2024-03-22,support_ticket
CUST05175,2025-02-06,cart_abandon
CUST05175,2025-03-04,email_open
CUST05176,2025-07-23,cart_add
CUST05176,2025-06-01,cart_add
CUST05176,2025-05-24,site_visit
CUST05176,2025-06-09,site_visit
CUST05176,2025-07-17,cart_add
CUST05176,2025-07-11,site_visit
CUST05177,2025-06-01,site_visit
CUST05177,2025-06-07,email_open
CUST05177,2025-07-29,cart_abandon
CUST05177,2025-06-26,cart_add
CUST05178,2024-10-25,site_visit
CUST05179,2025-04-12,email_open
CUST05179,2025-06-08,site_visit
CUST05179,2025-07-10,cart_abandon
CUST05180,2025-07-01,site_visit
CUST05180,2025-07-13,email_open
CUST05180,2025-07-27,site_visit
CUST05180,2025-06-14,cart_abandon
CUST05180,2025-07-30,review_submitted
CUST05180,2025-07-02,site_visit
CUST05181,2024-10-15,site_visit
CUST05182,2025-07-28,site_visit
CUST05182,2025-07-09,site_visit
CUST05182,2025-05-17,site_visit
CUST05182,2025-07-02,support_ticket
CUST05182,2025-05-09,cart_add
CUST05183,2025-02-06,review_submitted
CUST05184,2025-07-06,site_visit
CUST05184,2025-07-29,support_ticket
CUST05184,2025-07-27,site_visit
CUST05184,2025-07-24,site_visit
CUST05184,2025-07-03,email_open
CUST05184,2025-06-29,email_open
CUST05185,2025-07-22,review_submitted
CUST05185,2025-04-01,email_open
CUST05185,2025-05-20,review_submitted
CUST05185,2025-03-21,email_open
CUST05185,2025-05-03,email_open
CUST05185,2025-06-23,email_open
CUST05185,2025-05-18,cart_add
CUST05186,2025-07-26,cart_abandon
CUST05186,2025-07-01,site_visit
CUST05186,2025-07-28,site_visit
CUST05186,2025-07-11,site_visit
CUST05186,2025-07-07,cart_add
CUST05186,2025-07-26,site_visit
CUST05187,2025-03-03,site_visit
CUST05187,2025-04-30,cart_abandon
CUST05187,2025-03-25,site_visit
CUST05187,2025-05-28,site_visit
CUST05188,2024-12-22,email_open
CUST05188,2024-11-12,cart_abandon
CUST05189,2025-07-16,site_visit
CUST05189,2025-07-19,site_visit
CUST05189,2025-07-13,review_submitted
CUST05189,2025-07-17,site_visit
CUST05189,2025-07-11,review_submitted
CUST05189,2025-07-20,email_open
CUST05189,2025-06-28,email_open
CUST05189,2025-07-09,site_visit
CUST05189,2025-07-31,site_visit
CUST05189,2025-06-25,site_visit
CUST05189,2025-06-25,site_visit
CUST05189,2025-07-29,support_ticket
CUST05190,2025-04-08,cart_add
CUST05191,2025-06-11,site_visit
CUST05192,2025-03-08,email_open
CUST05192,2025-06-11,site_visit
CUST05193,2025-05-15,cart_abandon
CUST05193,2025-04-20,cart_add
CUST05193,2025-04-12,email_open
CUST05193,2025-04-19,cart_add
CUST05194,2025-07-15,email_open
CUST05194,2025-07-01,cart_add
CUST05194,2025-07-31,site_visit
CUST05194,2025-06-27,site_visit
CUST05194,2025-07-21,site_visit
CUST05195,2025-05-06,cart_add
CUST05196,2025-04-21,cart_abandon
CUST05196,2025-04-17,support_ticket
CUST05196,2025-05-13,support_ticket
CUST05196,2025-06-12,cart_abandon
CUST05197,2025-07-04,cart_add
CUST05197,2025-07-16,email_open
CUST05197,2025-04-28,cart_add
CUST05197,2025-04-29,cart_abandon
CUST05198,2024-06-11,site_visit
CUST05199,2024-12-20,site_visit
CUST05200,2024-12-29,site_visit
CUST05201,2025-02-23,site_visit
CUST05202,2025-07-30,email_open
CUST05202,2025-07-20,site_visit
CUST05202,2025-07-27,email_open
CUST05202,2025-07-26,email_open
CUST05202,2025-07-25,cart_abandon
CUST05203,2025-07-13,site_visit
CUST05203,2025-05-05,site_visit
CUST05204,2025-06-04,cart_add
CUST05204,2025-06-30,site_visit
CUST05204,2025-03-08,site_visit
CUST05204,2025-05-01,support_ticket
CUST05204,2025-07-11,cart_add
CUST05205,2025-07-18,cart_add
CUST05205,2025-07-26,site_visit
CUST05205,2025-07-22,cart_add
CUST05205,2025-07-23,email_open
CUST05205,2025-07-31,site_visit
CUST05205,2025-07-17,cart_add
CUST05205,2025-07-16,email_open
CUST05206,2025-07-07,site_visit
CUST05207,2025-06-29,site_visit
CUST05207,2025-05-13,cart_add
CUST05207,2025-06-17,site_visit
CUST05208,2024-11-25,cart_add
CUST05209,2025-06-25,site_visit
CUST05209,2025-06-20,cart_add
CUST05209,2025-07-21,review_submitted
CUST05209,2025-06-19,cart_abandon
CUST05209,2025-06-28,site_visit
CUST05210,2024-07-19,site_visit
CUST05211,2025-07-12,cart_add
CUST05211,2025-07-25,cart_add
CUST05211,2025-07-13,site_visit
CUST05211,2025-07-15,review_submitted
CUST05211,2025-07-18,site_visit
CUST05211,2025-07-21,site_visit
CUST05211,2025-07-26,cart_abandon
CUST05211,2025-07-06,email_open
CUST05212,2025-05-03,cart_add
CUST05213,2024-11-26,cart_abandon
CUST05213,2025-05-20,cart_abandon
CUST05214,2025-07-14,cart_abandon
CUST05214,2025-06-24,site_visit
CUST05214,2025-03-15,site_visit
CUST05215,2025-03-07,site_visit
CUST05216,2025-04-30,site_visit
CUST05216,2024-12-30,site_visit
CUST05216,2025-05-19,email_open
CUST05216,2025-06-13,cart_abandon
CUST05217,2025-05-23,site_visit
CUST05217,2025-06-04,site_visit
CUST05217,2025-01-26,site_visit
CUST05218,2025-04-12,cart_add
CUST05218,2025-05-01,email_open
CUST05219,2024-07-25,review_submitted
CUST05220,2024-04-26,cart_add
CUST05221,2025-05-20,site_visit
CUST05222,2025-04-14,review_submitted
CUST05223,2024-07-23,review_submitted
CUST05224,2025-01-15,cart_abandon
CUST05225,2024-10-03,cart_add
CUST05226,2024-05-14,cart_add
CUST05227,2025-05-10,review_submitted
CUST05227,2025-06-26,site_visit
CUST05227,2025-05-26,site_visit
CUST05228,2025-06-03,site_visit
CUST05228,2025-06-07,site_visit
CUST05228,2025-06-11,site_visit
CUST05228,2025-06-05,site_visit
CUST05229,2025-02-28,cart_abandon
CUST05230,2025-06-08,site_visit
CUST05231,2025-07-09,site_visit
CUST05231,2025-07-31,cart_add
CUST05232,2024-10-15,site_visit
CUST05233,2025-07-24,review_submitted
CUST05233,2025-03-05,cart_abandon
CUST05233,2025-06-16,site_visit
CUST05234,2025-01-09,email_open
CUST05234,2025-04-07,cart_abandon
CUST05235,2024-11-27,email_open
CUST05235,2025-03-17,email_open
CUST05235,2025-03-06,site_visit
CUST05235,2025-05-05,cart_add
CUST05236,2025-02-12,site_visit
CUST05237,2025-02-08,cart_abandon
CUST05237,2025-03-19,email_open
CUST05238,2025-03-11,cart_abandon
CUST05239,2024-03-29,site_visit
CUST05240,2024-10-30,email_open
CUST05240,2025-01-11,site_visit
CUST05241,2025-07-28,site_visit
CUST05241,2025-07-26,site_visit
CUST05241,2025-07-30,site_visit
CUST05241,2025-07-30,email_open
CUST05241,2025-07-22,cart_add
CUST05241,2025-07-23,site_visit
CUST05241,2025-07-24,email_open
CUST05241,2025-07-24,site_visit
CUST05241,2025-07-25,support_ticket
CUST05241,2025-07-29,site_visit
CUST05241,2025-07-28,support_ticket
CUST05242,2025-06-14,cart_abandon
CUST05243,2025-01-11,site_visit
CUST05243,2025-01-28,site_visit
CUST05243,2025-04-04,site_visit
CUST05244,2025-06-21,cart_add
CUST05244,2025-07-09,email_open
CUST05244,2025-07-24,cart_add
CUST05244,2025-06-17,site_visit
CUST05244,2025-07-14,site_visit
CUST05244,2025-07-26,email_open
CUST05245,2025-04-11,site_visit
CUST05246,2024-12-31,site_visit
CUST05247,2025-07-08,cart_add
CUST05247,2025-06-24,email_open
CUST05247,2025-06-21,site_visit
CUST05247,2025-05-31,cart_add
CUST05248,2025-07-19,cart_abandon
CUST05248,2025-07-06,cart_add
CUST05248,2025-05-31,site_visit
CUST05248,2025-05-23,cart_add
CUST05248,2025-07-28,site_visit
CUST05249,2025-01-31,cart_abandon
CUST05249,2024-12-24,cart_add
CUST05250,2025-03-23,email_open
CUST05250,2025-06-17,cart_add
CUST05251,2025-05-26,email_open
CUST05251,2025-05-04,site_visit
CUST05252,2025-07-16,site_visit
CUST05252,2025-07-13,email_open
CUST05252,2025-07-21,site_visit
CUST05252,2025-07-11,site_visit
CUST05252,2025-07-21,cart_abandon
CUST05252,2025-07-23,cart_abandon
CUST05252,2025-07-15,email_open
CUST05252,2025-07-18,cart_add
CUST05252,2025-07-29,site_visit
CUST05252,2025-07-17,cart_abandon
CUST05253,2025-06-12,site_visit
CUST05253,2025-04-25,cart_abandon
CUST05253,2025-05-23,site_visit
CUST05254,2024-06-24,cart_abandon
CUST05255,2025-05-28,site_visit
CUST05255,2025-06-07,site_visit
CUST05255,2025-05-29,cart_add
CUST05255,2025-06-28,site_visit
CUST05255,2025-06-03,cart_add
CUST05256,2025-03-29,site_visit
CUST05256,2025-02-28,review_submitted
CUST05256,2025-03-18,site_visit
CUST05256,2025-03-11,site_visit
CUST05256,2024-11-22,site_visit
CUST05256,2025-02-11,site_visit
CUST05257,2025-06-11,email_open
CUST05258,2025-02-04,site_visit
CUST05258,2025-07-07,email_open
CUST05259,2025-04-21,review_submitted
CUST05259,2025-01-21,site_visit
CUST05260,2025-06-16,cart_add
CUST05260,2025-07-28,cart_add
CUST05260,2025-07-14,cart_add
CUST05260,2025-06-05,site_visit
CUST05260,2025-05-27,cart_add
CUST05260,2025-07-24,site_visit
CUST05260,2025-06-18,site_visit
CUST05260,2025-06-12,cart_add
CUST05260,2025-06-01,email_open
CUST05261,2025-07-19,site_visit
CUST05262,2025-07-26,email_open
CUST05262,2025-07-07,email_open
CUST05262,2025-06-26,cart_add
CUST05262,2025-07-10,email_open
CUST05263,2025-06-17,cart_add
CUST05263,2025-05-14,review_submitted
CUST05263,2025-01-13,cart_add
CUST05263,2024-12-28,site_visit
CUST05263,2025-03-14,cart_abandon
CUST05263,2025-05-20,site_visit
CUST05263,2025-06-16,site_visit
CUST05264,2025-06-02,email_open
CUST05265,2025-07-22,site_visit
CUST05265,2025-07-15,cart_add
CUST05265,2025-07-31,cart_add
CUST05265,2025-07-15,email_open
CUST05265,2025-07-26,site_visit
CUST05265,2025-07-28,cart_abandon
CUST05265,2025-07-22,site_visit
CUST05265,2025-07-30,site_visit
CUST05265,2025-07-28,site_visit
CUST05265,2025-07-15,email_open
CUST05265,2025-07-22,cart_abandon
CUST05265,2025-07-18,site_visit
CUST05265,2025-07-13,site_visit
CUST05266,2025-05-11,cart_add
CUST05267,2024-09-14,cart_add
CUST05268,2025-01-07,email_open
CUST05268,2025-06-02,site_visit
CUST05268,2025-01-17,site_visit
CUST05269,2025-05-26,cart_abandon
CUST05269,2025-07-28,cart_add
CUST05269,2025-07-12,email_open
CUST05269,2025-06-28,cart_add
CUST05269,2025-05-14,site_visit
CUST05269,2025-05-23,site_visit
CUST05270,2025-05-09,site_visit
CUST05271,2025-07-21,site_visit
CUST05271,2025-04-04,site_visit
CUST05272,2024-11-10,cart_add
CUST05273,2024-10-04,site_visit
CUST05274,2025-07-12,cart_abandon
CUST05274,2025-04-08,cart_abandon
CUST05274,2025-07-28,cart_add
CUST05275,2025-07-16,cart_add
CUST05276,2025-07-23,site_visit
CUST05277,2024-12-01,cart_abandon
CUST05278,2025-05-27,review_submitted
CUST05279,2025-07-25,email_open
CUST05279,2025-07-23,site_visit
CUST05279,2025-07-17,site_visit
CUST05280,2024-12-12,site_visit
CUST05281,2025-07-25,site_visit
CUST05281,2025-07-31,site_visit
CUST05281,2025-07-27,email_open
CUST05281,2025-07-31,cart_add
CUST05281,2025-07-25,site_visit
CUST05281,2025-07-31,site_visit
CUST05281,2025-07-24,site_visit
CUST05281,2025-07-25,site_visit
CUST05281,2025-07-31,review_submitted
CUST05282,2024-11-13,cart_abandon
CUST05282,2024-12-28,site_visit
CUST05282,2025-06-03,cart_abandon
CUST05282,2025-01-22,site_visit
CUST05282,2025-01-27,cart_abandon
CUST05283,2025-02-26,site_visit
CUST05284,2025-06-25,cart_add
CUST05284,2025-07-10,email_open
CUST05284,2025-06-19,cart_add
CUST05284,2025-06-04,cart_add
CUST05284,2025-07-21,site_visit
CUST05284,2025-06-28,review_submitted
CUST05284,2025-06-06,site_visit
CUST05284,2025-07-22,cart_add
CUST05285,2025-01-16,review_submitted
CUST05286,2025-06-19,cart_add
CUST05287,2025-07-22,review_submitted
CUST05287,2025-07-24,site_visit
CUST05287,2025-07-29,site_visit
CUST05287,2025-07-22,cart_abandon
CUST05287,2025-07-29,site_visit
CUST05288,2024-12-20,site_visit
CUST05289,2024-05-15,cart_abandon
CUST05290,2025-06-04,cart_add
CUST05290,2025-05-28,review_submitted
CUST05290,2025-07-25,support_ticket
CUST05290,2025-07-23,support_ticket
CUST05290,2025-02-25,cart_add
CUST05291,2025-05-14,email_open
CUST05292,2025-07-03,email_open
CUST05293,2024-05-12,site_visit
CUST05294,2024-04-06,email_open
CUST05295,2025-06-08,site_visit
CUST05295,2025-04-03,support_ticket
CUST05296,2025-03-01,site_visit
CUST05297,2025-01-24,support_ticket
CUST05297,2025-06-23,site_visit
CUST05298,2025-03-26,support_ticket
CUST05298,2025-02-17,email_open
CUST05298,2025-07-02,site_visit
CUST05298,2025-05-28,site_visit
CUST05299,2024-10-30,site_visit
CUST05300,2024-11-24,cart_add
CUST05301,2025-04-27,cart_abandon
CUST05301,2025-06-29,cart_add
CUST05301,2025-06-26,review_submitted
CUST05301,2025-05-17,site_visit
CUST05302,2024-11-11,site_visit
CUST05303,2025-05-04,site_visit
CUST05303,2025-06-07,cart_add
CUST05303,2025-05-31,site_visit
CUST05304,2025-07-01,site_visit
CUST05304,2025-06-07,cart_abandon
CUST05304,2025-07-09,email_open
CUST05304,2025-07-19,site_visit
CUST05304,2025-06-21,site_visit
CUST05305,2025-01-26,email_open
CUST05306,2024-12-09,cart_abandon
CUST05306,2025-02-13,site_visit
CUST05307,2024-12-19,site_visit
CUST05308,2025-01-26,cart_add
CUST05309,2025-06-19,email_open
CUST05309,2025-07-23,site_visit
CUST05309,2025-07-28,site_visit
CUST05309,2025-06-07,cart_add
CUST05309,2025-06-09,site_visit
CUST05310,2025-06-30,cart_abandon
CUST05310,2025-07-26,cart_add
CUST05310,2025-06-10,cart_add
CUST05310,2025-07-09,site_visit
CUST05310,2025-07-25,site_visit
CUST05311,2024-12-30,site_visit
CUST05312,2025-01-09,cart_add
CUST05312,2025-07-05,site_visit
CUST05313,2025-06-27,site_visit
CUST05313,2025-06-26,site_visit
CUST05313,2025-07-18,cart_add
CUST05314,2025-07-20,cart_add
CUST05314,2025-07-31,review_submitted
CUST05314,2025-07-18,cart_add
CUST05314,2025-07-21,site_visit
CUST05314,2025-07-31,review_submitted
CUST05315,2025-02-14,site_visit
CUST05315,2025-03-10,email_open
CUST05316,2025-07-16,site_visit
CUST05317,2024-09-30,site_visit
CUST05318,2025-07-23,cart_add
CUST05318,2025-07-17,cart_abandon
CUST05318,2025-07-24,site_visit
CUST05318,2025-07-23,cart_abandon
CUST05318,2025-07-25,site_visit
CUST05318,2025-07-13,site_visit
CUST05319,2025-01-21,site_visit
CUST05320,2025-04-14,site_visit
CUST05320,2025-03-26,site_visit
CUST05321,2024-09-26,site_visit
CUST05322,2025-02-12,cart_add
CUST05323,2024-12-26,site_visit
CUST05324,2025-07-30,review_submitted
CUST05324,2025-07-31,review_submitted
CUST05324,2025-07-30,email_open
CUST05324,2025-07-30,site_visit
CUST05325,2024-12-19,cart_abandon
CUST05326,2025-01-14,site_visit
CUST05327,2024-12-17,site_visit
CUST05328,2024-11-29,cart_add
CUST05329,2025-05-18,cart_add
CUST05329,2024-10-22,site_visit
CUST05329,2025-06-26,site_visit
CUST05330,2025-04-22,site_visit
CUST05330,2025-01-02,site_visit
CUST05331,2024-11-25,site_visit
CUST05332,2025-02-25,site_visit
CUST05333,2024-09-08,site_visit
CUST05334,2024-12-03,support_ticket
CUST05334,2025-02-16,email_open
CUST05334,2025-06-22,site_visit
CUST05335,2025-07-14,site_visit
CUST05335,2025-07-22,site_visit
CUST05335,2025-07-26,site_visit
CUST05335,2025-07-10,site_visit
CUST05335,2025-07-22,cart_add
CUST05335,2025-07-20,site_visit
CUST05335,2025-07-16,site_visit
CUST05335,2025-07-24,email_open
CUST05336,2025-07-14,cart_add
CUST05336,2025-07-21,site_visit
CUST05336,2025-07-17,review_submitted
CUST05336,2025-07-09,support_ticket
CUST05336,2025-07-03,cart_abandon
CUST05336,2025-06-30,cart_abandon
CUST05337,2025-06-02,site_visit
CUST05338,2024-12-11,support_ticket
CUST05338,2024-12-20,site_visit
CUST05339,2025-06-26,email_open
CUST05339,2025-07-12,site_visit
CUST05339,2025-07-27,cart_abandon
CUST05339,2025-07-09,site_visit
CUST05339,2025-06-11,email_open
CUST05340,2024-05-17,email_open
CUST05341,2025-05-04,site_visit
CUST05341,2025-05-14,cart_abandon
CUST05341,2025-04-21,site_visit
CUST05341,2025-04-24,cart_add
CUST05341,2025-07-16,site_visit
CUST05342,2025-07-01,cart_add
CUST05342,2025-07-08,cart_add
CUST05342,2025-07-07,site_visit
CUST05342,2025-07-21,site_visit
CUST05342,2025-07-21,review_submitted
CUST05343,2025-02-04,site_visit
CUST05344,2024-12-19,email_open
CUST05345,2025-07-28,site_visit
CUST05345,2025-07-26,cart_add
CUST05346,2025-01-29,site_visit
CUST05346,2025-03-09,site_visit
CUST05347,2024-07-28,site_visit
CUST05348,2025-02-05,cart_abandon
CUST05349,2025-01-27,cart_add
CUST05350,2025-07-24,cart_add
CUST05350,2025-05-10,site_visit
CUST05350,2025-06-02,site_visit
CUST05350,2025-02-06,site_visit
CUST05350,2025-05-29,site_visit
CUST05350,2025-04-03,site_visit
CUST05350,2025-05-24,site_visit
CUST05350,2025-04-28,site_visit
CUST05351,2025-05-08,site_visit
CUST05351,2025-06-17,site_visit
CUST05352,2025-07-29,cart_abandon
CUST05352,2025-07-30,site_visit
CUST05352,2025-07-29,site_visit
CUST05352,2025-07-28,site_visit
CUST05352,2025-07-28,cart_add
CUST05352,2025-07-31,cart_abandon
CUST05353,2025-07-19,cart_add
CUST05354,2024-12-04,site_visit
CUST05354,2025-04-15,cart_add
CUST05355,2025-05-24,site_visit
CUST05356,2025-07-16,email_open
CUST05356,2024-11-22,cart_add
CUST05357,2025-05-09,cart_add
CUST05358,2025-07-17,cart_abandon
CUST05358,2025-07-21,support_ticket
CUST05358,2025-07-20,site_visit
CUST05358,2025-07-19,cart_abandon
CUST05358,2025-07-19,site_visit
CUST05358,2025-07-30,cart_add
CUST05358,2025-07-25,site_visit
CUST05358,2025-07-25,site_visit
CUST05358,2025-07-23,review_submitted
CUST05359,2025-05-27,site_visit
CUST05359,2025-05-30,site_visit
CUST05359,2025-06-15,site_visit
CUST05359,2025-07-17,site_visit
CUST05360,2025-07-31,cart_abandon
CUST05360,2025-06-24,cart_add
CUST05361,2025-01-08,site_visit
CUST05361,2025-03-09,site_visit
CUST05362,2025-07-09,email_open
CUST05363,2025-07-08,email_open
CUST05363,2025-04-07,site_visit
CUST05364,2025-04-04,site_visit
CUST05364,2025-06-04,cart_abandon
CUST05364,2025-03-14,site_visit
CUST05365,2025-02-18,site_visit
CUST05365,2025-03-12,cart_abandon
CUST05365,2025-03-17,email_open
CUST05365,2025-01-24,cart_add
CUST05366,2025-07-27,site_visit
CUST05366,2025-07-25,cart_add
CUST05366,2025-07-30,site_visit
CUST05366,2025-07-31,cart_add
CUST05366,2025-07-30,cart_add
CUST05367,2025-03-24,cart_add
CUST05367,2025-06-29,cart_add
CUST05368,2024-09-16,review_submitted
CUST05368,2024-10-19,email_open
CUST05369,2025-06-13,review_submitted
CUST05369,2025-05-01,cart_abandon
CUST05369,2025-07-31,cart_abandon
CUST05370,2025-06-19,cart_add
CUST05371,2025-07-18,cart_add
CUST05371,2024-12-29,site_visit
CUST05372,2025-04-24,email_open
CUST05373,2025-04-15,site_visit
CUST05374,2025-04-29,cart_add
CUST05374,2025-03-30,site_visit
CUST05374,2025-04-17,site_visit
CUST05374,2025-07-24,site_visit
CUST05374,2025-06-05,cart_abandon
CUST05375,2025-05-27,support_ticket
CUST05376,2025-07-15,site_visit
CUST05376,2025-04-30,cart_abandon
CUST05376,2025-05-29,site_visit
CUST05376,2025-07-06,cart_abandon
CUST05376,2025-06-30,cart_add
CUST05376,2025-05-10,cart_add
CUST05376,2025-06-01,site_visit
CUST05377,2025-05-21,site_visit
CUST05378,2024-12-05,site_visit
CUST05379,2025-07-04,site_visit
CUST05379,2025-07-08,cart_abandon
CUST05379,2025-06-22,cart_add
CUST05379,2025-06-08,cart_abandon
CUST05379,2025-06-05,site_visit
CUST05380,2025-06-27,site_visit
CUST05381,2024-10-02,site_visit
CUST05382,2025-05-15,email_open
CUST05383,2025-02-20,site_visit
CUST05383,2024-09-05,site_visit
CUST05383,2025-02-15,cart_add
CUST05383,2025-06-21,site_visit
CUST05383,2025-01-08,site_visit
CUST05383,2025-07-26,email_open
CUST05383,2025-03-16,cart_add
CUST05383,2025-04-22,cart_add
CUST05383,2025-04-03,email_open
CUST05384,2025-02-11,support_ticket
CUST05385,2025-06-14,site_visit
CUST05385,2025-04-04,cart_abandon
CUST05385,2025-02-12,cart_abandon
CUST05386,2024-12-07,site_visit
CUST05387,2025-02-06,site_visit
CUST05387,2024-11-24,site_visit
CUST05388,2025-07-24,cart_add
CUST05388,2025-07-13,site_visit
CUST05388,2025-07-14,cart_add
CUST05388,2025-07-20,review_submitted
CUST05389,2025-06-28,cart_add
CUST05390,2025-07-27,cart_add
CUST05390,2025-06-05,cart_abandon
CUST05390,2025-07-07,site_visit
CUST05391,2025-02-06,site_visit
CUST05392,2024-12-09,cart_abandon
CUST05392,2025-04-17,cart_abandon
CUST05393,2025-06-18,site_visit
CUST05393,2025-07-29,cart_add
CUST05393,2025-05-31,site_visit
CUST05393,2025-06-10,site_visit
CUST05393,2025-06-10,site_visit
CUST05393,2025-07-13,site_visit
CUST05393,2025-07-09,site_visit
CUST05394,2025-02-17,cart_abandon
CUST05395,2025-07-09,cart_add
CUST05395,2025-05-14,site_visit
CUST05395,2025-03-28,cart_add
CUST05396,2025-01-03,site_visit
CUST05397,2025-05-11,email_open
CUST05398,2025-07-29,site_visit
CUST05398,2024-12-28,site_visit
CUST05399,2025-02-13,site_visit
CUST05399,2025-06-05,site_visit
CUST05399,2025-03-23,email_open
CUST05400,2025-06-20,cart_abandon
CUST05400,2025-06-16,site_visit
CUST05400,2025-06-17,site_visit
CUST05400,2025-07-03,cart_add
CUST05400,2025-06-18,email_open
CUST05401,2025-06-13,review_submitted
CUST05401,2024-11-30,support_ticket
CUST05402,2025-07-23,site_visit
CUST05402,2025-07-21,email_open
CUST05402,2025-07-14,site_visit
CUST05402,2025-07-31,site_visit
CUST05402,2025-07-21,cart_abandon
CUST05403,2025-07-10,site_visit
CUST05403,2025-07-16,cart_add
CUST05403,2025-07-23,email_open
CUST05403,2025-07-30,site_visit
CUST05403,2025-07-30,site_visit
CUST05403,2025-07-26,site_visit
CUST05403,2025-07-07,site_visit
CUST05404,2024-12-04,site_visit
CUST05405,2025-06-04,email_open
CUST05406,2025-06-08,site_visit
CUST05406,2025-06-27,email_open
CUST05407,2025-07-26,cart_abandon
CUST05407,2025-07-28,site_visit
CUST05407,2025-07-12,cart_add
CUST05407,2025-07-22,email_open
CUST05407,2025-07-24,cart_abandon
CUST05407,2025-07-19,review_submitted
CUST05407,2025-07-17,site_visit
CUST05407,2025-07-10,cart_add
CUST05408,2025-04-06,cart_add
CUST05409,2024-12-12,email_open
CUST05410,2025-02-01,cart_abandon
CUST05411,2025-06-30,email_open
CUST05411,2025-06-03,email_open
CUST05411,2025-04-08,cart_add
CUST05412,2025-04-20,cart_abandon
CUST05413,2025-05-05,cart_abandon
CUST05413,2025-05-30,site_visit
CUST05414,2025-06-21,cart_abandon
CUST05415,2024-05-10,site_visit
CUST05416,2025-04-29,email_open
CUST05417,2025-01-12,email_open
CUST05418,2025-05-27,review_submitted
CUST05419,2025-04-09,cart_add
CUST05419,2025-01-26,site_visit
CUST05420,2025-07-03,site_visit
CUST05420,2025-07-15,email_open
CUST05420,2024-10-07,email_open
CUST05420,2025-03-16,site_visit
CUST05421,2024-11-20,cart_abandon
CUST05422,2024-12-19,site_visit
CUST05423,2025-07-27,site_visit
CUST05423,2025-07-18,cart_abandon
CUST05423,2025-07-31,email_open
CUST05423,2025-07-17,review_submitted
CUST05423,2025-07-16,cart_abandon
CUST05423,2025-07-29,email_open
CUST05423,2025-07-17,site_visit
CUST05423,2025-07-31,review_submitted
CUST05424,2025-06-22,email_open
CUST05425,2025-03-27,site_visit
CUST05426,2025-04-28,site_visit
CUST05427,2025-07-30,cart_abandon
CUST05427,2025-07-22,email_open
CUST05427,2025-07-22,site_visit
CUST05427,2025-07-26,site_visit
CUST05427,2025-07-25,site_visit
CUST05427,2025-07-30,site_visit
CUST05427,2025-07-20,cart_abandon
CUST05427,2025-07-23,email_open
CUST05428,2024-12-14,site_visit
CUST05429,2025-03-25,site_visit
CUST05429,2025-01-27,cart_add
CUST05429,2025-03-13,site_visit
CUST05429,2025-07-19,site_visit
CUST05430,2025-05-29,site_visit
CUST05430,2025-03-30,site_visit
CUST05431,2025-05-04,cart_add
CUST05431,2025-07-05,site_visit
CUST05432,2024-09-12,cart_add
CUST05433,2025-06-16,site_visit
CUST05433,2025-02-03,cart_add
CUST05434,2024-06-15,site_visit
CUST05435,2025-05-13,cart_abandon
CUST05435,2025-03-08,cart_add
CUST05436,2025-06-29,site_visit
CUST05436,2025-04-27,email_open
CUST05436,2025-06-03,cart_abandon
CUST05436,2025-07-29,site_visit
CUST05436,2025-07-29,site_visit
CUST05436,2025-05-20,cart_add
CUST05436,2025-06-28,site_visit
CUST05437,2025-02-03,site_visit
CUST05438,2025-07-02,cart_abandon
CUST05438,2025-05-08,cart_add
CUST05438,2025-06-22,email_open
CUST05438,2025-05-04,site_visit
CUST05438,2025-05-22,site_visit
CUST05438,2025-05-15,cart_add
CUST05439,2024-03-22,site_visit
CUST05440,2025-06-23,site_visit
CUST05440,2025-06-22,site_visit
CUST05441,2025-05-29,cart_abandon
CUST05441,2025-02-14,cart_add
CUST05442,2024-09-22,site_visit
CUST05443,2024-10-29,cart_add
CUST05444,2025-07-17,email_open
CUST05444,2025-07-26,email_open
CUST05444,2025-07-15,review_submitted
CUST05445,2024-04-10,site_visit
CUST05446,2024-06-21,site_visit
CUST05447,2025-02-09,site_visit
CUST05448,2025-01-11,email_open
CUST05448,2025-02-02,cart_add
CUST05448,2025-04-16,site_visit
CUST05448,2025-01-17,site_visit
CUST05449,2025-03-08,cart_abandon
CUST05449,2024-12-31,cart_add
CUST05450,2024-08-09,cart_add
CUST05451,2025-06-16,cart_abandon
CUST05452,2024-09-29,cart_abandon
CUST05453,2025-05-15,site_visit
CUST05454,2025-05-12,site_visit
CUST05455,2025-06-26,cart_abandon
CUST05455,2025-03-14,email_open
CUST05455,2025-04-18,cart_add
CUST05456,2025-05-18,site_visit
CUST05457,2025-02-25,site_visit
CUST05458,2025-03-06,site_visit
CUST05458,2025-03-30,email_open
CUST05459,2025-07-23,email_open
CUST05459,2025-07-29,site_visit
CUST05459,2025-07-30,site_visit
CUST05459,2025-07-25,site_visit
CUST05459,2025-07-16,email_open
CUST05459,2025-07-30,site_visit
CUST05459,2025-07-25,site_visit
CUST05459,2025-07-24,cart_abandon
CUST05460,2025-07-15,cart_abandon
CUST05460,2025-07-27,site_visit
CUST05460,2025-07-05,email_open
CUST05460,2025-07-29,email_open
CUST05460,2025-07-30,site_visit
CUST05460,2025-07-09,cart_add
CUST05460,2025-07-09,email_open
CUST05460,2025-07-27,cart_add
CUST05460,2025-07-24,site_visit
CUST05461,2025-04-26,cart_abandon
CUST05461,2025-05-23,cart_add
CUST05462,2025-05-04,cart_add
CUST05463,2025-04-21,cart_add
CUST05464,2024-10-25,site_visit
CUST05465,2024-08-05,site_visit
CUST05466,2025-01-12,cart_abandon
CUST05467,2025-05-07,email_open
CUST05467,2025-05-19,site_visit
CUST05467,2025-05-07,cart_add
CUST05467,2025-04-24,cart_add
CUST05467,2025-06-05,support_ticket
CUST05468,2025-05-14,cart_abandon
CUST05468,2025-07-14,cart_add
CUST05468,2025-06-25,site_visit
CUST05468,2025-05-27,site_visit
CUST05468,2025-07-11,cart_abandon
CUST05468,2025-06-29,site_visit
CUST05469,2025-06-09,site_visit
CUST05469,2025-07-24,site_visit
CUST05469,2025-05-06,cart_add
CUST05469,2025-06-02,site_visit
CUST05469,2025-06-25,cart_add
CUST05469,2025-05-23,cart_abandon
CUST05469,2025-07-18,email_open
CUST05469,2025-06-27,cart_add
CUST05470,2025-05-06,cart_abandon
CUST05471,2025-06-27,site_visit
CUST05471,2025-04-03,cart_abandon
CUST05472,2025-04-02,cart_add
CUST05472,2025-05-06,site_visit
CUST05472,2025-07-02,cart_add
CUST05473,2025-03-03,cart_add
CUST05474,2025-07-01,site_visit
CUST05474,2025-04-03,email_open
CUST05475,2024-04-02,cart_abandon
CUST05476,2025-04-01,site_visit
CUST05477,2024-12-10,cart_add
CUST05478,2025-03-15,email_open
CUST05478,2025-02-21,email_open
CUST05479,2025-04-29,cart_add
CUST05479,2025-07-04,site_visit
CUST05479,2025-05-22,cart_add
CUST05479,2025-06-30,email_open
CUST05479,2025-07-07,site_visit
CUST05479,2025-07-27,site_visit
CUST05480,2024-08-17,cart_abandon
CUST05481,2025-06-18,email_open
CUST05481,2025-04-22,email_open
CUST05481,2025-06-23,cart_abandon
CUST05482,2025-06-27,review_submitted
CUST05483,2025-06-17,site_visit
CUST05484,2025-05-31,site_visit
CUST05484,2025-04-29,site_visit
CUST05484,2025-05-27,cart_abandon
CUST05484,2025-04-03,site_visit
CUST05485,2025-02-06,support_ticket
CUST05485,2025-06-03,cart_add
CUST05486,2025-07-26,site_visit
CUST05486,2025-07-23,cart_abandon
CUST05486,2025-07-30,email_open
CUST05486,2025-07-24,site_visit
CUST05486,2025-07-31,site_visit
CUST05486,2025-07-30,site_visit
CUST05487,2025-03-13,site_visit
CUST05487,2024-08-27,cart_add
CUST05487,2024-10-29,email_open
CUST05487,2025-02-22,site_visit
CUST05487,2024-06-20,cart_add
CUST05487,2025-01-14,site_visit
CUST05487,2024-12-29,site_visit
CUST05487,2024-08-20,site_visit
CUST05488,2025-05-23,cart_abandon
CUST05488,2025-07-28,cart_add
CUST05488,2025-01-21,cart_add
CUST05488,2025-06-19,cart_abandon
CUST05489,2025-03-13,site_visit
CUST05490,2025-06-16,cart_add
CUST05490,2025-07-27,cart_add
CUST05490,2025-07-29,cart_add
CUST05490,2025-06-20,cart_abandon
CUST05491,2025-03-26,cart_abandon
CUST05492,2025-03-22,email_open
CUST05492,2025-03-21,email_open
CUST05492,2025-04-02,cart_abandon
CUST05492,2025-07-28,site_visit
CUST05492,2025-04-01,site_visit
CUST05493,2025-05-05,site_visit
CUST05493,2025-05-13,site_visit
CUST05493,2025-05-17,site_visit
CUST05494,2024-08-14,email_open
CUST05495,2025-01-03,cart_add
CUST05495,2025-01-28,cart_add
CUST05495,2025-02-10,cart_abandon
CUST05496,2024-08-22,cart_abandon
CUST05497,2024-12-31,cart_add
CUST05497,2025-05-07,cart_abandon
CUST05498,2025-07-12,cart_add
CUST05498,2025-06-02,email_open
CUST05498,2025-06-17,site_visit
CUST05498,2025-07-02,site_visit
CUST05499,2025-01-17,site_visit
CUST05499,2025-02-24,support_ticket
CUST05500,2025-06-12,cart_add
CUST05500,2024-12-26,cart_add
CUST05501,2025-03-17,review_submitted
CUST05501,2024-12-26,email_open
CUST05501,2025-02-19,cart_add
CUST05502,2025-07-17,cart_add
CUST05503,2024-08-27,cart_add
CUST05504,2025-03-16,support_ticket
CUST05504,2024-11-30,site_visit
CUST05505,2024-09-15,site_visit
CUST05506,2024-06-02,cart_add
CUST05507,2025-04-08,cart_abandon
CUST05507,2025-07-28,site_visit
CUST05508,2024-08-27,cart_abandon
CUST05509,2025-06-21,cart_abandon
CUST05510,2025-03-07,site_visit
CUST05511,2024-09-13,cart_abandon
CUST05512,2025-07-25,email_open
CUST05512,2025-07-25,site_visit
CUST05512,2025-07-27,site_visit
CUST05512,2025-07-06,email_open
CUST05512,2025-07-18,cart_add
CUST05512,2025-07-10,cart_add
CUST05512,2025-06-26,cart_abandon
CUST05512,2025-07-24,cart_add
CUST05512,2025-06-27,review_submitted
CUST05512,2025-06-29,cart_add
CUST05513,2025-05-30,cart_add
CUST05513,2025-07-24,site_visit
CUST05513,2025-06-15,site_visit
CUST05513,2025-07-02,cart_add
CUST05513,2025-07-31,email_open
CUST05513,2025-05-20,review_submitted
CUST05514,2025-03-10,site_visit
CUST05514,2025-06-02,site_visit
CUST05514,2025-05-30,site_visit
CUST05514,2025-04-04,site_visit
CUST05514,2025-07-05,cart_add
CUST05514,2025-07-09,support_ticket
CUST05515,2024-04-12,cart_abandon
CUST05516,2025-06-13,cart_abandon
CUST05516,2025-07-31,site_visit
CUST05516,2025-06-19,site_visit
CUST05517,2025-07-12,email_open
CUST05517,2025-05-08,cart_add
CUST05517,2025-04-30,site_visit
CUST05518,2025-04-08,site_visit
CUST05518,2025-07-20,support_ticket
CUST05518,2025-03-21,email_open
CUST05518,2025-05-24,cart_abandon
CUST05518,2025-05-27,site_visit
CUST05519,2024-11-06,cart_add
CUST05520,2025-06-25,cart_add
CUST05520,2025-01-08,email_open
CUST05520,2025-04-24,cart_abandon
CUST05521,2025-07-28,site_visit
CUST05521,2025-05-25,site_visit
CUST05521,2025-05-21,site_visit
CUST05522,2025-05-15,email_open
CUST05522,2025-07-13,cart_add
CUST05522,2025-06-04,cart_abandon
CUST05523,2025-02-04,email_open
CUST05523,2025-03-10,email_open
CUST05524,2025-07-17,cart_add
CUST05525,2025-05-13,email_open
CUST05525,2025-01-11,review_submitted
CUST05526,2025-06-30,site_visit
CUST05527,2025-02-04,cart_add
CUST05527,2025-06-11,site_visit
CUST05528,2024-05-07,review_submitted
CUST05529,2025-04-02,site_visit
CUST05530,2024-08-06,email_open
CUST05531,2025-05-18,site_visit
CUST05531,2025-06-07,cart_add
CUST05532,2025-03-19,site_visit
CUST05533,2025-02-10,cart_abandon
CUST05533,2025-06-24,site_visit
CUST05533,2025-05-24,site_visit
CUST05534,2025-06-30,email_open
CUST05534,2025-07-19,site_visit
CUST05534,2025-07-06,cart_abandon
CUST05534,2025-04-09,cart_abandon
CUST05534,2025-04-06,cart_add
CUST05534,2025-05-10,cart_add
CUST05534,2025-07-02,email_open
CUST05534,2025-07-30,site_visit
CUST05535,2025-01-02,site_visit
CUST05536,2025-02-08,site_visit
CUST05537,2024-06-29,site_visit
CUST05537,2024-11-12,site_visit
CUST05538,2025-07-05,cart_add
CUST05538,2025-06-21,site_visit
CUST05538,2025-06-18,site_visit
CUST05538,2025-07-15,cart_add
CUST05539,2025-02-02,site_visit
CUST05540,2025-06-22,site_visit
CUST05540,2024-12-05,site_visit
CUST05541,2025-06-22,site_visit
CUST05542,2025-05-30,review_submitted
CUST05542,2025-05-20,cart_abandon
CUST05543,2025-07-28,email_open
CUST05543,2025-07-09,review_submitted
CUST05543,2025-06-03,email_open
CUST05543,2025-06-18,site_visit
CUST05544,2025-07-08,site_visit
CUST05544,2025-06-18,site_visit
CUST05544,2025-07-11,site_visit
CUST05544,2025-07-21,cart_add
CUST05544,2025-07-28,cart_add
CUST05545,2025-05-11,cart_abandon
CUST05545,2025-06-24,site_visit
CUST05545,2025-03-31,site_visit
CUST05545,2025-01-27,support_ticket
CUST05545,2025-06-24,email_open
CUST05545,2025-07-06,site_visit
CUST05546,2024-07-24,site_visit
CUST05547,2024-07-10,cart_abandon
CUST05548,2024-07-16,site_visit
CUST05549,2025-01-09,site_visit
CUST05550,2025-05-27,email_open
CUST05551,2025-01-13,cart_abandon
CUST05552,2025-06-02,cart_add
CUST05553,2025-07-12,cart_add
CUST05553,2025-07-02,cart_add
CUST05553,2025-07-14,site_visit
CUST05553,2025-07-01,cart_abandon
CUST05553,2025-07-14,cart_add
CUST05554,2025-01-06,site_visit
CUST05554,2025-06-26,cart_abandon
CUST05555,2025-06-24,cart_add
CUST05555,2025-05-25,site_visit
CUST05555,2025-06-05,email_open
CUST05555,2025-06-22,cart_add
CUST05555,2025-06-25,cart_add
CUST05555,2025-07-20,cart_add
CUST05555,2025-05-18,site_visit
CUST05555,2025-06-05,email_open
CUST05556,2025-05-17,support_ticket
CUST05556,2025-03-25,cart_add
CUST05556,2025-07-12,cart_add
CUST05557,2025-03-24,cart_add
CUST05558,2025-04-21,site_visit
CUST05558,2025-04-21,support_ticket
CUST05559,2024-10-30,email_open
CUST05560,2025-01-26,site_visit
CUST05560,2025-02-20,cart_add
CUST05561,2024-12-16,cart_abandon
CUST05562,2025-07-29,cart_add
CUST05562,2025-07-29,email_open
CUST05562,2025-07-31,site_visit
CUST05562,2025-07-30,review_submitted
CUST05562,2025-07-29,cart_abandon
CUST05562,2025-07-29,site_visit
CUST05562,2025-07-31,cart_add
CUST05562,2025-07-29,site_visit
CUST05562,2025-07-29,site_visit
CUST05563,2025-04-09,cart_abandon
CUST05564,2025-01-15,site_visit
CUST05564,2025-02-28,email_open
CUST05565,2025-07-15,cart_abandon
CUST05565,2025-07-23,site_visit
CUST05565,2025-07-03,email_open
CUST05565,2025-06-23,cart_add
CUST05565,2025-07-20,cart_abandon
CUST05565,2025-07-18,site_visit
CUST05566,2024-10-06,site_visit
CUST05567,2025-05-22,cart_abandon
CUST05567,2025-04-15,site_visit
CUST05567,2025-02-25,support_ticket
CUST05567,2025-04-16,cart_add
CUST05568,2025-02-25,email_open
CUST05568,2025-03-05,site_visit
CUST05569,2025-06-29,email_open
CUST05569,2025-07-19,site_visit
CUST05570,2025-07-21,site_visit
CUST05570,2025-07-15,site_visit
CUST05570,2025-07-22,review_submitted
CUST05570,2025-07-18,review_submitted
CUST05570,2025-07-15,site_visit
CUST05570,2025-07-26,site_visit
CUST05570,2025-07-21,site_visit
CUST05570,2025-07-16,review_submitted
CUST05570,2025-07-19,cart_add
CUST05570,2025-07-20,site_visit
CUST05570,2025-07-17,site_visit
CUST05571,2025-07-17,cart_abandon
CUST05571,2025-07-29,site_visit
CUST05571,2025-07-26,cart_abandon
CUST05571,2025-07-23,review_submitted
CUST05571,2025-07-28,email_open
CUST05572,2024-06-17,site_visit
CUST05573,2025-06-19,review_submitted
CUST05573,2025-06-03,site_visit
CUST05574,2025-06-05,cart_add
CUST05574,2025-01-29,cart_add
CUST05574,2025-07-29,email_open
CUST05574,2025-02-07,support_ticket
CUST05574,2025-06-27,email_open
CUST05575,2025-07-24,cart_abandon
CUST05575,2025-02-21,site_visit
CUST05576,2025-06-01,site_visit
CUST05577,2025-03-11,cart_add
CUST05577,2025-01-07,site_visit
CUST05577,2025-04-21,site_visit
CUST05578,2025-07-23,site_visit
CUST05578,2025-07-20,cart_add
CUST05578,2025-07-23,cart_add
CUST05578,2025-07-24,cart_add
CUST05578,2025-07-29,cart_add
CUST05578,2025-07-22,cart_add
CUST05578,2025-07-22,site_visit
CUST05579,2025-07-23,cart_add
CUST05579,2025-07-20,cart_abandon
CUST05579,2025-07-17,site_visit
CUST05579,2025-07-05,cart_abandon
CUST05579,2025-07-06,email_open
CUST05579,2025-07-20,review_submitted
CUST05579,2025-06-18,email_open
CUST05579,2025-07-16,email_open
CUST05579,2025-06-29,site_visit
CUST05580,2024-11-03,site_visit
CUST05580,2024-12-30,cart_add
CUST05580,2025-04-24,site_visit
CUST05581,2024-07-05,cart_add
CUST05582,2025-06-27,site_visit
CUST05583,2025-06-11,cart_abandon
CUST05583,2025-06-25,cart_abandon
CUST05583,2025-05-08,site_visit
CUST05584,2025-06-05,site_visit
CUST05584,2025-05-27,cart_abandon
CUST05585,2024-11-29,site_visit
CUST05586,2024-08-24,site_visit
CUST05587,2024-10-20,cart_add
CUST05588,2025-05-26,cart_add
CUST05588,2025-03-12,cart_add
CUST05589,2025-06-26,cart_add
CUST05589,2025-06-21,site_visit
CUST05589,2025-06-24,cart_add
CUST05589,2025-06-26,email_open
CUST05589,2025-06-22,site_visit
CUST05589,2025-07-13,cart_abandon
CUST05589,2025-06-26,email_open
CUST05589,2025-07-06,email_open
CUST05589,2025-07-13,site_visit
CUST05589,2025-07-10,review_submitted
CUST05590,2025-02-23,site_visit
CUST05590,2025-06-19,cart_add
CUST05590,2025-05-29,site_visit
CUST05591,2025-02-18,site_visit
CUST05591,2025-03-24,cart_add
CUST05592,2025-01-10,email_open
CUST05592,2024-12-16,site_visit
CUST05592,2025-07-19,site_visit
CUST05593,2024-05-14,site_visit
CUST05594,2025-07-28,cart_abandon
CUST05594,2025-07-24,site_visit
CUST05594,2025-07-29,email_open
CUST05594,2025-07-16,site_visit
CUST05594,2025-07-18,site_visit
CUST05595,2025-05-24,site_visit
CUST05595,2025-02-24,site_visit
CUST05596,2025-05-10,site_visit
CUST05596,2024-12-19,cart_add
CUST05596,2024-11-28,cart_abandon
CUST05597,2025-05-08,email_open
CUST05598,2025-04-06,cart_abandon
CUST05598,2025-06-12,cart_add
CUST05599,2025-07-07,site_visit
CUST05599,2025-05-21,cart_abandon
CUST05600,2025-06-22,cart_add
CUST05600,2025-03-27,site_visit
CUST05600,2025-07-04,email_open
CUST05601,2024-07-14,cart_add
CUST05602,2025-03-15,site_visit
CUST05603,2025-03-23,support_ticket
CUST05604,2025-06-17,cart_abandon
CUST05604,2025-03-09,site_visit
CUST05605,2024-10-20,cart_add
CUST05606,2025-07-24,site_visit
CUST05607,2025-07-22,cart_add
CUST05607,2025-06-16,cart_abandon
CUST05607,2025-06-19,site_visit
CUST05607,2025-06-11,site_visit
CUST05608,2025-06-15,cart_add
CUST05608,2025-07-30,site_visit
CUST05608,2025-07-10,support_ticket
CUST05608,2025-06-06,site_visit
CUST05608,2025-07-06,email_open
CUST05609,2024-12-23,site_visit
CUST05610,2025-05-06,cart_add
CUST05610,2025-01-20,review_submitted
CUST05610,2024-11-13,cart_abandon
CUST05610,2025-05-17,email_open
CUST05610,2024-11-11,site_visit
CUST05610,2025-01-16,site_visit
CUST05610,2025-01-14,site_visit
CUST05610,2025-03-23,cart_add
CUST05610,2024-12-09,site_visit
CUST05611,2024-05-09,site_visit
CUST05612,2025-05-23,site_visit
CUST05612,2025-03-01,email_open
CUST05612,2025-06-27,site_visit
CUST05613,2025-07-17,site_visit
CUST05613,2025-07-15,cart_abandon
CUST05613,2025-07-13,email_open
CUST05613,2025-06-30,site_visit
CUST05614,2024-12-10,cart_add
CUST05615,2025-01-05,support_ticket
CUST05615,2025-05-01,email_open
CUST05616,2025-05-16,email_open
CUST05616,2025-07-24,cart_abandon
CUST05616,2025-07-05,site_visit
CUST05616,2025-05-09,cart_add
CUST05617,2025-07-31,cart_add
CUST05617,2025-07-25,review_submitted
CUST05618,2025-03-09,site_visit
CUST05619,2025-02-02,support_ticket
CUST05619,2025-02-28,site_visit
CUST05620,2025-02-12,cart_add
CUST05621,2024-05-05,site_visit
CUST05622,2025-06-25,cart_abandon
CUST05622,2025-06-24,site_visit
CUST05622,2025-07-31,cart_add
CUST05623,2025-07-09,site_visit
CUST05623,2025-07-23,review_submitted
CUST05623,2025-04-30,cart_add
CUST05623,2025-04-30,site_visit
CUST05623,2025-05-15,site_visit
CUST05624,2025-06-03,support_ticket
CUST05624,2025-06-18,site_visit
CUST05624,2025-04-11,review_submitted
CUST05624,2025-05-16,cart_add
CUST05624,2025-04-05,cart_add
CUST05625,2024-12-03,email_open
CUST05626,2025-06-08,site_visit
CUST05626,2025-05-29,cart_add
CUST05626,2025-06-12,site_visit
CUST05626,2025-06-06,site_visit
CUST05626,2025-07-12,cart_abandon
CUST05627,2025-01-01,site_visit
CUST05628,2025-04-03,support_ticket
CUST05628,2024-09-18,cart_abandon
CUST05629,2025-03-31,site_visit
CUST05630,2024-07-06,review_submitted
CUST05631,2025-05-09,site_visit
CUST05631,2025-04-21,site_visit
CUST05631,2025-03-21,email_open
CUST05631,2025-03-26,cart_abandon
CUST05632,2025-06-27,cart_abandon
CUST05632,2025-03-14,cart_abandon
CUST05633,2025-01-08,site_visit
CUST05634,2024-11-08,site_visit
CUST05635,2025-05-03,cart_abandon
CUST05636,2024-06-21,email_open
CUST05637,2025-07-07,cart_add
CUST05637,2025-01-12,cart_add
CUST05637,2025-02-01,site_visit
CUST05637,2025-01-05,support_ticket
CUST05637,2025-03-10,email_open
CUST05638,2025-06-22,site_visit
CUST05638,2025-06-30,email_open
CUST05638,2025-06-30,site_visit
CUST05638,2025-07-20,email_open
CUST05638,2025-05-17,site_visit
CUST05639,2025-03-08,site_visit
CUST05640,2025-05-23,cart_add
CUST05641,2025-03-08,cart_add
CUST05642,2025-05-27,email_open
CUST05642,2025-05-26,site_visit
CUST05642,2025-05-07,site_visit
CUST05642,2025-07-25,site_visit
CUST05642,2025-05-02,site_visit
CUST05642,2025-05-18,site_visit
CUST05643,2025-07-05,site_visit
CUST05644,2025-01-05,site_visit
CUST05644,2025-06-07,site_visit
CUST05644,2025-07-28,cart_abandon
CUST05644,2025-01-25,site_visit
CUST05645,2025-02-16,cart_add
CUST05646,2025-04-18,site_visit
CUST05647,2024-10-19,cart_add
CUST05648,2025-06-26,site_visit
CUST05648,2025-07-21,cart_abandon
CUST05648,2025-03-07,site_visit
CUST05649,2025-06-02,email_open
CUST05649,2025-03-03,cart_abandon
CUST05650,2025-03-09,email_open
CUST05650,2025-03-19,cart_abandon
CUST05650,2025-02-02,review_submitted
CUST05651,2025-04-23,site_visit
CUST05651,2025-05-21,cart_abandon
CUST05651,2025-04-20,site_visit
CUST05652,2025-05-12,site_visit
CUST05652,2025-02-18,site_visit
CUST05653,2024-08-18,site_visit
CUST05654,2025-04-03,cart_add
CUST05655,2024-10-02,cart_add
CUST05656,2024-07-20,cart_abandon
CUST05657,2025-07-20,site_visit
CUST05657,2025-05-27,cart_abandon
CUST05658,2025-07-10,cart_abandon
CUST05659,2025-07-25,email_open
CUST05659,2025-07-10,cart_abandon
CUST05659,2025-07-17,site_visit
CUST05659,2025-07-17,site_visit
CUST05659,2025-07-11,site_visit
CUST05659,2025-07-19,email_open
CUST05659,2025-07-23,email_open
CUST05660,2025-05-31,site_visit
CUST05660,2025-02-04,email_open
CUST05661,2025-04-29,email_open
CUST05661,2025-05-15,cart_abandon
CUST05662,2025-05-07,site_visit
CUST05663,2025-05-11,cart_add
CUST05663,2025-06-12,cart_add
CUST05663,2025-07-10,email_open
CUST05664,2025-05-11,review_submitted
CUST05665,2025-05-01,site_visit
CUST05666,2025-07-22,cart_add
CUST05666,2025-06-05,site_visit
CUST05666,2025-05-15,cart_abandon
CUST05666,2025-06-06,cart_abandon
CUST05667,2025-02-23,site_visit
CUST05667,2025-07-18,cart_add
CUST05668,2025-05-16,email_open
CUST05668,2025-04-30,site_visit
CUST05669,2025-02-18,cart_add
CUST05670,2025-06-29,cart_add
CUST05670,2025-05-31,site_visit
CUST05671,2025-05-23,cart_abandon
CUST05671,2025-07-17,email_open
CUST05671,2025-06-26,site_visit
CUST05672,2025-01-25,email_open
CUST05673,2025-02-17,cart_abandon
CUST05673,2025-06-16,site_visit
CUST05673,2025-03-22,site_visit
CUST05673,2025-05-27,cart_abandon
CUST05674,2024-12-23,site_visit
CUST05675,2025-07-29,site_visit
CUST05675,2025-07-30,review_submitted
CUST05675,2025-07-10,email_open
CUST05675,2025-07-20,site_visit
CUST05675,2025-07-05,site_visit
CUST05675,2025-07-30,site_visit
CUST05676,2025-03-20,cart_add
CUST05677,2024-12-23,site_visit
CUST05678,2025-04-03,cart_abandon
CUST05679,2025-04-07,cart_abandon
CUST05679,2025-03-24,site_visit
CUST05680,2024-09-21,site_visit
CUST05681,2025-05-20,cart_add
CUST05682,2024-11-23,site_visit
CUST05682,2025-01-15,support_ticket
CUST05683,2025-07-15,cart_add
CUST05683,2025-07-20,site_visit
CUST05683,2025-07-22,site_visit
CUST05683,2025-07-26,site_visit
CUST05683,2025-06-16,site_visit
CUST05683,2025-07-27,cart_abandon
CUST05683,2025-07-22,site_visit
CUST05683,2025-06-24,site_visit
CUST05683,2025-07-25,email_open
CUST05683,2025-07-02,site_visit
CUST05683,2025-07-03,site_visit
CUST05684,2025-07-06,site_visit
CUST05685,2024-11-10,support_ticket
CUST05686,2025-05-19,cart_add
CUST05686,2025-06-09,review_submitted
CUST05687,2025-03-13,cart_add
CUST05687,2025-03-24,site_visit
CUST05687,2025-04-08,site_visit
CUST05688,2025-07-14,cart_add
CUST05688,2025-07-12,cart_abandon
CUST05688,2025-07-21,site_visit
CUST05688,2025-07-01,site_visit
CUST05688,2025-06-12,cart_add
CUST05689,2024-07-30,email_open
CUST05690,2025-04-06,cart_abandon
CUST05691,2024-10-22,email_open
CUST05692,2024-08-15,cart_abandon
CUST05693,2025-07-17,site_visit
CUST05693,2025-03-17,review_submitted
CUST05694,2024-12-15,site_visit
CUST05694,2025-07-10,site_visit
CUST05695,2025-03-26,review_submitted
CUST05695,2025-06-26,site_visit
CUST05695,2025-04-23,email_open
CUST05695,2025-03-13,site_visit
CUST05696,2025-07-06,site_visit
CUST05697,2025-06-29,cart_abandon
CUST05698,2024-11-29,cart_abandon
CUST05699,2025-07-24,site_visit
CUST05699,2025-07-26,site_visit
CUST05699,2025-07-31,email_open
CUST05699,2025-07-28,cart_abandon
CUST05699,2025-07-25,site_visit
CUST05699,2025-07-27,site_visit
CUST05700,2025-05-19,support_ticket
CUST05701,2025-05-07,site_visit
CUST05702,2025-04-12,site_visit
CUST05703,2025-01-26,site_visit
CUST05704,2025-06-29,email_open
CUST05704,2025-06-06,email_open
CUST05704,2025-02-27,site_visit
CUST05704,2025-06-25,site_visit
CUST05704,2025-07-06,cart_abandon
CUST05705,2025-07-05,cart_add
CUST05705,2025-07-27,site_visit
CUST05705,2025-06-21,site_visit
CUST05706,2025-07-26,email_open
CUST05707,2025-06-05,cart_add
CUST05707,2025-06-24,review_submitted
CUST05707,2025-06-21,site_visit
CUST05707,2025-07-08,site_visit
CUST05707,2025-06-18,site_visit
CUST05707,2025-06-07,cart_add
CUST05708,2025-03-21,cart_add
CUST05709,2025-06-27,cart_add
CUST05709,2025-04-07,cart_add
CUST05709,2025-04-12,site_visit
CUST05710,2025-07-21,cart_add
CUST05710,2025-06-11,site_visit
CUST05710,2025-06-12,site_visit
CUST05710,2025-07-01,email_open
CUST05710,2025-07-18,site_visit
CUST05710,2025-07-18,site_visit
CUST05711,2025-02-19,cart_add
CUST05712,2025-07-24,cart_abandon
CUST05712,2025-07-12,cart_add
CUST05712,2025-07-23,site_visit
CUST05712,2025-07-29,review_submitted
CUST05712,2025-07-17,cart_abandon
CUST05713,2025-05-03,site_visit
CUST05713,2025-05-28,site_visit
CUST05714,2025-07-09,site_visit
CUST05714,2025-07-01,cart_abandon
CUST05714,2025-07-30,site_visit
CUST05714,2025-07-10,site_visit
CUST05714,2025-07-25,site_visit
CUST05714,2025-06-29,email_open
CUST05715,2025-06-01,site_visit
CUST05715,2025-04-10,email_open
CUST05716,2024-12-01,cart_add
CUST05717,2025-02-16,cart_abandon
CUST05718,2024-12-16,cart_abandon
CUST05719,2025-03-27,cart_add
CUST05720,2024-04-28,site_visit
CUST05721,2024-05-28,site_visit
CUST05722,2025-07-24,cart_abandon
CUST05722,2025-03-06,cart_abandon
CUST05722,2025-03-10,cart_abandon
CUST05722,2024-11-17,cart_abandon
CUST05722,2025-01-30,cart_add
CUST05723,2025-07-29,site_visit
CUST05723,2025-04-29,review_submitted
CUST05723,2025-07-16,site_visit
CUST05724,2025-04-03,email_open
CUST05725,2025-03-17,cart_abandon
CUST05726,2025-02-01,cart_add
CUST05726,2025-06-08,email_open
CUST05726,2025-01-08,cart_add
CUST05727,2025-03-09,email_open
CUST05728,2025-04-20,cart_abandon
CUST05729,2024-09-10,email_open
CUST05730,2025-07-22,site_visit
CUST05730,2025-07-31,cart_add
CUST05730,2025-06-30,site_visit
CUST05730,2025-07-03,cart_abandon
CUST05730,2025-07-24,review_submitted
CUST05730,2025-06-22,email_open
CUST05730,2025-07-28,support_ticket
CUST05731,2025-06-20,site_visit
CUST05731,2025-07-19,email_open
CUST05731,2025-07-02,cart_add
CUST05731,2025-06-11,support_ticket
CUST05731,2025-06-28,cart_add
CUST05731,2025-06-22,cart_add
CUST05731,2025-05-07,cart_abandon
CUST05731,2025-06-04,review_submitted
CUST05731,2025-07-06,email_open
CUST05731,2025-07-02,site_visit
CUST05731,2025-05-24,site_visit
CUST05732,2024-10-16,cart_add
CUST05733,2025-06-16,site_visit
CUST05734,2025-05-23,cart_add
CUST05734,2025-04-03,site_visit
CUST05735,2025-03-16,cart_add
CUST05735,2025-06-26,site_visit
CUST05736,2025-06-19,email_open
CUST05736,2025-03-08,cart_abandon
CUST05737,2025-02-21,site_visit
CUST05737,2024-12-27,cart_add
CUST05738,2025-03-18,site_visit
CUST05739,2025-05-16,cart_abandon
CUST05740,2025-04-23,site_visit
CUST05740,2024-12-22,review_submitted
CUST05741,2025-07-17,site_visit
CUST05741,2025-06-12,site_visit
CUST05741,2025-06-12,cart_add
CUST05741,2025-07-07,cart_add
CUST05741,2025-06-10,cart_abandon
CUST05742,2025-07-14,cart_abandon
CUST05743,2025-06-27,email_open
CUST05743,2025-06-02,site_visit
CUST05743,2025-07-09,cart_abandon
CUST05743,2025-06-23,site_visit
CUST05743,2025-05-07,cart_add
CUST05743,2025-06-30,email_open
CUST05744,2025-07-25,site_visit
CUST05744,2025-07-27,site_visit
CUST05744,2025-07-27,cart_add
CUST05744,2025-07-25,site_visit
CUST05744,2025-07-29,site_visit
CUST05745,2024-10-06,site_visit
CUST05746,2025-03-08,site_visit
CUST05746,2025-03-14,cart_add
CUST05746,2025-04-22,site_visit
CUST05746,2025-05-01,site_visit
CUST05746,2025-02-17,site_visit
CUST05747,2025-07-19,site_visit
CUST05747,2025-07-16,cart_add
CUST05748,2025-07-30,cart_add
CUST05748,2025-07-19,cart_add
CUST05748,2025-07-30,cart_add
CUST05748,2025-07-18,cart_add
CUST05748,2025-07-24,cart_abandon
CUST05748,2025-07-18,cart_abandon
CUST05748,2025-07-31,cart_abandon
CUST05748,2025-07-24,site_visit
CUST05749,2025-07-23,site_visit
CUST05749,2025-07-30,email_open
CUST05749,2025-07-27,cart_abandon
CUST05749,2025-07-25,site_visit
CUST05749,2025-07-28,cart_abandon
CUST05749,2025-07-30,cart_abandon
CUST05749,2025-07-29,cart_abandon
CUST05749,2025-07-30,site_visit
CUST05749,2025-07-27,site_visit
CUST05749,2025-07-24,support_ticket
CUST05749,2025-07-25,support_ticket
CUST05750,2025-07-30,cart_add
CUST05750,2025-03-31,cart_add
CUST05750,2025-03-12,cart_abandon
CUST05750,2025-05-05,email_open
CUST05750,2025-07-25,site_visit
CUST05750,2025-03-20,site_visit
CUST05751,2025-01-30,email_open
CUST05752,2025-07-29,site_visit
CUST05752,2025-07-16,email_open
CUST05752,2025-06-20,site_visit
CUST05752,2025-07-16,cart_abandon
CUST05753,2024-11-16,review_submitted
CUST05754,2025-07-24,email_open
CUST05754,2025-06-11,site_visit
CUST05754,2025-06-26,cart_add
CUST05755,2025-07-28,site_visit
CUST05755,2025-06-30,email_open
CUST05755,2025-07-15,cart_abandon
CUST05755,2025-06-11,site_visit
CUST05756,2025-01-11,site_visit
CUST05757,2025-01-17,site_visit
CUST05758,2025-03-04,email_open
CUST05759,2025-05-27,site_visit
CUST05759,2025-05-30,cart_add
CUST05760,2025-06-15,cart_abandon
CUST05760,2025-01-19,site_visit
CUST05761,2025-04-02,cart_add
CUST05761,2025-05-19,site_visit
CUST05761,2025-03-29,site_visit
CUST05762,2025-07-10,cart_add
CUST05762,2025-07-18,site_visit
CUST05762,2025-06-29,support_ticket
CUST05762,2025-07-07,site_visit
CUST05762,2025-07-06,cart_add
CUST05763,2025-07-01,site_visit
CUST05763,2025-07-31,cart_abandon
CUST05763,2025-07-30,site_visit
CUST05763,2025-06-30,cart_abandon
CUST05763,2025-07-30,site_visit
CUST05763,2025-07-05,site_visit
CUST05764,2025-03-20,cart_add
CUST05765,2025-06-26,site_visit
CUST05765,2025-07-02,cart_abandon
CUST05765,2025-06-27,cart_add
CUST05765,2025-06-23,cart_add
CUST05765,2025-07-27,site_visit
CUST05765,2025-06-16,site_visit
CUST05765,2025-06-26,site_visit
CUST05765,2025-07-16,cart_add
CUST05766,2025-03-25,email_open
CUST05766,2025-07-03,cart_abandon
CUST05766,2025-06-22,email_open
CUST05767,2024-12-21,site_visit
CUST05768,2025-02-16,email_open
CUST05769,2025-01-13,cart_abandon
CUST05770,2025-07-30,cart_add
CUST05770,2025-06-28,site_visit
CUST05770,2025-06-29,cart_add
CUST05770,2025-06-13,cart_add
CUST05770,2025-07-21,site_visit
CUST05770,2025-06-30,cart_add
CUST05771,2025-02-28,site_visit
CUST05772,2025-03-07,site_visit
CUST05772,2025-05-26,site_visit
CUST05772,2025-05-20,cart_abandon
CUST05772,2025-07-27,cart_add
CUST05773,2024-08-24,email_open
CUST05774,2025-03-15,cart_add
CUST05774,2025-03-26,site_visit
CUST05774,2025-03-22,site_visit
CUST05775,2024-03-09,site_visit
CUST05776,2025-06-11,email_open
CUST05777,2025-06-30,email_open
CUST05777,2025-06-21,site_visit
CUST05778,2024-12-13,cart_abandon
CUST05779,2025-06-24,cart_abandon
CUST05779,2025-05-14,site_visit
CUST05779,2025-07-14,cart_abandon
CUST05779,2025-07-26,review_submitted
CUST05780,2025-05-17,site_visit
CUST05781,2025-01-19,email_open
CUST05781,2025-05-09,cart_add
CUST05781,2025-02-07,site_visit
CUST05782,2025-02-14,cart_add
CUST05783,2025-05-17,cart_abandon
CUST05783,2025-06-09,site_visit
CUST05784,2025-03-12,site_visit
CUST05785,2024-04-26,review_submitted
CUST05786,2025-07-30,cart_add
CUST05786,2025-06-21,review_submitted
CUST05786,2025-06-30,review_submitted
CUST05786,2025-07-22,cart_add
CUST05786,2025-07-15,site_visit
CUST05786,2025-07-01,cart_abandon
CUST05786,2025-07-16,cart_abandon
CUST05787,2025-05-29,site_visit
CUST05788,2025-06-13,site_visit
CUST05788,2025-06-28,cart_abandon
CUST05788,2025-07-09,site_visit
CUST05788,2025-05-25,email_open
CUST05788,2025-07-30,cart_abandon
CUST05789,2025-07-31,cart_add
CUST05789,2025-07-31,site_visit
CUST05789,2025-07-30,site_visit
CUST05789,2025-07-31,cart_add
CUST05789,2025-07-30,email_open
CUST05789,2025-07-30,site_visit
CUST05789,2025-07-30,cart_abandon
CUST05789,2025-07-30,email_open
CUST05789,2025-07-31,site_visit
CUST05790,2025-05-26,cart_add
CUST05791,2024-09-23,site_visit
CUST05792,2025-01-12,cart_add
CUST05793,2025-07-20,support_ticket
CUST05793,2025-07-09,cart_abandon
CUST05793,2025-07-31,cart_add
CUST05793,2025-07-22,cart_add
CUST05793,2025-07-13,site_visit
CUST05793,2025-07-17,site_visit
CUST05793,2025-07-30,cart_add
CUST05793,2025-07-28,review_submitted
CUST05794,2025-07-13,site_visit
CUST05794,2025-06-29,email_open
CUST05794,2025-07-06,cart_add
CUST05795,2025-06-07,site_visit
CUST05795,2025-03-17,site_visit
CUST05795,2025-04-14,cart_abandon
CUST05795,2024-12-09,email_open
CUST05796,2025-07-30,cart_add
CUST05796,2025-06-19,site_visit
CUST05796,2025-05-04,site_visit
CUST05797,2025-05-23,site_visit
CUST05797,2024-05-14,site_visit
CUST05798,2025-07-25,site_visit
CUST05798,2025-07-20,cart_add
CUST05798,2025-07-19,cart_abandon
CUST05798,2025-07-19,site_visit
CUST05798,2025-07-19,email_open
CUST05798,2025-07-23,site_visit
CUST05798,2025-07-30,site_visit
CUST05799,2025-07-14,site_visit
CUST05799,2025-07-14,cart_add
CUST05799,2025-07-27,cart_add
CUST05799,2025-07-18,email_open
CUST05799,2025-07-19,site_visit
CUST05799,2025-07-26,site_visit
CUST05799,2025-07-28,email_open
CUST05799,2025-07-09,site_visit
CUST05800,2025-03-23,site_visit
CUST05801,2025-05-29,site_visit
CUST05802,2025-07-11,site_visit
CUST05803,2025-07-30,site_visit
CUST05803,2024-08-24,site_visit
CUST05803,2024-08-06,site_visit
CUST05804,2025-05-08,email_open
CUST05804,2025-07-21,email_open
CUST05804,2025-07-20,site_visit
CUST05804,2025-07-07,site_visit
CUST05804,2025-06-23,site_visit
CUST05804,2025-05-09,cart_abandon
CUST05805,2025-01-12,cart_add
CUST05805,2024-11-08,site_visit
CUST05805,2025-05-08,site_visit
CUST05806,2024-08-30,site_visit
CUST05807,2025-07-07,cart_add
CUST05808,2025-07-21,support_ticket
CUST05808,2025-07-23,site_visit
CUST05809,2025-07-14,support_ticket
CUST05810,2024-11-29,site_visit
CUST05811,2025-07-09,cart_add
CUST05812,2025-07-30,review_submitted
CUST05812,2025-07-31,site_visit
CUST05812,2025-07-26,site_visit
CUST05812,2025-07-26,site_visit
CUST05812,2025-07-25,cart_add
CUST05812,2025-07-25,cart_add
CUST05812,2025-07-23,site_visit
CUST05813,2025-05-27,cart_add
CUST05813,2025-05-30,site_visit
CUST05813,2025-06-08,cart_add
CUST05813,2025-07-21,site_visit
CUST05814,2024-08-23,site_visit
CUST05815,2024-09-24,cart_abandon
CUST05816,2024-08-10,cart_abandon
CUST05817,2025-07-20,email_open
CUST05818,2025-07-16,site_visit
CUST05819,2025-07-15,site_visit
CUST05819,2025-06-20,cart_add
CUST05819,2025-07-17,cart_add
CUST05819,2025-06-27,site_visit
CUST05819,2025-06-27,site_visit
CUST05819,2025-07-11,review_submitted
CUST05820,2025-02-01,cart_abandon
CUST05820,2025-05-28,email_open
CUST05820,2025-01-27,email_open
CUST05820,2025-01-03,site_visit
CUST05820,2025-04-09,site_visit
CUST05820,2025-07-13,site_visit
CUST05820,2024-11-26,cart_add
CUST05821,2025-07-07,site_visit
CUST05821,2025-05-05,cart_abandon
CUST05821,2025-06-25,cart_add
CUST05821,2025-07-29,cart_add
CUST05822,2025-02-17,site_visit
CUST05822,2025-04-16,email_open
CUST05822,2024-12-08,cart_add
CUST05822,2025-01-23,cart_add
CUST05822,2025-07-25,cart_add
CUST05822,2025-01-01,cart_add
CUST05822,2025-07-20,review_submitted
CUST05822,2025-03-06,site_visit
CUST05823,2025-06-05,email_open
CUST05823,2025-05-20,cart_abandon
CUST05824,2025-06-24,cart_add
CUST05825,2025-07-07,cart_add
CUST05826,2025-01-29,review_submitted
CUST05826,2024-09-13,cart_add
CUST05827,2025-05-25,site_visit
CUST05827,2025-02-03,site_visit
CUST05828,2024-08-19,cart_add
CUST05829,2024-11-14,email_open
CUST05829,2025-05-19,support_ticket
CUST05830,2025-06-11,site_visit
CUST05830,2025-01-01,site_visit
CUST05831,2025-07-28,site_visit
CUST05831,2025-07-29,site_visit
CUST05831,2025-07-30,review_submitted
CUST05831,2025-07-31,site_visit
CUST05831,2025-07-29,cart_add
CUST05831,2025-07-28,cart_add
CUST05831,2025-07-31,site_visit
CUST05831,2025-07-30,cart_add
CUST05831,2025-07-30,site_visit
CUST05831,2025-07-30,cart_add
CUST05832,2025-02-20,site_visit
CUST05833,2025-06-12,cart_abandon
CUST05833,2025-07-04,cart_add
CUST05833,2025-07-20,email_open
CUST05833,2025-06-28,cart_abandon
CUST05834,2025-05-28,email_open
CUST05834,2025-02-02,cart_add
CUST05834,2024-12-10,support_ticket
CUST05834,2025-07-14,site_visit
CUST05834,2025-01-11,site_visit
CUST05834,2025-05-23,site_visit
CUST05834,2025-03-28,email_open
CUST05835,2025-04-10,cart_add
CUST05835,2025-05-23,site_visit
CUST05835,2025-04-21,site_visit
CUST05835,2025-07-07,site_visit
CUST05835,2025-06-01,site_visit
CUST05835,2025-04-11,email_open
CUST05835,2025-07-20,site_visit
CUST05835,2025-06-18,site_visit
CUST05835,2025-07-05,cart_add
CUST05836,2025-01-29,site_visit
CUST05837,2025-07-27,site_visit
CUST05837,2025-07-30,email_open
CUST05837,2025-07-16,site_visit
CUST05837,2025-06-13,email_open
CUST05837,2025-07-23,cart_add
CUST05837,2025-06-03,cart_abandon
CUST05838,2024-10-07,site_visit
CUST05839,2025-04-05,cart_add
CUST05840,2025-02-04,cart_abandon
CUST05840,2025-03-03,cart_abandon
CUST05841,2025-07-27,cart_abandon
CUST05842,2024-12-13,cart_abandon
CUST05843,2024-12-30,email_open
CUST05844,2025-03-08,site_visit
CUST05845,2025-05-23,site_visit
CUST05845,2025-07-28,cart_add
CUST05845,2025-05-28,email_open
CUST05845,2025-06-23,site_visit
CUST05845,2025-07-08,review_submitted
CUST05846,2024-12-20,site_visit
CUST05847,2024-12-29,site_visit
CUST05848,2025-04-12,cart_add
CUST05848,2025-07-29,site_visit
CUST05848,2025-06-02,review_submitted
CUST05849,2024-12-15,site_visit
CUST05850,2024-11-19,site_visit
CUST05850,2025-07-23,site_visit
CUST05851,2024-09-23,site_visit
CUST05852,2025-07-07,cart_abandon
CUST05852,2025-07-14,site_visit
CUST05852,2025-07-29,cart_abandon
CUST05852,2025-07-22,cart_abandon
CUST05852,2025-07-31,cart_add
CUST05852,2025-07-31,site_visit
CUST05853,2025-07-31,site_visit
CUST05853,2025-06-03,site_visit
CUST05853,2025-06-04,cart_add
CUST05853,2025-05-29,cart_abandon
CUST05853,2025-05-18,site_visit
CUST05853,2025-05-16,cart_add
CUST05853,2025-06-12,site_visit
CUST05854,2025-05-29,site_visit
CUST05854,2025-07-09,email_open
CUST05854,2025-07-26,site_visit
CUST05855,2025-07-22,cart_add
CUST05855,2024-12-20,cart_abandon
CUST05856,2025-04-11,site_visit
CUST05856,2025-06-20,site_visit
CUST05856,2025-05-03,cart_add
CUST05856,2025-05-23,email_open
CUST05856,2025-05-01,email_open
CUST05857,2024-11-22,site_visit
CUST05858,2024-05-29,cart_add
CUST05859,2025-07-11,site_visit
CUST05860,2025-07-19,site_visit
CUST05861,2024-11-05,site_visit
CUST05862,2025-01-25,cart_add
CUST05862,2025-06-14,site_visit
CUST05863,2024-03-21,support_ticket
CUST05864,2025-07-27,site_visit
CUST05865,2025-04-29,cart_add
CUST05865,2025-07-02,site_visit
CUST05865,2025-03-19,cart_add
CUST05866,2025-05-18,cart_add
CUST05866,2024-11-20,email_open
CUST05867,2025-04-04,site_visit
CUST05867,2025-07-30,cart_abandon
CUST05868,2025-02-20,site_visit
CUST05869,2025-05-24,site_visit
CUST05869,2025-04-26,site_visit
CUST05869,2025-04-25,site_visit
CUST05869,2025-04-18,email_open
CUST05869,2025-04-19,cart_abandon
CUST05869,2025-05-30,site_visit
CUST05869,2025-07-01,cart_abandon
CUST05870,2025-04-18,cart_abandon
CUST05870,2025-02-18,review_submitted
CUST05870,2025-06-17,cart_abandon
CUST05871,2025-03-26,email_open
CUST05872,2025-07-29,site_visit
CUST05873,2025-06-26,site_visit
CUST05873,2025-05-09,email_open
CUST05874,2025-05-25,site_visit
CUST05874,2025-04-28,site_visit
CUST05874,2025-07-12,cart_add
CUST05874,2025-07-03,cart_add
CUST05875,2025-01-01,site_visit
CUST05875,2025-05-04,site_visit
CUST05876,2025-07-30,cart_abandon
CUST05877,2025-07-04,site_visit
CUST05877,2025-07-15,email_open
CUST05878,2025-07-30,site_visit
CUST05879,2024-11-03,site_visit
CUST05880,2025-04-26,email_open
CUST05880,2025-07-19,site_visit
CUST05880,2024-12-08,email_open
CUST05880,2024-11-10,cart_add
CUST05880,2025-02-24,cart_add
CUST05881,2025-06-14,cart_add
CUST05882,2025-03-09,cart_abandon
CUST05882,2025-06-11,review_submitted
CUST05883,2025-05-04,cart_abandon
CUST05884,2025-07-29,cart_add
CUST05884,2025-07-29,site_visit
CUST05884,2025-07-30,site_visit
CUST05884,2025-07-30,site_visit
CUST05884,2025-07-31,site_visit
CUST05885,2024-11-26,cart_abandon
CUST05886,2025-01-31,support_ticket
CUST05887,2025-01-16,site_visit
CUST05887,2025-06-12,site_visit
CUST05888,2025-07-30,site_visit
CUST05888,2025-07-18,site_visit
CUST05888,2025-07-15,review_submitted
CUST05888,2025-07-29,site_visit
CUST05888,2025-06-17,site_visit
CUST05888,2025-06-19,site_visit
CUST05889,2025-05-11,cart_abandon
CUST05889,2025-04-23,site_visit
CUST05889,2025-05-22,review_submitted
CUST05889,2025-06-07,cart_abandon
CUST05890,2025-04-14,cart_add
CUST05891,2025-03-26,email_open
CUST05891,2025-05-19,site_visit
CUST05891,2025-06-09,site_visit
CUST05891,2025-06-07,site_visit
CUST05892,2025-01-16,site_visit
CUST05892,2025-05-30,cart_add
CUST05892,2024-12-11,cart_add
CUST05892,2025-01-26,site_visit
CUST05892,2025-01-26,cart_abandon
CUST05892,2025-01-26,cart_add
CUST05893,2025-01-18,site_visit
CUST05893,2025-02-06,site_visit
CUST05893,2025-01-29,cart_add
CUST05894,2025-06-17,cart_add
CUST05895,2024-12-25,site_visit
CUST05896,2025-05-16,email_open
CUST05897,2025-06-20,cart_abandon
CUST05897,2025-07-21,site_visit
CUST05897,2025-06-15,support_ticket
CUST05897,2025-07-23,site_visit
CUST05897,2025-07-24,cart_abandon
CUST05897,2025-06-28,cart_abandon
CUST05897,2025-07-19,site_visit
CUST05898,2024-08-27,site_visit
CUST05899,2025-07-17,cart_abandon
CUST05899,2025-07-19,cart_add
CUST05899,2025-07-16,cart_add
CUST05899,2025-07-31,cart_add
CUST05899,2025-07-16,site_visit
CUST05899,2025-07-02,cart_abandon
CUST05899,2025-07-14,review_submitted
CUST05899,2025-07-16,site_visit
CUST05900,2025-01-20,cart_add
CUST05900,2025-02-24,email_open
CUST05900,2025-03-27,site_visit
CUST05900,2024-11-22,site_visit
CUST05900,2025-01-15,cart_abandon
CUST05901,2025-02-14,email_open
CUST05901,2025-03-11,site_visit
CUST05902,2025-01-29,site_visit
CUST05903,2024-06-17,site_visit
CUST05904,2025-03-27,email_open
CUST05905,2024-11-28,cart_add
CUST05906,2025-01-06,email_open
CUST05907,2025-02-26,cart_add
CUST05908,2025-06-23,site_visit
CUST05908,2025-05-15,review_submitted
CUST05908,2025-06-13,cart_add
CUST05908,2025-05-03,site_visit
CUST05908,2025-07-12,site_visit
CUST05909,2024-06-15,review_submitted
CUST05910,2024-08-01,site_visit
CUST05911,2025-01-01,site_visit
CUST05911,2025-07-31,site_visit
CUST05912,2025-07-05,site_visit
CUST05912,2025-07-08,site_visit
CUST05912,2025-06-28,site_visit
CUST05912,2025-06-21,site_visit
CUST05912,2025-06-19,cart_abandon
CUST05912,2025-07-01,review_submitted
CUST05912,2025-06-20,support_ticket
CUST05913,2025-05-27,review_submitted
CUST05913,2025-04-14,cart_add
CUST05913,2025-03-01,cart_add
CUST05913,2025-07-01,site_visit
CUST05914,2024-10-18,cart_abandon
CUST05914,2024-11-24,site_visit
CUST05915,2025-05-21,cart_abandon
CUST05915,2024-12-26,cart_add
CUST05916,2025-01-15,review_submitted
CUST05917,2025-07-27,cart_add
CUST05917,2025-07-28,review_submitted
CUST05917,2025-07-30,site_visit
CUST05918,2025-02-06,support_ticket
CUST05919,2024-11-08,site_visit
CUST05919,2025-07-07,site_visit
CUST05919,2025-02-04,site_visit
CUST05919,2025-05-29,site_visit
CUST05919,2025-04-09,cart_add
CUST05919,2024-09-20,site_visit
CUST05919,2025-03-19,site_visit
CUST05919,2024-08-03,site_visit
CUST05919,2024-11-03,cart_add
CUST05919,2025-07-02,review_submitted
CUST05920,2025-02-20,cart_add
CUST05921,2025-06-27,cart_abandon
CUST05922,2025-07-27,site_visit
CUST05923,2025-07-08,cart_add
CUST05924,2025-05-15,site_visit
CUST05924,2025-03-02,email_open
CUST05924,2025-01-14,review_submitted
CUST05925,2025-04-26,cart_add
CUST05926,2025-02-24,cart_add
CUST05926,2025-06-15,site_visit
CUST05927,2025-05-29,support_ticket
CUST05927,2025-06-12,cart_abandon
CUST05927,2025-07-09,site_visit
CUST05928,2025-05-09,site_visit
CUST05928,2025-03-02,site_visit
CUST05928,2025-01-27,site_visit
CUST05929,2025-04-26,cart_add
CUST05929,2024-12-25,cart_add
CUST05929,2025-04-18,site_visit
CUST05929,2025-02-09,cart_abandon
CUST05930,2025-06-27,email_open
CUST05930,2025-06-19,email_open
CUST05930,2025-07-16,cart_abandon
CUST05930,2025-06-17,email_open
CUST05930,2025-07-09,site_visit
CUST05931,2025-07-10,cart_abandon
CUST05932,2025-04-13,cart_add
CUST05933,2024-09-11,cart_abandon
CUST05933,2024-12-26,email_open
CUST05933,2024-09-25,site_visit
CUST05933,2024-09-16,cart_abandon
CUST05933,2025-02-12,cart_add
CUST05934,2025-07-28,site_visit
CUST05934,2025-07-25,site_visit
CUST05934,2025-07-23,site_visit
CUST05934,2025-07-30,review_submitted
CUST05934,2025-07-23,cart_add
CUST05934,2025-07-30,site_visit
CUST05934,2025-07-27,site_visit
CUST05935,2025-01-15,site_visit
CUST05936,2025-07-05,email_open
CUST05936,2025-05-24,site_visit
CUST05936,2025-04-04,site_visit
CUST05936,2025-07-07,site_visit
CUST05937,2025-04-12,site_visit
CUST05937,2025-01-30,cart_add
CUST05937,2025-07-08,cart_add
CUST05938,2025-04-06,site_visit
CUST05939,2025-03-23,site_visit
CUST05940,2025-02-25,review_submitted
CUST05941,2025-05-04,cart_abandon
CUST05942,2024-07-05,site_visit
CUST05943,2024-10-07,cart_add
CUST05944,2025-06-08,email_open
CUST05944,2025-06-23,email_open
CUST05945,2025-07-19,cart_abandon
CUST05945,2025-07-23,cart_add
CUST05945,2025-07-22,email_open
CUST05945,2025-07-26,site_visit
CUST05945,2025-07-24,cart_add
CUST05946,2025-01-14,cart_add
CUST05947,2025-07-01,site_visit
CUST05948,2025-01-22,cart_add
CUST05949,2025-06-07,cart_abandon
CUST05949,2025-07-24,cart_add
CUST05949,2025-03-04,cart_abandon
CUST05949,2025-03-23,email_open
CUST05950,2025-05-05,site_visit
CUST05950,2025-07-20,email_open
CUST05950,2025-05-11,cart_abandon
CUST05950,2025-06-20,cart_add
CUST05950,2025-06-20,email_open
CUST05950,2025-07-06,site_visit
CUST05951,2024-11-15,review_submitted
CUST05951,2024-07-09,cart_add
CUST05952,2025-01-07,cart_add
CUST05953,2025-04-15,site_visit
CUST05953,2025-06-29,cart_abandon
CUST05953,2025-04-14,site_visit
CUST05953,2025-06-07,email_open
CUST05953,2025-04-09,site_visit
CUST05954,2025-02-11,site_visit
CUST05954,2025-06-17,site_visit
CUST05954,2025-04-28,cart_add
CUST05955,2025-05-04,cart_abandon
CUST05956,2025-04-13,cart_add
CUST05956,2025-07-13,site_visit
CUST05957,2025-06-11,site_visit
CUST05958,2025-07-26,site_visit
CUST05959,2025-06-15,email_open
CUST05959,2025-03-26,review_submitted
CUST05959,2025-06-09,review_submitted
CUST05960,2025-07-21,site_visit
CUST05960,2025-07-01,site_visit
CUST05960,2025-06-29,site_visit
CUST05960,2025-06-12,site_visit
CUST05960,2025-06-11,cart_add
CUST05960,2025-07-20,site_visit
CUST05960,2025-06-24,cart_abandon
CUST05960,2025-07-02,email_open
CUST05960,2025-04-18,review_submitted
CUST05960,2025-06-05,cart_abandon
CUST05960,2025-07-27,email_open
CUST05961,2025-01-16,site_visit
CUST05962,2025-07-05,site_visit
CUST05962,2025-07-27,site_visit
CUST05962,2025-07-01,cart_add
CUST05962,2025-07-04,email_open
CUST05962,2025-06-30,cart_abandon
CUST05963,2025-04-26,email_open
CUST05964,2025-07-24,site_visit
CUST05964,2025-05-28,site_visit
CUST05964,2025-07-13,support_ticket
CUST05965,2025-01-13,cart_abandon
CUST05965,2024-12-31,cart_add
CUST05965,2025-03-29,site_visit
CUST05966,2025-07-20,site_visit
CUST05966,2025-07-03,site_visit
CUST05966,2025-07-08,review_submitted
CUST05966,2025-06-19,support_ticket
CUST05967,2025-06-30,cart_abandon
CUST05967,2025-07-10,site_visit
CUST05967,2025-07-27,cart_abandon
CUST05967,2025-06-19,cart_abandon
CUST05967,2025-07-23,cart_abandon
CUST05967,2025-07-23,review_submitted
CUST05967,2025-07-05,cart_abandon
CUST05968,2024-09-17,site_visit
CUST05969,2025-07-07,review_submitted
CUST05969,2025-06-24,cart_abandon
CUST05969,2025-07-04,cart_add
CUST05969,2025-07-19,email_open
CUST05969,2025-06-29,site_visit
CUST05970,2025-05-17,support_ticket
CUST05970,2025-05-22,cart_add
CUST05970,2025-06-12,email_open
CUST05970,2025-05-08,email_open
CUST05970,2025-07-30,support_ticket
CUST05970,2025-06-07,cart_add
CUST05971,2025-05-13,cart_abandon
CUST05971,2025-05-02,cart_add
CUST05971,2025-04-04,email_open
CUST05971,2025-07-06,site_visit
CUST05972,2024-09-15,cart_abandon
CUST05973,2025-06-16,site_visit
CUST05973,2025-05-14,site_visit
CUST05974,2025-05-31,site_visit
CUST05974,2025-05-10,email_open
CUST05974,2025-06-21,support_ticket
CUST05974,2025-06-05,cart_abandon
CUST05975,2025-03-24,site_visit
CUST05976,2025-07-22,cart_add
CUST05976,2025-07-11,site_visit
CUST05976,2025-07-01,support_ticket
CUST05976,2025-07-20,site_visit
CUST05976,2025-07-31,site_visit
CUST05976,2025-07-22,cart_add
CUST05976,2025-07-22,email_open
CUST05977,2024-08-22,cart_add
CUST05977,2024-11-03,support_ticket
CUST05977,2024-03-14,cart_add
CUST05977,2025-07-10,site_visit
CUST05978,2025-02-10,site_visit
CUST05979,2025-03-09,cart_add
CUST05979,2025-03-25,email_open
CUST05980,2025-07-17,cart_abandon
CUST05980,2025-04-03,site_visit
CUST05981,2025-01-09,email_open
CUST05982,2024-06-04,cart_add
CUST05983,2025-07-19,cart_abandon
CUST05983,2025-07-21,cart_add
CUST05983,2025-07-27,cart_add
CUST05983,2025-07-19,site_visit
CUST05983,2025-07-17,site_visit
CUST05983,2025-07-26,site_visit
CUST05983,2025-07-22,cart_add
CUST05983,2025-07-13,site_visit
CUST05983,2025-07-24,cart_abandon
CUST05984,2024-10-09,cart_add
CUST05985,2025-06-21,email_open
CUST05986,2024-05-26,site_visit
CUST05987,2025-06-20,site_visit
CUST05987,2025-07-17,email_open
CUST05987,2025-03-16,cart_add
CUST05988,2025-07-25,email_open
CUST05988,2025-07-13,email_open
CUST05988,2025-07-03,cart_add
CUST05988,2025-06-30,cart_abandon
CUST05988,2025-06-27,site_visit
CUST05989,2025-04-03,cart_abandon
CUST05989,2025-07-07,site_visit
CUST05990,2025-06-21,email_open
CUST05990,2025-06-23,site_visit
CUST05990,2025-07-12,site_visit
CUST05990,2025-06-10,email_open
CUST05991,2024-08-08,site_visit
CUST05992,2025-03-22,cart_add
CUST05992,2025-07-29,email_open
CUST05993,2025-02-15,site_visit
CUST05993,2024-12-21,site_visit
CUST05993,2025-04-26,cart_abandon
CUST05993,2025-01-12,site_visit
CUST05993,2024-12-22,cart_add
CUST05993,2024-11-03,cart_abandon
CUST05993,2025-01-03,cart_add
CUST05993,2025-07-25,cart_abandon
CUST05994,2025-01-05,site_visit
CUST05995,2024-10-30,site_visit
CUST05996,2025-02-04,site_visit
CUST05996,2025-07-04,cart_abandon
CUST05997,2025-02-01,site_visit
CUST05998,2025-06-13,site_visit
CUST05998,2025-07-26,cart_abandon
CUST05998,2025-06-04,site_visit
CUST05998,2025-03-20,site_visit
CUST05999,2025-06-16,cart_add
CUST06000,2025-07-02,site_visit
