order_id,customer_id,order_date,product,quantity,discount_pct,revenue,is_first_order
ORD000001,CUST00001,2024-09-11,Hydrating Moisturizer,1,10,25.2,True
ORD000002,CUST00001,2024-11-02,Niacinamide Serum,3,0,57.0,False
ORD000003,CUST00001,2024-11-16,SPF 50 Sunscreen,2,0,48.0,False
ORD000004,CUST00002,2025-07-02,SPF 50 Sunscreen,1,0,24.0,True
ORD000005,CUST00003,2025-02-26,Vitamin C Serum,1,0,22.0,True
ORD000006,CUST00003,2025-04-21,Eye Cream,1,0,26.0,False
ORD000007,CUST00004,2024-12-14,Eye Cream,3,0,78.0,True
ORD000008,CUST00005,2024-05-06,Face Mask Set,1,20,16.0,True
ORD000009,CUST00006,2024-05-08,Retinol Night Cream,1,0,32.0,True
ORD000010,CUST00007,2024-03-07,Gentle Cleanser,1,0,16.0,True
ORD000011,CUST00008,2025-05-21,SPF 50 Sunscreen,2,0,48.0,True
ORD000012,CUST00008,2025-06-04,Eye Cream,1,10,23.4,False
ORD000013,CUST00008,2025-07-17,Eye Cream,1,0,26.0,False
ORD000014,CUST00009,2024-12-14,Niacinamide Serum,2,0,38.0,True
ORD000015,CUST00010,2025-02-14,Niacinamide Serum,2,0,38.0,True
ORD000016,CUST00011,2024-02-16,Face Mask Set,1,10,18.0,True
ORD000017,CUST00011,2024-03-01,Eye Cream,1,25,19.5,False
ORD000018,CUST00011,2024-03-17,SPF 50 Sunscreen,1,0,24.0,False
ORD000019,CUST00011,2024-07-09,Gentle Cleanser,3,0,48.0,False
ORD000020,CUST00012,2025-07-12,Vitamin C Serum,2,0,44.0,True
ORD000021,CUST00013,2025-04-29,Niacinamide Serum,3,0,57.0,True
ORD000022,CUST00014,2024-06-08,Hydrating Moisturizer,3,0,84.0,True
ORD000023,CUST00015,2024-05-22,Vitamin C Serum,1,10,19.8,True
ORD000024,CUST00016,2024-05-23,Eye Cream,1,15,22.1,True
ORD000025,CUST00016,2024-07-18,Niacinamide Serum,2,15,32.3,False
ORD000026,CUST00016,2024-08-01,Retinol Night Cream,1,0,32.0,False
ORD000027,CUST00017,2024-07-29,Hydrating Moisturizer,1,0,28.0,True
ORD000028,CUST00017,2024-08-12,Vitamin C Serum,2,0,44.0,False
ORD000029,CUST00018,2024-11-19,SPF 50 Sunscreen,1,20,19.2,True
ORD000030,CUST00019,2024-10-16,Niacinamide Serum,2,0,38.0,True
ORD000031,CUST00020,2024-07-18,Hydrating Moisturizer,3,0,84.0,True
ORD000032,CUST00020,2024-09-22,Niacinamide Serum,1,0,19.0,False
ORD000033,CUST00020,2024-12-09,Gentle Cleanser,2,0,32.0,False
ORD000034,CUST00021,2024-12-19,Eye Cream,1,0,26.0,True
ORD000035,CUST00022,2024-04-28,Niacinamide Serum,1,0,19.0,True
ORD000036,CUST00022,2024-09-26,Eye Cream,1,20,20.8,False
ORD000037,CUST00023,2024-07-22,Face Mask Set,1,15,17.0,True
ORD000038,CUST00024,2024-09-09,Hydrating Moisturizer,1,20,22.4,True
ORD000039,CUST00024,2024-10-16,Retinol Night Cream,1,15,27.2,False
ORD000040,CUST00024,2024-11-20,Vitamin C Serum,1,0,22.0,False
ORD000041,CUST00024,2024-12-27,SPF 50 Sunscreen,1,0,24.0,False
ORD000042,CUST00025,2024-11-01,Retinol Night Cream,1,0,32.0,True
ORD000043,CUST00026,2025-04-02,Face Mask Set,2,10,36.0,True
ORD000044,CUST00027,2024-06-02,Face Mask Set,2,10,36.0,True
ORD000045,CUST00027,2024-07-09,Niacinamide Serum,1,10,17.1,False
ORD000046,CUST00028,2024-11-17,Niacinamide Serum,1,20,15.2,True
ORD000047,CUST00029,2024-12-12,Niacinamide Serum,1,15,16.15,True
ORD000048,CUST00029,2025-01-03,Gentle Cleanser,2,15,27.2,False
ORD000049,CUST00029,2025-01-17,Hydrating Moisturizer,2,0,56.0,False
ORD000050,CUST00030,2024-03-03,SPF 50 Sunscreen,1,0,24.0,True
ORD000051,CUST00030,2024-03-23,Hydrating Moisturizer,1,0,28.0,False
ORD000052,CUST00032,2024-05-14,Retinol Night Cream,1,15,27.2,True
ORD000053,CUST00033,2024-03-11,Hydrating Moisturizer,2,0,56.0,True
ORD000054,CUST00033,2024-04-01,Vitamin C Serum,1,0,22.0,False
ORD000055,CUST00033,2024-05-14,Retinol Night Cream,1,0,32.0,False
ORD000056,CUST00034,2025-07-02,Hydrating Moisturizer,1,0,28.0,True
ORD000057,CUST00035,2025-07-10,Hydrating Moisturizer,2,0,56.0,True
ORD000058,CUST00036,2025-04-16,Retinol Night Cream,1,0,32.0,True
ORD000059,CUST00037,2024-07-29,Gentle Cleanser,1,15,13.6,True
ORD000060,CUST00037,2024-08-14,Face Mask Set,1,25,15.0,False
ORD000061,CUST00038,2024-03-31,Eye Cream,2,0,52.0,True
ORD000062,CUST00039,2025-01-30,Niacinamide Serum,2,0,38.0,True
ORD000063,CUST00040,2024-10-24,Vitamin C Serum,1,25,16.5,True
ORD000064,CUST00041,2024-04-18,Vitamin C Serum,1,20,17.6,True
ORD000065,CUST00042,2024-11-11,Eye Cream,1,0,26.0,True
ORD000066,CUST00042,2024-12-10,SPF 50 Sunscreen,1,0,24.0,False
ORD000067,CUST00043,2024-02-24,Hydrating Moisturizer,2,10,50.4,True
ORD000068,CUST00044,2025-06-13,Hydrating Moisturizer,1,0,28.0,True
ORD000069,CUST00045,2024-06-30,Eye Cream,1,20,20.8,True
ORD000070,CUST00046,2025-01-15,Eye Cream,1,0,26.0,True
ORD000071,CUST00048,2024-11-19,SPF 50 Sunscreen,1,10,21.6,True
ORD000072,CUST00048,2025-03-13,Gentle Cleanser,1,15,13.6,False
ORD000073,CUST00048,2025-04-05,Hydrating Moisturizer,2,10,50.4,False
ORD000074,CUST00048,2025-06-14,Eye Cream,1,10,23.4,False
ORD000075,CUST00049,2024-11-27,Niacinamide Serum,1,25,14.25,True
ORD000076,CUST00049,2024-12-11,Niacinamide Serum,1,25,14.25,False
ORD000077,CUST00050,2024-05-24,Face Mask Set,2,0,40.0,True
ORD000078,CUST00050,2024-06-07,Eye Cream,2,0,52.0,False
ORD000079,CUST00051,2025-07-15,Retinol Night Cream,2,0,64.0,True
ORD000080,CUST00052,2025-03-27,Vitamin C Serum,1,0,22.0,True
ORD000081,CUST00053,2025-06-28,Hydrating Moisturizer,1,0,28.0,True
ORD000082,CUST00054,2025-06-06,Gentle Cleanser,1,10,14.4,True
ORD000083,CUST00056,2025-06-17,Face Mask Set,1,0,20.0,True
ORD000084,CUST00057,2024-03-27,SPF 50 Sunscreen,1,10,21.6,True
ORD000085,CUST00058,2024-06-02,Gentle Cleanser,2,15,27.2,True
ORD000086,CUST00059,2024-03-02,Eye Cream,1,0,26.0,True
ORD000087,CUST00059,2024-03-16,Hydrating Moisturizer,1,0,28.0,False
ORD000088,CUST00060,2024-08-09,Niacinamide Serum,2,15,32.3,True
ORD000089,CUST00060,2024-11-06,Vitamin C Serum,1,0,22.0,False
ORD000090,CUST00061,2024-09-21,Niacinamide Serum,1,15,16.15,True
ORD000091,CUST00062,2024-07-06,SPF 50 Sunscreen,1,0,24.0,True
ORD000092,CUST00063,2025-04-28,Vitamin C Serum,1,0,22.0,True
ORD000093,CUST00064,2024-09-04,Gentle Cleanser,2,20,25.6,True
ORD000094,CUST00065,2024-07-14,SPF 50 Sunscreen,2,0,48.0,True
ORD000095,CUST00066,2024-11-24,SPF 50 Sunscreen,1,20,19.2,True
ORD000096,CUST00066,2025-01-05,Gentle Cleanser,1,0,16.0,False
ORD000097,CUST00067,2024-04-27,Hydrating Moisturizer,1,0,28.0,True
ORD000098,CUST00067,2024-05-11,Retinol Night Cream,2,0,64.0,False
ORD000099,CUST00068,2025-04-10,Niacinamide Serum,2,10,34.2,True
ORD000100,CUST00069,2024-03-20,Gentle Cleanser,1,0,16.0,True
ORD000101,CUST00069,2024-06-17,Retinol Night Cream,1,25,24.0,False
ORD000102,CUST00070,2025-07-23,SPF 50 Sunscreen,1,0,24.0,True
ORD000103,CUST00071,2025-03-26,Gentle Cleanser,2,0,32.0,True
ORD000104,CUST00072,2024-06-04,Retinol Night Cream,1,0,32.0,True
ORD000105,CUST00073,2024-02-05,Vitamin C Serum,1,0,22.0,True
ORD000106,CUST00074,2025-04-19,Face Mask Set,1,0,20.0,True
ORD000107,CUST00075,2025-02-11,Hydrating Moisturizer,1,25,21.0,True
ORD000108,CUST00076,2025-02-27,Face Mask Set,2,0,40.0,True
ORD000109,CUST00076,2025-04-15,Vitamin C Serum,2,15,37.4,False
ORD000110,CUST00076,2025-05-27,Niacinamide Serum,1,0,19.0,False
ORD000111,CUST00076,2025-06-10,Retinol Night Cream,1,0,32.0,False
ORD000112,CUST00077,2025-03-23,Vitamin C Serum,1,0,22.0,True
ORD000113,CUST00078,2024-03-18,Hydrating Moisturizer,1,0,28.0,True
ORD000114,CUST00078,2024-04-01,Retinol Night Cream,1,0,32.0,False
ORD000115,CUST00078,2024-07-09,Retinol Night Cream,1,0,32.0,False
ORD000116,CUST00078,2024-07-23,Vitamin C Serum,1,0,22.0,False
ORD000117,CUST00079,2024-09-04,Face Mask Set,1,0,20.0,True
ORD000118,CUST00079,2024-09-29,Hydrating Moisturizer,1,0,28.0,False
ORD000119,CUST00080,2024-04-11,Eye Cream,3,20,62.4,True
ORD000120,CUST00081,2025-05-20,Hydrating Moisturizer,2,0,56.0,True
ORD000121,CUST00082,2024-12-24,Gentle Cleanser,3,0,48.0,True
ORD000122,CUST00083,2024-08-14,Hydrating Moisturizer,1,25,21.0,True
ORD000123,CUST00083,2024-08-28,Gentle Cleanser,1,15,13.6,False
ORD000124,CUST00083,2024-12-05,Vitamin C Serum,1,25,16.5,False
ORD000125,CUST00084,2024-03-13,Eye Cream,1,0,26.0,True
ORD000126,CUST00084,2024-04-27,Gentle Cleanser,1,0,16.0,False
ORD000127,CUST00085,2024-08-01,SPF 50 Sunscreen,1,15,20.4,True
ORD000128,CUST00085,2024-09-19,Retinol Night Cream,1,0,32.0,False
ORD000129,CUST00085,2024-10-03,Niacinamide Serum,1,15,16.15,False
ORD000130,CUST00086,2024-08-10,SPF 50 Sunscreen,3,0,72.0,True
ORD000131,CUST00086,2024-11-07,Face Mask Set,1,0,20.0,False
ORD000132,CUST00086,2025-01-31,Eye Cream,1,0,26.0,False
ORD000133,CUST00087,2025-02-28,Gentle Cleanser,2,15,27.2,True
ORD000134,CUST00088,2024-12-29,Niacinamide Serum,1,25,14.25,True
ORD000135,CUST00088,2025-03-04,Retinol Night Cream,1,0,32.0,False
ORD000136,CUST00089,2025-06-03,Gentle Cleanser,1,0,16.0,True
ORD000137,CUST00091,2024-04-13,Eye Cream,1,0,26.0,True
ORD000138,CUST00091,2024-07-23,Hydrating Moisturizer,2,0,56.0,False
ORD000139,CUST00091,2024-08-06,Gentle Cleanser,1,0,16.0,False
ORD000140,CUST00092,2025-02-16,Gentle Cleanser,1,0,16.0,True
ORD000141,CUST00092,2025-03-16,Face Mask Set,1,20,16.0,False
ORD000142,CUST00093,2025-03-19,Eye Cream,1,25,19.5,True
ORD000143,CUST00094,2024-12-01,Vitamin C Serum,2,0,44.0,True
ORD000144,CUST00094,2024-12-23,Eye Cream,1,20,20.8,False
ORD000145,CUST00094,2025-01-20,Face Mask Set,3,15,51.0,False
ORD000146,CUST00094,2025-02-03,Retinol Night Cream,2,0,64.0,False
ORD000147,CUST00096,2024-11-13,Eye Cream,1,0,26.0,True
ORD000148,CUST00096,2024-12-11,Gentle Cleanser,1,0,16.0,False
ORD000149,CUST00097,2024-11-19,Eye Cream,1,15,22.1,True
ORD000150,CUST00098,2024-10-15,Gentle Cleanser,1,0,16.0,True
ORD000151,CUST00099,2024-02-18,Retinol Night Cream,1,0,32.0,True
ORD000152,CUST00099,2024-03-14,Gentle Cleanser,2,15,27.2,False
ORD000153,CUST00100,2024-04-08,Retinol Night Cream,3,0,96.0,True
ORD000154,CUST00100,2024-07-05,Eye Cream,1,0,26.0,False
ORD000155,CUST00101,2024-02-21,Face Mask Set,1,0,20.0,True
ORD000156,CUST00102,2024-12-30,SPF 50 Sunscreen,1,0,24.0,True
ORD000157,CUST00102,2025-01-13,Face Mask Set,1,25,15.0,False
ORD000158,CUST00103,2024-08-03,Hydrating Moisturizer,1,0,28.0,True
ORD000159,CUST00104,2024-11-17,Eye Cream,2,0,52.0,True
ORD000160,CUST00105,2025-06-11,Gentle Cleanser,1,10,14.4,True
ORD000161,CUST00106,2024-06-24,Niacinamide Serum,1,0,19.0,True
ORD000162,CUST00107,2024-10-03,SPF 50 Sunscreen,1,20,19.2,True
ORD000163,CUST00108,2025-03-16,Eye Cream,2,15,44.2,True
ORD000164,CUST00108,2025-04-29,Eye Cream,1,15,22.1,False
ORD000165,CUST00109,2024-06-16,SPF 50 Sunscreen,1,25,18.0,True
ORD000166,CUST00109,2024-09-25,SPF 50 Sunscreen,1,15,20.4,False
ORD000167,CUST00110,2024-03-20,Eye Cream,1,0,26.0,True
ORD000168,CUST00111,2024-07-17,SPF 50 Sunscreen,2,0,48.0,True
ORD000169,CUST00112,2024-05-11,Niacinamide Serum,2,0,38.0,True
ORD000170,CUST00112,2024-09-26,Eye Cream,1,0,26.0,False
ORD000171,CUST00113,2025-06-21,Face Mask Set,2,0,40.0,True
ORD000172,CUST00114,2025-04-16,Retinol Night Cream,2,0,64.0,True
ORD000173,CUST00115,2024-12-28,Face Mask Set,2,0,40.0,True
ORD000174,CUST00115,2025-03-25,Vitamin C Serum,3,0,66.0,False
ORD000175,CUST00115,2025-06-03,Face Mask Set,1,0,20.0,False
ORD000176,CUST00115,2025-06-17,Face Mask Set,1,0,20.0,False
ORD000177,CUST00116,2025-05-25,Gentle Cleanser,1,0,16.0,True
ORD000178,CUST00117,2025-04-13,SPF 50 Sunscreen,2,10,43.2,True
ORD000179,CUST00117,2025-05-11,Vitamin C Serum,1,20,17.6,False
ORD000180,CUST00117,2025-06-23,Vitamin C Serum,2,0,44.0,False
ORD000181,CUST00118,2024-05-25,Gentle Cleanser,2,0,32.0,True
ORD000182,CUST00118,2024-09-06,SPF 50 Sunscreen,1,15,20.4,False
ORD000183,CUST00118,2024-09-20,Niacinamide Serum,3,0,57.0,False
ORD000184,CUST00118,2025-04-10,Vitamin C Serum,1,0,22.0,False
ORD000185,CUST00118,2025-07-20,Vitamin C Serum,2,25,33.0,False
ORD000186,CUST00119,2025-06-03,SPF 50 Sunscreen,2,0,48.0,True
ORD000187,CUST00119,2025-06-17,Gentle Cleanser,2,25,24.0,False
ORD000188,CUST00120,2024-11-23,SPF 50 Sunscreen,2,20,38.4,True
ORD000189,CUST00120,2025-04-16,Eye Cream,1,20,20.8,False
ORD000190,CUST00120,2025-04-30,Face Mask Set,1,0,20.0,False
ORD000191,CUST00121,2025-04-16,Vitamin C Serum,1,0,22.0,True
ORD000192,CUST00122,2025-06-08,Eye Cream,1,10,23.4,True
ORD000193,CUST00123,2024-08-05,Gentle Cleanser,3,0,48.0,True
ORD000194,CUST00124,2024-04-08,Niacinamide Serum,1,0,19.0,True
ORD000195,CUST00124,2024-05-23,Vitamin C Serum,1,0,22.0,False
ORD000196,CUST00124,2024-08-09,SPF 50 Sunscreen,1,0,24.0,False
ORD000197,CUST00124,2024-10-16,Niacinamide Serum,1,10,17.1,False
ORD000198,CUST00124,2024-10-30,SPF 50 Sunscreen,2,0,48.0,False
ORD000199,CUST00125,2024-06-16,Face Mask Set,2,10,36.0,True
ORD000200,CUST00126,2024-10-15,Retinol Night Cream,2,20,51.2,True
ORD000201,CUST00126,2025-04-19,Retinol Night Cream,1,15,27.2,False
ORD000202,CUST00127,2025-04-21,Face Mask Set,1,0,20.0,True
ORD000203,CUST00129,2024-02-08,Face Mask Set,1,10,18.0,True
ORD000204,CUST00129,2024-07-23,SPF 50 Sunscreen,3,15,61.2,False
ORD000205,CUST00130,2024-11-17,SPF 50 Sunscreen,1,0,24.0,True
ORD000206,CUST00131,2024-10-09,Gentle Cleanser,1,0,16.0,True
ORD000207,CUST00131,2024-12-18,Face Mask Set,1,0,20.0,False
ORD000208,CUST00131,2025-01-07,Vitamin C Serum,2,0,44.0,False
ORD000209,CUST00131,2025-04-01,Hydrating Moisturizer,3,0,84.0,False
ORD000210,CUST00132,2024-06-15,Hydrating Moisturizer,1,15,23.8,True
ORD000211,CUST00132,2024-09-05,SPF 50 Sunscreen,1,0,24.0,False
ORD000212,CUST00133,2024-04-15,Hydrating Moisturizer,1,0,28.0,True
ORD000213,CUST00134,2024-08-18,Hydrating Moisturizer,2,0,56.0,True
ORD000214,CUST00135,2025-06-28,Niacinamide Serum,1,20,15.2,True
ORD000215,CUST00136,2024-08-08,Vitamin C Serum,2,0,44.0,True
ORD000216,CUST00137,2024-11-18,Niacinamide Serum,1,10,17.1,True
ORD000217,CUST00139,2024-09-08,Gentle Cleanser,1,0,16.0,True
ORD000218,CUST00139,2024-11-08,Hydrating Moisturizer,1,10,25.2,False
ORD000219,CUST00139,2024-11-25,Retinol Night Cream,1,10,28.8,False
ORD000220,CUST00140,2025-07-13,Eye Cream,1,20,20.8,True
ORD000221,CUST00141,2025-07-11,Eye Cream,1,0,26.0,True
ORD000222,CUST00142,2024-06-27,Niacinamide Serum,1,25,14.25,True
ORD000223,CUST00142,2024-08-23,Retinol Night Cream,1,20,25.6,False
ORD000224,CUST00143,2024-11-12,Eye Cream,3,10,70.2,True
ORD000225,CUST00143,2024-12-21,Vitamin C Serum,1,0,22.0,False
ORD000226,CUST00144,2024-07-25,Hydrating Moisturizer,1,15,23.8,True
ORD000227,CUST00144,2024-08-08,Niacinamide Serum,2,0,38.0,False
ORD000228,CUST00144,2025-01-20,Face Mask Set,1,0,20.0,False
ORD000229,CUST00145,2024-07-17,Eye Cream,3,15,66.3,True
ORD000230,CUST00146,2024-02-26,Hydrating Moisturizer,2,15,47.6,True
ORD000231,CUST00147,2024-12-19,Face Mask Set,1,15,17.0,True
ORD000232,CUST00147,2025-02-26,Vitamin C Serum,1,0,22.0,False
ORD000233,CUST00148,2024-11-15,Face Mask Set,2,15,34.0,True
ORD000234,CUST00149,2024-03-03,Retinol Night Cream,1,0,32.0,True
ORD000235,CUST00149,2024-05-17,Vitamin C Serum,1,0,22.0,False
ORD000236,CUST00150,2024-07-10,Niacinamide Serum,3,0,57.0,True
ORD000237,CUST00151,2025-06-14,Niacinamide Serum,2,0,38.0,True
ORD000238,CUST00151,2025-07-02,Retinol Night Cream,1,0,32.0,False
ORD000239,CUST00152,2024-06-23,Eye Cream,2,0,52.0,True
ORD000240,CUST00152,2024-08-19,Gentle Cleanser,1,0,16.0,False
ORD000241,CUST00153,2024-04-29,Gentle Cleanser,1,0,16.0,True
ORD000242,CUST00154,2024-11-10,Gentle Cleanser,1,25,12.0,True
ORD000243,CUST00154,2025-06-13,Face Mask Set,2,25,30.0,False
ORD000244,CUST00155,2025-07-23,Hydrating Moisturizer,1,0,28.0,True
ORD000245,CUST00156,2024-06-22,Niacinamide Serum,2,10,34.2,True
ORD000246,CUST00158,2025-03-17,Vitamin C Serum,3,0,66.0,True
ORD000247,CUST00159,2024-06-22,Hydrating Moisturizer,2,0,56.0,True
ORD000248,CUST00160,2025-02-24,Hydrating Moisturizer,2,0,56.0,True
ORD000249,CUST00161,2024-09-09,Niacinamide Serum,3,0,57.0,True
ORD000250,CUST00162,2024-12-26,Vitamin C Serum,3,25,49.5,True
ORD000251,CUST00162,2025-02-25,Niacinamide Serum,1,0,19.0,False
ORD000252,CUST00163,2024-12-30,Vitamin C Serum,2,15,37.4,True
ORD000253,CUST00164,2024-11-25,Retinol Night Cream,2,0,64.0,True
ORD000254,CUST00164,2024-12-29,Eye Cream,2,0,52.0,False
ORD000255,CUST00165,2024-03-29,Niacinamide Serum,1,15,16.15,True
ORD000256,CUST00166,2025-05-01,Niacinamide Serum,2,0,38.0,True
ORD000257,CUST00167,2024-08-06,Niacinamide Serum,1,0,19.0,True
ORD000258,CUST00168,2024-05-26,Retinol Night Cream,2,0,64.0,True
ORD000259,CUST00169,2024-02-28,Vitamin C Serum,1,0,22.0,True
ORD000260,CUST00170,2024-12-11,Gentle Cleanser,2,0,32.0,True
ORD000261,CUST00170,2025-04-23,Niacinamide Serum,1,0,19.0,False
ORD000262,CUST00170,2025-05-07,SPF 50 Sunscreen,1,0,24.0,False
ORD000263,CUST00170,2025-05-21,Gentle Cleanser,2,0,32.0,False
ORD000264,CUST00171,2025-01-24,Face Mask Set,1,0,20.0,True
ORD000265,CUST00173,2024-11-16,Retinol Night Cream,3,15,81.6,True
ORD000266,CUST00174,2024-06-16,Hydrating Moisturizer,2,0,56.0,True
ORD000267,CUST00175,2025-01-02,Gentle Cleanser,2,20,25.6,True
ORD000268,CUST00175,2025-02-12,Eye Cream,1,25,19.5,False
ORD000269,CUST00176,2024-05-20,Vitamin C Serum,1,15,18.7,True
ORD000270,CUST00176,2024-06-22,Vitamin C Serum,2,15,37.4,False
ORD000271,CUST00177,2025-02-01,Gentle Cleanser,1,0,16.0,True
ORD000272,CUST00178,2024-09-21,SPF 50 Sunscreen,1,0,24.0,True
ORD000273,CUST00178,2024-10-09,Niacinamide Serum,1,10,17.1,False
ORD000274,CUST00179,2025-06-26,Eye Cream,2,10,46.8,True
ORD000275,CUST00180,2024-04-24,SPF 50 Sunscreen,3,0,72.0,True
ORD000276,CUST00180,2024-07-09,Hydrating Moisturizer,2,15,47.6,False
ORD000277,CUST00181,2024-08-21,Eye Cream,1,0,26.0,True
ORD000278,CUST00182,2024-04-12,Gentle Cleanser,1,25,12.0,True
ORD000279,CUST00182,2024-05-03,Vitamin C Serum,1,0,22.0,False
ORD000280,CUST00182,2024-06-03,Retinol Night Cream,3,0,96.0,False
ORD000281,CUST00183,2025-06-19,Face Mask Set,1,0,20.0,True
ORD000282,CUST00184,2025-05-29,Retinol Night Cream,1,15,27.2,True
ORD000283,CUST00185,2024-06-30,Niacinamide Serum,2,0,38.0,True
ORD000284,CUST00186,2025-01-10,Gentle Cleanser,3,0,48.0,True
ORD000285,CUST00187,2025-04-20,SPF 50 Sunscreen,2,0,48.0,True
ORD000286,CUST00188,2024-11-30,Hydrating Moisturizer,3,0,84.0,True
ORD000287,CUST00189,2024-11-22,Gentle Cleanser,1,0,16.0,True
ORD000288,CUST00190,2024-06-24,Vitamin C Serum,2,0,44.0,True
ORD000289,CUST00190,2024-08-02,Hydrating Moisturizer,2,0,56.0,False
ORD000290,CUST00191,2024-03-28,Hydrating Moisturizer,1,0,28.0,True
ORD000291,CUST00192,2025-06-07,Niacinamide Serum,1,0,19.0,True
ORD000292,CUST00193,2025-06-09,Niacinamide Serum,1,0,19.0,True
ORD000293,CUST00194,2024-12-28,Face Mask Set,1,20,16.0,True
ORD000294,CUST00195,2024-08-21,Vitamin C Serum,1,0,22.0,True
ORD000295,CUST00196,2024-08-28,SPF 50 Sunscreen,1,0,24.0,True
ORD000296,CUST00198,2025-06-08,Face Mask Set,1,0,20.0,True
ORD000297,CUST00199,2025-06-02,Niacinamide Serum,2,0,38.0,True
ORD000298,CUST00200,2025-03-27,SPF 50 Sunscreen,1,15,20.4,True
ORD000299,CUST00201,2025-01-02,Face Mask Set,1,10,18.0,True
ORD000300,CUST00202,2024-03-25,Face Mask Set,1,20,16.0,True
ORD000301,CUST00203,2024-05-11,Retinol Night Cream,2,0,64.0,True
ORD000302,CUST00203,2024-05-25,Niacinamide Serum,1,20,15.2,False
ORD000303,CUST00203,2024-11-03,Eye Cream,1,20,20.8,False
ORD000304,CUST00204,2025-06-09,Retinol Night Cream,1,20,25.6,True
ORD000305,CUST00205,2024-12-18,Gentle Cleanser,3,0,48.0,True
ORD000306,CUST00205,2025-02-26,Vitamin C Serum,2,0,44.0,False
ORD000307,CUST00206,2024-02-08,Face Mask Set,1,0,20.0,True
ORD000308,CUST00206,2024-03-18,Eye Cream,1,20,20.8,False
ORD000309,CUST00207,2024-04-02,Eye Cream,1,20,20.8,True
ORD000310,CUST00208,2025-01-15,Face Mask Set,1,25,15.0,True
ORD000311,CUST00208,2025-01-29,Face Mask Set,2,0,40.0,False
ORD000312,CUST00208,2025-03-11,SPF 50 Sunscreen,3,20,57.6,False
ORD000313,CUST00209,2024-02-06,SPF 50 Sunscreen,1,25,18.0,True
ORD000314,CUST00210,2024-05-11,Eye Cream,1,20,20.8,True
ORD000315,CUST00210,2024-05-25,Vitamin C Serum,2,10,39.6,False
ORD000316,CUST00211,2024-11-26,Face Mask Set,1,0,20.0,True
ORD000317,CUST00212,2025-02-05,Niacinamide Serum,3,0,57.0,True
ORD000318,CUST00212,2025-03-13,Hydrating Moisturizer,1,0,28.0,False
ORD000319,CUST00213,2025-01-06,SPF 50 Sunscreen,2,0,48.0,True
ORD000320,CUST00215,2025-02-17,Gentle Cleanser,3,0,48.0,True
ORD000321,CUST00216,2024-06-20,Gentle Cleanser,2,0,32.0,True
ORD000322,CUST00216,2024-07-20,Vitamin C Serum,1,0,22.0,False
ORD000323,CUST00217,2024-08-10,Hydrating Moisturizer,2,0,56.0,True
ORD000324,CUST00217,2024-09-07,Hydrating Moisturizer,1,25,21.0,False
ORD000325,CUST00217,2024-09-21,Retinol Night Cream,1,0,32.0,False
ORD000326,CUST00217,2024-10-14,SPF 50 Sunscreen,1,0,24.0,False
ORD000327,CUST00219,2025-01-06,Hydrating Moisturizer,3,10,75.6,True
ORD000328,CUST00220,2025-05-09,Face Mask Set,2,20,32.0,True
ORD000329,CUST00221,2025-01-11,Niacinamide Serum,1,15,16.15,True
ORD000330,CUST00223,2024-04-01,Retinol Night Cream,2,0,64.0,True
ORD000331,CUST00223,2024-04-15,Niacinamide Serum,2,0,38.0,False
ORD000332,CUST00224,2024-09-10,Hydrating Moisturizer,1,15,23.8,True
ORD000333,CUST00226,2024-06-23,Niacinamide Serum,1,25,14.25,True
ORD000334,CUST00226,2024-09-10,Hydrating Moisturizer,3,0,84.0,False
ORD000335,CUST00227,2025-07-15,Gentle Cleanser,2,0,32.0,True
ORD000336,CUST00228,2024-09-25,Retinol Night Cream,1,20,25.6,True
ORD000337,CUST00229,2025-06-04,Gentle Cleanser,1,0,16.0,True
ORD000338,CUST00230,2024-12-26,Gentle Cleanser,1,25,12.0,True
ORD000339,CUST00231,2025-04-05,Niacinamide Serum,1,0,19.0,True
ORD000340,CUST00232,2024-11-13,SPF 50 Sunscreen,1,0,24.0,True
ORD000341,CUST00233,2024-12-07,Retinol Night Cream,2,0,64.0,True
ORD000342,CUST00234,2024-11-11,Retinol Night Cream,2,15,54.4,True
ORD000343,CUST00234,2024-11-25,Gentle Cleanser,1,10,14.4,False
ORD000344,CUST00235,2024-06-01,SPF 50 Sunscreen,1,0,24.0,True
ORD000345,CUST00235,2024-06-15,Eye Cream,3,0,78.0,False
ORD000346,CUST00235,2024-06-29,Face Mask Set,1,0,20.0,False
ORD000347,CUST00237,2024-07-15,SPF 50 Sunscreen,2,20,38.4,True
ORD000348,CUST00238,2024-02-18,Hydrating Moisturizer,1,10,25.2,True
ORD000349,CUST00239,2024-12-31,Retinol Night Cream,1,0,32.0,True
ORD000350,CUST00239,2025-01-19,SPF 50 Sunscreen,1,0,24.0,False
ORD000351,CUST00239,2025-02-17,Niacinamide Serum,1,0,19.0,False
ORD000352,CUST00239,2025-03-03,Gentle Cleanser,2,0,32.0,False
ORD000353,CUST00240,2024-05-20,Eye Cream,1,0,26.0,True
ORD000354,CUST00240,2024-06-14,SPF 50 Sunscreen,1,20,19.2,False
ORD000355,CUST00241,2025-06-26,Face Mask Set,1,15,17.0,True
ORD000356,CUST00242,2025-07-02,Face Mask Set,2,10,36.0,True
ORD000357,CUST00243,2025-06-16,Hydrating Moisturizer,1,0,28.0,True
ORD000358,CUST00244,2024-09-12,Eye Cream,2,0,52.0,True
ORD000359,CUST00244,2025-01-25,Gentle Cleanser,3,0,48.0,False
ORD000360,CUST00244,2025-05-11,Vitamin C Serum,1,10,19.8,False
ORD000361,CUST00244,2025-07-13,Face Mask Set,1,0,20.0,False
ORD000362,CUST00244,2025-07-27,Vitamin C Serum,1,0,22.0,False
ORD000363,CUST00245,2024-02-11,Gentle Cleanser,1,0,16.0,True
ORD000364,CUST00246,2025-06-21,Hydrating Moisturizer,1,15,23.8,True
ORD000365,CUST00247,2024-10-16,Face Mask Set,1,0,20.0,True
ORD000366,CUST00248,2025-07-11,Gentle Cleanser,1,0,16.0,True
ORD000367,CUST00249,2025-07-10,Vitamin C Serum,3,0,66.0,True
ORD000368,CUST00250,2025-05-12,Gentle Cleanser,1,0,16.0,True
ORD000369,CUST00250,2025-05-26,Face Mask Set,1,15,17.0,False
ORD000370,CUST00251,2024-07-23,Hydrating Moisturizer,2,0,56.0,True
ORD000371,CUST00251,2024-10-17,SPF 50 Sunscreen,1,25,18.0,False
ORD000372,CUST00252,2024-09-20,Eye Cream,1,25,19.5,True
ORD000373,CUST00252,2024-10-04,Retinol Night Cream,1,20,25.6,False
ORD000374,CUST00252,2025-01-11,SPF 50 Sunscreen,1,0,24.0,False
ORD000375,CUST00253,2025-05-13,Eye Cream,1,0,26.0,True
ORD000376,CUST00254,2024-08-03,Face Mask Set,2,0,40.0,True
ORD000377,CUST00254,2024-08-17,SPF 50 Sunscreen,2,0,48.0,False
ORD000378,CUST00254,2024-08-31,Face Mask Set,2,15,34.0,False
ORD000379,CUST00254,2024-09-15,Niacinamide Serum,1,0,19.0,False
ORD000380,CUST00255,2024-05-17,Face Mask Set,2,20,32.0,True
ORD000381,CUST00256,2024-11-28,Retinol Night Cream,2,0,64.0,True
ORD000382,CUST00257,2025-06-27,SPF 50 Sunscreen,2,20,38.4,True
ORD000383,CUST00258,2025-02-06,Niacinamide Serum,1,20,15.2,True
ORD000384,CUST00259,2024-12-04,Eye Cream,2,10,46.8,True
ORD000385,CUST00260,2024-04-03,Face Mask Set,1,0,20.0,True
ORD000386,CUST00261,2024-12-21,Face Mask Set,1,0,20.0,True
ORD000387,CUST00261,2025-01-27,SPF 50 Sunscreen,1,0,24.0,False
ORD000388,CUST00263,2024-04-27,Retinol Night Cream,3,0,96.0,True
ORD000389,CUST00264,2024-11-21,Niacinamide Serum,3,0,57.0,True
ORD000390,CUST00264,2024-12-05,Eye Cream,1,0,26.0,False
ORD000391,CUST00266,2025-03-07,Face Mask Set,2,0,40.0,True
ORD000392,CUST00266,2025-04-16,Face Mask Set,1,0,20.0,False
ORD000393,CUST00267,2025-02-06,Eye Cream,1,25,19.5,True
ORD000394,CUST00268,2025-02-11,Vitamin C Serum,3,0,66.0,True
ORD000395,CUST00268,2025-04-20,Gentle Cleanser,1,0,16.0,False
ORD000396,CUST00269,2024-09-03,Vitamin C Serum,1,0,22.0,True
ORD000397,CUST00270,2024-07-20,SPF 50 Sunscreen,1,15,20.4,True
ORD000398,CUST00270,2024-08-10,Retinol Night Cream,1,25,24.0,False
ORD000399,CUST00270,2024-08-24,Vitamin C Serum,2,0,44.0,False
ORD000400,CUST00270,2024-10-10,Eye Cream,1,0,26.0,False
ORD000401,CUST00271,2025-04-14,Gentle Cleanser,2,25,24.0,True
ORD000402,CUST00272,2025-04-18,Retinol Night Cream,1,0,32.0,True
ORD000403,CUST00272,2025-05-14,SPF 50 Sunscreen,1,0,24.0,False
ORD000404,CUST00272,2025-06-12,Vitamin C Serum,2,0,44.0,False
ORD000405,CUST00273,2025-05-22,Gentle Cleanser,1,10,14.4,True
ORD000406,CUST00273,2025-06-05,Retinol Night Cream,1,0,32.0,False
ORD000407,CUST00274,2025-06-14,Vitamin C Serum,1,0,22.0,True
ORD000408,CUST00275,2024-11-18,Gentle Cleanser,1,25,12.0,True
ORD000409,CUST00276,2024-11-16,Vitamin C Serum,2,15,37.4,True
ORD000410,CUST00277,2025-04-09,Hydrating Moisturizer,3,10,75.6,True
ORD000411,CUST00278,2025-01-05,Eye Cream,3,0,78.0,True
ORD000412,CUST00279,2025-02-09,Face Mask Set,1,0,20.0,True
ORD000413,CUST00280,2025-04-09,Hydrating Moisturizer,1,20,22.4,True
ORD000414,CUST00281,2025-06-05,Niacinamide Serum,1,25,14.25,True
ORD000415,CUST00282,2024-08-18,SPF 50 Sunscreen,1,10,21.6,True
ORD000416,CUST00283,2024-09-12,Vitamin C Serum,1,20,17.6,True
ORD000417,CUST00284,2024-03-30,Niacinamide Serum,2,0,38.0,True
ORD000418,CUST00285,2024-12-05,Gentle Cleanser,1,0,16.0,True
ORD000419,CUST00285,2024-12-19,Hydrating Moisturizer,1,0,28.0,False
ORD000420,CUST00286,2024-02-22,Eye Cream,1,0,26.0,True
ORD000421,CUST00286,2024-03-12,Gentle Cleanser,2,10,28.8,False
ORD000422,CUST00287,2024-11-06,Face Mask Set,1,10,18.0,True
ORD000423,CUST00288,2024-11-27,Gentle Cleanser,1,15,13.6,True
ORD000424,CUST00288,2024-12-14,SPF 50 Sunscreen,1,0,24.0,False
ORD000425,CUST00289,2024-07-18,Eye Cream,1,0,26.0,True
ORD000426,CUST00289,2024-09-03,Eye Cream,1,20,20.8,False
ORD000427,CUST00289,2024-10-14,Gentle Cleanser,1,0,16.0,False
ORD000428,CUST00290,2024-12-13,Retinol Night Cream,2,0,64.0,True
ORD000429,CUST00291,2024-02-19,Face Mask Set,1,0,20.0,True
ORD000430,CUST00292,2024-02-26,Face Mask Set,2,15,34.0,True
ORD000431,CUST00293,2025-04-23,Niacinamide Serum,1,0,19.0,True
ORD000432,CUST00293,2025-05-07,Niacinamide Serum,1,0,19.0,False
ORD000433,CUST00295,2024-04-18,SPF 50 Sunscreen,2,0,48.0,True
ORD000434,CUST00296,2024-11-19,Gentle Cleanser,3,0,48.0,True
ORD000435,CUST00296,2025-03-11,Hydrating Moisturizer,1,0,28.0,False
ORD000436,CUST00297,2025-03-24,Vitamin C Serum,3,25,49.5,True
ORD000437,CUST00297,2025-04-07,Retinol Night Cream,2,20,51.2,False
ORD000438,CUST00298,2024-06-11,Face Mask Set,2,0,40.0,True
ORD000439,CUST00299,2024-12-23,Hydrating Moisturizer,1,10,25.2,True
ORD000440,CUST00300,2024-03-27,SPF 50 Sunscreen,2,0,48.0,True
ORD000441,CUST00301,2024-03-06,Retinol Night Cream,1,0,32.0,True
ORD000442,CUST00301,2024-05-16,SPF 50 Sunscreen,1,0,24.0,False
ORD000443,CUST00302,2024-11-24,Niacinamide Serum,1,0,19.0,True
ORD000444,CUST00303,2024-11-24,Eye Cream,2,0,52.0,True
ORD000445,CUST00304,2024-12-28,Vitamin C Serum,2,10,39.6,True
ORD000446,CUST00305,2025-02-24,Eye Cream,3,0,78.0,True
ORD000447,CUST00305,2025-03-10,Vitamin C Serum,1,10,19.8,False
ORD000448,CUST00306,2025-07-18,Face Mask Set,1,20,16.0,True
ORD000449,CUST00307,2024-11-20,Niacinamide Serum,1,0,19.0,True
ORD000450,CUST00307,2025-01-25,Niacinamide Serum,3,0,57.0,False
ORD000451,CUST00308,2024-08-08,Retinol Night Cream,3,0,96.0,True
ORD000452,CUST00308,2024-10-07,Vitamin C Serum,3,0,66.0,False
ORD000453,CUST00309,2025-04-07,Face Mask Set,1,20,16.0,True
ORD000454,CUST00309,2025-04-29,Hydrating Moisturizer,1,0,28.0,False
ORD000455,CUST00310,2024-07-06,Hydrating Moisturizer,1,15,23.8,True
ORD000456,CUST00311,2024-10-23,Retinol Night Cream,1,15,27.2,True
ORD000457,CUST00312,2024-03-20,Gentle Cleanser,1,0,16.0,True
ORD000458,CUST00313,2024-02-19,Hydrating Moisturizer,3,10,75.6,True
ORD000459,CUST00314,2025-07-09,Eye Cream,2,20,41.6,True
ORD000460,CUST00315,2025-05-02,Vitamin C Serum,1,0,22.0,True
ORD000461,CUST00316,2025-02-04,Vitamin C Serum,1,0,22.0,True
ORD000462,CUST00317,2024-10-04,Face Mask Set,1,20,16.0,True
ORD000463,CUST00318,2024-05-16,Retinol Night Cream,1,25,24.0,True
ORD000464,CUST00319,2024-05-07,Vitamin C Serum,2,20,35.2,True
ORD000465,CUST00320,2024-06-27,SPF 50 Sunscreen,1,15,20.4,True
ORD000466,CUST00321,2024-11-29,Retinol Night Cream,1,15,27.2,True
ORD000467,CUST00322,2025-02-18,Gentle Cleanser,1,0,16.0,True
ORD000468,CUST00322,2025-03-04,Hydrating Moisturizer,2,0,56.0,False
ORD000469,CUST00322,2025-03-19,Face Mask Set,1,0,20.0,False
ORD000470,CUST00323,2025-01-11,Eye Cream,1,0,26.0,True
ORD000471,CUST00323,2025-02-01,Niacinamide Serum,1,20,15.2,False
ORD000472,CUST00324,2024-07-13,Niacinamide Serum,1,10,17.1,True
ORD000473,CUST00324,2024-08-28,Gentle Cleanser,3,0,48.0,False
ORD000474,CUST00325,2025-07-04,Gentle Cleanser,1,10,14.4,True
ORD000475,CUST00326,2025-03-04,Vitamin C Serum,2,0,44.0,True
ORD000476,CUST00326,2025-07-05,Retinol Night Cream,1,0,32.0,False
ORD000477,CUST00327,2024-11-29,Retinol Night Cream,3,10,86.4,True
ORD000478,CUST00328,2024-12-19,Gentle Cleanser,2,15,27.2,True
ORD000479,CUST00329,2024-10-09,Hydrating Moisturizer,1,0,28.0,True
ORD000480,CUST00330,2024-06-26,Gentle Cleanser,2,20,25.6,True
ORD000481,CUST00331,2024-09-02,Hydrating Moisturizer,1,0,28.0,True
ORD000482,CUST00332,2025-03-17,Gentle Cleanser,1,0,16.0,True
ORD000483,CUST00333,2024-02-12,Niacinamide Serum,3,0,57.0,True
ORD000484,CUST00333,2024-02-26,Vitamin C Serum,2,0,44.0,False
ORD000485,CUST00333,2024-06-12,Eye Cream,1,0,26.0,False
ORD000486,CUST00334,2024-04-13,Eye Cream,1,10,23.4,True
ORD000487,CUST00335,2024-02-29,Eye Cream,1,0,26.0,True
ORD000488,CUST00335,2024-03-14,Eye Cream,1,0,26.0,False
ORD000489,CUST00335,2024-07-01,Hydrating Moisturizer,1,0,28.0,False
ORD000490,CUST00335,2024-07-21,Eye Cream,1,0,26.0,False
ORD000491,CUST00336,2024-02-25,Hydrating Moisturizer,2,0,56.0,True
ORD000492,CUST00336,2024-04-08,Niacinamide Serum,1,0,19.0,False
ORD000493,CUST00336,2024-04-22,Hydrating Moisturizer,1,20,22.4,False
ORD000494,CUST00336,2024-07-16,Eye Cream,2,0,52.0,False
ORD000495,CUST00337,2025-05-12,Gentle Cleanser,1,0,16.0,True
ORD000496,CUST00338,2025-02-12,Vitamin C Serum,3,0,66.0,True
ORD000497,CUST00339,2024-11-08,Niacinamide Serum,1,10,17.1,True
ORD000498,CUST00339,2025-02-07,Vitamin C Serum,1,25,16.5,False
ORD000499,CUST00339,2025-02-26,Niacinamide Serum,2,0,38.0,False
ORD000500,CUST00341,2024-11-12,SPF 50 Sunscreen,1,20,19.2,True
ORD000501,CUST00342,2024-11-06,Vitamin C Serum,3,0,66.0,True
ORD000502,CUST00343,2024-05-19,Gentle Cleanser,1,20,12.8,True
ORD000503,CUST00344,2024-10-18,Hydrating Moisturizer,1,10,25.2,True
ORD000504,CUST00346,2024-12-23,Gentle Cleanser,2,0,32.0,True
ORD000505,CUST00346,2025-02-04,Hydrating Moisturizer,1,0,28.0,False
ORD000506,CUST00346,2025-04-04,Vitamin C Serum,1,0,22.0,False
ORD000507,CUST00347,2024-12-30,Hydrating Moisturizer,1,0,28.0,True
ORD000508,CUST00347,2025-01-13,Face Mask Set,1,0,20.0,False
ORD000509,CUST00348,2024-02-28,Gentle Cleanser,1,0,16.0,True
ORD000510,CUST00348,2024-06-13,SPF 50 Sunscreen,1,25,18.0,False
ORD000511,CUST00349,2024-09-12,Face Mask Set,1,0,20.0,True
ORD000512,CUST00349,2024-09-26,Eye Cream,1,25,19.5,False
ORD000513,CUST00349,2024-10-14,Niacinamide Serum,1,20,15.2,False
ORD000514,CUST00350,2024-12-25,Retinol Night Cream,1,10,28.8,True
ORD000515,CUST00352,2025-05-13,Vitamin C Serum,2,0,44.0,True
ORD000516,CUST00353,2025-01-10,Face Mask Set,1,25,15.0,True
ORD000517,CUST00354,2024-05-13,Retinol Night Cream,1,10,28.8,True
ORD000518,CUST00354,2024-05-27,Vitamin C Serum,1,15,18.7,False
ORD000519,CUST00354,2024-11-22,Gentle Cleanser,1,15,13.6,False
ORD000520,CUST00354,2025-02-20,Vitamin C Serum,1,0,22.0,False
ORD000521,CUST00355,2024-03-17,Eye Cream,1,25,19.5,True
ORD000522,CUST00356,2025-01-02,Gentle Cleanser,1,0,16.0,True
ORD000523,CUST00357,2024-02-18,Gentle Cleanser,1,15,13.6,True
ORD000524,CUST00357,2024-03-03,Niacinamide Serum,1,20,15.2,False
ORD000525,CUST00358,2024-12-11,Face Mask Set,2,0,40.0,True
ORD000526,CUST00359,2025-06-28,Hydrating Moisturizer,2,0,56.0,True
ORD000527,CUST00360,2024-12-06,Niacinamide Serum,2,10,34.2,True
ORD000528,CUST00360,2025-05-08,Gentle Cleanser,1,10,14.4,False
ORD000529,CUST00361,2024-09-20,SPF 50 Sunscreen,1,20,19.2,True
ORD000530,CUST00362,2025-01-02,Vitamin C Serum,1,15,18.7,True
ORD000531,CUST00363,2024-11-03,Gentle Cleanser,2,0,32.0,True
ORD000532,CUST00363,2024-12-08,Retinol Night Cream,1,15,27.2,False
ORD000533,CUST00364,2024-11-27,Niacinamide Serum,1,25,14.25,True
ORD000534,CUST00365,2025-06-26,SPF 50 Sunscreen,2,10,43.2,True
ORD000535,CUST00366,2024-09-18,Hydrating Moisturizer,3,15,71.4,True
ORD000536,CUST00366,2024-10-06,Eye Cream,2,0,52.0,False
ORD000537,CUST00366,2024-11-19,Hydrating Moisturizer,3,0,84.0,False
ORD000538,CUST00367,2025-07-08,Eye Cream,1,20,20.8,True
ORD000539,CUST00368,2025-06-09,Hydrating Moisturizer,2,0,56.0,True
ORD000540,CUST00369,2024-05-31,Eye Cream,3,0,78.0,True
ORD000541,CUST00370,2024-03-16,Eye Cream,1,0,26.0,True
ORD000542,CUST00371,2024-04-02,SPF 50 Sunscreen,1,15,20.4,True
ORD000543,CUST00372,2024-02-12,Hydrating Moisturizer,1,0,28.0,True
ORD000544,CUST00372,2024-03-01,Gentle Cleanser,3,0,48.0,False
ORD000545,CUST00373,2024-03-31,Face Mask Set,2,0,40.0,True
ORD000546,CUST00374,2025-01-30,Vitamin C Serum,2,0,44.0,True
ORD000547,CUST00374,2025-06-08,Face Mask Set,1,0,20.0,False
ORD000548,CUST00375,2024-03-16,Eye Cream,1,15,22.1,True
ORD000549,CUST00375,2024-07-06,Face Mask Set,1,0,20.0,False
ORD000550,CUST00375,2024-08-30,Retinol Night Cream,2,20,51.2,False
ORD000551,CUST00375,2024-09-13,Vitamin C Serum,1,0,22.0,False
ORD000552,CUST00377,2025-05-09,SPF 50 Sunscreen,1,0,24.0,True
ORD000553,CUST00377,2025-07-21,Eye Cream,2,0,52.0,False
ORD000554,CUST00378,2024-02-16,Eye Cream,3,25,58.5,True
ORD000555,CUST00379,2025-04-18,Eye Cream,2,0,52.0,True
ORD000556,CUST00380,2024-07-12,Vitamin C Serum,1,0,22.0,True
ORD000557,CUST00381,2024-04-12,Vitamin C Serum,1,0,22.0,True
ORD000558,CUST00382,2025-02-07,Niacinamide Serum,1,0,19.0,True
ORD000559,CUST00382,2025-02-27,Eye Cream,3,20,62.4,False
ORD000560,CUST00383,2024-12-28,Retinol Night Cream,2,0,64.0,True
ORD000561,CUST00384,2025-05-28,Retinol Night Cream,1,0,32.0,True
ORD000562,CUST00385,2025-03-01,Eye Cream,2,10,46.8,True
ORD000563,CUST00387,2024-07-15,SPF 50 Sunscreen,2,20,38.4,True
ORD000564,CUST00387,2024-10-19,SPF 50 Sunscreen,2,0,48.0,False
ORD000565,CUST00387,2024-11-07,Vitamin C Serum,1,10,19.8,False
ORD000566,CUST00388,2024-05-22,Vitamin C Serum,1,10,19.8,True
ORD000567,CUST00389,2025-03-12,Gentle Cleanser,1,0,16.0,True
ORD000568,CUST00389,2025-03-30,Face Mask Set,1,20,16.0,False
ORD000569,CUST00390,2025-04-16,Gentle Cleanser,1,10,14.4,True
ORD000570,CUST00391,2025-07-25,SPF 50 Sunscreen,2,10,43.2,True
ORD000571,CUST00392,2024-10-05,Niacinamide Serum,1,0,19.0,True
ORD000572,CUST00392,2024-10-19,Gentle Cleanser,1,0,16.0,False
ORD000573,CUST00393,2024-09-13,Face Mask Set,1,0,20.0,True
ORD000574,CUST00394,2025-03-27,Niacinamide Serum,1,0,19.0,True
ORD000575,CUST00395,2024-08-21,Gentle Cleanser,2,0,32.0,True
ORD000576,CUST00396,2025-06-22,Niacinamide Serum,2,0,38.0,True
ORD000577,CUST00397,2025-05-17,Hydrating Moisturizer,1,15,23.8,True
ORD000578,CUST00398,2024-10-16,Face Mask Set,3,10,54.0,True
ORD000579,CUST00399,2025-03-12,Hydrating Moisturizer,1,20,22.4,True
ORD000580,CUST00400,2025-03-13,Eye Cream,1,15,22.1,True
ORD000581,CUST00400,2025-06-02,Gentle Cleanser,2,25,24.0,False
ORD000582,CUST00401,2024-04-06,Gentle Cleanser,1,15,13.6,True
ORD000583,CUST00401,2024-07-02,SPF 50 Sunscreen,1,10,21.6,False
ORD000584,CUST00402,2025-06-11,Niacinamide Serum,1,10,17.1,True
ORD000585,CUST00402,2025-06-25,Gentle Cleanser,1,0,16.0,False
ORD000586,CUST00403,2024-11-14,Hydrating Moisturizer,2,0,56.0,True
ORD000587,CUST00403,2025-01-21,Hydrating Moisturizer,2,25,42.0,False
ORD000588,CUST00404,2025-04-28,Retinol Night Cream,3,0,96.0,True
ORD000589,CUST00405,2024-08-05,Niacinamide Serum,2,20,30.4,True
ORD000590,CUST00405,2024-09-02,Eye Cream,2,0,52.0,False
ORD000591,CUST00405,2025-01-27,Eye Cream,1,15,22.1,False
ORD000592,CUST00405,2025-02-10,Hydrating Moisturizer,1,0,28.0,False
ORD000593,CUST00405,2025-03-21,Hydrating Moisturizer,1,0,28.0,False
ORD000594,CUST00408,2024-02-10,Gentle Cleanser,3,0,48.0,True
ORD000595,CUST00409,2025-06-10,Niacinamide Serum,3,0,57.0,True
ORD000596,CUST00410,2024-03-28,Vitamin C Serum,1,0,22.0,True
ORD000597,CUST00411,2024-08-08,Hydrating Moisturizer,1,15,23.8,True
ORD000598,CUST00412,2025-07-01,SPF 50 Sunscreen,1,0,24.0,True
ORD000599,CUST00413,2025-07-03,Eye Cream,1,10,23.4,True
ORD000600,CUST00414,2024-12-07,Vitamin C Serum,2,10,39.6,True
ORD000601,CUST00414,2024-12-21,SPF 50 Sunscreen,2,0,48.0,False
ORD000602,CUST00415,2024-12-27,Eye Cream,2,0,52.0,True
ORD000603,CUST00416,2024-10-27,Gentle Cleanser,2,15,27.2,True
ORD000604,CUST00416,2024-11-25,Gentle Cleanser,1,0,16.0,False
ORD000605,CUST00416,2024-12-27,Retinol Night Cream,1,0,32.0,False
ORD000606,CUST00417,2024-07-20,Eye Cream,2,0,52.0,True
ORD000607,CUST00418,2024-08-11,Hydrating Moisturizer,1,0,28.0,True
ORD000608,CUST00419,2025-01-19,Vitamin C Serum,1,0,22.0,True
ORD000609,CUST00419,2025-04-12,Hydrating Moisturizer,2,0,56.0,False
ORD000610,CUST00419,2025-04-26,Gentle Cleanser,1,0,16.0,False
ORD000611,CUST00420,2025-03-14,Niacinamide Serum,2,0,38.0,True
ORD000612,CUST00422,2025-04-04,Niacinamide Serum,1,0,19.0,True
ORD000613,CUST00425,2024-03-07,Eye Cream,1,15,22.1,True
ORD000614,CUST00426,2024-11-28,Niacinamide Serum,1,25,14.25,True
ORD000615,CUST00426,2024-12-12,Face Mask Set,2,0,40.0,False
ORD000616,CUST00428,2025-06-02,Gentle Cleanser,3,0,48.0,True
ORD000617,CUST00429,2024-08-29,Niacinamide Serum,1,10,17.1,True
ORD000618,CUST00429,2024-10-09,Hydrating Moisturizer,1,0,28.0,False
ORD000619,CUST00432,2025-03-17,Eye Cream,1,0,26.0,True
ORD000620,CUST00434,2024-04-05,Retinol Night Cream,2,15,54.4,True
ORD000621,CUST00434,2024-09-26,Vitamin C Serum,2,0,44.0,False
ORD000622,CUST00434,2024-11-03,Gentle Cleanser,1,0,16.0,False
ORD000623,CUST00435,2024-03-24,Niacinamide Serum,1,0,19.0,True
ORD000624,CUST00436,2025-02-10,Niacinamide Serum,2,25,28.5,True
ORD000625,CUST00436,2025-05-27,SPF 50 Sunscreen,1,0,24.0,False
ORD000626,CUST00437,2024-03-19,Retinol Night Cream,1,10,28.8,True
ORD000627,CUST00438,2025-04-22,Vitamin C Serum,1,25,16.5,True
ORD000628,CUST00438,2025-07-11,Retinol Night Cream,2,15,54.4,False
ORD000629,CUST00439,2025-02-14,SPF 50 Sunscreen,1,15,20.4,True
ORD000630,CUST00440,2024-03-23,Hydrating Moisturizer,2,20,44.8,True
ORD000631,CUST00441,2024-03-23,Retinol Night Cream,2,0,64.0,True
ORD000632,CUST00442,2025-07-23,Eye Cream,2,10,46.8,True
ORD000633,CUST00443,2024-09-14,Niacinamide Serum,1,15,16.15,True
ORD000634,CUST00443,2025-02-08,Vitamin C Serum,2,20,35.2,False
ORD000635,CUST00444,2024-09-11,SPF 50 Sunscreen,1,0,24.0,True
ORD000636,CUST00444,2024-09-25,Niacinamide Serum,2,0,38.0,False
ORD000637,CUST00445,2025-04-16,Eye Cream,1,25,19.5,True
ORD000638,CUST00446,2025-07-02,Retinol Night Cream,1,10,28.8,True
ORD000639,CUST00447,2025-07-24,Retinol Night Cream,1,10,28.8,True
ORD000640,CUST00448,2025-03-13,Face Mask Set,1,0,20.0,True
ORD000641,CUST00449,2024-09-14,Hydrating Moisturizer,1,0,28.0,True
ORD000642,CUST00450,2024-03-24,Niacinamide Serum,1,0,19.0,True
ORD000643,CUST00450,2024-06-22,Retinol Night Cream,1,20,25.6,False
ORD000644,CUST00451,2025-03-29,Eye Cream,1,0,26.0,True
ORD000645,CUST00452,2024-12-01,Gentle Cleanser,1,0,16.0,True
ORD000646,CUST00453,2024-10-13,Vitamin C Serum,1,0,22.0,True
ORD000647,CUST00454,2025-06-13,Retinol Night Cream,1,0,32.0,True
ORD000648,CUST00455,2024-04-10,Eye Cream,1,15,22.1,True
ORD000649,CUST00456,2024-11-10,Hydrating Moisturizer,1,15,23.8,True
ORD000650,CUST00457,2024-02-09,Face Mask Set,1,0,20.0,True
ORD000651,CUST00457,2024-02-23,SPF 50 Sunscreen,1,0,24.0,False
ORD000652,CUST00457,2024-03-08,Gentle Cleanser,2,0,32.0,False
ORD000653,CUST00457,2024-03-26,Vitamin C Serum,2,0,44.0,False
ORD000654,CUST00457,2024-04-09,Hydrating Moisturizer,2,0,56.0,False
ORD000655,CUST00457,2024-05-05,Retinol Night Cream,2,15,54.4,False
ORD000656,CUST00457,2024-09-14,Gentle Cleanser,3,0,48.0,False
ORD000657,CUST00457,2024-11-05,Retinol Night Cream,2,0,64.0,False
ORD000658,CUST00457,2024-12-04,Niacinamide Serum,1,0,19.0,False
ORD000659,CUST00458,2024-11-07,Hydrating Moisturizer,1,25,21.0,True
ORD000660,CUST00458,2024-12-22,SPF 50 Sunscreen,1,0,24.0,False
ORD000661,CUST00458,2025-02-12,Gentle Cleanser,1,0,16.0,False
ORD000662,CUST00459,2024-03-08,Hydrating Moisturizer,1,0,28.0,True
ORD000663,CUST00459,2024-05-04,Gentle Cleanser,3,0,48.0,False
ORD000664,CUST00460,2024-04-13,Hydrating Moisturizer,2,0,56.0,True
ORD000665,CUST00462,2025-01-03,Eye Cream,1,0,26.0,True
ORD000666,CUST00462,2025-01-17,SPF 50 Sunscreen,1,0,24.0,False
ORD000667,CUST00463,2025-03-08,SPF 50 Sunscreen,1,0,24.0,True
ORD000668,CUST00464,2024-12-10,Hydrating Moisturizer,2,0,56.0,True
ORD000669,CUST00465,2025-07-10,Niacinamide Serum,1,0,19.0,True
ORD000670,CUST00467,2024-07-15,SPF 50 Sunscreen,1,0,24.0,True
ORD000671,CUST00468,2025-05-22,Niacinamide Serum,1,0,19.0,True
ORD000672,CUST00470,2025-07-11,Hydrating Moisturizer,1,0,28.0,True
ORD000673,CUST00471,2024-02-11,SPF 50 Sunscreen,1,0,24.0,True
ORD000674,CUST00472,2025-07-12,Face Mask Set,1,0,20.0,True
ORD000675,CUST00473,2024-02-29,Gentle Cleanser,1,0,16.0,True
ORD000676,CUST00474,2025-06-05,Retinol Night Cream,1,0,32.0,True
ORD000677,CUST00475,2024-11-21,Niacinamide Serum,1,0,19.0,True
ORD000678,CUST00476,2025-07-27,Retinol Night Cream,2,0,64.0,True
ORD000679,CUST00478,2024-11-30,Retinol Night Cream,1,0,32.0,True
ORD000680,CUST00478,2024-12-14,SPF 50 Sunscreen,3,10,64.8,False
ORD000681,CUST00479,2025-07-15,Gentle Cleanser,1,0,16.0,True
ORD000682,CUST00481,2024-12-28,Hydrating Moisturizer,1,0,28.0,True
ORD000683,CUST00483,2024-11-01,Face Mask Set,2,0,40.0,True
ORD000684,CUST00484,2024-12-27,Hydrating Moisturizer,2,0,56.0,True
ORD000685,CUST00485,2024-12-11,SPF 50 Sunscreen,1,10,21.6,True
ORD000686,CUST00485,2024-12-25,Face Mask Set,1,15,17.0,False
ORD000687,CUST00486,2025-06-08,Gentle Cleanser,1,15,13.6,True
ORD000688,CUST00487,2024-03-01,Vitamin C Serum,2,15,37.4,True
ORD000689,CUST00487,2024-05-02,Eye Cream,1,15,22.1,False
ORD000690,CUST00488,2024-07-14,Retinol Night Cream,1,10,28.8,True
ORD000691,CUST00489,2025-07-01,SPF 50 Sunscreen,1,0,24.0,True
ORD000692,CUST00490,2025-06-04,SPF 50 Sunscreen,2,20,38.4,True
ORD000693,CUST00491,2024-10-31,Niacinamide Serum,1,25,14.25,True
ORD000694,CUST00492,2024-12-22,Retinol Night Cream,1,0,32.0,True
ORD000695,CUST00493,2024-07-12,Eye Cream,1,15,22.1,True
ORD000696,CUST00495,2024-11-03,Vitamin C Serum,2,0,44.0,True
ORD000697,CUST00495,2025-02-12,Face Mask Set,2,15,34.0,False
ORD000698,CUST00496,2024-08-30,SPF 50 Sunscreen,2,0,48.0,True
ORD000699,CUST00497,2024-12-10,Gentle Cleanser,1,20,12.8,True
ORD000700,CUST00498,2024-03-21,Gentle Cleanser,1,25,12.0,True
ORD000701,CUST00499,2025-07-17,Face Mask Set,1,0,20.0,True
ORD000702,CUST00500,2025-07-24,SPF 50 Sunscreen,1,25,18.0,True
ORD000703,CUST00501,2025-02-07,Vitamin C Serum,1,0,22.0,True
ORD000704,CUST00502,2024-11-23,SPF 50 Sunscreen,1,15,20.4,True
ORD000705,CUST00504,2025-04-17,Niacinamide Serum,1,0,19.0,True
ORD000706,CUST00504,2025-07-01,Gentle Cleanser,2,0,32.0,False
ORD000707,CUST00505,2025-01-28,Face Mask Set,1,0,20.0,True
ORD000708,CUST00507,2025-06-13,Vitamin C Serum,1,0,22.0,True
ORD000709,CUST00508,2025-04-24,Face Mask Set,1,0,20.0,True
ORD000710,CUST00509,2025-06-30,Hydrating Moisturizer,1,15,23.8,True
ORD000711,CUST00510,2025-02-23,Hydrating Moisturizer,2,25,42.0,True
ORD000712,CUST00511,2024-12-20,SPF 50 Sunscreen,1,15,20.4,True
ORD000713,CUST00511,2025-01-19,Eye Cream,1,15,22.1,False
ORD000714,CUST00512,2024-10-09,Face Mask Set,2,10,36.0,True
ORD000715,CUST00513,2025-06-24,Face Mask Set,2,0,40.0,True
ORD000716,CUST00515,2024-02-29,Vitamin C Serum,3,0,66.0,True
ORD000717,CUST00515,2024-03-15,Niacinamide Serum,1,0,19.0,False
ORD000718,CUST00516,2024-02-19,Gentle Cleanser,1,20,12.8,True
ORD000719,CUST00516,2024-07-13,Face Mask Set,1,0,20.0,False
ORD000720,CUST00517,2024-09-13,Retinol Night Cream,1,0,32.0,True
ORD000721,CUST00518,2025-04-17,Face Mask Set,1,0,20.0,True
ORD000722,CUST00518,2025-05-10,Retinol Night Cream,1,20,25.6,False
ORD000723,CUST00519,2025-07-23,Retinol Night Cream,1,0,32.0,True
ORD000724,CUST00520,2024-05-02,Hydrating Moisturizer,1,0,28.0,True
ORD000725,CUST00521,2024-12-15,Niacinamide Serum,1,10,17.1,True
ORD000726,CUST00522,2024-09-16,Niacinamide Serum,2,0,38.0,True
ORD000727,CUST00523,2025-07-15,Retinol Night Cream,1,20,25.6,True
ORD000728,CUST00524,2025-05-07,Eye Cream,1,25,19.5,True
ORD000729,CUST00524,2025-06-17,Vitamin C Serum,2,25,33.0,False
ORD000730,CUST00525,2025-05-05,Gentle Cleanser,1,15,13.6,True
ORD000731,CUST00526,2024-11-05,Retinol Night Cream,1,0,32.0,True
ORD000732,CUST00527,2024-10-08,Retinol Night Cream,1,0,32.0,True
ORD000733,CUST00528,2024-07-07,Retinol Night Cream,1,0,32.0,True
ORD000734,CUST00529,2024-03-06,Eye Cream,1,0,26.0,True
ORD000735,CUST00530,2025-05-18,Hydrating Moisturizer,2,20,44.8,True
ORD000736,CUST00531,2025-04-18,Gentle Cleanser,2,0,32.0,True
ORD000737,CUST00532,2025-07-31,Retinol Night Cream,1,0,32.0,True
ORD000738,CUST00533,2025-07-28,Hydrating Moisturizer,1,0,28.0,True
ORD000739,CUST00535,2025-03-24,Gentle Cleanser,1,20,12.8,True
ORD000740,CUST00535,2025-06-25,Vitamin C Serum,1,0,22.0,False
ORD000741,CUST00536,2025-06-29,SPF 50 Sunscreen,2,0,48.0,True
ORD000742,CUST00537,2025-05-09,Niacinamide Serum,1,0,19.0,True
ORD000743,CUST00538,2024-06-26,Gentle Cleanser,1,0,16.0,True
ORD000744,CUST00538,2024-07-22,Eye Cream,1,0,26.0,False
ORD000745,CUST00538,2024-08-05,Face Mask Set,2,0,40.0,False
ORD000746,CUST00539,2024-10-30,Retinol Night Cream,2,20,51.2,True
ORD000747,CUST00539,2024-12-17,Hydrating Moisturizer,1,15,23.8,False
ORD000748,CUST00540,2024-04-19,Gentle Cleanser,1,0,16.0,True
ORD000749,CUST00541,2025-07-06,SPF 50 Sunscreen,2,0,48.0,True
ORD000750,CUST00542,2024-12-19,Face Mask Set,1,25,15.0,True
ORD000751,CUST00543,2024-06-15,Gentle Cleanser,1,0,16.0,True
ORD000752,CUST00544,2025-01-22,Vitamin C Serum,2,25,33.0,True
ORD000753,CUST00545,2024-12-21,Vitamin C Serum,1,20,17.6,True
ORD000754,CUST00545,2025-03-15,Eye Cream,1,0,26.0,False
ORD000755,CUST00546,2024-09-04,Eye Cream,1,15,22.1,True
ORD000756,CUST00546,2024-09-18,Gentle Cleanser,1,10,14.4,False
ORD000757,CUST00547,2024-04-10,Gentle Cleanser,2,0,32.0,True
ORD000758,CUST00547,2024-06-20,Retinol Night Cream,1,0,32.0,False
ORD000759,CUST00548,2025-01-20,Niacinamide Serum,1,25,14.25,True
ORD000760,CUST00549,2024-11-19,SPF 50 Sunscreen,2,0,48.0,True
ORD000761,CUST00549,2025-03-14,Vitamin C Serum,2,15,37.4,False
ORD000762,CUST00550,2025-03-26,Gentle Cleanser,1,0,16.0,True
ORD000763,CUST00550,2025-05-01,Niacinamide Serum,1,0,19.0,False
ORD000764,CUST00551,2024-11-19,Face Mask Set,3,0,60.0,True
ORD000765,CUST00552,2025-05-11,Retinol Night Cream,1,0,32.0,True
ORD000766,CUST00553,2024-11-29,Eye Cream,1,15,22.1,True
ORD000767,CUST00556,2024-10-01,Niacinamide Serum,1,25,14.25,True
ORD000768,CUST00557,2024-04-24,Retinol Night Cream,1,15,27.2,True
ORD000769,CUST00558,2024-02-21,Face Mask Set,1,0,20.0,True
ORD000770,CUST00559,2025-03-15,Gentle Cleanser,1,20,12.8,True
ORD000771,CUST00560,2024-12-24,SPF 50 Sunscreen,1,15,20.4,True
ORD000772,CUST00561,2025-02-10,Vitamin C Serum,2,0,44.0,True
ORD000773,CUST00561,2025-02-24,Eye Cream,1,0,26.0,False
ORD000774,CUST00562,2024-06-07,SPF 50 Sunscreen,1,0,24.0,True
ORD000775,CUST00563,2024-04-24,Retinol Night Cream,2,15,54.4,True
ORD000776,CUST00563,2024-05-08,Eye Cream,2,0,52.0,False
ORD000777,CUST00564,2024-02-09,Eye Cream,1,15,22.1,True
ORD000778,CUST00565,2024-08-28,Vitamin C Serum,3,0,66.0,True
ORD000779,CUST00566,2024-12-13,Niacinamide Serum,2,0,38.0,True
ORD000780,CUST00566,2025-01-26,Retinol Night Cream,1,25,24.0,False
ORD000781,CUST00566,2025-04-09,Niacinamide Serum,2,0,38.0,False
ORD000782,CUST00566,2025-05-01,Face Mask Set,1,0,20.0,False
ORD000783,CUST00566,2025-07-19,Niacinamide Serum,1,0,19.0,False
ORD000784,CUST00567,2024-09-25,Niacinamide Serum,1,10,17.1,True
ORD000785,CUST00567,2024-11-22,Face Mask Set,1,25,15.0,False
ORD000786,CUST00567,2025-01-14,Vitamin C Serum,3,20,52.8,False
ORD000787,CUST00568,2024-10-22,Gentle Cleanser,1,0,16.0,True
ORD000788,CUST00568,2024-11-05,Gentle Cleanser,1,0,16.0,False
ORD000789,CUST00569,2025-06-09,Niacinamide Serum,1,0,19.0,True
ORD000790,CUST00570,2024-08-27,Eye Cream,1,20,20.8,True
ORD000791,CUST00570,2024-09-20,Retinol Night Cream,1,0,32.0,False
ORD000792,CUST00571,2024-11-18,Niacinamide Serum,3,0,57.0,True
ORD000793,CUST00571,2024-12-02,Retinol Night Cream,1,15,27.2,False
ORD000794,CUST00572,2025-03-30,Niacinamide Serum,2,25,28.5,True
ORD000795,CUST00573,2024-09-26,Eye Cream,3,0,78.0,True
ORD000796,CUST00573,2024-11-17,Retinol Night Cream,1,25,24.0,False
ORD000797,CUST00573,2024-12-03,Eye Cream,1,0,26.0,False
ORD000798,CUST00573,2024-12-17,Gentle Cleanser,1,25,12.0,False
ORD000799,CUST00574,2024-12-22,Niacinamide Serum,1,0,19.0,True
ORD000800,CUST00575,2025-05-18,Face Mask Set,3,0,60.0,True
ORD000801,CUST00576,2025-07-01,SPF 50 Sunscreen,2,20,38.4,True
ORD000802,CUST00577,2024-05-02,Face Mask Set,1,0,20.0,True
ORD000803,CUST00577,2024-06-11,Vitamin C Serum,1,0,22.0,False
ORD000804,CUST00577,2024-10-20,Gentle Cleanser,1,0,16.0,False
ORD000805,CUST00577,2025-01-17,Face Mask Set,1,0,20.0,False
ORD000806,CUST00577,2025-01-31,Face Mask Set,1,0,20.0,False
ORD000807,CUST00578,2025-06-20,Gentle Cleanser,2,0,32.0,True
ORD000808,CUST00580,2024-06-29,Vitamin C Serum,2,0,44.0,True
ORD000809,CUST00581,2024-11-03,SPF 50 Sunscreen,3,0,72.0,True
ORD000810,CUST00581,2024-12-15,Face Mask Set,1,10,18.0,False
ORD000811,CUST00582,2025-07-18,Gentle Cleanser,2,0,32.0,True
ORD000812,CUST00583,2024-11-12,SPF 50 Sunscreen,1,0,24.0,True
ORD000813,CUST00583,2024-11-26,Gentle Cleanser,1,20,12.8,False
ORD000814,CUST00584,2024-08-13,Eye Cream,1,15,22.1,True
ORD000815,CUST00585,2024-12-26,Niacinamide Serum,1,0,19.0,True
ORD000816,CUST00586,2024-06-23,Face Mask Set,1,0,20.0,True
ORD000817,CUST00587,2024-03-19,Gentle Cleanser,1,0,16.0,True
ORD000818,CUST00587,2024-05-19,Retinol Night Cream,3,0,96.0,False
ORD000819,CUST00588,2024-04-22,Gentle Cleanser,1,10,14.4,True
ORD000820,CUST00588,2024-07-04,SPF 50 Sunscreen,2,10,43.2,False
ORD000821,CUST00589,2024-04-20,Face Mask Set,1,0,20.0,True
ORD000822,CUST00590,2024-05-04,Vitamin C Serum,1,0,22.0,True
ORD000823,CUST00590,2024-05-18,Hydrating Moisturizer,1,0,28.0,False
ORD000824,CUST00592,2024-12-30,SPF 50 Sunscreen,1,0,24.0,True
ORD000825,CUST00592,2025-01-15,Niacinamide Serum,1,0,19.0,False
ORD000826,CUST00592,2025-06-13,Niacinamide Serum,1,0,19.0,False
ORD000827,CUST00595,2025-06-08,Gentle Cleanser,1,0,16.0,True
ORD000828,CUST00596,2024-11-07,Gentle Cleanser,3,20,38.4,True
ORD000829,CUST00596,2024-12-29,Gentle Cleanser,2,0,32.0,False
ORD000830,CUST00596,2025-03-19,Eye Cream,1,0,26.0,False
ORD000831,CUST00597,2025-01-16,Gentle Cleanser,2,0,32.0,True
ORD000832,CUST00598,2024-05-15,Gentle Cleanser,3,0,48.0,True
ORD000833,CUST00599,2024-05-30,Face Mask Set,2,0,40.0,True
ORD000834,CUST00599,2024-09-02,Niacinamide Serum,2,20,30.4,False
ORD000835,CUST00600,2024-02-25,Niacinamide Serum,1,0,19.0,True
ORD000836,CUST00601,2024-05-15,Gentle Cleanser,1,0,16.0,True
ORD000837,CUST00602,2024-07-11,Eye Cream,2,0,52.0,True
ORD000838,CUST00603,2024-05-18,Niacinamide Serum,1,20,15.2,True
ORD000839,CUST00604,2024-03-27,Niacinamide Serum,2,20,30.4,True
ORD000840,CUST00604,2024-05-20,Vitamin C Serum,2,15,37.4,False
ORD000841,CUST00606,2024-11-04,Vitamin C Serum,1,10,19.8,True
ORD000842,CUST00607,2024-06-04,Niacinamide Serum,1,0,19.0,True
ORD000843,CUST00608,2024-09-05,Retinol Night Cream,3,0,96.0,True
ORD000844,CUST00609,2024-11-13,SPF 50 Sunscreen,3,25,54.0,True
ORD000845,CUST00609,2024-11-29,Vitamin C Serum,1,0,22.0,False
ORD000846,CUST00610,2025-02-01,SPF 50 Sunscreen,1,20,19.2,True
ORD000847,CUST00610,2025-05-31,Face Mask Set,1,25,15.0,False
ORD000848,CUST00611,2024-02-27,Eye Cream,1,20,20.8,True
ORD000849,CUST00612,2025-04-08,Niacinamide Serum,1,10,17.1,True
ORD000850,CUST00613,2024-12-25,SPF 50 Sunscreen,1,20,19.2,True
ORD000851,CUST00614,2024-03-22,Vitamin C Serum,1,0,22.0,True
ORD000852,CUST00615,2025-05-26,Eye Cream,1,0,26.0,True
ORD000853,CUST00616,2025-06-16,Vitamin C Serum,1,15,18.7,True
ORD000854,CUST00617,2024-03-12,SPF 50 Sunscreen,1,0,24.0,True
ORD000855,CUST00618,2024-07-12,Eye Cream,1,0,26.0,True
ORD000856,CUST00620,2025-03-08,Hydrating Moisturizer,1,0,28.0,True
ORD000857,CUST00621,2024-05-23,Face Mask Set,1,10,18.0,True
ORD000858,CUST00622,2024-06-07,Vitamin C Serum,2,0,44.0,True
ORD000859,CUST00623,2024-09-11,Eye Cream,1,0,26.0,True
ORD000860,CUST00624,2024-11-11,Gentle Cleanser,1,0,16.0,True
ORD000861,CUST00625,2024-12-22,Face Mask Set,1,25,15.0,True
ORD000862,CUST00625,2025-01-17,SPF 50 Sunscreen,1,15,20.4,False
ORD000863,CUST00626,2024-09-08,Vitamin C Serum,1,0,22.0,True
ORD000864,CUST00626,2024-10-23,Face Mask Set,3,0,60.0,False
ORD000865,CUST00628,2025-03-11,SPF 50 Sunscreen,1,0,24.0,True
ORD000866,CUST00629,2024-02-23,Eye Cream,3,0,78.0,True
ORD000867,CUST00629,2024-05-25,Eye Cream,1,0,26.0,False
ORD000868,CUST00630,2024-06-27,SPF 50 Sunscreen,1,10,21.6,True
ORD000869,CUST00631,2025-02-17,Vitamin C Serum,2,0,44.0,True
ORD000870,CUST00632,2025-06-04,Retinol Night Cream,2,0,64.0,True
ORD000871,CUST00633,2024-11-17,SPF 50 Sunscreen,2,0,48.0,True
ORD000872,CUST00633,2024-12-12,Eye Cream,1,25,19.5,False
ORD000873,CUST00634,2024-11-22,Niacinamide Serum,1,10,17.1,True
ORD000874,CUST00635,2024-04-09,Gentle Cleanser,3,0,48.0,True
ORD000875,CUST00635,2024-09-05,Niacinamide Serum,2,0,38.0,False
ORD000876,CUST00636,2024-10-28,Hydrating Moisturizer,1,0,28.0,True
ORD000877,CUST00637,2024-11-24,SPF 50 Sunscreen,3,0,72.0,True
ORD000878,CUST00638,2024-06-22,SPF 50 Sunscreen,1,0,24.0,True
ORD000879,CUST00639,2024-07-06,Retinol Night Cream,1,0,32.0,True
ORD000880,CUST00639,2024-09-12,Retinol Night Cream,1,10,28.8,False
ORD000881,CUST00639,2025-02-11,Niacinamide Serum,1,25,14.25,False
ORD000882,CUST00639,2025-06-24,Gentle Cleanser,1,25,12.0,False
ORD000883,CUST00640,2024-09-13,Retinol Night Cream,1,20,25.6,True
ORD000884,CUST00640,2024-10-02,Retinol Night Cream,2,15,54.4,False
ORD000885,CUST00641,2024-02-15,Eye Cream,2,25,39.0,True
ORD000886,CUST00642,2024-08-09,Vitamin C Serum,2,0,44.0,True
ORD000887,CUST00643,2024-06-08,Vitamin C Serum,2,20,35.2,True
ORD000888,CUST00644,2024-08-13,Niacinamide Serum,2,0,38.0,True
ORD000889,CUST00645,2024-04-15,SPF 50 Sunscreen,1,20,19.2,True
ORD000890,CUST00646,2025-06-03,Retinol Night Cream,1,20,25.6,True
ORD000891,CUST00647,2024-12-13,Eye Cream,1,10,23.4,True
ORD000892,CUST00648,2025-01-24,Eye Cream,1,25,19.5,True
ORD000893,CUST00649,2025-04-03,Eye Cream,2,20,41.6,True
ORD000894,CUST00650,2024-11-12,Face Mask Set,2,0,40.0,True
ORD000895,CUST00651,2024-03-25,Vitamin C Serum,3,25,49.5,True
ORD000896,CUST00652,2024-11-24,Hydrating Moisturizer,1,0,28.0,True
ORD000897,CUST00652,2025-03-15,Gentle Cleanser,1,15,13.6,False
ORD000898,CUST00653,2024-12-11,Vitamin C Serum,1,0,22.0,True
ORD000899,CUST00654,2025-03-08,Face Mask Set,2,25,30.0,True
ORD000900,CUST00654,2025-07-15,Niacinamide Serum,2,0,38.0,False
ORD000901,CUST00655,2024-10-18,Hydrating Moisturizer,1,20,22.4,True
ORD000902,CUST00656,2024-04-21,Face Mask Set,2,0,40.0,True
ORD000903,CUST00656,2024-05-05,Gentle Cleanser,2,20,25.6,False
ORD000904,CUST00656,2024-08-05,Niacinamide Serum,1,0,19.0,False
ORD000905,CUST00656,2024-11-18,Hydrating Moisturizer,1,0,28.0,False
ORD000906,CUST00656,2025-04-02,Hydrating Moisturizer,1,0,28.0,False
ORD000907,CUST00657,2024-07-16,Retinol Night Cream,2,15,54.4,True
ORD000908,CUST00658,2024-09-04,SPF 50 Sunscreen,1,0,24.0,True
ORD000909,CUST00659,2025-01-03,Vitamin C Serum,1,0,22.0,True
ORD000910,CUST00660,2024-12-03,Retinol Night Cream,1,0,32.0,True
ORD000911,CUST00660,2024-12-17,Eye Cream,3,0,78.0,False
ORD000912,CUST00661,2024-09-02,Retinol Night Cream,1,20,25.6,True
ORD000913,CUST00662,2025-07-23,Gentle Cleanser,2,0,32.0,True
ORD000914,CUST00663,2024-12-17,Face Mask Set,1,25,15.0,True
ORD000915,CUST00664,2024-06-22,Hydrating Moisturizer,2,15,47.6,True
ORD000916,CUST00665,2024-04-05,Face Mask Set,3,0,60.0,True
ORD000917,CUST00666,2024-05-06,Niacinamide Serum,2,0,38.0,True
ORD000918,CUST00667,2024-06-26,Retinol Night Cream,1,0,32.0,True
ORD000919,CUST00668,2024-05-08,Hydrating Moisturizer,1,0,28.0,True
ORD000920,CUST00668,2024-06-03,Retinol Night Cream,1,0,32.0,False
ORD000921,CUST00671,2024-05-17,Gentle Cleanser,2,20,25.6,True
ORD000922,CUST00671,2024-06-07,Face Mask Set,1,0,20.0,False
ORD000923,CUST00672,2025-06-07,Niacinamide Serum,1,0,19.0,True
ORD000924,CUST00673,2024-03-22,Face Mask Set,1,10,18.0,True
ORD000925,CUST00674,2024-11-21,Vitamin C Serum,1,15,18.7,True
ORD000926,CUST00674,2025-02-07,Eye Cream,1,0,26.0,False
ORD000927,CUST00674,2025-03-30,Vitamin C Serum,1,0,22.0,False
ORD000928,CUST00674,2025-05-15,Eye Cream,2,25,39.0,False
ORD000929,CUST00674,2025-05-29,Gentle Cleanser,3,0,48.0,False
ORD000930,CUST00675,2024-10-04,Gentle Cleanser,1,0,16.0,True
ORD000931,CUST00676,2025-07-21,Hydrating Moisturizer,2,10,50.4,True
ORD000932,CUST00677,2024-04-12,Vitamin C Serum,1,0,22.0,True
ORD000933,CUST00677,2024-05-25,Face Mask Set,1,25,15.0,False
ORD000934,CUST00678,2024-09-29,SPF 50 Sunscreen,1,0,24.0,True
ORD000935,CUST00679,2025-07-12,SPF 50 Sunscreen,1,0,24.0,True
ORD000936,CUST00680,2025-05-22,Face Mask Set,2,0,40.0,True
ORD000937,CUST00681,2025-04-20,Gentle Cleanser,1,20,12.8,True
ORD000938,CUST00682,2024-06-30,Eye Cream,1,25,19.5,True
ORD000939,CUST00683,2024-05-17,Niacinamide Serum,1,0,19.0,True
ORD000940,CUST00683,2024-05-31,Retinol Night Cream,1,0,32.0,False
ORD000941,CUST00684,2025-01-16,SPF 50 Sunscreen,1,0,24.0,True
ORD000942,CUST00685,2025-06-20,Niacinamide Serum,1,0,19.0,True
ORD000943,CUST00685,2025-07-14,SPF 50 Sunscreen,1,25,18.0,False
ORD000944,CUST00686,2024-11-30,Gentle Cleanser,3,10,43.2,True
ORD000945,CUST00686,2024-12-30,Vitamin C Serum,3,0,66.0,False
ORD000946,CUST00687,2024-12-05,Vitamin C Serum,2,10,39.6,True
ORD000947,CUST00688,2024-07-13,Face Mask Set,1,15,17.0,True
ORD000948,CUST00688,2024-10-19,Face Mask Set,2,0,40.0,False
ORD000949,CUST00688,2024-11-07,Vitamin C Serum,1,0,22.0,False
ORD000950,CUST00689,2025-03-22,Eye Cream,1,0,26.0,True
ORD000951,CUST00690,2024-05-27,Niacinamide Serum,1,0,19.0,True
ORD000952,CUST00690,2024-06-20,Eye Cream,1,0,26.0,False
ORD000953,CUST00691,2024-08-11,SPF 50 Sunscreen,1,20,19.2,True
ORD000954,CUST00691,2024-08-25,SPF 50 Sunscreen,1,15,20.4,False
ORD000955,CUST00692,2024-10-12,Retinol Night Cream,1,10,28.8,True
ORD000956,CUST00692,2025-03-24,SPF 50 Sunscreen,2,15,40.8,False
ORD000957,CUST00693,2024-11-16,SPF 50 Sunscreen,1,0,24.0,True
ORD000958,CUST00694,2024-06-21,Vitamin C Serum,1,10,19.8,True
ORD000959,CUST00694,2024-08-26,Gentle Cleanser,2,0,32.0,False
ORD000960,CUST00695,2024-04-13,Eye Cream,1,0,26.0,True
ORD000961,CUST00696,2024-12-21,Gentle Cleanser,1,0,16.0,True
ORD000962,CUST00696,2025-03-04,Niacinamide Serum,1,0,19.0,False
ORD000963,CUST00697,2024-07-17,Eye Cream,1,0,26.0,True
ORD000964,CUST00697,2024-07-31,Niacinamide Serum,1,0,19.0,False
ORD000965,CUST00698,2024-12-10,Gentle Cleanser,1,15,13.6,True
ORD000966,CUST00699,2024-05-06,Vitamin C Serum,1,0,22.0,True
ORD000967,CUST00700,2024-11-10,SPF 50 Sunscreen,2,20,38.4,True
ORD000968,CUST00701,2024-11-22,Eye Cream,3,0,78.0,True
ORD000969,CUST00701,2024-12-06,Hydrating Moisturizer,2,0,56.0,False
ORD000970,CUST00702,2024-03-03,Eye Cream,1,0,26.0,True
ORD000971,CUST00702,2024-04-13,Eye Cream,1,20,20.8,False
ORD000972,CUST00703,2024-08-20,Eye Cream,1,0,26.0,True
ORD000973,CUST00703,2024-09-25,Gentle Cleanser,2,10,28.8,False
ORD000974,CUST00703,2024-11-03,SPF 50 Sunscreen,1,15,20.4,False
ORD000975,CUST00704,2024-04-25,Eye Cream,1,0,26.0,True
ORD000976,CUST00704,2024-07-01,Retinol Night Cream,1,0,32.0,False
ORD000977,CUST00704,2024-12-03,Eye Cream,1,0,26.0,False
ORD000978,CUST00705,2024-03-12,Gentle Cleanser,1,0,16.0,True
ORD000979,CUST00705,2024-04-18,Eye Cream,1,0,26.0,False
ORD000980,CUST00706,2025-07-25,Hydrating Moisturizer,1,0,28.0,True
ORD000981,CUST00707,2024-08-07,Vitamin C Serum,2,0,44.0,True
ORD000982,CUST00707,2025-03-25,Face Mask Set,3,25,45.0,False
ORD000983,CUST00708,2025-04-16,Gentle Cleanser,2,0,32.0,True
ORD000984,CUST00709,2024-06-28,Retinol Night Cream,3,0,96.0,True
ORD000985,CUST00709,2024-09-03,SPF 50 Sunscreen,1,25,18.0,False
ORD000986,CUST00710,2025-01-26,Vitamin C Serum,1,25,16.5,True
ORD000987,CUST00711,2025-03-15,SPF 50 Sunscreen,3,0,72.0,True
ORD000988,CUST00712,2024-12-14,Face Mask Set,2,0,40.0,True
ORD000989,CUST00713,2024-11-06,Gentle Cleanser,1,0,16.0,True
ORD000990,CUST00714,2024-10-07,Vitamin C Serum,2,0,44.0,True
ORD000991,CUST00715,2024-08-27,Retinol Night Cream,3,0,96.0,True
ORD000992,CUST00715,2024-09-10,Gentle Cleanser,1,0,16.0,False
ORD000993,CUST00716,2025-06-23,Face Mask Set,2,0,40.0,True
ORD000994,CUST00717,2025-04-29,Face Mask Set,2,0,40.0,True
ORD000995,CUST00717,2025-05-13,SPF 50 Sunscreen,1,0,24.0,False
ORD000996,CUST00718,2025-07-11,Niacinamide Serum,1,0,19.0,True
ORD000997,CUST00719,2024-04-19,Hydrating Moisturizer,1,0,28.0,True
ORD000998,CUST00719,2024-05-30,Retinol Night Cream,2,0,64.0,False
ORD000999,CUST00720,2025-02-27,Retinol Night Cream,1,10,28.8,True
ORD001000,CUST00721,2025-06-28,Gentle Cleanser,1,25,12.0,True
ORD001001,CUST00722,2024-05-23,Eye Cream,1,0,26.0,True
ORD001002,CUST00722,2025-01-17,Niacinamide Serum,1,0,19.0,False
ORD001003,CUST00722,2025-03-03,SPF 50 Sunscreen,1,0,24.0,False
ORD001004,CUST00723,2024-03-13,Niacinamide Serum,2,0,38.0,True
ORD001005,CUST00724,2025-03-05,Hydrating Moisturizer,1,0,28.0,True
ORD001006,CUST00725,2024-12-06,Retinol Night Cream,1,20,25.6,True
ORD001007,CUST00726,2025-05-04,SPF 50 Sunscreen,1,0,24.0,True
ORD001008,CUST00727,2024-04-29,Hydrating Moisturizer,2,0,56.0,True
ORD001009,CUST00728,2025-04-07,Vitamin C Serum,3,25,49.5,True
ORD001010,CUST00728,2025-04-21,Gentle Cleanser,3,0,48.0,False
ORD001011,CUST00729,2024-06-02,Vitamin C Serum,1,0,22.0,True
ORD001012,CUST00730,2024-05-11,Eye Cream,2,0,52.0,True
ORD001013,CUST00730,2024-05-25,Vitamin C Serum,1,20,17.6,False
ORD001014,CUST00730,2024-09-25,Gentle Cleanser,2,0,32.0,False
ORD001015,CUST00731,2024-05-13,Face Mask Set,1,10,18.0,True
ORD001016,CUST00733,2025-01-14,Hydrating Moisturizer,3,0,84.0,True
ORD001017,CUST00733,2025-02-07,Eye Cream,2,0,52.0,False
ORD001018,CUST00733,2025-02-21,Hydrating Moisturizer,1,0,28.0,False
ORD001019,CUST00733,2025-04-22,Hydrating Moisturizer,1,0,28.0,False
ORD001020,CUST00734,2024-11-21,Hydrating Moisturizer,1,0,28.0,True
ORD001021,CUST00734,2024-12-21,SPF 50 Sunscreen,2,0,48.0,False
ORD001022,CUST00735,2024-09-02,Face Mask Set,1,10,18.0,True
ORD001023,CUST00736,2025-05-27,SPF 50 Sunscreen,2,0,48.0,True
ORD001024,CUST00738,2025-04-21,Hydrating Moisturizer,1,15,23.8,True
ORD001025,CUST00738,2025-06-03,SPF 50 Sunscreen,2,15,40.8,False
ORD001026,CUST00739,2024-10-23,Retinol Night Cream,1,15,27.2,True
ORD001027,CUST00739,2024-12-30,Face Mask Set,2,25,30.0,False
ORD001028,CUST00739,2025-01-13,Face Mask Set,1,0,20.0,False
ORD001029,CUST00740,2024-09-16,Niacinamide Serum,3,0,57.0,True
ORD001030,CUST00740,2024-09-30,Niacinamide Serum,2,0,38.0,False
ORD001031,CUST00740,2024-10-20,Vitamin C Serum,3,0,66.0,False
ORD001032,CUST00740,2024-12-18,Gentle Cleanser,3,25,36.0,False
ORD001033,CUST00740,2025-02-16,Hydrating Moisturizer,1,25,21.0,False
ORD001034,CUST00741,2024-11-02,Hydrating Moisturizer,2,15,47.6,True
ORD001035,CUST00742,2024-07-25,Face Mask Set,1,0,20.0,True
ORD001036,CUST00742,2024-08-08,Vitamin C Serum,1,10,19.8,False
ORD001037,CUST00742,2024-12-10,Retinol Night Cream,2,25,48.0,False
ORD001038,CUST00743,2025-03-08,Eye Cream,1,0,26.0,True
ORD001039,CUST00744,2024-11-13,Gentle Cleanser,1,10,14.4,True
ORD001040,CUST00745,2024-06-16,Eye Cream,1,20,20.8,True
ORD001041,CUST00746,2025-06-07,Eye Cream,2,0,52.0,True
ORD001042,CUST00746,2025-06-21,Hydrating Moisturizer,2,10,50.4,False
ORD001043,CUST00747,2024-09-18,Retinol Night Cream,1,0,32.0,True
ORD001044,CUST00747,2024-10-10,Vitamin C Serum,2,20,35.2,False
ORD001045,CUST00748,2024-11-25,Niacinamide Serum,2,20,30.4,True
ORD001046,CUST00749,2025-06-11,Gentle Cleanser,1,20,12.8,True
ORD001047,CUST00750,2024-12-25,Vitamin C Serum,1,0,22.0,True
ORD001048,CUST00750,2025-02-05,Face Mask Set,3,15,51.0,False
ORD001049,CUST00750,2025-03-08,Retinol Night Cream,1,0,32.0,False
ORD001050,CUST00751,2024-04-14,Retinol Night Cream,1,0,32.0,True
ORD001051,CUST00751,2025-04-23,Eye Cream,1,0,26.0,False
ORD001052,CUST00751,2025-06-13,Eye Cream,2,0,52.0,False
ORD001053,CUST00752,2025-06-26,Eye Cream,1,0,26.0,True
ORD001054,CUST00754,2024-08-19,Eye Cream,1,0,26.0,True
ORD001055,CUST00754,2024-09-23,Retinol Night Cream,1,25,24.0,False
ORD001056,CUST00755,2024-04-28,Vitamin C Serum,1,15,18.7,True
ORD001057,CUST00756,2025-04-08,Retinol Night Cream,1,20,25.6,True
ORD001058,CUST00757,2024-12-24,SPF 50 Sunscreen,1,0,24.0,True
ORD001059,CUST00758,2024-11-24,Eye Cream,2,20,41.6,True
ORD001060,CUST00758,2025-01-15,Retinol Night Cream,1,0,32.0,False
ORD001061,CUST00758,2025-02-06,Face Mask Set,1,0,20.0,False
ORD001062,CUST00758,2025-05-10,Vitamin C Serum,1,20,17.6,False
ORD001063,CUST00759,2025-06-05,Hydrating Moisturizer,1,20,22.4,True
ORD001064,CUST00760,2025-04-05,SPF 50 Sunscreen,1,15,20.4,True
ORD001065,CUST00760,2025-05-02,Niacinamide Serum,2,0,38.0,False
ORD001066,CUST00761,2024-05-03,Retinol Night Cream,3,0,96.0,True
ORD001067,CUST00762,2024-07-30,Retinol Night Cream,3,0,96.0,True
ORD001068,CUST00763,2024-06-24,Face Mask Set,1,15,17.0,True
ORD001069,CUST00764,2025-03-08,Face Mask Set,1,20,16.0,True
ORD001070,CUST00765,2024-02-22,Niacinamide Serum,1,10,17.1,True
ORD001071,CUST00765,2024-03-24,Hydrating Moisturizer,2,0,56.0,False
ORD001072,CUST00765,2024-04-30,Eye Cream,1,25,19.5,False
ORD001073,CUST00766,2024-12-05,Eye Cream,2,0,52.0,True
ORD001074,CUST00767,2025-03-20,Retinol Night Cream,2,0,64.0,True
ORD001075,CUST00768,2025-05-28,Retinol Night Cream,1,0,32.0,True
ORD001076,CUST00768,2025-07-17,Niacinamide Serum,1,0,19.0,False
ORD001077,CUST00769,2024-08-22,SPF 50 Sunscreen,1,25,18.0,True
ORD001078,CUST00769,2024-10-07,Niacinamide Serum,1,0,19.0,False
ORD001079,CUST00769,2025-01-23,SPF 50 Sunscreen,1,0,24.0,False
ORD001080,CUST00769,2025-02-06,Niacinamide Serum,1,0,19.0,False
ORD001081,CUST00770,2025-04-24,Face Mask Set,1,0,20.0,True
ORD001082,CUST00771,2024-04-09,Retinol Night Cream,1,0,32.0,True
ORD001083,CUST00771,2024-06-08,Face Mask Set,1,0,20.0,False
ORD001084,CUST00772,2025-05-10,Hydrating Moisturizer,2,0,56.0,True
ORD001085,CUST00772,2025-05-24,Eye Cream,1,0,26.0,False
ORD001086,CUST00773,2024-04-19,Face Mask Set,2,0,40.0,True
ORD001087,CUST00773,2024-05-18,Hydrating Moisturizer,1,0,28.0,False
ORD001088,CUST00773,2024-06-08,SPF 50 Sunscreen,1,0,24.0,False
ORD001089,CUST00774,2024-09-28,Gentle Cleanser,1,0,16.0,True
ORD001090,CUST00774,2025-01-05,Eye Cream,3,0,78.0,False
ORD001091,CUST00775,2025-04-09,SPF 50 Sunscreen,1,0,24.0,True
ORD001092,CUST00776,2024-05-05,SPF 50 Sunscreen,1,20,19.2,True
ORD001093,CUST00776,2024-08-07,Face Mask Set,1,25,15.0,False
ORD001094,CUST00776,2024-08-25,Vitamin C Serum,1,0,22.0,False
ORD001095,CUST00777,2024-06-17,Gentle Cleanser,2,0,32.0,True
ORD001096,CUST00777,2024-07-12,Gentle Cleanser,2,0,32.0,False
ORD001097,CUST00777,2024-08-19,Hydrating Moisturizer,2,0,56.0,False
ORD001098,CUST00778,2025-02-23,Vitamin C Serum,3,0,66.0,True
ORD001099,CUST00779,2025-02-20,Niacinamide Serum,1,25,14.25,True
ORD001100,CUST00779,2025-04-13,Eye Cream,3,15,66.3,False
ORD001101,CUST00780,2024-12-31,Vitamin C Serum,3,10,59.4,True
ORD001102,CUST00781,2025-02-04,Retinol Night Cream,1,0,32.0,True
ORD001103,CUST00781,2025-02-20,Face Mask Set,1,0,20.0,False
ORD001104,CUST00782,2024-11-26,SPF 50 Sunscreen,2,0,48.0,True
ORD001105,CUST00783,2024-06-28,Face Mask Set,1,0,20.0,True
ORD001106,CUST00784,2024-08-27,Gentle Cleanser,1,25,12.0,True
ORD001107,CUST00785,2024-05-22,Niacinamide Serum,1,0,19.0,True
ORD001108,CUST00785,2024-07-27,Niacinamide Serum,1,0,19.0,False
ORD001109,CUST00786,2025-06-14,Niacinamide Serum,1,0,19.0,True
ORD001110,CUST00787,2024-12-08,SPF 50 Sunscreen,1,10,21.6,True
ORD001111,CUST00788,2024-09-29,Eye Cream,1,0,26.0,True
ORD001112,CUST00789,2024-11-05,Vitamin C Serum,2,0,44.0,True
ORD001113,CUST00789,2024-11-19,SPF 50 Sunscreen,1,0,24.0,False
ORD001114,CUST00790,2025-07-01,SPF 50 Sunscreen,3,20,57.6,True
ORD001115,CUST00791,2024-05-04,Retinol Night Cream,3,0,96.0,True
ORD001116,CUST00791,2024-05-18,Gentle Cleanser,1,0,16.0,False
ORD001117,CUST00792,2024-12-09,SPF 50 Sunscreen,1,0,24.0,True
ORD001118,CUST00793,2024-11-14,SPF 50 Sunscreen,2,0,48.0,True
ORD001119,CUST00793,2025-01-19,Hydrating Moisturizer,1,0,28.0,False
ORD001120,CUST00794,2024-12-20,Gentle Cleanser,1,0,16.0,True
ORD001121,CUST00795,2024-02-13,Hydrating Moisturizer,1,0,28.0,True
ORD001122,CUST00795,2024-03-18,SPF 50 Sunscreen,3,0,72.0,False
ORD001123,CUST00796,2025-05-24,Face Mask Set,1,0,20.0,True
ORD001124,CUST00797,2025-06-23,Eye Cream,1,0,26.0,True
ORD001125,CUST00798,2024-12-03,Gentle Cleanser,1,0,16.0,True
ORD001126,CUST00798,2025-01-13,Vitamin C Serum,3,0,66.0,False
ORD001127,CUST00799,2025-02-06,Niacinamide Serum,1,0,19.0,True
ORD001128,CUST00799,2025-02-20,Vitamin C Serum,2,0,44.0,False
ORD001129,CUST00799,2025-05-01,Eye Cream,1,0,26.0,False
ORD001130,CUST00800,2025-06-17,Hydrating Moisturizer,1,10,25.2,True
ORD001131,CUST00801,2025-02-12,Eye Cream,3,0,78.0,True
ORD001132,CUST00802,2024-05-03,Vitamin C Serum,1,0,22.0,True
ORD001133,CUST00802,2024-05-28,Eye Cream,1,0,26.0,False
ORD001134,CUST00803,2024-12-07,Vitamin C Serum,1,0,22.0,True
ORD001135,CUST00804,2024-12-16,Face Mask Set,1,0,20.0,True
ORD001136,CUST00805,2024-10-15,Eye Cream,1,25,19.5,True
ORD001137,CUST00806,2025-03-01,Eye Cream,1,0,26.0,True
ORD001138,CUST00807,2025-06-26,Retinol Night Cream,1,20,25.6,True
ORD001139,CUST00808,2025-06-22,Face Mask Set,3,0,60.0,True
ORD001140,CUST00809,2024-10-31,Gentle Cleanser,1,0,16.0,True
ORD001141,CUST00809,2024-11-27,SPF 50 Sunscreen,1,0,24.0,False
ORD001142,CUST00810,2024-04-09,Hydrating Moisturizer,2,0,56.0,True
ORD001143,CUST00810,2024-06-09,Face Mask Set,1,0,20.0,False
ORD001144,CUST00810,2024-07-08,Eye Cream,1,0,26.0,False
ORD001145,CUST00811,2025-07-23,Eye Cream,1,0,26.0,True
ORD001146,CUST00812,2025-05-05,Vitamin C Serum,3,0,66.0,True
ORD001147,CUST00813,2024-04-19,Retinol Night Cream,2,0,64.0,True
ORD001148,CUST00813,2024-08-20,SPF 50 Sunscreen,3,20,57.6,False
ORD001149,CUST00813,2024-09-03,Face Mask Set,1,15,17.0,False
ORD001150,CUST00813,2025-05-15,Face Mask Set,1,0,20.0,False
ORD001151,CUST00814,2025-06-18,Retinol Night Cream,2,0,64.0,True
ORD001152,CUST00815,2025-05-24,Retinol Night Cream,2,0,64.0,True
ORD001153,CUST00817,2024-12-12,Gentle Cleanser,2,0,32.0,True
ORD001154,CUST00818,2024-09-29,Gentle Cleanser,1,0,16.0,True
ORD001155,CUST00819,2024-03-05,SPF 50 Sunscreen,1,10,21.6,True
ORD001156,CUST00820,2024-08-18,Eye Cream,1,20,20.8,True
ORD001157,CUST00821,2025-04-10,Gentle Cleanser,1,0,16.0,True
ORD001158,CUST00821,2025-05-01,Vitamin C Serum,2,0,44.0,False
ORD001159,CUST00822,2024-02-04,SPF 50 Sunscreen,2,25,36.0,True
ORD001160,CUST00823,2024-08-16,Hydrating Moisturizer,1,0,28.0,True
ORD001161,CUST00824,2024-09-26,Retinol Night Cream,2,15,54.4,True
ORD001162,CUST00825,2024-11-23,Retinol Night Cream,1,25,24.0,True
ORD001163,CUST00826,2025-06-18,Gentle Cleanser,1,0,16.0,True
ORD001164,CUST00827,2024-08-27,Eye Cream,1,0,26.0,True
ORD001165,CUST00827,2024-09-11,Eye Cream,1,0,26.0,False
ORD001166,CUST00827,2024-10-13,Retinol Night Cream,2,0,64.0,False
ORD001167,CUST00827,2024-11-03,Eye Cream,2,0,52.0,False
ORD001168,CUST00828,2024-08-25,SPF 50 Sunscreen,2,0,48.0,True
ORD001169,CUST00829,2025-03-02,Gentle Cleanser,1,0,16.0,True
ORD001170,CUST00830,2024-10-31,Hydrating Moisturizer,1,15,23.8,True
ORD001171,CUST00831,2024-06-16,Hydrating Moisturizer,2,0,56.0,True
ORD001172,CUST00831,2024-06-30,Hydrating Moisturizer,1,0,28.0,False
ORD001173,CUST00832,2024-11-01,SPF 50 Sunscreen,1,0,24.0,True
ORD001174,CUST00832,2024-12-28,Vitamin C Serum,1,0,22.0,False
ORD001175,CUST00833,2024-04-28,Gentle Cleanser,1,0,16.0,True
ORD001176,CUST00834,2024-05-19,Vitamin C Serum,3,0,66.0,True
ORD001177,CUST00835,2024-11-13,Niacinamide Serum,2,25,28.5,True
ORD001178,CUST00836,2024-10-11,Vitamin C Serum,1,0,22.0,True
ORD001179,CUST00836,2024-11-30,Hydrating Moisturizer,3,0,84.0,False
ORD001180,CUST00837,2025-06-17,SPF 50 Sunscreen,1,25,18.0,True
ORD001181,CUST00838,2024-09-06,Retinol Night Cream,3,15,81.6,True
ORD001182,CUST00839,2024-12-07,Face Mask Set,1,0,20.0,True
ORD001183,CUST00840,2024-12-26,Hydrating Moisturizer,2,0,56.0,True
ORD001184,CUST00841,2024-02-10,Retinol Night Cream,1,0,32.0,True
ORD001185,CUST00841,2024-02-24,SPF 50 Sunscreen,2,0,48.0,False
ORD001186,CUST00841,2024-04-28,Gentle Cleanser,1,0,16.0,False
ORD001187,CUST00841,2024-06-06,Gentle Cleanser,2,0,32.0,False
ORD001188,CUST00841,2024-06-20,Vitamin C Serum,2,0,44.0,False
ORD001189,CUST00841,2024-07-11,Niacinamide Serum,1,0,19.0,False
ORD001190,CUST00841,2024-08-29,Vitamin C Serum,1,0,22.0,False
ORD001191,CUST00841,2024-09-12,SPF 50 Sunscreen,2,0,48.0,False
ORD001192,CUST00842,2025-01-15,Eye Cream,1,0,26.0,True
ORD001193,CUST00842,2025-04-17,Retinol Night Cream,3,0,96.0,False
ORD001194,CUST00843,2024-05-21,SPF 50 Sunscreen,1,0,24.0,True
ORD001195,CUST00845,2024-05-03,Gentle Cleanser,1,0,16.0,True
ORD001196,CUST00846,2024-10-06,Niacinamide Serum,1,0,19.0,True
ORD001197,CUST00847,2024-03-25,Eye Cream,1,15,22.1,True
ORD001198,CUST00848,2025-07-31,Eye Cream,1,0,26.0,True
ORD001199,CUST00850,2024-12-12,Retinol Night Cream,2,0,64.0,True
ORD001200,CUST00851,2024-03-15,Gentle Cleanser,1,0,16.0,True
ORD001201,CUST00851,2024-04-08,Gentle Cleanser,1,15,13.6,False
ORD001202,CUST00851,2024-04-25,Hydrating Moisturizer,2,10,50.4,False
ORD001203,CUST00851,2024-06-20,Eye Cream,3,10,70.2,False
ORD001204,CUST00852,2025-03-09,Vitamin C Serum,1,0,22.0,True
ORD001205,CUST00853,2024-06-08,Gentle Cleanser,1,0,16.0,True
ORD001206,CUST00853,2024-10-03,Face Mask Set,2,0,40.0,False
ORD001207,CUST00853,2024-11-13,Niacinamide Serum,1,0,19.0,False
ORD001208,CUST00853,2024-12-23,Gentle Cleanser,1,0,16.0,False
ORD001209,CUST00854,2025-06-06,Face Mask Set,1,0,20.0,True
ORD001210,CUST00855,2024-06-05,Retinol Night Cream,2,0,64.0,True
ORD001211,CUST00856,2024-05-27,Niacinamide Serum,2,0,38.0,True
ORD001212,CUST00857,2024-02-26,Hydrating Moisturizer,1,10,25.2,True
ORD001213,CUST00858,2024-11-05,Gentle Cleanser,2,25,24.0,True
ORD001214,CUST00859,2024-12-02,Retinol Night Cream,1,10,28.8,True
ORD001215,CUST00859,2025-01-23,Gentle Cleanser,2,0,32.0,False
ORD001216,CUST00860,2024-03-14,Vitamin C Serum,1,25,16.5,True
ORD001217,CUST00860,2024-06-02,Eye Cream,1,20,20.8,False
ORD001218,CUST00861,2025-03-26,Gentle Cleanser,1,10,14.4,True
ORD001219,CUST00862,2024-10-30,Face Mask Set,1,25,15.0,True
ORD001220,CUST00863,2024-11-22,Face Mask Set,1,0,20.0,True
ORD001221,CUST00864,2024-10-24,Hydrating Moisturizer,1,0,28.0,True
ORD001222,CUST00865,2024-09-29,SPF 50 Sunscreen,1,0,24.0,True
ORD001223,CUST00866,2024-12-02,Gentle Cleanser,1,20,12.8,True
ORD001224,CUST00866,2025-02-02,Eye Cream,1,10,23.4,False
ORD001225,CUST00866,2025-03-03,Eye Cream,1,20,20.8,False
ORD001226,CUST00866,2025-05-06,Eye Cream,2,0,52.0,False
ORD001227,CUST00867,2024-05-07,Gentle Cleanser,3,0,48.0,True
ORD001228,CUST00868,2024-05-24,Vitamin C Serum,1,15,18.7,True
ORD001229,CUST00869,2025-05-17,Face Mask Set,1,0,20.0,True
ORD001230,CUST00870,2025-06-28,Retinol Night Cream,2,0,64.0,True
ORD001231,CUST00871,2024-09-12,Vitamin C Serum,1,20,17.6,True
ORD001232,CUST00871,2024-09-26,Gentle Cleanser,1,0,16.0,False
ORD001233,CUST00872,2024-07-07,Gentle Cleanser,3,0,48.0,True
ORD001234,CUST00874,2024-10-03,Face Mask Set,2,0,40.0,True
ORD001235,CUST00874,2024-11-14,Eye Cream,1,20,20.8,False
ORD001236,CUST00875,2024-02-18,Hydrating Moisturizer,1,0,28.0,True
ORD001237,CUST00876,2024-05-08,Face Mask Set,1,25,15.0,True
ORD001238,CUST00876,2024-06-07,Vitamin C Serum,2,0,44.0,False
ORD001239,CUST00876,2025-01-25,SPF 50 Sunscreen,2,0,48.0,False
ORD001240,CUST00876,2025-03-10,Eye Cream,1,0,26.0,False
ORD001241,CUST00878,2025-01-11,Vitamin C Serum,3,20,52.8,True
ORD001242,CUST00879,2024-02-18,Hydrating Moisturizer,1,0,28.0,True
ORD001243,CUST00880,2024-06-12,Vitamin C Serum,1,0,22.0,True
ORD001244,CUST00881,2024-06-17,Eye Cream,1,0,26.0,True
ORD001245,CUST00882,2025-01-19,SPF 50 Sunscreen,1,0,24.0,True
ORD001246,CUST00883,2024-02-13,SPF 50 Sunscreen,1,25,18.0,True
ORD001247,CUST00884,2024-04-07,Eye Cream,1,0,26.0,True
ORD001248,CUST00885,2025-04-10,SPF 50 Sunscreen,1,0,24.0,True
ORD001249,CUST00886,2024-05-20,Eye Cream,1,0,26.0,True
ORD001250,CUST00887,2025-01-08,Vitamin C Serum,1,0,22.0,True
ORD001251,CUST00888,2024-06-20,Eye Cream,1,0,26.0,True
ORD001252,CUST00889,2024-04-03,Face Mask Set,1,0,20.0,True
ORD001253,CUST00889,2024-05-28,Retinol Night Cream,1,25,24.0,False
ORD001254,CUST00890,2024-06-21,Eye Cream,2,0,52.0,True
ORD001255,CUST00890,2024-08-20,Gentle Cleanser,1,0,16.0,False
ORD001256,CUST00891,2025-02-23,SPF 50 Sunscreen,1,15,20.4,True
ORD001257,CUST00891,2025-03-09,Eye Cream,2,0,52.0,False
ORD001258,CUST00892,2025-05-16,Eye Cream,1,0,26.0,True
ORD001259,CUST00892,2025-06-19,Hydrating Moisturizer,3,15,71.4,False
ORD001260,CUST00893,2025-04-28,Niacinamide Serum,1,0,19.0,True
ORD001261,CUST00893,2025-07-11,Niacinamide Serum,1,25,14.25,False
ORD001262,CUST00894,2024-09-28,Retinol Night Cream,1,0,32.0,True
ORD001263,CUST00895,2025-01-17,Face Mask Set,3,0,60.0,True
ORD001264,CUST00898,2025-06-06,Retinol Night Cream,2,0,64.0,True
ORD001265,CUST00898,2025-06-20,Eye Cream,2,0,52.0,False
ORD001266,CUST00899,2024-02-11,Gentle Cleanser,2,0,32.0,True
ORD001267,CUST00900,2024-03-24,Eye Cream,1,0,26.0,True
ORD001268,CUST00900,2024-07-24,Eye Cream,1,0,26.0,False
ORD001269,CUST00900,2024-08-07,Retinol Night Cream,1,0,32.0,False
ORD001270,CUST00900,2024-09-28,SPF 50 Sunscreen,1,25,18.0,False
ORD001271,CUST00901,2024-06-08,Retinol Night Cream,1,15,27.2,True
ORD001272,CUST00901,2024-08-15,Hydrating Moisturizer,3,0,84.0,False
ORD001273,CUST00902,2024-02-20,Gentle Cleanser,1,10,14.4,True
ORD001274,CUST00903,2024-05-21,Gentle Cleanser,2,0,32.0,True
ORD001275,CUST00904,2024-12-10,Hydrating Moisturizer,1,20,22.4,True
ORD001276,CUST00905,2024-10-10,SPF 50 Sunscreen,3,0,72.0,True
ORD001277,CUST00906,2025-06-06,Eye Cream,2,25,39.0,True
ORD001278,CUST00907,2025-04-19,Niacinamide Serum,1,10,17.1,True
ORD001279,CUST00908,2024-08-21,Face Mask Set,1,0,20.0,True
ORD001280,CUST00909,2024-06-29,Gentle Cleanser,1,0,16.0,True
ORD001281,CUST00910,2024-09-16,Eye Cream,1,0,26.0,True
ORD001282,CUST00911,2024-12-11,Gentle Cleanser,1,0,16.0,True
ORD001283,CUST00911,2024-12-25,Hydrating Moisturizer,2,0,56.0,False
ORD001284,CUST00912,2024-07-05,Vitamin C Serum,1,20,17.6,True
ORD001285,CUST00912,2024-11-07,Hydrating Moisturizer,1,10,25.2,False
ORD001286,CUST00913,2024-12-24,Niacinamide Serum,1,0,19.0,True
ORD001287,CUST00914,2024-10-05,SPF 50 Sunscreen,2,25,36.0,True
ORD001288,CUST00915,2024-11-28,Face Mask Set,1,0,20.0,True
ORD001289,CUST00915,2025-05-06,Niacinamide Serum,1,25,14.25,False
ORD001290,CUST00915,2025-06-11,Vitamin C Serum,1,10,19.8,False
ORD001291,CUST00916,2024-10-21,Retinol Night Cream,1,0,32.0,True
ORD001292,CUST00916,2024-12-07,Niacinamide Serum,1,0,19.0,False
ORD001293,CUST00916,2025-01-19,Vitamin C Serum,2,0,44.0,False
ORD001294,CUST00917,2024-07-20,Hydrating Moisturizer,1,0,28.0,True
ORD001295,CUST00917,2024-09-16,Gentle Cleanser,3,0,48.0,False
ORD001296,CUST00918,2025-07-02,Face Mask Set,1,0,20.0,True
ORD001297,CUST00919,2025-03-17,Niacinamide Serum,1,25,14.25,True
ORD001298,CUST00920,2024-04-27,SPF 50 Sunscreen,1,0,24.0,True
ORD001299,CUST00921,2025-05-21,SPF 50 Sunscreen,1,0,24.0,True
ORD001300,CUST00922,2024-11-11,Gentle Cleanser,3,0,48.0,True
ORD001301,CUST00923,2025-06-07,Face Mask Set,1,10,18.0,True
ORD001302,CUST00924,2025-04-10,Eye Cream,2,0,52.0,True
ORD001303,CUST00924,2025-04-30,Gentle Cleanser,1,0,16.0,False
ORD001304,CUST00924,2025-05-14,Hydrating Moisturizer,1,10,25.2,False
ORD001305,CUST00925,2024-10-12,Retinol Night Cream,1,20,25.6,True
ORD001306,CUST00926,2024-02-15,Gentle Cleanser,2,25,24.0,True
ORD001307,CUST00926,2024-03-02,SPF 50 Sunscreen,2,25,36.0,False
ORD001308,CUST00927,2024-07-06,SPF 50 Sunscreen,1,0,24.0,True
ORD001309,CUST00928,2024-11-26,Retinol Night Cream,1,0,32.0,True
ORD001310,CUST00928,2024-12-10,Vitamin C Serum,1,25,16.5,False
ORD001311,CUST00929,2024-12-29,Hydrating Moisturizer,2,15,47.6,True
ORD001312,CUST00930,2024-06-29,Face Mask Set,1,0,20.0,True
ORD001313,CUST00931,2024-04-27,Hydrating Moisturizer,1,0,28.0,True
ORD001314,CUST00932,2025-05-02,Face Mask Set,3,15,51.0,True
ORD001315,CUST00933,2025-07-21,Vitamin C Serum,2,0,44.0,True
ORD001316,CUST00934,2024-11-20,SPF 50 Sunscreen,1,0,24.0,True
ORD001317,CUST00935,2024-05-16,Eye Cream,1,20,20.8,True
ORD001318,CUST00936,2024-07-06,Retinol Night Cream,3,0,96.0,True
ORD001319,CUST00937,2024-02-14,Gentle Cleanser,1,0,16.0,True
ORD001320,CUST00938,2025-06-16,Vitamin C Serum,1,0,22.0,True
ORD001321,CUST00939,2024-04-15,Gentle Cleanser,1,0,16.0,True
ORD001322,CUST00940,2024-12-08,Niacinamide Serum,1,0,19.0,True
ORD001323,CUST00940,2025-05-15,Eye Cream,2,0,52.0,False
ORD001324,CUST00941,2024-07-10,Vitamin C Serum,2,15,37.4,True
ORD001325,CUST00942,2024-11-27,Hydrating Moisturizer,1,0,28.0,True
ORD001326,CUST00943,2025-01-04,Vitamin C Serum,1,15,18.7,True
ORD001327,CUST00944,2025-04-30,Vitamin C Serum,1,0,22.0,True
ORD001328,CUST00945,2024-06-07,Face Mask Set,2,0,40.0,True
ORD001329,CUST00946,2024-02-10,Hydrating Moisturizer,1,0,28.0,True
ORD001330,CUST00946,2024-04-01,Eye Cream,1,25,19.5,False
ORD001331,CUST00946,2024-06-04,Face Mask Set,1,0,20.0,False
ORD001332,CUST00946,2024-06-30,Gentle Cleanser,1,0,16.0,False
ORD001333,CUST00947,2024-04-25,Hydrating Moisturizer,3,0,84.0,True
ORD001334,CUST00947,2024-05-26,SPF 50 Sunscreen,2,0,48.0,False
ORD001335,CUST00948,2025-06-10,Niacinamide Serum,1,20,15.2,True
ORD001336,CUST00949,2025-05-27,Eye Cream,1,10,23.4,True
ORD001337,CUST00950,2024-12-13,Face Mask Set,1,0,20.0,True
ORD001338,CUST00952,2025-01-15,Gentle Cleanser,2,0,32.0,True
ORD001339,CUST00952,2025-02-21,SPF 50 Sunscreen,1,0,24.0,False
ORD001340,CUST00953,2024-05-17,Retinol Night Cream,1,0,32.0,True
ORD001341,CUST00953,2024-06-23,Niacinamide Serum,1,10,17.1,False
ORD001342,CUST00953,2024-07-23,Eye Cream,3,0,78.0,False
ORD001343,CUST00953,2024-08-21,SPF 50 Sunscreen,1,0,24.0,False
ORD001344,CUST00953,2024-09-04,SPF 50 Sunscreen,1,25,18.0,False
ORD001345,CUST00953,2024-09-18,SPF 50 Sunscreen,1,0,24.0,False
ORD001346,CUST00954,2025-06-16,SPF 50 Sunscreen,1,25,18.0,True
ORD001347,CUST00955,2024-10-08,Face Mask Set,1,10,18.0,True
ORD001348,CUST00955,2024-10-22,Niacinamide Serum,1,15,16.15,False
ORD001349,CUST00956,2024-09-19,Niacinamide Serum,1,25,14.25,True
ORD001350,CUST00956,2024-10-03,Face Mask Set,1,0,20.0,False
ORD001351,CUST00956,2024-10-26,Vitamin C Serum,2,0,44.0,False
ORD001352,CUST00957,2024-11-21,Vitamin C Serum,1,0,22.0,True
ORD001353,CUST00958,2024-03-03,Hydrating Moisturizer,1,15,23.8,True
ORD001354,CUST00959,2024-05-13,Gentle Cleanser,1,10,14.4,True
ORD001355,CUST00960,2025-03-04,Vitamin C Serum,2,25,33.0,True
ORD001356,CUST00961,2024-03-24,SPF 50 Sunscreen,1,0,24.0,True
ORD001357,CUST00962,2024-12-17,Niacinamide Serum,2,15,32.3,True
ORD001358,CUST00963,2024-06-25,Face Mask Set,3,0,60.0,True
ORD001359,CUST00964,2024-09-22,Retinol Night Cream,1,0,32.0,True
ORD001360,CUST00964,2024-10-18,Retinol Night Cream,1,10,28.8,False
ORD001361,CUST00965,2024-07-17,Face Mask Set,1,20,16.0,True
ORD001362,CUST00966,2024-09-01,Hydrating Moisturizer,2,0,56.0,True
ORD001363,CUST00966,2024-10-04,Eye Cream,1,0,26.0,False
ORD001364,CUST00967,2025-02-19,SPF 50 Sunscreen,1,0,24.0,True
ORD001365,CUST00968,2024-07-24,Hydrating Moisturizer,1,25,21.0,True
ORD001366,CUST00969,2024-12-02,Eye Cream,1,0,26.0,True
ORD001367,CUST00969,2024-12-30,Niacinamide Serum,1,20,15.2,False
ORD001368,CUST00969,2025-01-13,Gentle Cleanser,1,0,16.0,False
ORD001369,CUST00969,2025-02-20,Vitamin C Serum,3,0,66.0,False
ORD001370,CUST00969,2025-05-19,SPF 50 Sunscreen,1,25,18.0,False
ORD001371,CUST00970,2024-11-07,Hydrating Moisturizer,2,20,44.8,True
ORD001372,CUST00970,2024-11-23,SPF 50 Sunscreen,1,0,24.0,False
ORD001373,CUST00970,2025-03-21,Vitamin C Serum,3,0,66.0,False
ORD001374,CUST00970,2025-05-07,Gentle Cleanser,2,0,32.0,False
ORD001375,CUST00970,2025-05-21,Vitamin C Serum,2,10,39.6,False
ORD001376,CUST00971,2025-01-14,Hydrating Moisturizer,1,0,28.0,True
ORD001377,CUST00972,2025-06-24,Eye Cream,1,20,20.8,True
ORD001378,CUST00973,2025-02-27,Vitamin C Serum,3,10,59.4,True
ORD001379,CUST00974,2024-06-11,Gentle Cleanser,1,0,16.0,True
ORD001380,CUST00974,2024-09-06,Hydrating Moisturizer,1,0,28.0,False
ORD001381,CUST00975,2024-02-19,Eye Cream,1,0,26.0,True
ORD001382,CUST00975,2024-06-14,Vitamin C Serum,1,0,22.0,False
ORD001383,CUST00977,2024-12-12,Eye Cream,2,0,52.0,True
ORD001384,CUST00978,2024-03-06,Hydrating Moisturizer,2,0,56.0,True
ORD001385,CUST00979,2024-11-11,Niacinamide Serum,2,15,32.3,True
ORD001386,CUST00980,2024-12-13,Hydrating Moisturizer,2,20,44.8,True
ORD001387,CUST00981,2024-08-17,Gentle Cleanser,2,0,32.0,True
ORD001388,CUST00981,2024-09-15,SPF 50 Sunscreen,1,15,20.4,False
ORD001389,CUST00981,2024-11-11,Eye Cream,1,10,23.4,False
ORD001390,CUST00981,2025-01-18,Niacinamide Serum,2,25,28.5,False
ORD001391,CUST00982,2025-03-22,Retinol Night Cream,2,25,48.0,True
ORD001392,CUST00983,2024-04-07,Niacinamide Serum,1,0,19.0,True
ORD001393,CUST00983,2024-07-25,Hydrating Moisturizer,1,0,28.0,False
ORD001394,CUST00984,2024-03-19,Hydrating Moisturizer,3,20,67.2,True
ORD001395,CUST00985,2025-02-24,Gentle Cleanser,1,10,14.4,True
ORD001396,CUST00986,2024-11-11,Hydrating Moisturizer,1,15,23.8,True
ORD001397,CUST00987,2025-02-01,Niacinamide Serum,2,15,32.3,True
ORD001398,CUST00988,2024-10-18,Niacinamide Serum,2,0,38.0,True
ORD001399,CUST00990,2025-04-23,Hydrating Moisturizer,1,0,28.0,True
ORD001400,CUST00991,2025-04-09,Retinol Night Cream,1,25,24.0,True
ORD001401,CUST00992,2025-02-06,Vitamin C Serum,1,15,18.7,True
ORD001402,CUST00993,2024-07-09,Eye Cream,2,0,52.0,True
ORD001403,CUST00994,2024-12-13,Niacinamide Serum,2,0,38.0,True
ORD001404,CUST00994,2025-02-07,Vitamin C Serum,1,0,22.0,False
ORD001405,CUST00994,2025-06-14,Vitamin C Serum,2,0,44.0,False
ORD001406,CUST00994,2025-06-28,Hydrating Moisturizer,1,0,28.0,False
ORD001407,CUST00995,2024-09-06,Niacinamide Serum,1,0,19.0,True
ORD001408,CUST00997,2025-06-16,Retinol Night Cream,2,0,64.0,True
ORD001409,CUST00998,2024-04-25,Face Mask Set,3,15,51.0,True
ORD001410,CUST00999,2025-07-02,Niacinamide Serum,1,0,19.0,True
ORD001411,CUST01000,2024-10-26,SPF 50 Sunscreen,3,0,72.0,True
ORD001412,CUST01002,2024-11-27,Eye Cream,1,0,26.0,True
ORD001413,CUST01004,2025-02-28,Niacinamide Serum,2,25,28.5,True
ORD001414,CUST01005,2025-04-14,Gentle Cleanser,1,10,14.4,True
ORD001415,CUST01005,2025-04-28,Eye Cream,2,0,52.0,False
ORD001416,CUST01006,2025-01-10,Retinol Night Cream,2,0,64.0,True
ORD001417,CUST01007,2025-02-05,Vitamin C Serum,1,0,22.0,True
ORD001418,CUST01008,2025-05-11,Eye Cream,1,25,19.5,True
ORD001419,CUST01009,2024-06-27,Vitamin C Serum,2,0,44.0,True
ORD001420,CUST01009,2024-10-21,Gentle Cleanser,1,0,16.0,False
ORD001421,CUST01009,2024-11-10,Retinol Night Cream,1,0,32.0,False
ORD001422,CUST01010,2024-11-11,Gentle Cleanser,1,15,13.6,True
ORD001423,CUST01010,2024-12-31,Vitamin C Serum,2,0,44.0,False
ORD001424,CUST01011,2024-06-11,SPF 50 Sunscreen,2,10,43.2,True
ORD001425,CUST01012,2025-07-26,Face Mask Set,1,15,17.0,True
ORD001426,CUST01014,2024-02-28,Vitamin C Serum,3,10,59.4,True
ORD001427,CUST01014,2024-07-01,Retinol Night Cream,1,15,27.2,False
ORD001428,CUST01015,2025-02-12,Niacinamide Serum,1,0,19.0,True
ORD001429,CUST01016,2025-06-22,Vitamin C Serum,3,15,56.1,True
ORD001430,CUST01017,2024-05-21,SPF 50 Sunscreen,1,0,24.0,True
ORD001431,CUST01017,2024-10-08,Face Mask Set,2,0,40.0,False
ORD001432,CUST01017,2024-12-24,Gentle Cleanser,2,0,32.0,False
ORD001433,CUST01017,2025-03-06,Hydrating Moisturizer,1,20,22.4,False
ORD001434,CUST01019,2025-06-17,SPF 50 Sunscreen,1,15,20.4,True
ORD001435,CUST01020,2024-02-21,Eye Cream,1,25,19.5,True
ORD001436,CUST01021,2025-02-07,Retinol Night Cream,2,15,54.4,True
ORD001437,CUST01022,2024-07-22,Vitamin C Serum,1,0,22.0,True
ORD001438,CUST01023,2025-06-20,Vitamin C Serum,3,15,56.1,True
ORD001439,CUST01024,2025-07-15,Vitamin C Serum,1,0,22.0,True
ORD001440,CUST01025,2025-06-29,Eye Cream,1,0,26.0,True
ORD001441,CUST01026,2024-11-08,SPF 50 Sunscreen,1,25,18.0,True
ORD001442,CUST01027,2025-05-16,Niacinamide Serum,3,0,57.0,True
ORD001443,CUST01028,2025-05-09,Retinol Night Cream,1,25,24.0,True
ORD001444,CUST01028,2025-05-26,Gentle Cleanser,1,10,14.4,False
ORD001445,CUST01029,2024-08-08,SPF 50 Sunscreen,1,20,19.2,True
ORD001446,CUST01029,2024-08-22,Face Mask Set,1,25,15.0,False
ORD001447,CUST01029,2024-09-24,Niacinamide Serum,2,15,32.3,False
ORD001448,CUST01030,2025-04-28,Eye Cream,2,0,52.0,True
ORD001449,CUST01031,2024-02-23,Hydrating Moisturizer,2,0,56.0,True
ORD001450,CUST01031,2024-04-26,Face Mask Set,2,0,40.0,False
ORD001451,CUST01032,2024-12-15,Face Mask Set,3,0,60.0,True
ORD001452,CUST01033,2024-06-18,Hydrating Moisturizer,1,0,28.0,True
ORD001453,CUST01033,2024-09-03,Face Mask Set,1,0,20.0,False
ORD001454,CUST01033,2024-09-19,Vitamin C Serum,1,0,22.0,False
ORD001455,CUST01034,2024-04-16,Hydrating Moisturizer,1,0,28.0,True
ORD001456,CUST01034,2024-06-10,SPF 50 Sunscreen,1,0,24.0,False
ORD001457,CUST01034,2024-06-24,Vitamin C Serum,1,0,22.0,False
ORD001458,CUST01034,2024-08-25,Eye Cream,2,0,52.0,False
ORD001459,CUST01035,2024-03-18,Gentle Cleanser,1,0,16.0,True
ORD001460,CUST01035,2024-06-27,Niacinamide Serum,1,0,19.0,False
ORD001461,CUST01035,2024-09-23,Retinol Night Cream,1,0,32.0,False
ORD001462,CUST01035,2024-10-22,Niacinamide Serum,1,0,19.0,False
ORD001463,CUST01035,2024-11-05,Gentle Cleanser,1,0,16.0,False
ORD001464,CUST01035,2024-12-03,SPF 50 Sunscreen,1,0,24.0,False
ORD001465,CUST01036,2025-02-04,Hydrating Moisturizer,2,20,44.8,True
ORD001466,CUST01036,2025-05-05,Niacinamide Serum,1,0,19.0,False
ORD001467,CUST01036,2025-05-28,Gentle Cleanser,2,20,25.6,False
ORD001468,CUST01037,2024-08-21,Vitamin C Serum,1,0,22.0,True
ORD001469,CUST01037,2024-09-04,Eye Cream,1,0,26.0,False
ORD001470,CUST01038,2025-02-23,Niacinamide Serum,3,0,57.0,True
ORD001471,CUST01039,2024-03-11,Face Mask Set,2,0,40.0,True
ORD001472,CUST01040,2024-08-04,Retinol Night Cream,1,0,32.0,True
ORD001473,CUST01040,2024-08-27,Hydrating Moisturizer,2,10,50.4,False
ORD001474,CUST01041,2024-11-25,Vitamin C Serum,2,10,39.6,True
ORD001475,CUST01044,2024-12-27,Eye Cream,1,25,19.5,True
ORD001476,CUST01045,2025-06-02,Face Mask Set,1,25,15.0,True
ORD001477,CUST01046,2024-12-20,Hydrating Moisturizer,1,0,28.0,True
ORD001478,CUST01047,2024-06-18,Vitamin C Serum,2,0,44.0,True
ORD001479,CUST01047,2024-07-02,SPF 50 Sunscreen,2,15,40.8,False
ORD001480,CUST01048,2024-02-18,Face Mask Set,2,0,40.0,True
ORD001481,CUST01049,2025-05-21,Vitamin C Serum,1,0,22.0,True
ORD001482,CUST01050,2024-02-13,Face Mask Set,1,0,20.0,True
ORD001483,CUST01051,2025-05-25,Niacinamide Serum,1,10,17.1,True
ORD001484,CUST01051,2025-06-08,Hydrating Moisturizer,3,0,84.0,False
ORD001485,CUST01052,2024-11-23,Retinol Night Cream,1,20,25.6,True
ORD001486,CUST01054,2025-04-10,Hydrating Moisturizer,1,10,25.2,True
ORD001487,CUST01054,2025-05-07,Face Mask Set,1,15,17.0,False
ORD001488,CUST01055,2025-08-01,Retinol Night Cream,1,0,32.0,True
ORD001489,CUST01056,2024-08-30,Face Mask Set,1,0,20.0,True
ORD001490,CUST01057,2025-03-22,Niacinamide Serum,1,20,15.2,True
ORD001491,CUST01057,2025-04-07,Retinol Night Cream,1,10,28.8,False
ORD001492,CUST01058,2024-09-28,Face Mask Set,1,0,20.0,True
ORD001493,CUST01059,2024-11-08,Niacinamide Serum,1,0,19.0,True
ORD001494,CUST01059,2024-11-30,Retinol Night Cream,1,0,32.0,False
ORD001495,CUST01059,2025-01-01,Face Mask Set,2,0,40.0,False
ORD001496,CUST01060,2024-12-26,Retinol Night Cream,2,25,48.0,True
ORD001497,CUST01061,2025-05-27,Retinol Night Cream,1,10,28.8,True
ORD001498,CUST01062,2025-07-23,Gentle Cleanser,1,0,16.0,True
ORD001499,CUST01064,2024-10-09,Niacinamide Serum,2,0,38.0,True
ORD001500,CUST01065,2024-10-10,Retinol Night Cream,3,15,81.6,True
ORD001501,CUST01065,2024-11-27,Niacinamide Serum,1,0,19.0,False
ORD001502,CUST01066,2025-03-04,SPF 50 Sunscreen,3,0,72.0,True
ORD001503,CUST01067,2024-06-20,Vitamin C Serum,1,0,22.0,True
ORD001504,CUST01068,2024-04-08,Hydrating Moisturizer,1,0,28.0,True
ORD001505,CUST01069,2024-09-02,Gentle Cleanser,1,0,16.0,True
ORD001506,CUST01070,2024-07-17,Face Mask Set,1,20,16.0,True
ORD001507,CUST01070,2024-09-14,Eye Cream,1,0,26.0,False
ORD001508,CUST01070,2025-02-26,Vitamin C Serum,1,10,19.8,False
ORD001509,CUST01071,2024-07-21,Niacinamide Serum,1,15,16.15,True
ORD001510,CUST01073,2024-02-28,SPF 50 Sunscreen,1,0,24.0,True
ORD001511,CUST01074,2024-02-13,Retinol Night Cream,2,0,64.0,True
ORD001512,CUST01075,2025-07-24,Hydrating Moisturizer,1,0,28.0,True
ORD001513,CUST01076,2024-10-15,Retinol Night Cream,2,0,64.0,True
ORD001514,CUST01077,2024-09-20,Vitamin C Serum,1,0,22.0,True
ORD001515,CUST01077,2024-10-31,SPF 50 Sunscreen,1,0,24.0,False
ORD001516,CUST01078,2025-01-24,Gentle Cleanser,2,0,32.0,True
ORD001517,CUST01078,2025-02-24,Hydrating Moisturizer,2,0,56.0,False
ORD001518,CUST01078,2025-04-13,Hydrating Moisturizer,2,0,56.0,False
ORD001519,CUST01079,2024-06-12,Retinol Night Cream,1,0,32.0,True
ORD001520,CUST01079,2024-07-09,Retinol Night Cream,3,0,96.0,False
ORD001521,CUST01080,2025-07-02,SPF 50 Sunscreen,1,0,24.0,True
ORD001522,CUST01081,2025-04-02,Retinol Night Cream,1,0,32.0,True
ORD001523,CUST01082,2024-03-28,Gentle Cleanser,2,0,32.0,True
ORD001524,CUST01083,2024-10-09,SPF 50 Sunscreen,2,0,48.0,True
ORD001525,CUST01084,2025-05-28,Face Mask Set,2,0,40.0,True
ORD001526,CUST01085,2025-06-29,Retinol Night Cream,3,15,81.6,True
ORD001527,CUST01086,2024-11-04,Hydrating Moisturizer,1,0,28.0,True
ORD001528,CUST01087,2024-12-19,Retinol Night Cream,3,25,72.0,True
ORD001529,CUST01088,2024-05-14,Hydrating Moisturizer,3,0,84.0,True
ORD001530,CUST01088,2024-07-25,Gentle Cleanser,1,15,13.6,False
ORD001531,CUST01088,2024-08-09,Niacinamide Serum,1,0,19.0,False
ORD001532,CUST01089,2025-07-27,Gentle Cleanser,1,0,16.0,True
ORD001533,CUST01090,2024-06-17,Eye Cream,1,0,26.0,True
ORD001534,CUST01090,2024-08-10,Niacinamide Serum,1,20,15.2,False
ORD001535,CUST01091,2025-06-28,Face Mask Set,1,0,20.0,True
ORD001536,CUST01092,2025-01-04,Niacinamide Serum,1,0,19.0,True
ORD001537,CUST01093,2024-12-17,Niacinamide Serum,1,20,15.2,True
ORD001538,CUST01093,2025-05-15,Eye Cream,3,0,78.0,False
ORD001539,CUST01094,2024-11-18,Gentle Cleanser,3,10,43.2,True
ORD001540,CUST01094,2025-01-08,Vitamin C Serum,1,15,18.7,False
ORD001541,CUST01095,2024-06-19,Gentle Cleanser,1,0,16.0,True
ORD001542,CUST01095,2024-08-20,SPF 50 Sunscreen,1,0,24.0,False
ORD001543,CUST01096,2024-05-18,Face Mask Set,3,0,60.0,True
ORD001544,CUST01097,2024-06-11,Gentle Cleanser,1,0,16.0,True
ORD001545,CUST01098,2024-05-27,Gentle Cleanser,1,0,16.0,True
ORD001546,CUST01099,2025-03-28,Vitamin C Serum,1,15,18.7,True
ORD001547,CUST01100,2024-08-30,Retinol Night Cream,1,20,25.6,True
ORD001548,CUST01100,2024-10-25,Eye Cream,2,15,44.2,False
ORD001549,CUST01100,2024-11-19,Hydrating Moisturizer,2,0,56.0,False
ORD001550,CUST01101,2024-03-10,Hydrating Moisturizer,1,10,25.2,True
ORD001551,CUST01102,2025-07-13,Vitamin C Serum,2,0,44.0,True
ORD001552,CUST01103,2025-06-01,Face Mask Set,1,20,16.0,True
ORD001553,CUST01104,2025-06-21,Vitamin C Serum,1,0,22.0,True
ORD001554,CUST01105,2025-07-29,Face Mask Set,1,0,20.0,True
ORD001555,CUST01106,2024-05-16,Hydrating Moisturizer,1,25,21.0,True
ORD001556,CUST01107,2024-09-26,Eye Cream,1,25,19.5,True
ORD001557,CUST01107,2024-12-22,Gentle Cleanser,1,0,16.0,False
ORD001558,CUST01108,2025-03-15,SPF 50 Sunscreen,2,20,38.4,True
ORD001559,CUST01108,2025-04-10,Vitamin C Serum,2,0,44.0,False
ORD001560,CUST01109,2025-02-05,Retinol Night Cream,2,0,64.0,True
ORD001561,CUST01110,2024-05-05,Retinol Night Cream,1,0,32.0,True
ORD001562,CUST01112,2024-06-16,Vitamin C Serum,1,0,22.0,True
ORD001563,CUST01113,2024-06-15,Gentle Cleanser,1,10,14.4,True
ORD001564,CUST01115,2024-12-14,Eye Cream,1,25,19.5,True
ORD001565,CUST01116,2024-12-06,SPF 50 Sunscreen,2,0,48.0,True
ORD001566,CUST01117,2024-03-29,Hydrating Moisturizer,3,15,71.4,True
ORD001567,CUST01117,2024-04-29,Hydrating Moisturizer,1,15,23.8,False
ORD001568,CUST01119,2024-07-03,Face Mask Set,1,0,20.0,True
ORD001569,CUST01120,2024-04-19,SPF 50 Sunscreen,1,25,18.0,True
ORD001570,CUST01121,2025-06-02,Eye Cream,2,0,52.0,True
ORD001571,CUST01122,2025-07-03,SPF 50 Sunscreen,2,0,48.0,True
ORD001572,CUST01123,2025-05-17,Face Mask Set,1,25,15.0,True
ORD001573,CUST01126,2024-11-28,Gentle Cleanser,1,20,12.8,True
ORD001574,CUST01126,2024-12-12,Hydrating Moisturizer,1,20,22.4,False
ORD001575,CUST01127,2024-03-28,Vitamin C Serum,1,0,22.0,True
ORD001576,CUST01128,2024-10-04,SPF 50 Sunscreen,1,0,24.0,True
ORD001577,CUST01129,2024-09-11,Retinol Night Cream,1,0,32.0,True
ORD001578,CUST01129,2024-09-25,SPF 50 Sunscreen,2,15,40.8,False
ORD001579,CUST01130,2024-07-01,Retinol Night Cream,1,0,32.0,True
ORD001580,CUST01132,2024-11-14,Vitamin C Serum,2,0,44.0,True
ORD001581,CUST01133,2024-03-21,Hydrating Moisturizer,2,0,56.0,True
ORD001582,CUST01133,2024-04-05,SPF 50 Sunscreen,2,10,43.2,False
ORD001583,CUST01134,2024-06-11,Face Mask Set,3,0,60.0,True
ORD001584,CUST01135,2025-01-30,Hydrating Moisturizer,2,0,56.0,True
ORD001585,CUST01136,2024-03-21,Face Mask Set,1,0,20.0,True
ORD001586,CUST01136,2024-04-17,Gentle Cleanser,2,0,32.0,False
ORD001587,CUST01137,2025-05-10,Retinol Night Cream,3,0,96.0,True
ORD001588,CUST01138,2024-11-11,Retinol Night Cream,2,0,64.0,True
ORD001589,CUST01139,2024-11-09,SPF 50 Sunscreen,1,25,18.0,True
ORD001590,CUST01139,2025-01-10,Niacinamide Serum,1,0,19.0,False
ORD001591,CUST01140,2024-12-12,Niacinamide Serum,1,0,19.0,True
ORD001592,CUST01140,2025-05-13,Vitamin C Serum,1,0,22.0,False
ORD001593,CUST01140,2025-06-08,Hydrating Moisturizer,1,0,28.0,False
ORD001594,CUST01141,2025-04-24,Gentle Cleanser,1,0,16.0,True
ORD001595,CUST01141,2025-05-14,Face Mask Set,1,0,20.0,False
ORD001596,CUST01141,2025-05-28,Retinol Night Cream,1,0,32.0,False
ORD001597,CUST01142,2024-08-28,Retinol Night Cream,1,0,32.0,True
ORD001598,CUST01143,2025-01-23,Eye Cream,2,0,52.0,True
ORD001599,CUST01144,2024-12-04,Face Mask Set,2,20,32.0,True
ORD001600,CUST01145,2024-07-06,Retinol Night Cream,1,20,25.6,True
ORD001601,CUST01146,2025-05-29,Niacinamide Serum,1,0,19.0,True
ORD001602,CUST01147,2025-04-08,Face Mask Set,1,0,20.0,True
ORD001603,CUST01147,2025-06-19,Face Mask Set,3,0,60.0,False
ORD001604,CUST01148,2025-01-11,Gentle Cleanser,2,15,27.2,True
ORD001605,CUST01148,2025-02-24,Face Mask Set,2,25,30.0,False
ORD001606,CUST01148,2025-03-20,Retinol Night Cream,1,25,24.0,False
ORD001607,CUST01148,2025-04-03,Niacinamide Serum,1,0,19.0,False
ORD001608,CUST01149,2025-05-09,Hydrating Moisturizer,1,10,25.2,True
ORD001609,CUST01149,2025-05-23,SPF 50 Sunscreen,3,0,72.0,False
ORD001610,CUST01150,2025-05-20,Hydrating Moisturizer,3,0,84.0,True
ORD001611,CUST01151,2025-02-12,Gentle Cleanser,1,0,16.0,True
ORD001612,CUST01151,2025-04-19,Niacinamide Serum,2,0,38.0,False
ORD001613,CUST01151,2025-07-14,Eye Cream,1,15,22.1,False
ORD001614,CUST01152,2025-05-04,Gentle Cleanser,1,0,16.0,True
ORD001615,CUST01153,2025-02-05,SPF 50 Sunscreen,2,10,43.2,True
ORD001616,CUST01154,2025-01-27,Eye Cream,3,0,78.0,True
ORD001617,CUST01154,2025-02-25,SPF 50 Sunscreen,2,20,38.4,False
ORD001618,CUST01155,2024-12-24,Hydrating Moisturizer,1,15,23.8,True
ORD001619,CUST01156,2025-03-14,Hydrating Moisturizer,1,0,28.0,True
ORD001620,CUST01158,2025-05-31,Eye Cream,3,25,58.5,True
ORD001621,CUST01159,2025-05-23,SPF 50 Sunscreen,1,0,24.0,True
ORD001622,CUST01161,2025-04-27,Gentle Cleanser,2,0,32.0,True
ORD001623,CUST01162,2024-04-20,Vitamin C Serum,1,0,22.0,True
ORD001624,CUST01163,2024-08-19,Vitamin C Serum,2,0,44.0,True
ORD001625,CUST01164,2025-03-06,SPF 50 Sunscreen,1,0,24.0,True
ORD001626,CUST01165,2024-05-09,Gentle Cleanser,1,0,16.0,True
ORD001627,CUST01165,2024-05-24,Retinol Night Cream,2,0,64.0,False
ORD001628,CUST01166,2025-04-22,Retinol Night Cream,1,10,28.8,True
ORD001629,CUST01167,2025-04-30,SPF 50 Sunscreen,1,15,20.4,True
ORD001630,CUST01169,2024-02-05,Eye Cream,1,10,23.4,True
ORD001631,CUST01169,2024-02-19,Retinol Night Cream,1,25,24.0,False
ORD001632,CUST01170,2024-07-17,Retinol Night Cream,1,0,32.0,True
ORD001633,CUST01170,2024-08-10,Vitamin C Serum,1,15,18.7,False
ORD001634,CUST01170,2024-09-30,SPF 50 Sunscreen,3,25,54.0,False
ORD001635,CUST01170,2024-12-04,Vitamin C Serum,1,20,17.6,False
ORD001636,CUST01170,2024-12-27,SPF 50 Sunscreen,1,0,24.0,False
ORD001637,CUST01171,2024-12-23,SPF 50 Sunscreen,2,0,48.0,True
ORD001638,CUST01171,2025-02-09,SPF 50 Sunscreen,3,25,54.0,False
ORD001639,CUST01172,2025-07-20,Face Mask Set,1,25,15.0,True
ORD001640,CUST01173,2024-12-29,SPF 50 Sunscreen,1,10,21.6,True
ORD001641,CUST01173,2025-01-28,Retinol Night Cream,1,25,24.0,False
ORD001642,CUST01174,2024-06-29,SPF 50 Sunscreen,2,0,48.0,True
ORD001643,CUST01174,2024-07-21,Niacinamide Serum,1,10,17.1,False
ORD001644,CUST01175,2024-12-27,Hydrating Moisturizer,1,15,23.8,True
ORD001645,CUST01176,2024-11-24,Face Mask Set,1,0,20.0,True
ORD001646,CUST01178,2024-04-08,Retinol Night Cream,2,15,54.4,True
ORD001647,CUST01179,2025-03-16,Vitamin C Serum,1,0,22.0,True
ORD001648,CUST01180,2024-11-24,SPF 50 Sunscreen,1,0,24.0,True
ORD001649,CUST01180,2024-12-08,Gentle Cleanser,1,0,16.0,False
ORD001650,CUST01182,2024-08-21,Hydrating Moisturizer,1,0,28.0,True
ORD001651,CUST01184,2025-06-25,Gentle Cleanser,1,20,12.8,True
ORD001652,CUST01185,2024-04-04,SPF 50 Sunscreen,1,15,20.4,True
ORD001653,CUST01186,2025-06-27,Hydrating Moisturizer,1,10,25.2,True
ORD001654,CUST01187,2025-02-02,Niacinamide Serum,3,0,57.0,True
ORD001655,CUST01188,2024-03-14,Vitamin C Serum,2,0,44.0,True
ORD001656,CUST01188,2024-06-23,Face Mask Set,3,25,45.0,False
ORD001657,CUST01189,2024-07-25,SPF 50 Sunscreen,1,10,21.6,True
ORD001658,CUST01189,2024-08-08,Vitamin C Serum,2,15,37.4,False
ORD001659,CUST01190,2025-02-15,Face Mask Set,3,0,60.0,True
ORD001660,CUST01191,2024-03-15,Hydrating Moisturizer,1,0,28.0,True
ORD001661,CUST01192,2024-12-10,SPF 50 Sunscreen,1,0,24.0,True
ORD001662,CUST01193,2024-08-25,Eye Cream,2,0,52.0,True
ORD001663,CUST01193,2024-09-08,Hydrating Moisturizer,1,0,28.0,False
ORD001664,CUST01193,2024-09-30,SPF 50 Sunscreen,1,0,24.0,False
ORD001665,CUST01193,2024-10-29,Face Mask Set,1,0,20.0,False
ORD001666,CUST01194,2024-12-24,Face Mask Set,1,0,20.0,True
ORD001667,CUST01194,2025-01-10,Gentle Cleanser,2,0,32.0,False
ORD001668,CUST01195,2024-03-02,Vitamin C Serum,2,0,44.0,True
ORD001669,CUST01195,2024-03-29,SPF 50 Sunscreen,2,20,38.4,False
ORD001670,CUST01196,2025-05-25,Retinol Night Cream,1,15,27.2,True
ORD001671,CUST01197,2025-07-15,Gentle Cleanser,1,20,12.8,True
ORD001672,CUST01198,2025-07-14,SPF 50 Sunscreen,1,25,18.0,True
ORD001673,CUST01199,2025-03-09,Eye Cream,1,25,19.5,True
ORD001674,CUST01199,2025-05-13,Vitamin C Serum,1,25,16.5,False
ORD001675,CUST01199,2025-05-27,Niacinamide Serum,1,0,19.0,False
ORD001676,CUST01200,2024-04-21,Niacinamide Serum,1,0,19.0,True
ORD001677,CUST01201,2025-03-15,Vitamin C Serum,1,0,22.0,True
ORD001678,CUST01201,2025-03-29,Retinol Night Cream,1,0,32.0,False
ORD001679,CUST01202,2024-02-15,Gentle Cleanser,1,25,12.0,True
ORD001680,CUST01202,2024-04-30,SPF 50 Sunscreen,2,0,48.0,False
ORD001681,CUST01202,2024-06-22,Face Mask Set,1,0,20.0,False
ORD001682,CUST01203,2024-02-17,Retinol Night Cream,1,0,32.0,True
ORD001683,CUST01204,2024-08-10,SPF 50 Sunscreen,1,0,24.0,True
ORD001684,CUST01205,2024-11-11,Niacinamide Serum,2,0,38.0,True
ORD001685,CUST01205,2025-04-15,Vitamin C Serum,1,15,18.7,False
ORD001686,CUST01206,2025-03-25,Niacinamide Serum,1,0,19.0,True
ORD001687,CUST01206,2025-06-17,Niacinamide Serum,1,0,19.0,False
ORD001688,CUST01207,2025-01-30,Niacinamide Serum,1,0,19.0,True
ORD001689,CUST01208,2024-10-28,Niacinamide Serum,1,20,15.2,True
ORD001690,CUST01209,2024-07-08,SPF 50 Sunscreen,1,0,24.0,True
ORD001691,CUST01210,2025-08-01,Eye Cream,1,10,23.4,True
ORD001692,CUST01212,2024-10-31,Eye Cream,2,25,39.0,True
ORD001693,CUST01212,2025-01-30,Face Mask Set,3,0,60.0,False
ORD001694,CUST01212,2025-02-13,Niacinamide Serum,1,20,15.2,False
ORD001695,CUST01213,2024-05-11,Gentle Cleanser,1,0,16.0,True
ORD001696,CUST01214,2025-04-07,Hydrating Moisturizer,1,10,25.2,True
ORD001697,CUST01215,2025-02-04,SPF 50 Sunscreen,2,10,43.2,True
ORD001698,CUST01216,2024-06-12,Hydrating Moisturizer,2,0,56.0,True
ORD001699,CUST01216,2024-07-25,SPF 50 Sunscreen,1,0,24.0,False
ORD001700,CUST01218,2025-01-25,Niacinamide Serum,1,0,19.0,True
ORD001701,CUST01218,2025-02-12,Hydrating Moisturizer,1,20,22.4,False
ORD001702,CUST01219,2025-01-06,SPF 50 Sunscreen,1,0,24.0,True
ORD001703,CUST01220,2024-07-08,SPF 50 Sunscreen,2,10,43.2,True
ORD001704,CUST01220,2024-10-08,Niacinamide Serum,1,0,19.0,False
ORD001705,CUST01221,2025-07-01,Eye Cream,1,10,23.4,True
ORD001706,CUST01222,2024-05-05,SPF 50 Sunscreen,1,0,24.0,True
ORD001707,CUST01223,2024-10-19,Vitamin C Serum,1,10,19.8,True
ORD001708,CUST01224,2025-06-27,Face Mask Set,1,15,17.0,True
ORD001709,CUST01225,2024-10-10,Retinol Night Cream,1,15,27.2,True
ORD001710,CUST01226,2024-12-31,Gentle Cleanser,1,25,12.0,True
ORD001711,CUST01226,2025-02-21,Hydrating Moisturizer,1,0,28.0,False
ORD001712,CUST01227,2024-09-28,Niacinamide Serum,3,0,57.0,True
ORD001713,CUST01227,2024-10-25,Vitamin C Serum,1,0,22.0,False
ORD001714,CUST01227,2025-01-07,Vitamin C Serum,2,0,44.0,False
ORD001715,CUST01228,2024-07-10,Hydrating Moisturizer,1,10,25.2,True
ORD001716,CUST01229,2025-07-21,Vitamin C Serum,1,0,22.0,True
ORD001717,CUST01230,2024-10-04,Gentle Cleanser,1,0,16.0,True
ORD001718,CUST01230,2024-11-12,Niacinamide Serum,1,0,19.0,False
ORD001719,CUST01230,2024-11-26,Vitamin C Serum,2,10,39.6,False
ORD001720,CUST01230,2025-01-24,Hydrating Moisturizer,1,0,28.0,False
ORD001721,CUST01231,2025-06-05,SPF 50 Sunscreen,1,10,21.6,True
ORD001722,CUST01232,2024-06-15,Hydrating Moisturizer,1,0,28.0,True
ORD001723,CUST01234,2024-02-22,Vitamin C Serum,1,15,18.7,True
ORD001724,CUST01235,2025-01-06,Eye Cream,1,0,26.0,True
ORD001725,CUST01236,2024-09-08,Retinol Night Cream,1,0,32.0,True
ORD001726,CUST01238,2024-11-05,Gentle Cleanser,2,20,25.6,True
ORD001727,CUST01238,2024-12-26,Hydrating Moisturizer,1,25,21.0,False
ORD001728,CUST01239,2025-07-13,Retinol Night Cream,1,20,25.6,True
ORD001729,CUST01240,2024-05-27,Face Mask Set,1,15,17.0,True
ORD001730,CUST01240,2024-07-04,Vitamin C Serum,2,0,44.0,False
ORD001731,CUST01240,2024-11-28,Retinol Night Cream,2,0,64.0,False
ORD001732,CUST01240,2025-01-15,SPF 50 Sunscreen,1,0,24.0,False
ORD001733,CUST01240,2025-02-26,Vitamin C Serum,1,0,22.0,False
ORD001734,CUST01240,2025-03-31,Face Mask Set,1,0,20.0,False
ORD001735,CUST01242,2025-03-26,Vitamin C Serum,1,0,22.0,True
ORD001736,CUST01243,2025-03-23,Hydrating Moisturizer,2,25,42.0,True
ORD001737,CUST01243,2025-04-18,SPF 50 Sunscreen,2,0,48.0,False
ORD001738,CUST01243,2025-05-20,Hydrating Moisturizer,2,0,56.0,False
ORD001739,CUST01244,2025-05-07,Retinol Night Cream,1,10,28.8,True
ORD001740,CUST01245,2025-03-18,Face Mask Set,2,0,40.0,True
ORD001741,CUST01246,2024-12-27,Face Mask Set,1,0,20.0,True
ORD001742,CUST01246,2025-03-19,Eye Cream,3,0,78.0,False
ORD001743,CUST01246,2025-05-04,Hydrating Moisturizer,1,0,28.0,False
ORD001744,CUST01247,2024-04-20,Vitamin C Serum,1,10,19.8,True
ORD001745,CUST01249,2025-06-16,Hydrating Moisturizer,1,0,28.0,True
ORD001746,CUST01250,2024-12-22,Face Mask Set,2,25,30.0,True
ORD001747,CUST01251,2025-04-07,Gentle Cleanser,1,0,16.0,True
ORD001748,CUST01252,2024-11-07,Niacinamide Serum,2,0,38.0,True
ORD001749,CUST01253,2024-04-12,Face Mask Set,2,0,40.0,True
ORD001750,CUST01254,2024-04-18,SPF 50 Sunscreen,1,20,19.2,True
ORD001751,CUST01256,2024-10-16,Niacinamide Serum,1,15,16.15,True
ORD001752,CUST01257,2024-06-03,Niacinamide Serum,1,25,14.25,True
ORD001753,CUST01258,2024-11-12,Face Mask Set,1,0,20.0,True
ORD001754,CUST01259,2024-03-12,Face Mask Set,2,0,40.0,True
ORD001755,CUST01259,2024-03-26,Niacinamide Serum,2,15,32.3,False
ORD001756,CUST01260,2024-12-10,SPF 50 Sunscreen,2,0,48.0,True
ORD001757,CUST01261,2024-07-07,SPF 50 Sunscreen,1,0,24.0,True
ORD001758,CUST01261,2024-08-08,Gentle Cleanser,1,10,14.4,False
ORD001759,CUST01261,2024-08-22,Eye Cream,2,0,52.0,False
ORD001760,CUST01261,2024-10-17,Niacinamide Serum,1,15,16.15,False
ORD001761,CUST01262,2025-04-09,Eye Cream,1,10,23.4,True
ORD001762,CUST01263,2024-07-31,Hydrating Moisturizer,1,0,28.0,True
ORD001763,CUST01263,2024-09-27,Hydrating Moisturizer,1,0,28.0,False
ORD001764,CUST01264,2024-11-02,SPF 50 Sunscreen,1,0,24.0,True
ORD001765,CUST01264,2025-01-05,Eye Cream,1,20,20.8,False
ORD001766,CUST01265,2024-02-10,Hydrating Moisturizer,2,0,56.0,True
ORD001767,CUST01265,2024-05-04,Retinol Night Cream,1,0,32.0,False
ORD001768,CUST01265,2024-07-04,Niacinamide Serum,1,20,15.2,False
ORD001769,CUST01266,2024-03-18,Gentle Cleanser,1,10,14.4,True
ORD001770,CUST01267,2024-09-24,Retinol Night Cream,1,0,32.0,True
ORD001771,CUST01267,2025-03-02,Gentle Cleanser,1,0,16.0,False
ORD001772,CUST01268,2024-11-10,Retinol Night Cream,2,0,64.0,True
ORD001773,CUST01268,2025-05-01,Face Mask Set,1,0,20.0,False
ORD001774,CUST01268,2025-05-23,SPF 50 Sunscreen,1,0,24.0,False
ORD001775,CUST01269,2024-12-17,Hydrating Moisturizer,1,0,28.0,True
ORD001776,CUST01270,2024-07-20,Retinol Night Cream,1,0,32.0,True
ORD001777,CUST01271,2025-02-05,Face Mask Set,2,15,34.0,True
ORD001778,CUST01272,2025-05-18,Niacinamide Serum,1,0,19.0,True
ORD001779,CUST01274,2024-02-25,Retinol Night Cream,3,25,72.0,True
ORD001780,CUST01274,2024-03-27,Eye Cream,3,10,70.2,False
ORD001781,CUST01276,2024-04-06,Vitamin C Serum,1,0,22.0,True
ORD001782,CUST01277,2024-06-21,Eye Cream,2,0,52.0,True
ORD001783,CUST01278,2025-07-25,Retinol Night Cream,1,0,32.0,True
ORD001784,CUST01279,2024-04-27,Face Mask Set,1,0,20.0,True
ORD001785,CUST01280,2024-11-14,Face Mask Set,1,0,20.0,True
ORD001786,CUST01280,2025-03-07,Hydrating Moisturizer,1,10,25.2,False
ORD001787,CUST01280,2025-05-13,Niacinamide Serum,2,25,28.5,False
ORD001788,CUST01281,2024-12-23,Niacinamide Serum,3,25,42.75,True
ORD001789,CUST01282,2025-02-09,Hydrating Moisturizer,3,25,63.0,True
ORD001790,CUST01283,2024-12-01,Retinol Night Cream,1,25,24.0,True
ORD001791,CUST01284,2024-02-09,Face Mask Set,1,10,18.0,True
ORD001792,CUST01286,2024-11-19,Niacinamide Serum,1,25,14.25,True
ORD001793,CUST01286,2025-04-12,SPF 50 Sunscreen,2,25,36.0,False
ORD001794,CUST01287,2024-03-27,Niacinamide Serum,1,0,19.0,True
ORD001795,CUST01288,2024-08-29,Gentle Cleanser,2,0,32.0,True
ORD001796,CUST01289,2024-02-24,Niacinamide Serum,1,20,15.2,True
ORD001797,CUST01290,2024-03-22,SPF 50 Sunscreen,1,0,24.0,True
ORD001798,CUST01291,2024-09-25,Retinol Night Cream,2,0,64.0,True
ORD001799,CUST01291,2024-10-09,Gentle Cleanser,1,15,13.6,False
ORD001800,CUST01292,2024-04-22,Vitamin C Serum,2,0,44.0,True
ORD001801,CUST01292,2024-05-26,Eye Cream,1,0,26.0,False
ORD001802,CUST01293,2024-12-01,Eye Cream,1,25,19.5,True
ORD001803,CUST01294,2025-02-03,Face Mask Set,1,15,17.0,True
ORD001804,CUST01295,2025-04-09,Niacinamide Serum,1,0,19.0,True
ORD001805,CUST01296,2024-06-03,Vitamin C Serum,2,20,35.2,True
ORD001806,CUST01297,2024-05-15,SPF 50 Sunscreen,1,20,19.2,True
ORD001807,CUST01297,2024-06-04,Niacinamide Serum,2,0,38.0,False
ORD001808,CUST01298,2024-04-07,Gentle Cleanser,1,25,12.0,True
ORD001809,CUST01301,2024-02-22,Retinol Night Cream,1,0,32.0,True
ORD001810,CUST01301,2024-03-07,Gentle Cleanser,2,0,32.0,False
ORD001811,CUST01301,2024-04-25,Gentle Cleanser,1,20,12.8,False
ORD001812,CUST01303,2024-03-05,Vitamin C Serum,1,0,22.0,True
ORD001813,CUST01304,2024-11-25,Face Mask Set,1,0,20.0,True
ORD001814,CUST01305,2025-02-14,Eye Cream,1,25,19.5,True
ORD001815,CUST01306,2025-05-22,SPF 50 Sunscreen,2,10,43.2,True
ORD001816,CUST01306,2025-07-25,Face Mask Set,1,0,20.0,False
ORD001817,CUST01307,2025-02-17,Hydrating Moisturizer,3,0,84.0,True
ORD001818,CUST01308,2025-04-12,Gentle Cleanser,1,0,16.0,True
ORD001819,CUST01309,2024-08-20,Face Mask Set,1,15,17.0,True
ORD001820,CUST01310,2025-04-21,Hydrating Moisturizer,1,0,28.0,True
ORD001821,CUST01311,2024-03-20,Face Mask Set,1,15,17.0,True
ORD001822,CUST01311,2024-06-11,Eye Cream,3,0,78.0,False
ORD001823,CUST01311,2024-08-12,SPF 50 Sunscreen,2,0,48.0,False
ORD001824,CUST01311,2024-10-06,Vitamin C Serum,1,0,22.0,False
ORD001825,CUST01311,2025-02-15,Hydrating Moisturizer,1,0,28.0,False
ORD001826,CUST01311,2025-03-01,Eye Cream,1,15,22.1,False
ORD001827,CUST01311,2025-04-14,Vitamin C Serum,1,0,22.0,False
ORD001828,CUST01311,2025-07-08,Retinol Night Cream,1,0,32.0,False
ORD001829,CUST01312,2025-06-07,Vitamin C Serum,1,0,22.0,True
ORD001830,CUST01312,2025-07-11,Hydrating Moisturizer,1,0,28.0,False
ORD001831,CUST01313,2024-11-27,Hydrating Moisturizer,1,25,21.0,True
ORD001832,CUST01314,2025-04-22,Face Mask Set,2,25,30.0,True
ORD001833,CUST01315,2024-11-01,Vitamin C Serum,1,0,22.0,True
ORD001834,CUST01315,2025-01-29,Hydrating Moisturizer,1,0,28.0,False
ORD001835,CUST01315,2025-02-23,Retinol Night Cream,1,0,32.0,False
ORD001836,CUST01315,2025-03-22,Hydrating Moisturizer,1,25,21.0,False
ORD001837,CUST01316,2025-01-01,SPF 50 Sunscreen,2,0,48.0,True
ORD001838,CUST01317,2024-11-21,Hydrating Moisturizer,1,0,28.0,True
ORD001839,CUST01317,2024-12-20,Hydrating Moisturizer,1,0,28.0,False
ORD001840,CUST01317,2025-01-17,Gentle Cleanser,1,0,16.0,False
ORD001841,CUST01318,2025-02-27,Vitamin C Serum,1,0,22.0,True
ORD001842,CUST01319,2024-03-24,Gentle Cleanser,1,20,12.8,True
ORD001843,CUST01319,2024-06-13,Retinol Night Cream,2,0,64.0,False
ORD001844,CUST01320,2024-03-11,SPF 50 Sunscreen,2,15,40.8,True
ORD001845,CUST01321,2024-06-26,Niacinamide Serum,1,0,19.0,True
ORD001846,CUST01321,2024-10-30,Niacinamide Serum,1,0,19.0,False
ORD001847,CUST01321,2024-12-01,Gentle Cleanser,1,25,12.0,False
ORD001848,CUST01321,2024-12-18,Hydrating Moisturizer,1,0,28.0,False
ORD001849,CUST01321,2025-01-14,Retinol Night Cream,1,0,32.0,False
ORD001850,CUST01321,2025-02-09,Hydrating Moisturizer,1,0,28.0,False
ORD001851,CUST01321,2025-02-27,Retinol Night Cream,2,0,64.0,False
ORD001852,CUST01322,2024-05-10,Hydrating Moisturizer,2,0,56.0,True
ORD001853,CUST01323,2025-05-25,Retinol Night Cream,3,20,76.8,True
ORD001854,CUST01324,2024-06-10,Retinol Night Cream,2,0,64.0,True
ORD001855,CUST01324,2024-07-03,Eye Cream,1,0,26.0,False
ORD001856,CUST01324,2024-07-17,Retinol Night Cream,1,10,28.8,False
ORD001857,CUST01325,2025-07-19,Face Mask Set,1,0,20.0,True
ORD001858,CUST01326,2024-08-19,Vitamin C Serum,2,0,44.0,True
ORD001859,CUST01327,2024-05-24,Gentle Cleanser,3,0,48.0,True
ORD001860,CUST01327,2024-06-27,Vitamin C Serum,1,0,22.0,False
ORD001861,CUST01328,2025-04-05,Vitamin C Serum,2,20,35.2,True
ORD001862,CUST01329,2025-01-12,Eye Cream,1,0,26.0,True
ORD001863,CUST01329,2025-03-14,Vitamin C Serum,2,0,44.0,False
ORD001864,CUST01329,2025-06-25,Niacinamide Serum,2,0,38.0,False
ORD001865,CUST01330,2024-11-14,Gentle Cleanser,2,20,25.6,True
ORD001866,CUST01331,2024-11-29,Eye Cream,1,0,26.0,True
ORD001867,CUST01332,2025-02-18,Vitamin C Serum,1,0,22.0,True
ORD001868,CUST01333,2024-06-14,Hydrating Moisturizer,2,0,56.0,True
ORD001869,CUST01333,2024-07-25,Eye Cream,2,25,39.0,False
ORD001870,CUST01334,2025-07-30,Vitamin C Serum,1,0,22.0,True
ORD001871,CUST01335,2025-07-18,Retinol Night Cream,1,20,25.6,True
ORD001872,CUST01336,2025-01-06,SPF 50 Sunscreen,1,15,20.4,True
ORD001873,CUST01336,2025-03-15,Niacinamide Serum,1,0,19.0,False
ORD001874,CUST01338,2025-01-27,Eye Cream,1,15,22.1,True
ORD001875,CUST01339,2024-03-18,Face Mask Set,2,0,40.0,True
ORD001876,CUST01340,2024-02-22,Retinol Night Cream,1,0,32.0,True
ORD001877,CUST01341,2024-07-01,Hydrating Moisturizer,1,0,28.0,True
ORD001878,CUST01342,2024-11-03,Vitamin C Serum,1,15,18.7,True
ORD001879,CUST01343,2025-05-22,Hydrating Moisturizer,1,10,25.2,True
ORD001880,CUST01345,2025-03-07,Vitamin C Serum,1,0,22.0,True
ORD001881,CUST01347,2024-08-24,Eye Cream,1,0,26.0,True
ORD001882,CUST01348,2024-09-11,SPF 50 Sunscreen,2,15,40.8,True
ORD001883,CUST01349,2025-07-23,Eye Cream,1,0,26.0,True
ORD001884,CUST01350,2024-02-27,Retinol Night Cream,1,0,32.0,True
ORD001885,CUST01350,2024-08-10,Retinol Night Cream,2,20,51.2,False
ORD001886,CUST01350,2025-01-31,Vitamin C Serum,2,0,44.0,False
ORD001887,CUST01351,2025-05-20,Vitamin C Serum,1,15,18.7,True
ORD001888,CUST01352,2024-12-08,Eye Cream,1,0,26.0,True
ORD001889,CUST01353,2024-10-21,Eye Cream,1,0,26.0,True
ORD001890,CUST01354,2025-02-23,Vitamin C Serum,3,0,66.0,True
ORD001891,CUST01355,2024-11-12,Gentle Cleanser,1,0,16.0,True
ORD001892,CUST01357,2025-06-09,Hydrating Moisturizer,2,15,47.6,True
ORD001893,CUST01357,2025-06-23,Hydrating Moisturizer,1,0,28.0,False
ORD001894,CUST01358,2024-10-11,Eye Cream,1,20,20.8,True
ORD001895,CUST01359,2024-07-09,Niacinamide Serum,1,0,19.0,True
ORD001896,CUST01360,2024-12-13,Face Mask Set,1,0,20.0,True
ORD001897,CUST01360,2025-02-12,Retinol Night Cream,3,15,81.6,False
ORD001898,CUST01360,2025-02-26,Face Mask Set,1,0,20.0,False
ORD001899,CUST01361,2025-06-13,Niacinamide Serum,2,0,38.0,True
ORD001900,CUST01362,2024-06-09,Gentle Cleanser,1,0,16.0,True
ORD001901,CUST01363,2024-12-25,SPF 50 Sunscreen,1,25,18.0,True
ORD001902,CUST01363,2025-03-23,Vitamin C Serum,1,25,16.5,False
ORD001903,CUST01364,2024-12-28,Retinol Night Cream,2,0,64.0,True
ORD001904,CUST01365,2025-02-28,SPF 50 Sunscreen,1,0,24.0,True
ORD001905,CUST01366,2024-04-21,Face Mask Set,1,0,20.0,True
ORD001906,CUST01366,2024-06-29,Niacinamide Serum,3,0,57.0,False
ORD001907,CUST01366,2024-07-13,Eye Cream,1,0,26.0,False
ORD001908,CUST01366,2024-07-27,Gentle Cleanser,2,0,32.0,False
ORD001909,CUST01366,2024-08-25,Vitamin C Serum,2,0,44.0,False
ORD001910,CUST01366,2024-09-08,Retinol Night Cream,1,0,32.0,False
ORD001911,CUST01366,2024-10-26,Retinol Night Cream,1,0,32.0,False
ORD001912,CUST01366,2024-11-20,Retinol Night Cream,2,0,64.0,False
ORD001913,CUST01366,2024-12-22,Face Mask Set,2,0,40.0,False
ORD001914,CUST01367,2025-02-16,SPF 50 Sunscreen,3,0,72.0,True
ORD001915,CUST01368,2025-06-13,Vitamin C Serum,2,0,44.0,True
ORD001916,CUST01369,2024-05-22,Eye Cream,2,15,44.2,True
ORD001917,CUST01371,2025-07-15,SPF 50 Sunscreen,1,10,21.6,True
ORD001918,CUST01372,2024-05-23,Vitamin C Serum,1,20,17.6,True
ORD001919,CUST01372,2024-07-06,SPF 50 Sunscreen,1,0,24.0,False
ORD001920,CUST01373,2025-05-12,Face Mask Set,1,0,20.0,True
ORD001921,CUST01374,2024-11-11,SPF 50 Sunscreen,1,0,24.0,True
ORD001922,CUST01376,2025-05-25,Face Mask Set,1,15,17.0,True
ORD001923,CUST01378,2024-11-20,SPF 50 Sunscreen,3,0,72.0,True
ORD001924,CUST01378,2025-04-30,Eye Cream,1,0,26.0,False
ORD001925,CUST01379,2024-09-02,Gentle Cleanser,1,15,13.6,True
ORD001926,CUST01379,2024-09-16,Eye Cream,1,20,20.8,False
ORD001927,CUST01380,2024-12-14,Vitamin C Serum,1,0,22.0,True
ORD001928,CUST01380,2025-01-24,Gentle Cleanser,1,0,16.0,False
ORD001929,CUST01380,2025-02-07,Face Mask Set,2,0,40.0,False
ORD001930,CUST01380,2025-02-21,Vitamin C Serum,2,0,44.0,False
ORD001931,CUST01381,2024-05-10,Niacinamide Serum,1,0,19.0,True
ORD001932,CUST01381,2024-05-30,Niacinamide Serum,1,0,19.0,False
ORD001933,CUST01381,2024-06-13,Vitamin C Serum,2,0,44.0,False
ORD001934,CUST01381,2024-06-27,Vitamin C Serum,1,0,22.0,False
ORD001935,CUST01381,2024-07-11,Retinol Night Cream,1,0,32.0,False
ORD001936,CUST01382,2024-09-24,Vitamin C Serum,1,10,19.8,True
ORD001937,CUST01385,2025-01-10,SPF 50 Sunscreen,1,0,24.0,True
ORD001938,CUST01385,2025-01-24,Retinol Night Cream,1,15,27.2,False
ORD001939,CUST01386,2024-08-09,Retinol Night Cream,1,20,25.6,True
ORD001940,CUST01388,2024-04-20,Niacinamide Serum,1,0,19.0,True
ORD001941,CUST01389,2025-07-13,Retinol Night Cream,2,0,64.0,True
ORD001942,CUST01390,2024-10-30,Vitamin C Serum,1,20,17.6,True
ORD001943,CUST01390,2024-12-15,Vitamin C Serum,1,20,17.6,False
ORD001944,CUST01391,2024-06-19,Vitamin C Serum,2,0,44.0,True
ORD001945,CUST01391,2024-07-03,Niacinamide Serum,1,0,19.0,False
ORD001946,CUST01391,2024-07-19,Face Mask Set,2,0,40.0,False
ORD001947,CUST01392,2024-03-19,Niacinamide Serum,2,20,30.4,True
ORD001948,CUST01392,2024-04-26,Hydrating Moisturizer,2,0,56.0,False
ORD001949,CUST01393,2024-05-14,Face Mask Set,1,0,20.0,True
ORD001950,CUST01394,2024-11-19,SPF 50 Sunscreen,1,0,24.0,True
ORD001951,CUST01394,2025-03-19,Face Mask Set,2,25,30.0,False
ORD001952,CUST01394,2025-06-29,SPF 50 Sunscreen,1,0,24.0,False
ORD001953,CUST01395,2024-08-19,Hydrating Moisturizer,1,15,23.8,True
ORD001954,CUST01396,2025-04-26,Hydrating Moisturizer,2,0,56.0,True
ORD001955,CUST01397,2024-10-19,Eye Cream,2,0,52.0,True
ORD001956,CUST01398,2024-06-25,SPF 50 Sunscreen,1,25,18.0,True
ORD001957,CUST01399,2024-12-23,Niacinamide Serum,1,0,19.0,True
ORD001958,CUST01399,2025-04-12,SPF 50 Sunscreen,1,25,18.0,False
ORD001959,CUST01399,2025-06-21,Face Mask Set,1,0,20.0,False
ORD001960,CUST01400,2025-02-14,Niacinamide Serum,1,25,14.25,True
ORD001961,CUST01401,2024-05-15,Eye Cream,1,20,20.8,True
ORD001962,CUST01402,2024-05-15,Face Mask Set,1,25,15.0,True
ORD001963,CUST01403,2024-02-25,Niacinamide Serum,3,0,57.0,True
ORD001964,CUST01404,2025-03-01,Gentle Cleanser,3,0,48.0,True
ORD001965,CUST01405,2025-01-13,SPF 50 Sunscreen,2,0,48.0,True
ORD001966,CUST01405,2025-02-15,Gentle Cleanser,1,0,16.0,False
ORD001967,CUST01406,2024-11-08,Gentle Cleanser,1,0,16.0,True
ORD001968,CUST01406,2024-11-22,Vitamin C Serum,3,0,66.0,False
ORD001969,CUST01406,2024-12-06,SPF 50 Sunscreen,3,0,72.0,False
ORD001970,CUST01407,2025-05-09,Vitamin C Serum,1,25,16.5,True
ORD001971,CUST01408,2025-04-14,Gentle Cleanser,1,0,16.0,True
ORD001972,CUST01409,2024-12-09,Gentle Cleanser,1,0,16.0,True
ORD001973,CUST01409,2024-12-23,Face Mask Set,1,20,16.0,False
ORD001974,CUST01410,2025-05-21,Vitamin C Serum,2,15,37.4,True
ORD001975,CUST01413,2024-07-06,Eye Cream,2,0,52.0,True
ORD001976,CUST01413,2024-07-20,Eye Cream,1,0,26.0,False
ORD001977,CUST01413,2024-08-03,Retinol Night Cream,1,0,32.0,False
ORD001978,CUST01414,2024-03-07,Vitamin C Serum,1,0,22.0,True
ORD001979,CUST01415,2024-11-23,Face Mask Set,2,0,40.0,True
ORD001980,CUST01416,2025-06-24,SPF 50 Sunscreen,3,0,72.0,True
ORD001981,CUST01417,2024-02-26,Niacinamide Serum,3,0,57.0,True
ORD001982,CUST01417,2024-06-11,Niacinamide Serum,1,0,19.0,False
ORD001983,CUST01418,2024-04-18,Hydrating Moisturizer,3,0,84.0,True
ORD001984,CUST01418,2024-05-25,Gentle Cleanser,1,15,13.6,False
ORD001985,CUST01418,2024-06-08,Gentle Cleanser,1,0,16.0,False
ORD001986,CUST01420,2025-06-25,Vitamin C Serum,1,25,16.5,True
ORD001987,CUST01421,2024-08-03,Niacinamide Serum,1,15,16.15,True
ORD001988,CUST01422,2024-11-16,Vitamin C Serum,1,25,16.5,True
ORD001989,CUST01423,2024-02-26,Eye Cream,2,15,44.2,True
ORD001990,CUST01424,2024-05-03,Eye Cream,3,20,62.4,True
ORD001991,CUST01424,2024-05-17,SPF 50 Sunscreen,1,15,20.4,False
ORD001992,CUST01425,2025-07-23,Gentle Cleanser,1,20,12.8,True
ORD001993,CUST01426,2025-07-10,Hydrating Moisturizer,1,20,22.4,True
ORD001994,CUST01426,2025-07-26,Eye Cream,1,0,26.0,False
ORD001995,CUST01427,2024-02-05,Vitamin C Serum,1,0,22.0,True
ORD001996,CUST01428,2025-07-03,Vitamin C Serum,1,0,22.0,True
ORD001997,CUST01429,2025-01-01,Hydrating Moisturizer,1,0,28.0,True
ORD001998,CUST01429,2025-01-15,Retinol Night Cream,2,0,64.0,False
ORD001999,CUST01429,2025-04-06,Vitamin C Serum,1,10,19.8,False
ORD002000,CUST01430,2025-05-21,Eye Cream,1,0,26.0,True
ORD002001,CUST01431,2024-11-01,Gentle Cleanser,1,10,14.4,True
ORD002002,CUST01432,2024-11-19,Eye Cream,1,0,26.0,True
ORD002003,CUST01432,2025-01-17,Gentle Cleanser,1,0,16.0,False
ORD002004,CUST01433,2024-11-11,Hydrating Moisturizer,1,0,28.0,True
ORD002005,CUST01434,2025-01-15,Vitamin C Serum,1,10,19.8,True
ORD002006,CUST01435,2024-04-26,Face Mask Set,1,0,20.0,True
ORD002007,CUST01436,2024-02-19,Eye Cream,2,20,41.6,True
ORD002008,CUST01437,2024-07-28,Face Mask Set,1,25,15.0,True
ORD002009,CUST01438,2025-02-11,Niacinamide Serum,3,10,51.3,True
ORD002010,CUST01439,2024-06-04,SPF 50 Sunscreen,1,0,24.0,True
ORD002011,CUST01439,2024-08-12,Vitamin C Serum,1,0,22.0,False
ORD002012,CUST01439,2024-09-12,Vitamin C Serum,2,0,44.0,False
ORD002013,CUST01440,2025-01-22,Gentle Cleanser,1,0,16.0,True
ORD002014,CUST01440,2025-02-05,Eye Cream,1,20,20.8,False
ORD002015,CUST01440,2025-03-12,SPF 50 Sunscreen,3,0,72.0,False
ORD002016,CUST01441,2025-07-15,Hydrating Moisturizer,1,0,28.0,True
ORD002017,CUST01442,2024-03-31,Hydrating Moisturizer,1,0,28.0,True
ORD002018,CUST01443,2025-01-20,Niacinamide Serum,1,0,19.0,True
ORD002019,CUST01443,2025-03-24,Niacinamide Serum,1,0,19.0,False
ORD002020,CUST01444,2024-10-26,Niacinamide Serum,1,0,19.0,True
ORD002021,CUST01446,2024-05-18,Eye Cream,1,15,22.1,True
ORD002022,CUST01447,2025-02-05,Gentle Cleanser,2,0,32.0,True
ORD002023,CUST01447,2025-02-19,SPF 50 Sunscreen,3,10,64.8,False
ORD002024,CUST01448,2025-05-04,Niacinamide Serum,1,0,19.0,True
ORD002025,CUST01448,2025-05-27,Niacinamide Serum,1,0,19.0,False
ORD002026,CUST01448,2025-07-24,Niacinamide Serum,2,15,32.3,False
ORD002027,CUST01449,2025-06-30,Retinol Night Cream,1,0,32.0,True
ORD002028,CUST01452,2024-12-24,Gentle Cleanser,1,0,16.0,True
ORD002029,CUST01453,2025-05-22,Gentle Cleanser,2,15,27.2,True
ORD002030,CUST01455,2024-02-21,Retinol Night Cream,1,0,32.0,True
ORD002031,CUST01456,2025-06-21,Vitamin C Serum,1,20,17.6,True
ORD002032,CUST01458,2025-01-25,Gentle Cleanser,1,0,16.0,True
ORD002033,CUST01459,2024-06-10,Face Mask Set,1,10,18.0,True
ORD002034,CUST01460,2025-01-11,SPF 50 Sunscreen,1,0,24.0,True
ORD002035,CUST01460,2025-05-06,Face Mask Set,1,0,20.0,False
ORD002036,CUST01461,2024-09-23,Gentle Cleanser,1,0,16.0,True
ORD002037,CUST01461,2024-10-14,Retinol Night Cream,3,20,76.8,False
ORD002038,CUST01462,2025-01-07,Face Mask Set,1,25,15.0,True
ORD002039,CUST01463,2024-04-05,SPF 50 Sunscreen,1,0,24.0,True
ORD002040,CUST01464,2025-01-12,Vitamin C Serum,1,0,22.0,True
ORD002041,CUST01464,2025-02-20,SPF 50 Sunscreen,1,15,20.4,False
ORD002042,CUST01464,2025-07-28,Retinol Night Cream,1,0,32.0,False
ORD002043,CUST01465,2025-08-01,Hydrating Moisturizer,1,20,22.4,True
ORD002044,CUST01466,2024-03-04,Eye Cream,1,10,23.4,True
ORD002045,CUST01467,2025-07-17,Eye Cream,1,10,23.4,True
ORD002046,CUST01468,2024-10-02,Hydrating Moisturizer,1,25,21.0,True
ORD002047,CUST01468,2024-10-16,Retinol Night Cream,1,0,32.0,False
ORD002048,CUST01470,2025-03-30,Gentle Cleanser,1,25,12.0,True
ORD002049,CUST01470,2025-04-14,Vitamin C Serum,1,20,17.6,False
ORD002050,CUST01471,2024-12-04,Retinol Night Cream,2,10,57.6,True
ORD002051,CUST01472,2025-03-05,Retinol Night Cream,1,25,24.0,True
ORD002052,CUST01473,2025-05-29,Face Mask Set,1,0,20.0,True
ORD002053,CUST01475,2024-08-13,Hydrating Moisturizer,1,25,21.0,True
ORD002054,CUST01477,2025-04-16,SPF 50 Sunscreen,1,10,21.6,True
ORD002055,CUST01478,2025-03-19,Eye Cream,1,0,26.0,True
ORD002056,CUST01479,2025-04-07,Vitamin C Serum,1,25,16.5,True
ORD002057,CUST01481,2025-04-22,Vitamin C Serum,1,0,22.0,True
ORD002058,CUST01482,2024-04-14,Face Mask Set,2,0,40.0,True
ORD002059,CUST01483,2024-11-28,Hydrating Moisturizer,1,0,28.0,True
ORD002060,CUST01484,2024-02-07,Hydrating Moisturizer,1,0,28.0,True
ORD002061,CUST01484,2024-02-21,Gentle Cleanser,1,0,16.0,False
ORD002062,CUST01485,2024-08-11,Hydrating Moisturizer,3,0,84.0,True
ORD002063,CUST01486,2024-09-07,Hydrating Moisturizer,1,10,25.2,True
ORD002064,CUST01487,2024-09-28,Gentle Cleanser,3,10,43.2,True
ORD002065,CUST01488,2025-02-07,Retinol Night Cream,1,0,32.0,True
ORD002066,CUST01488,2025-03-31,Gentle Cleanser,2,15,27.2,False
ORD002067,CUST01489,2024-09-22,SPF 50 Sunscreen,1,25,18.0,True
ORD002068,CUST01489,2024-10-21,Face Mask Set,1,0,20.0,False
ORD002069,CUST01490,2024-10-29,Hydrating Moisturizer,1,10,25.2,True
ORD002070,CUST01490,2024-11-21,Vitamin C Serum,2,25,33.0,False
ORD002071,CUST01491,2024-06-19,Hydrating Moisturizer,1,10,25.2,True
ORD002072,CUST01491,2024-08-19,Face Mask Set,2,0,40.0,False
ORD002073,CUST01492,2024-09-14,Niacinamide Serum,1,0,19.0,True
ORD002074,CUST01493,2024-06-16,Retinol Night Cream,1,0,32.0,True
ORD002075,CUST01494,2024-03-18,Face Mask Set,1,0,20.0,True
ORD002076,CUST01495,2024-12-17,Face Mask Set,2,0,40.0,True
ORD002077,CUST01495,2025-01-11,Eye Cream,1,0,26.0,False
ORD002078,CUST01497,2024-12-23,Face Mask Set,2,0,40.0,True
ORD002079,CUST01500,2025-05-20,Vitamin C Serum,2,0,44.0,True
ORD002080,CUST01502,2024-11-08,Vitamin C Serum,2,0,44.0,True
ORD002081,CUST01503,2024-02-16,SPF 50 Sunscreen,2,10,43.2,True
ORD002082,CUST01504,2024-08-21,Retinol Night Cream,1,0,32.0,True
ORD002083,CUST01505,2024-09-15,Eye Cream,2,0,52.0,True
ORD002084,CUST01505,2024-11-19,Face Mask Set,1,0,20.0,False
ORD002085,CUST01505,2024-12-09,Vitamin C Serum,1,0,22.0,False
ORD002086,CUST01506,2024-09-29,Gentle Cleanser,1,0,16.0,True
ORD002087,CUST01506,2025-05-03,Retinol Night Cream,1,0,32.0,False
ORD002088,CUST01506,2025-06-09,Niacinamide Serum,1,0,19.0,False
ORD002089,CUST01507,2024-12-08,Hydrating Moisturizer,1,0,28.0,True
ORD002090,CUST01507,2024-12-29,Face Mask Set,1,0,20.0,False
ORD002091,CUST01508,2024-11-25,Retinol Night Cream,1,15,27.2,True
ORD002092,CUST01508,2025-05-01,Hydrating Moisturizer,1,25,21.0,False
ORD002093,CUST01509,2024-12-20,Retinol Night Cream,1,0,32.0,True
ORD002094,CUST01509,2025-03-13,Niacinamide Serum,3,15,48.45,False
ORD002095,CUST01510,2025-03-18,Gentle Cleanser,2,0,32.0,True
ORD002096,CUST01510,2025-05-11,Vitamin C Serum,2,10,39.6,False
ORD002097,CUST01511,2025-04-17,Face Mask Set,1,0,20.0,True
ORD002098,CUST01512,2025-02-18,Eye Cream,1,20,20.8,True
ORD002099,CUST01513,2025-07-03,Gentle Cleanser,1,0,16.0,True
ORD002100,CUST01514,2024-02-12,Eye Cream,3,20,62.4,True
ORD002101,CUST01515,2024-05-31,Eye Cream,3,10,70.2,True
ORD002102,CUST01516,2024-02-05,Vitamin C Serum,3,15,56.1,True
ORD002103,CUST01516,2024-02-19,Hydrating Moisturizer,1,0,28.0,False
ORD002104,CUST01517,2025-01-04,Gentle Cleanser,1,0,16.0,True
ORD002105,CUST01517,2025-02-19,Gentle Cleanser,2,0,32.0,False
ORD002106,CUST01517,2025-04-01,Vitamin C Serum,1,0,22.0,False
ORD002107,CUST01517,2025-04-15,Gentle Cleanser,1,0,16.0,False
ORD002108,CUST01517,2025-06-06,Face Mask Set,2,0,40.0,False
ORD002109,CUST01518,2025-06-07,Gentle Cleanser,3,0,48.0,True
ORD002110,CUST01519,2024-06-25,Gentle Cleanser,1,0,16.0,True
ORD002111,CUST01520,2025-06-20,Gentle Cleanser,1,15,13.6,True
ORD002112,CUST01521,2024-03-10,Face Mask Set,2,15,34.0,True
ORD002113,CUST01521,2024-10-11,Face Mask Set,2,20,32.0,False
ORD002114,CUST01521,2024-11-07,SPF 50 Sunscreen,1,0,24.0,False
ORD002115,CUST01522,2025-06-24,Gentle Cleanser,1,10,14.4,True
ORD002116,CUST01523,2024-08-31,Niacinamide Serum,1,0,19.0,True
ORD002117,CUST01524,2024-04-02,Eye Cream,1,25,19.5,True
ORD002118,CUST01525,2024-11-10,Retinol Night Cream,3,0,96.0,True
ORD002119,CUST01525,2024-11-30,Vitamin C Serum,2,10,39.6,False
ORD002120,CUST01525,2025-01-03,Hydrating Moisturizer,1,0,28.0,False
ORD002121,CUST01526,2024-07-01,Retinol Night Cream,1,0,32.0,True
ORD002122,CUST01526,2024-11-23,Retinol Night Cream,1,0,32.0,False
ORD002123,CUST01528,2024-07-28,Eye Cream,1,0,26.0,True
ORD002124,CUST01530,2024-11-23,Vitamin C Serum,1,10,19.8,True
ORD002125,CUST01531,2024-07-30,Retinol Night Cream,1,0,32.0,True
ORD002126,CUST01532,2024-12-18,Vitamin C Serum,1,0,22.0,True
ORD002127,CUST01533,2025-02-17,SPF 50 Sunscreen,1,0,24.0,True
ORD002128,CUST01533,2025-03-06,Eye Cream,2,0,52.0,False
ORD002129,CUST01534,2024-07-08,SPF 50 Sunscreen,3,25,54.0,True
ORD002130,CUST01535,2024-10-08,Niacinamide Serum,3,0,57.0,True
ORD002131,CUST01535,2024-10-29,Eye Cream,3,0,78.0,False
ORD002132,CUST01535,2024-12-24,Retinol Night Cream,1,20,25.6,False
ORD002133,CUST01536,2024-04-16,Niacinamide Serum,1,0,19.0,True
ORD002134,CUST01537,2024-05-23,Gentle Cleanser,1,0,16.0,True
ORD002135,CUST01538,2025-01-26,Retinol Night Cream,2,20,51.2,True
ORD002136,CUST01538,2025-02-27,Face Mask Set,2,0,40.0,False
ORD002137,CUST01538,2025-03-13,Eye Cream,1,10,23.4,False
ORD002138,CUST01539,2024-05-23,Gentle Cleanser,2,0,32.0,True
ORD002139,CUST01541,2025-02-15,Retinol Night Cream,1,0,32.0,True
ORD002140,CUST01541,2025-04-02,Niacinamide Serum,2,0,38.0,False
ORD002141,CUST01541,2025-04-16,Gentle Cleanser,1,0,16.0,False
ORD002142,CUST01542,2024-04-07,Retinol Night Cream,2,0,64.0,True
ORD002143,CUST01542,2024-04-24,Face Mask Set,1,15,17.0,False
ORD002144,CUST01543,2024-12-02,Gentle Cleanser,2,0,32.0,True
ORD002145,CUST01544,2024-06-30,Eye Cream,1,0,26.0,True
ORD002146,CUST01545,2025-07-09,SPF 50 Sunscreen,1,0,24.0,True
ORD002147,CUST01546,2024-11-10,Retinol Night Cream,2,0,64.0,True
ORD002148,CUST01546,2025-01-05,Face Mask Set,1,10,18.0,False
ORD002149,CUST01547,2025-04-12,Eye Cream,1,0,26.0,True
ORD002150,CUST01548,2024-11-29,Face Mask Set,1,15,17.0,True
ORD002151,CUST01549,2024-02-28,Hydrating Moisturizer,1,0,28.0,True
ORD002152,CUST01549,2024-05-03,Gentle Cleanser,3,0,48.0,False
ORD002153,CUST01549,2024-05-28,Face Mask Set,2,0,40.0,False
ORD002154,CUST01549,2024-11-01,Vitamin C Serum,1,0,22.0,False
ORD002155,CUST01551,2025-07-02,Vitamin C Serum,1,0,22.0,True
ORD002156,CUST01552,2024-12-14,Retinol Night Cream,1,0,32.0,True
ORD002157,CUST01553,2025-04-23,Retinol Night Cream,1,20,25.6,True
ORD002158,CUST01554,2025-06-01,Retinol Night Cream,2,0,64.0,True
ORD002159,CUST01554,2025-07-06,Vitamin C Serum,2,15,37.4,False
ORD002160,CUST01555,2024-06-14,Eye Cream,2,0,52.0,True
ORD002161,CUST01557,2024-12-18,Eye Cream,1,0,26.0,True
ORD002162,CUST01558,2024-10-07,Niacinamide Serum,2,0,38.0,True
ORD002163,CUST01559,2025-05-03,Retinol Night Cream,1,0,32.0,True
ORD002164,CUST01560,2025-06-10,Niacinamide Serum,1,0,19.0,True
ORD002165,CUST01561,2024-09-01,Face Mask Set,2,0,40.0,True
ORD002166,CUST01562,2024-06-19,Retinol Night Cream,1,15,27.2,True
ORD002167,CUST01564,2024-07-10,Face Mask Set,1,0,20.0,True
ORD002168,CUST01564,2024-08-10,Face Mask Set,1,0,20.0,False
ORD002169,CUST01565,2025-04-22,Gentle Cleanser,1,20,12.8,True
ORD002170,CUST01565,2025-06-08,Retinol Night Cream,1,25,24.0,False
ORD002171,CUST01565,2025-07-15,SPF 50 Sunscreen,1,0,24.0,False
ORD002172,CUST01566,2024-10-14,Retinol Night Cream,1,0,32.0,True
ORD002173,CUST01567,2025-01-18,SPF 50 Sunscreen,1,20,19.2,True
ORD002174,CUST01568,2024-04-02,SPF 50 Sunscreen,2,20,38.4,True
ORD002175,CUST01568,2024-04-18,SPF 50 Sunscreen,1,0,24.0,False
ORD002176,CUST01568,2024-05-02,Niacinamide Serum,3,0,57.0,False
ORD002177,CUST01569,2024-12-23,Face Mask Set,1,25,15.0,True
ORD002178,CUST01570,2024-10-28,Eye Cream,1,0,26.0,True
ORD002179,CUST01571,2024-12-10,Gentle Cleanser,1,0,16.0,True
ORD002180,CUST01572,2024-05-14,Hydrating Moisturizer,1,0,28.0,True
ORD002181,CUST01573,2025-03-02,Vitamin C Serum,1,15,18.7,True
ORD002182,CUST01573,2025-04-07,Face Mask Set,1,25,15.0,False
ORD002183,CUST01574,2025-05-20,Gentle Cleanser,1,0,16.0,True
ORD002184,CUST01576,2024-04-02,Face Mask Set,1,0,20.0,True
ORD002185,CUST01577,2024-02-16,Hydrating Moisturizer,1,20,22.4,True
ORD002186,CUST01577,2024-03-01,Niacinamide Serum,1,25,14.25,False
ORD002187,CUST01578,2025-01-02,Niacinamide Serum,1,20,15.2,True
ORD002188,CUST01579,2024-12-16,Vitamin C Serum,1,0,22.0,True
ORD002189,CUST01579,2025-02-22,Hydrating Moisturizer,1,0,28.0,False
ORD002190,CUST01581,2024-06-16,Face Mask Set,3,15,51.0,True
ORD002191,CUST01581,2024-08-24,Face Mask Set,2,0,40.0,False
ORD002192,CUST01581,2024-09-07,Retinol Night Cream,2,0,64.0,False
ORD002193,CUST01582,2024-09-24,Niacinamide Serum,1,0,19.0,True
ORD002194,CUST01583,2024-12-12,Gentle Cleanser,1,25,12.0,True
ORD002195,CUST01584,2024-11-14,Retinol Night Cream,1,0,32.0,True
ORD002196,CUST01584,2024-12-04,Gentle Cleanser,1,20,12.8,False
ORD002197,CUST01585,2025-07-26,Face Mask Set,1,15,17.0,True
ORD002198,CUST01586,2024-04-26,Face Mask Set,1,10,18.0,True
ORD002199,CUST01587,2025-02-07,Retinol Night Cream,1,0,32.0,True
ORD002200,CUST01588,2024-10-01,Vitamin C Serum,3,0,66.0,True
ORD002201,CUST01591,2025-02-05,Eye Cream,1,0,26.0,True
ORD002202,CUST01592,2025-07-28,Retinol Night Cream,1,0,32.0,True
ORD002203,CUST01593,2024-04-19,Niacinamide Serum,1,0,19.0,True
ORD002204,CUST01593,2024-07-22,Eye Cream,1,0,26.0,False
ORD002205,CUST01594,2024-04-04,Gentle Cleanser,2,0,32.0,True
ORD002206,CUST01594,2024-09-16,Gentle Cleanser,1,0,16.0,False
ORD002207,CUST01594,2025-01-01,Eye Cream,1,0,26.0,False
ORD002208,CUST01594,2025-01-15,Vitamin C Serum,1,0,22.0,False
ORD002209,CUST01595,2025-02-22,Niacinamide Serum,1,20,15.2,True
ORD002210,CUST01596,2024-12-09,Hydrating Moisturizer,1,20,22.4,True
ORD002211,CUST01596,2025-03-24,SPF 50 Sunscreen,2,0,48.0,False
ORD002212,CUST01597,2024-07-11,Face Mask Set,1,0,20.0,True
ORD002213,CUST01597,2024-08-18,Retinol Night Cream,1,0,32.0,False
ORD002214,CUST01598,2024-03-22,Gentle Cleanser,1,0,16.0,True
ORD002215,CUST01598,2024-04-29,SPF 50 Sunscreen,3,25,54.0,False
ORD002216,CUST01599,2024-03-25,Hydrating Moisturizer,2,10,50.4,True
ORD002217,CUST01600,2025-06-04,Face Mask Set,2,0,40.0,True
ORD002218,CUST01601,2024-05-27,Hydrating Moisturizer,1,0,28.0,True
ORD002219,CUST01602,2024-08-09,Face Mask Set,2,0,40.0,True
ORD002220,CUST01603,2024-06-17,Niacinamide Serum,2,0,38.0,True
ORD002221,CUST01603,2024-08-30,Eye Cream,1,0,26.0,False
ORD002222,CUST01603,2024-11-22,Vitamin C Serum,1,0,22.0,False
ORD002223,CUST01604,2024-08-30,Niacinamide Serum,2,0,38.0,True
ORD002224,CUST01605,2024-03-14,Niacinamide Serum,3,0,57.0,True
ORD002225,CUST01605,2024-04-05,Vitamin C Serum,1,15,18.7,False
ORD002226,CUST01606,2024-11-18,SPF 50 Sunscreen,1,10,21.6,True
ORD002227,CUST01606,2024-12-09,Niacinamide Serum,1,0,19.0,False
ORD002228,CUST01606,2024-12-23,Retinol Night Cream,1,0,32.0,False
ORD002229,CUST01607,2024-03-14,Hydrating Moisturizer,1,20,22.4,True
ORD002230,CUST01608,2025-04-11,Eye Cream,2,20,41.6,True
ORD002231,CUST01609,2024-06-18,Gentle Cleanser,2,0,32.0,True
ORD002232,CUST01609,2024-07-19,Gentle Cleanser,1,0,16.0,False
ORD002233,CUST01610,2024-11-27,Niacinamide Serum,2,0,38.0,True
ORD002234,CUST01610,2025-02-01,Niacinamide Serum,1,15,16.15,False
ORD002235,CUST01611,2025-05-28,Face Mask Set,1,0,20.0,True
ORD002236,CUST01612,2025-01-05,Eye Cream,1,0,26.0,True
ORD002237,CUST01612,2025-01-19,Eye Cream,1,0,26.0,False
ORD002238,CUST01613,2024-11-24,Gentle Cleanser,1,0,16.0,True
ORD002239,CUST01614,2024-08-09,Gentle Cleanser,2,10,28.8,True
ORD002240,CUST01614,2024-08-30,Face Mask Set,1,0,20.0,False
ORD002241,CUST01614,2024-11-07,Gentle Cleanser,2,0,32.0,False
ORD002242,CUST01615,2024-08-14,Gentle Cleanser,1,25,12.0,True
ORD002243,CUST01616,2025-01-20,Retinol Night Cream,1,15,27.2,True
ORD002244,CUST01617,2025-07-30,Eye Cream,1,0,26.0,True
ORD002245,CUST01618,2025-01-14,SPF 50 Sunscreen,3,0,72.0,True
ORD002246,CUST01619,2024-12-01,SPF 50 Sunscreen,1,0,24.0,True
ORD002247,CUST01619,2025-05-07,Niacinamide Serum,1,0,19.0,False
ORD002248,CUST01620,2025-02-26,Hydrating Moisturizer,1,25,21.0,True
ORD002249,CUST01621,2024-11-06,Vitamin C Serum,1,20,17.6,True
ORD002250,CUST01621,2024-11-27,Vitamin C Serum,1,0,22.0,False
ORD002251,CUST01622,2024-03-09,Vitamin C Serum,1,0,22.0,True
ORD002252,CUST01623,2024-12-03,Hydrating Moisturizer,1,0,28.0,True
ORD002253,CUST01623,2025-05-04,Face Mask Set,1,0,20.0,False
ORD002254,CUST01624,2025-07-05,Gentle Cleanser,1,0,16.0,True
ORD002255,CUST01625,2024-05-19,SPF 50 Sunscreen,1,25,18.0,True
ORD002256,CUST01626,2025-02-03,Retinol Night Cream,1,0,32.0,True
ORD002257,CUST01627,2024-06-04,SPF 50 Sunscreen,1,0,24.0,True
ORD002258,CUST01628,2024-11-24,Eye Cream,1,20,20.8,True
ORD002259,CUST01628,2025-05-22,Niacinamide Serum,1,25,14.25,False
ORD002260,CUST01629,2024-03-31,Niacinamide Serum,1,20,15.2,True
ORD002261,CUST01630,2024-10-31,Hydrating Moisturizer,2,0,56.0,True
ORD002262,CUST01630,2025-04-14,Hydrating Moisturizer,3,0,84.0,False
ORD002263,CUST01631,2025-03-16,SPF 50 Sunscreen,1,10,21.6,True
ORD002264,CUST01631,2025-04-25,Vitamin C Serum,3,10,59.4,False
ORD002265,CUST01632,2024-08-27,Face Mask Set,1,20,16.0,True
ORD002266,CUST01633,2025-01-16,Hydrating Moisturizer,1,15,23.8,True
ORD002267,CUST01634,2025-04-07,Face Mask Set,1,15,17.0,True
ORD002268,CUST01635,2025-06-19,Eye Cream,1,0,26.0,True
ORD002269,CUST01636,2024-06-18,Gentle Cleanser,1,10,14.4,True
ORD002270,CUST01637,2024-09-27,Hydrating Moisturizer,1,0,28.0,True
ORD002271,CUST01637,2024-10-25,Face Mask Set,1,0,20.0,False
ORD002272,CUST01638,2024-05-06,Niacinamide Serum,2,0,38.0,True
ORD002273,CUST01640,2025-06-22,SPF 50 Sunscreen,1,0,24.0,True
ORD002274,CUST01641,2024-11-25,Eye Cream,1,0,26.0,True
ORD002275,CUST01642,2025-05-07,Gentle Cleanser,3,0,48.0,True
ORD002276,CUST01643,2024-11-18,Retinol Night Cream,1,0,32.0,True
ORD002277,CUST01644,2024-12-24,Niacinamide Serum,3,0,57.0,True
ORD002278,CUST01645,2024-03-26,Vitamin C Serum,3,0,66.0,True
ORD002279,CUST01646,2025-03-13,Gentle Cleanser,1,20,12.8,True
ORD002280,CUST01646,2025-03-27,Retinol Night Cream,2,0,64.0,False
ORD002281,CUST01646,2025-05-03,Eye Cream,1,25,19.5,False
ORD002282,CUST01646,2025-05-17,Gentle Cleanser,1,0,16.0,False
ORD002283,CUST01647,2024-04-21,Gentle Cleanser,1,0,16.0,True
ORD002284,CUST01647,2024-06-11,Face Mask Set,2,0,40.0,False
ORD002285,CUST01648,2025-04-27,Gentle Cleanser,2,0,32.0,True
ORD002286,CUST01649,2025-03-31,Eye Cream,1,0,26.0,True
ORD002287,CUST01649,2025-04-25,Niacinamide Serum,1,20,15.2,False
ORD002288,CUST01650,2025-02-15,Vitamin C Serum,1,0,22.0,True
ORD002289,CUST01651,2024-02-26,Face Mask Set,1,0,20.0,True
ORD002290,CUST01652,2024-07-27,Face Mask Set,2,0,40.0,True
ORD002291,CUST01652,2024-11-10,Gentle Cleanser,1,0,16.0,False
ORD002292,CUST01652,2024-11-24,Niacinamide Serum,1,0,19.0,False
ORD002293,CUST01652,2024-12-08,Niacinamide Serum,1,10,17.1,False
ORD002294,CUST01652,2024-12-25,Face Mask Set,1,0,20.0,False
ORD002295,CUST01653,2024-07-02,Gentle Cleanser,1,20,12.8,True
ORD002296,CUST01654,2024-09-04,Eye Cream,2,0,52.0,True
ORD002297,CUST01656,2025-06-25,SPF 50 Sunscreen,1,25,18.0,True
ORD002298,CUST01657,2024-11-30,Gentle Cleanser,3,20,38.4,True
ORD002299,CUST01658,2024-07-28,Gentle Cleanser,1,0,16.0,True
ORD002300,CUST01659,2024-09-28,Gentle Cleanser,3,0,48.0,True
ORD002301,CUST01659,2024-10-12,Niacinamide Serum,1,0,19.0,False
ORD002302,CUST01660,2024-10-26,Gentle Cleanser,2,0,32.0,True
ORD002303,CUST01660,2025-01-04,Niacinamide Serum,1,0,19.0,False
ORD002304,CUST01661,2024-12-16,Niacinamide Serum,1,20,15.2,True
ORD002305,CUST01663,2025-06-18,Vitamin C Serum,2,0,44.0,True
ORD002306,CUST01665,2025-07-27,Hydrating Moisturizer,1,10,25.2,True
ORD002307,CUST01666,2025-05-10,Gentle Cleanser,1,0,16.0,True
ORD002308,CUST01667,2024-06-07,Gentle Cleanser,1,20,12.8,True
ORD002309,CUST01667,2024-11-30,Gentle Cleanser,1,15,13.6,False
ORD002310,CUST01667,2025-01-31,Niacinamide Serum,1,10,17.1,False
ORD002311,CUST01669,2024-04-13,Gentle Cleanser,1,10,14.4,True
ORD002312,CUST01671,2024-09-18,Niacinamide Serum,1,10,17.1,True
ORD002313,CUST01671,2024-10-02,Face Mask Set,1,0,20.0,False
ORD002314,CUST01671,2024-11-09,SPF 50 Sunscreen,1,0,24.0,False
ORD002315,CUST01671,2025-01-11,Retinol Night Cream,2,0,64.0,False
ORD002316,CUST01671,2025-04-07,Retinol Night Cream,1,0,32.0,False
ORD002317,CUST01672,2025-05-29,SPF 50 Sunscreen,2,10,43.2,True
ORD002318,CUST01673,2025-05-22,Gentle Cleanser,1,0,16.0,True
ORD002319,CUST01674,2025-04-12,Retinol Night Cream,2,0,64.0,True
ORD002320,CUST01675,2025-04-06,Niacinamide Serum,2,10,34.2,True
ORD002321,CUST01676,2024-07-29,Face Mask Set,1,10,18.0,True
ORD002322,CUST01676,2024-08-19,Hydrating Moisturizer,2,0,56.0,False
ORD002323,CUST01678,2024-09-29,Retinol Night Cream,1,15,27.2,True
ORD002324,CUST01678,2024-10-13,Hydrating Moisturizer,1,20,22.4,False
ORD002325,CUST01678,2024-10-27,Gentle Cleanser,1,15,13.6,False
ORD002326,CUST01679,2024-05-17,SPF 50 Sunscreen,1,25,18.0,True
ORD002327,CUST01679,2024-06-03,Face Mask Set,1,0,20.0,False
ORD002328,CUST01680,2025-02-06,Retinol Night Cream,1,10,28.8,True
ORD002329,CUST01681,2024-08-27,SPF 50 Sunscreen,1,25,18.0,True
ORD002330,CUST01681,2024-12-26,Hydrating Moisturizer,3,20,67.2,False
ORD002331,CUST01682,2025-07-16,Retinol Night Cream,2,0,64.0,True
ORD002332,CUST01683,2025-01-01,Retinol Night Cream,1,15,27.2,True
ORD002333,CUST01684,2025-04-24,Niacinamide Serum,1,0,19.0,True
ORD002334,CUST01685,2024-04-23,Gentle Cleanser,1,0,16.0,True
ORD002335,CUST01686,2025-05-16,SPF 50 Sunscreen,3,0,72.0,True
ORD002336,CUST01687,2025-06-19,Face Mask Set,2,15,34.0,True
ORD002337,CUST01688,2024-11-10,Eye Cream,3,0,78.0,True
ORD002338,CUST01689,2024-12-17,Eye Cream,1,0,26.0,True
ORD002339,CUST01690,2025-03-18,Retinol Night Cream,1,10,28.8,True
ORD002340,CUST01690,2025-05-21,SPF 50 Sunscreen,1,0,24.0,False
ORD002341,CUST01690,2025-06-12,Gentle Cleanser,1,0,16.0,False
ORD002342,CUST01691,2024-05-18,Eye Cream,2,0,52.0,True
ORD002343,CUST01692,2024-11-15,Gentle Cleanser,1,0,16.0,True
ORD002344,CUST01693,2024-09-28,Gentle Cleanser,2,0,32.0,True
ORD002345,CUST01693,2024-11-03,Gentle Cleanser,1,10,14.4,False
ORD002346,CUST01693,2024-12-05,Retinol Night Cream,1,15,27.2,False
ORD002347,CUST01694,2024-05-03,SPF 50 Sunscreen,1,0,24.0,True
ORD002348,CUST01694,2024-06-27,Niacinamide Serum,2,10,34.2,False
ORD002349,CUST01694,2024-07-12,SPF 50 Sunscreen,1,0,24.0,False
ORD002350,CUST01695,2024-09-08,Face Mask Set,1,0,20.0,True
ORD002351,CUST01695,2024-09-29,Face Mask Set,1,0,20.0,False
ORD002352,CUST01696,2024-03-13,Retinol Night Cream,2,0,64.0,True
ORD002353,CUST01697,2024-02-19,Niacinamide Serum,3,0,57.0,True
ORD002354,CUST01698,2024-04-24,SPF 50 Sunscreen,1,25,18.0,True
ORD002355,CUST01699,2025-07-11,Retinol Night Cream,2,0,64.0,True
ORD002356,CUST01700,2024-11-28,Face Mask Set,1,15,17.0,True
ORD002357,CUST01700,2025-01-30,Vitamin C Serum,1,0,22.0,False
ORD002358,CUST01701,2025-07-11,Hydrating Moisturizer,1,0,28.0,True
ORD002359,CUST01702,2024-10-19,SPF 50 Sunscreen,1,20,19.2,True
ORD002360,CUST01702,2024-11-06,Hydrating Moisturizer,1,25,21.0,False
ORD002361,CUST01702,2024-11-20,Retinol Night Cream,1,15,27.2,False
ORD002362,CUST01703,2024-07-30,SPF 50 Sunscreen,1,0,24.0,True
ORD002363,CUST01704,2024-11-16,Hydrating Moisturizer,1,15,23.8,True
ORD002364,CUST01705,2024-10-21,Gentle Cleanser,1,25,12.0,True
ORD002365,CUST01705,2024-12-29,Eye Cream,1,0,26.0,False
ORD002366,CUST01705,2025-01-20,Niacinamide Serum,1,0,19.0,False
ORD002367,CUST01706,2024-04-08,Niacinamide Serum,2,0,38.0,True
ORD002368,CUST01706,2024-04-22,Face Mask Set,1,0,20.0,False
ORD002369,CUST01706,2024-05-21,Niacinamide Serum,3,0,57.0,False
ORD002370,CUST01707,2024-12-30,Eye Cream,3,15,66.3,True
ORD002371,CUST01708,2024-06-12,Face Mask Set,3,15,51.0,True
ORD002372,CUST01708,2024-09-14,Hydrating Moisturizer,1,0,28.0,False
ORD002373,CUST01708,2024-10-12,Face Mask Set,1,25,15.0,False
ORD002374,CUST01708,2024-10-26,Eye Cream,1,15,22.1,False
ORD002375,CUST01708,2024-12-04,Eye Cream,1,0,26.0,False
ORD002376,CUST01709,2024-12-22,Face Mask Set,3,25,45.0,True
ORD002377,CUST01709,2025-06-03,Hydrating Moisturizer,3,0,84.0,False
ORD002378,CUST01710,2025-01-04,Niacinamide Serum,1,25,14.25,True
ORD002379,CUST01711,2024-05-03,Niacinamide Serum,3,0,57.0,True
ORD002380,CUST01712,2024-03-11,Face Mask Set,1,0,20.0,True
ORD002381,CUST01713,2025-03-29,Hydrating Moisturizer,2,0,56.0,True
ORD002382,CUST01713,2025-05-06,Niacinamide Serum,1,0,19.0,False
ORD002383,CUST01713,2025-07-20,Niacinamide Serum,1,15,16.15,False
ORD002384,CUST01715,2024-03-07,SPF 50 Sunscreen,1,0,24.0,True
ORD002385,CUST01715,2024-03-21,Retinol Night Cream,1,0,32.0,False
ORD002386,CUST01716,2025-07-27,Eye Cream,2,20,41.6,True
ORD002387,CUST01717,2024-03-07,Niacinamide Serum,2,0,38.0,True
ORD002388,CUST01717,2024-05-13,Eye Cream,1,0,26.0,False
ORD002389,CUST01718,2025-02-05,Gentle Cleanser,1,0,16.0,True
ORD002390,CUST01719,2025-07-21,Retinol Night Cream,2,0,64.0,True
ORD002391,CUST01720,2024-06-23,Face Mask Set,3,0,60.0,True
ORD002392,CUST01720,2024-08-19,Vitamin C Serum,2,15,37.4,False
ORD002393,CUST01720,2024-10-29,Hydrating Moisturizer,1,15,23.8,False
ORD002394,CUST01721,2024-04-27,SPF 50 Sunscreen,1,0,24.0,True
ORD002395,CUST01722,2024-04-17,Retinol Night Cream,1,20,25.6,True
ORD002396,CUST01723,2024-07-25,SPF 50 Sunscreen,3,0,72.0,True
ORD002397,CUST01724,2024-04-02,Eye Cream,1,25,19.5,True
ORD002398,CUST01725,2025-02-03,Retinol Night Cream,1,15,27.2,True
ORD002399,CUST01725,2025-04-21,SPF 50 Sunscreen,1,10,21.6,False
ORD002400,CUST01726,2024-03-10,Face Mask Set,1,0,20.0,True
ORD002401,CUST01726,2024-05-14,Retinol Night Cream,1,0,32.0,False
ORD002402,CUST01726,2024-08-01,Retinol Night Cream,1,0,32.0,False
ORD002403,CUST01727,2024-11-17,Vitamin C Serum,1,0,22.0,True
ORD002404,CUST01727,2024-12-01,Gentle Cleanser,1,15,13.6,False
ORD002405,CUST01727,2025-01-25,Gentle Cleanser,1,15,13.6,False
ORD002406,CUST01728,2025-07-30,Hydrating Moisturizer,1,0,28.0,True
ORD002407,CUST01729,2025-04-19,Vitamin C Serum,1,25,16.5,True
ORD002408,CUST01729,2025-06-19,Face Mask Set,3,25,45.0,False
ORD002409,CUST01730,2024-12-23,Niacinamide Serum,3,0,57.0,True
ORD002410,CUST01730,2025-01-06,Face Mask Set,1,0,20.0,False
ORD002411,CUST01731,2024-07-27,Hydrating Moisturizer,1,15,23.8,True
ORD002412,CUST01732,2024-12-26,Gentle Cleanser,1,0,16.0,True
ORD002413,CUST01733,2024-11-23,Hydrating Moisturizer,1,0,28.0,True
ORD002414,CUST01734,2024-10-13,Hydrating Moisturizer,1,0,28.0,True
ORD002415,CUST01735,2024-04-22,Retinol Night Cream,3,0,96.0,True
ORD002416,CUST01735,2024-05-06,Eye Cream,1,15,22.1,False
ORD002417,CUST01735,2024-07-30,Face Mask Set,1,0,20.0,False
ORD002418,CUST01735,2024-11-06,Retinol Night Cream,1,0,32.0,False
ORD002419,CUST01736,2025-06-03,Gentle Cleanser,1,0,16.0,True
ORD002420,CUST01737,2024-10-29,Vitamin C Serum,1,10,19.8,True
ORD002421,CUST01738,2024-05-29,Eye Cream,2,10,46.8,True
ORD002422,CUST01739,2024-09-08,Vitamin C Serum,1,0,22.0,True
ORD002423,CUST01740,2024-10-06,Hydrating Moisturizer,1,15,23.8,True
ORD002424,CUST01742,2025-03-02,Retinol Night Cream,1,10,28.8,True
ORD002425,CUST01742,2025-03-20,Gentle Cleanser,1,25,12.0,False
ORD002426,CUST01743,2025-03-24,Niacinamide Serum,2,25,28.5,True
ORD002427,CUST01744,2024-02-08,Retinol Night Cream,3,0,96.0,True
ORD002428,CUST01744,2024-05-04,Hydrating Moisturizer,2,0,56.0,False
ORD002429,CUST01746,2024-11-09,Eye Cream,1,0,26.0,True
ORD002430,CUST01747,2024-02-13,Eye Cream,2,0,52.0,True
ORD002431,CUST01747,2024-02-27,Niacinamide Serum,2,0,38.0,False
ORD002432,CUST01748,2024-07-01,Gentle Cleanser,1,0,16.0,True
ORD002433,CUST01748,2024-09-04,Niacinamide Serum,1,0,19.0,False
ORD002434,CUST01748,2024-10-02,Eye Cream,1,25,19.5,False
ORD002435,CUST01749,2025-03-17,SPF 50 Sunscreen,1,0,24.0,True
ORD002436,CUST01749,2025-03-31,Retinol Night Cream,1,25,24.0,False
ORD002437,CUST01750,2024-04-26,Retinol Night Cream,1,0,32.0,True
ORD002438,CUST01751,2024-11-22,Retinol Night Cream,1,0,32.0,True
ORD002439,CUST01752,2024-06-08,Vitamin C Serum,3,10,59.4,True
ORD002440,CUST01753,2024-02-11,Gentle Cleanser,1,10,14.4,True
ORD002441,CUST01754,2024-06-21,Retinol Night Cream,1,0,32.0,True
ORD002442,CUST01755,2025-07-18,Retinol Night Cream,1,0,32.0,True
ORD002443,CUST01756,2025-04-12,Gentle Cleanser,3,0,48.0,True
ORD002444,CUST01757,2025-07-09,SPF 50 Sunscreen,1,0,24.0,True
ORD002445,CUST01758,2024-11-12,Gentle Cleanser,1,0,16.0,True
ORD002446,CUST01759,2024-04-07,Face Mask Set,2,20,32.0,True
ORD002447,CUST01761,2024-10-31,Face Mask Set,1,0,20.0,True
ORD002448,CUST01762,2025-05-08,Face Mask Set,1,20,16.0,True
ORD002449,CUST01763,2024-03-31,Gentle Cleanser,1,0,16.0,True
ORD002450,CUST01763,2024-04-14,Niacinamide Serum,1,0,19.0,False
ORD002451,CUST01764,2024-11-10,Niacinamide Serum,1,0,19.0,True
ORD002452,CUST01764,2024-11-29,Hydrating Moisturizer,1,0,28.0,False
ORD002453,CUST01764,2025-01-13,Retinol Night Cream,1,0,32.0,False
ORD002454,CUST01764,2025-02-01,Eye Cream,1,0,26.0,False
ORD002455,CUST01764,2025-02-15,Vitamin C Serum,1,0,22.0,False
ORD002456,CUST01765,2024-05-02,SPF 50 Sunscreen,1,10,21.6,True
ORD002457,CUST01766,2024-08-11,Niacinamide Serum,2,0,38.0,True
ORD002458,CUST01767,2025-03-01,SPF 50 Sunscreen,1,0,24.0,True
ORD002459,CUST01767,2025-05-17,Eye Cream,1,25,19.5,False
ORD002460,CUST01767,2025-05-31,Hydrating Moisturizer,3,0,84.0,False
ORD002461,CUST01767,2025-07-04,SPF 50 Sunscreen,1,25,18.0,False
ORD002462,CUST01767,2025-07-18,SPF 50 Sunscreen,1,0,24.0,False
ORD002463,CUST01768,2024-11-09,Niacinamide Serum,3,20,45.6,True
ORD002464,CUST01769,2024-09-12,Niacinamide Serum,1,0,19.0,True
ORD002465,CUST01770,2024-09-26,Face Mask Set,1,0,20.0,True
ORD002466,CUST01770,2025-02-14,Retinol Night Cream,1,20,25.6,False
ORD002467,CUST01772,2025-04-02,Vitamin C Serum,2,0,44.0,True
ORD002468,CUST01772,2025-04-30,Gentle Cleanser,2,0,32.0,False
ORD002469,CUST01773,2025-06-06,SPF 50 Sunscreen,1,0,24.0,True
ORD002470,CUST01774,2025-07-04,Face Mask Set,1,0,20.0,True
ORD002471,CUST01775,2025-04-01,Hydrating Moisturizer,1,15,23.8,True
ORD002472,CUST01776,2024-08-02,Hydrating Moisturizer,1,10,25.2,True
ORD002473,CUST01777,2025-02-01,Vitamin C Serum,1,20,17.6,True
ORD002474,CUST01777,2025-05-07,Retinol Night Cream,2,0,64.0,False
ORD002475,CUST01778,2024-10-21,Niacinamide Serum,1,0,19.0,True
ORD002476,CUST01779,2024-06-30,Gentle Cleanser,2,0,32.0,True
ORD002477,CUST01780,2025-05-06,Hydrating Moisturizer,1,20,22.4,True
ORD002478,CUST01780,2025-05-25,Face Mask Set,3,15,51.0,False
ORD002479,CUST01781,2024-02-24,Niacinamide Serum,1,0,19.0,True
ORD002480,CUST01782,2025-06-09,Gentle Cleanser,1,25,12.0,True
ORD002481,CUST01783,2024-11-04,SPF 50 Sunscreen,1,20,19.2,True
ORD002482,CUST01783,2024-11-18,Face Mask Set,2,0,40.0,False
ORD002483,CUST01784,2024-12-28,Niacinamide Serum,1,20,15.2,True
ORD002484,CUST01784,2025-03-07,Vitamin C Serum,1,10,19.8,False
ORD002485,CUST01784,2025-03-28,Vitamin C Serum,1,20,17.6,False
ORD002486,CUST01784,2025-04-18,Gentle Cleanser,2,15,27.2,False
ORD002487,CUST01784,2025-05-20,SPF 50 Sunscreen,3,0,72.0,False
ORD002488,CUST01784,2025-07-13,Hydrating Moisturizer,2,0,56.0,False
ORD002489,CUST01785,2025-01-11,SPF 50 Sunscreen,1,15,20.4,True
ORD002490,CUST01786,2025-06-06,Niacinamide Serum,3,20,45.6,True
ORD002491,CUST01787,2024-12-28,Eye Cream,2,15,44.2,True
ORD002492,CUST01788,2024-12-19,Vitamin C Serum,1,25,16.5,True
ORD002493,CUST01789,2024-03-15,Hydrating Moisturizer,1,0,28.0,True
ORD002494,CUST01789,2024-05-13,Hydrating Moisturizer,2,0,56.0,False
ORD002495,CUST01792,2025-03-04,Vitamin C Serum,1,0,22.0,True
ORD002496,CUST01793,2024-11-17,Face Mask Set,1,0,20.0,True
ORD002497,CUST01793,2025-02-17,Face Mask Set,1,0,20.0,False
ORD002498,CUST01794,2025-01-25,Niacinamide Serum,2,0,38.0,True
ORD002499,CUST01795,2024-02-28,Vitamin C Serum,1,0,22.0,True
ORD002500,CUST01796,2024-03-25,Niacinamide Serum,1,0,19.0,True
ORD002501,CUST01796,2024-04-28,Face Mask Set,1,0,20.0,False
ORD002502,CUST01797,2025-02-19,Eye Cream,3,0,78.0,True
ORD002503,CUST01797,2025-03-05,Vitamin C Serum,1,0,22.0,False
ORD002504,CUST01798,2024-03-18,Hydrating Moisturizer,1,0,28.0,True
ORD002505,CUST01800,2024-02-08,Face Mask Set,1,0,20.0,True
ORD002506,CUST01801,2025-07-05,Gentle Cleanser,2,0,32.0,True
ORD002507,CUST01802,2025-03-02,Eye Cream,1,0,26.0,True
ORD002508,CUST01804,2024-07-23,Face Mask Set,3,0,60.0,True
ORD002509,CUST01805,2024-08-26,Face Mask Set,1,0,20.0,True
ORD002510,CUST01806,2025-03-26,Gentle Cleanser,3,0,48.0,True
ORD002511,CUST01806,2025-05-17,Gentle Cleanser,3,0,48.0,False
ORD002512,CUST01807,2025-01-13,Niacinamide Serum,1,0,19.0,True
ORD002513,CUST01807,2025-03-07,Face Mask Set,2,0,40.0,False
ORD002514,CUST01808,2024-05-24,Hydrating Moisturizer,1,0,28.0,True
ORD002515,CUST01808,2024-06-07,Hydrating Moisturizer,1,10,25.2,False
ORD002516,CUST01809,2024-05-20,Eye Cream,1,0,26.0,True
ORD002517,CUST01809,2024-06-03,Vitamin C Serum,3,20,52.8,False
ORD002518,CUST01809,2024-07-30,Vitamin C Serum,1,0,22.0,False
ORD002519,CUST01809,2024-09-02,Retinol Night Cream,2,0,64.0,False
ORD002520,CUST01810,2024-04-01,Face Mask Set,1,0,20.0,True
ORD002521,CUST01810,2024-09-19,Vitamin C Serum,1,0,22.0,False
ORD002522,CUST01811,2025-01-11,Eye Cream,1,0,26.0,True
ORD002523,CUST01812,2025-03-18,Vitamin C Serum,2,0,44.0,True
ORD002524,CUST01813,2024-07-02,Hydrating Moisturizer,1,0,28.0,True
ORD002525,CUST01814,2024-02-16,Gentle Cleanser,1,0,16.0,True
ORD002526,CUST01815,2024-03-24,Retinol Night Cream,1,0,32.0,True
ORD002527,CUST01816,2025-07-11,Face Mask Set,1,0,20.0,True
ORD002528,CUST01817,2024-07-24,Face Mask Set,2,0,40.0,True
ORD002529,CUST01818,2025-03-22,Hydrating Moisturizer,1,0,28.0,True
ORD002530,CUST01819,2024-12-24,Hydrating Moisturizer,1,10,25.2,True
ORD002531,CUST01820,2024-09-18,Hydrating Moisturizer,1,0,28.0,True
ORD002532,CUST01821,2024-06-07,Retinol Night Cream,1,0,32.0,True
ORD002533,CUST01822,2024-04-15,SPF 50 Sunscreen,1,0,24.0,True
ORD002534,CUST01822,2024-06-19,Hydrating Moisturizer,2,0,56.0,False
ORD002535,CUST01822,2024-08-11,SPF 50 Sunscreen,2,0,48.0,False
ORD002536,CUST01823,2024-12-21,Niacinamide Serum,2,20,30.4,True
ORD002537,CUST01825,2025-01-01,Retinol Night Cream,3,0,96.0,True
ORD002538,CUST01826,2024-11-23,Eye Cream,1,0,26.0,True
ORD002539,CUST01826,2024-12-14,Retinol Night Cream,2,15,54.4,False
ORD002540,CUST01826,2025-02-03,Retinol Night Cream,1,0,32.0,False
ORD002541,CUST01827,2024-02-26,Face Mask Set,2,25,30.0,True
ORD002542,CUST01828,2025-07-13,Face Mask Set,3,0,60.0,True
ORD002543,CUST01829,2025-04-09,Hydrating Moisturizer,1,0,28.0,True
ORD002544,CUST01829,2025-04-23,Face Mask Set,1,25,15.0,False
ORD002545,CUST01830,2024-07-22,Eye Cream,1,0,26.0,True
ORD002546,CUST01831,2025-07-18,Hydrating Moisturizer,1,0,28.0,True
ORD002547,CUST01832,2024-12-16,SPF 50 Sunscreen,1,25,18.0,True
ORD002548,CUST01832,2025-03-28,Vitamin C Serum,1,25,16.5,False
ORD002549,CUST01833,2024-12-07,SPF 50 Sunscreen,2,0,48.0,True
ORD002550,CUST01833,2025-02-26,Eye Cream,1,0,26.0,False
ORD002551,CUST01833,2025-03-12,Retinol Night Cream,2,0,64.0,False
ORD002552,CUST01834,2025-03-08,Face Mask Set,3,20,48.0,True
ORD002553,CUST01834,2025-03-31,Vitamin C Serum,2,20,35.2,False
ORD002554,CUST01834,2025-05-04,Retinol Night Cream,1,20,25.6,False
ORD002555,CUST01835,2025-04-18,SPF 50 Sunscreen,1,0,24.0,True
ORD002556,CUST01835,2025-05-02,Retinol Night Cream,3,20,76.8,False
ORD002557,CUST01836,2025-01-10,Face Mask Set,1,0,20.0,True
ORD002558,CUST01837,2024-04-22,Retinol Night Cream,3,20,76.8,True
ORD002559,CUST01837,2024-05-06,Vitamin C Serum,3,0,66.0,False
ORD002560,CUST01839,2025-06-23,Niacinamide Serum,1,0,19.0,True
ORD002561,CUST01840,2024-06-14,Gentle Cleanser,2,0,32.0,True
ORD002562,CUST01841,2024-09-12,Niacinamide Serum,2,0,38.0,True
ORD002563,CUST01842,2024-10-19,Eye Cream,2,15,44.2,True
ORD002564,CUST01842,2024-11-02,Face Mask Set,1,0,20.0,False
ORD002565,CUST01843,2024-10-22,Retinol Night Cream,1,10,28.8,True
ORD002566,CUST01845,2025-06-30,Hydrating Moisturizer,1,25,21.0,True
ORD002567,CUST01846,2024-06-23,Retinol Night Cream,1,25,24.0,True
ORD002568,CUST01848,2024-05-31,Eye Cream,1,0,26.0,True
ORD002569,CUST01849,2025-06-01,Face Mask Set,2,15,34.0,True
ORD002570,CUST01850,2024-12-31,Niacinamide Serum,1,0,19.0,True
ORD002571,CUST01850,2025-02-06,Vitamin C Serum,1,15,18.7,False
ORD002572,CUST01850,2025-05-12,Retinol Night Cream,2,0,64.0,False
ORD002573,CUST01850,2025-06-09,Niacinamide Serum,1,0,19.0,False
ORD002574,CUST01850,2025-06-23,Retinol Night Cream,1,0,32.0,False
ORD002575,CUST01850,2025-07-07,Eye Cream,1,0,26.0,False
ORD002576,CUST01851,2024-07-17,Hydrating Moisturizer,1,25,21.0,True
ORD002577,CUST01852,2025-04-20,Hydrating Moisturizer,1,0,28.0,True
ORD002578,CUST01853,2025-05-18,Retinol Night Cream,1,10,28.8,True
ORD002579,CUST01854,2025-05-10,Hydrating Moisturizer,1,0,28.0,True
ORD002580,CUST01855,2025-06-16,Hydrating Moisturizer,2,15,47.6,True
ORD002581,CUST01856,2024-06-26,Eye Cream,3,0,78.0,True
ORD002582,CUST01857,2025-03-14,Retinol Night Cream,2,0,64.0,True
ORD002583,CUST01857,2025-04-26,SPF 50 Sunscreen,2,0,48.0,False
ORD002584,CUST01858,2024-11-04,Retinol Night Cream,1,25,24.0,True
ORD002585,CUST01859,2025-05-06,SPF 50 Sunscreen,1,0,24.0,True
ORD002586,CUST01860,2025-02-27,Niacinamide Serum,2,25,28.5,True
ORD002587,CUST01861,2025-03-25,Gentle Cleanser,1,0,16.0,True
ORD002588,CUST01862,2025-01-08,Niacinamide Serum,1,0,19.0,True
ORD002589,CUST01863,2024-05-20,Niacinamide Serum,1,0,19.0,True
ORD002590,CUST01864,2024-11-28,SPF 50 Sunscreen,2,0,48.0,True
ORD002591,CUST01865,2025-07-23,Hydrating Moisturizer,2,0,56.0,True
ORD002592,CUST01867,2024-03-01,Hydrating Moisturizer,1,25,21.0,True
ORD002593,CUST01867,2024-04-07,Niacinamide Serum,1,0,19.0,False
ORD002594,CUST01867,2024-04-30,Eye Cream,1,0,26.0,False
ORD002595,CUST01867,2024-05-15,Retinol Night Cream,1,0,32.0,False
ORD002596,CUST01868,2024-05-11,Vitamin C Serum,1,10,19.8,True
ORD002597,CUST01868,2024-05-25,Niacinamide Serum,1,0,19.0,False
ORD002598,CUST01868,2024-07-22,SPF 50 Sunscreen,2,0,48.0,False
ORD002599,CUST01868,2024-10-11,Vitamin C Serum,3,20,52.8,False
ORD002600,CUST01869,2024-04-21,Gentle Cleanser,1,0,16.0,True
ORD002601,CUST01869,2024-07-03,Gentle Cleanser,1,10,14.4,False
ORD002602,CUST01869,2024-09-07,Vitamin C Serum,2,0,44.0,False
ORD002603,CUST01870,2025-02-25,Hydrating Moisturizer,2,0,56.0,True
ORD002604,CUST01870,2025-03-11,Vitamin C Serum,2,0,44.0,False
ORD002605,CUST01872,2024-06-09,Hydrating Moisturizer,3,0,84.0,True
ORD002606,CUST01873,2024-11-14,SPF 50 Sunscreen,1,0,24.0,True
ORD002607,CUST01874,2025-05-06,SPF 50 Sunscreen,1,0,24.0,True
ORD002608,CUST01874,2025-07-15,Vitamin C Serum,1,0,22.0,False
ORD002609,CUST01875,2025-03-01,Eye Cream,1,0,26.0,True
ORD002610,CUST01877,2024-12-11,Niacinamide Serum,3,0,57.0,True
ORD002611,CUST01878,2024-11-15,SPF 50 Sunscreen,1,25,18.0,True
ORD002612,CUST01880,2024-12-02,Retinol Night Cream,1,0,32.0,True
ORD002613,CUST01881,2025-02-02,Hydrating Moisturizer,1,0,28.0,True
ORD002614,CUST01882,2025-05-23,Gentle Cleanser,1,0,16.0,True
ORD002615,CUST01883,2024-12-28,Gentle Cleanser,1,0,16.0,True
ORD002616,CUST01885,2024-05-11,Face Mask Set,1,0,20.0,True
ORD002617,CUST01885,2024-05-25,Retinol Night Cream,2,0,64.0,False
ORD002618,CUST01886,2024-11-05,Eye Cream,1,0,26.0,True
ORD002619,CUST01887,2024-02-08,Gentle Cleanser,1,20,12.8,True
ORD002620,CUST01888,2024-06-25,Retinol Night Cream,2,0,64.0,True
ORD002621,CUST01888,2024-07-09,Eye Cream,2,0,52.0,False
ORD002622,CUST01888,2024-12-07,Face Mask Set,1,0,20.0,False
ORD002623,CUST01888,2024-12-21,Hydrating Moisturizer,2,25,42.0,False
ORD002624,CUST01889,2025-02-23,Hydrating Moisturizer,1,0,28.0,True
ORD002625,CUST01889,2025-03-31,Vitamin C Serum,3,0,66.0,False
ORD002626,CUST01890,2025-07-28,Gentle Cleanser,3,15,40.8,True
ORD002627,CUST01891,2024-04-04,Gentle Cleanser,2,0,32.0,True
ORD002628,CUST01892,2024-09-28,Retinol Night Cream,2,0,64.0,True
ORD002629,CUST01894,2024-06-06,Vitamin C Serum,1,20,17.6,True
ORD002630,CUST01895,2024-11-28,Eye Cream,3,0,78.0,True
ORD002631,CUST01895,2024-12-12,Eye Cream,1,0,26.0,False
ORD002632,CUST01895,2024-12-30,Face Mask Set,1,10,18.0,False
ORD002633,CUST01895,2025-01-13,Eye Cream,2,0,52.0,False
ORD002634,CUST01896,2025-02-28,Vitamin C Serum,1,10,19.8,True
ORD002635,CUST01897,2024-12-20,Retinol Night Cream,1,0,32.0,True
ORD002636,CUST01897,2025-02-03,Face Mask Set,1,0,20.0,False
ORD002637,CUST01898,2024-05-28,Hydrating Moisturizer,2,10,50.4,True
ORD002638,CUST01899,2024-08-31,Face Mask Set,1,0,20.0,True
ORD002639,CUST01899,2024-09-16,Vitamin C Serum,1,0,22.0,False
ORD002640,CUST01899,2024-09-30,Face Mask Set,1,20,16.0,False
ORD002641,CUST01899,2024-10-20,Gentle Cleanser,1,0,16.0,False
ORD002642,CUST01899,2025-01-03,Eye Cream,3,0,78.0,False
ORD002643,CUST01900,2025-04-02,Hydrating Moisturizer,1,15,23.8,True
ORD002644,CUST01901,2024-11-28,Hydrating Moisturizer,1,15,23.8,True
ORD002645,CUST01902,2024-02-05,Retinol Night Cream,2,10,57.6,True
ORD002646,CUST01902,2024-03-23,Niacinamide Serum,2,20,30.4,False
ORD002647,CUST01902,2024-09-01,Retinol Night Cream,2,0,64.0,False
ORD002648,CUST01902,2024-09-15,Eye Cream,1,0,26.0,False
ORD002649,CUST01902,2024-10-23,Vitamin C Serum,1,0,22.0,False
ORD002650,CUST01902,2024-11-13,Niacinamide Serum,1,0,19.0,False
ORD002651,CUST01902,2024-12-22,Niacinamide Serum,1,10,17.1,False
ORD002652,CUST01903,2025-03-16,Vitamin C Serum,2,0,44.0,True
ORD002653,CUST01903,2025-06-18,Niacinamide Serum,2,0,38.0,False
ORD002654,CUST01904,2024-02-23,SPF 50 Sunscreen,3,0,72.0,True
ORD002655,CUST01905,2025-03-07,Hydrating Moisturizer,1,25,21.0,True
ORD002656,CUST01905,2025-04-02,Gentle Cleanser,1,15,13.6,False
ORD002657,CUST01905,2025-07-10,Eye Cream,2,20,41.6,False
ORD002658,CUST01906,2024-06-05,SPF 50 Sunscreen,3,0,72.0,True
ORD002659,CUST01907,2025-07-06,Gentle Cleanser,2,0,32.0,True
ORD002660,CUST01908,2024-09-07,Retinol Night Cream,1,25,24.0,True
ORD002661,CUST01909,2024-08-13,SPF 50 Sunscreen,1,10,21.6,True
ORD002662,CUST01910,2024-05-01,Eye Cream,1,0,26.0,True
ORD002663,CUST01911,2024-07-28,SPF 50 Sunscreen,3,0,72.0,True
ORD002664,CUST01912,2025-05-25,Gentle Cleanser,2,0,32.0,True
ORD002665,CUST01912,2025-07-05,Vitamin C Serum,2,0,44.0,False
ORD002666,CUST01913,2025-07-31,Vitamin C Serum,1,0,22.0,True
ORD002667,CUST01914,2024-09-09,Vitamin C Serum,1,0,22.0,True
ORD002668,CUST01915,2024-10-26,Gentle Cleanser,2,0,32.0,True
ORD002669,CUST01916,2025-02-23,Vitamin C Serum,1,0,22.0,True
ORD002670,CUST01916,2025-03-18,Retinol Night Cream,1,0,32.0,False
ORD002671,CUST01917,2025-05-31,Vitamin C Serum,2,20,35.2,True
ORD002672,CUST01917,2025-07-02,Face Mask Set,1,0,20.0,False
ORD002673,CUST01918,2024-12-11,Niacinamide Serum,1,15,16.15,True
ORD002674,CUST01919,2024-09-24,Face Mask Set,1,15,17.0,True
ORD002675,CUST01920,2024-10-06,Gentle Cleanser,1,0,16.0,True
ORD002676,CUST01921,2025-02-04,Hydrating Moisturizer,2,0,56.0,True
ORD002677,CUST01921,2025-03-12,Face Mask Set,2,0,40.0,False
ORD002678,CUST01921,2025-04-18,Gentle Cleanser,1,15,13.6,False
ORD002679,CUST01923,2024-12-21,Retinol Night Cream,1,10,28.8,True
ORD002680,CUST01924,2024-08-31,Vitamin C Serum,1,0,22.0,True
ORD002681,CUST01924,2024-11-08,Vitamin C Serum,3,0,66.0,False
ORD002682,CUST01925,2025-04-07,SPF 50 Sunscreen,1,0,24.0,True
ORD002683,CUST01925,2025-06-14,Face Mask Set,1,0,20.0,False
ORD002684,CUST01926,2024-03-31,Retinol Night Cream,1,15,27.2,True
ORD002685,CUST01927,2024-12-10,Niacinamide Serum,2,0,38.0,True
ORD002686,CUST01928,2024-11-07,SPF 50 Sunscreen,1,10,21.6,True
ORD002687,CUST01929,2024-12-30,Hydrating Moisturizer,1,10,25.2,True
ORD002688,CUST01929,2025-01-13,SPF 50 Sunscreen,2,20,38.4,False
ORD002689,CUST01929,2025-01-27,SPF 50 Sunscreen,1,25,18.0,False
ORD002690,CUST01930,2024-03-12,Gentle Cleanser,2,0,32.0,True
ORD002691,CUST01930,2024-05-26,Retinol Night Cream,1,0,32.0,False
ORD002692,CUST01930,2024-07-16,Hydrating Moisturizer,1,0,28.0,False
ORD002693,CUST01931,2024-12-06,Eye Cream,2,0,52.0,True
ORD002694,CUST01933,2024-12-02,Face Mask Set,2,0,40.0,True
ORD002695,CUST01934,2024-12-15,SPF 50 Sunscreen,2,0,48.0,True
ORD002696,CUST01934,2025-03-30,SPF 50 Sunscreen,1,0,24.0,False
ORD002697,CUST01934,2025-06-01,Vitamin C Serum,2,0,44.0,False
ORD002698,CUST01934,2025-06-17,Niacinamide Serum,1,0,19.0,False
ORD002699,CUST01935,2025-01-24,Eye Cream,3,20,62.4,True
ORD002700,CUST01935,2025-02-13,Face Mask Set,1,15,17.0,False
ORD002701,CUST01936,2025-04-13,Face Mask Set,2,0,40.0,True
ORD002702,CUST01938,2025-04-24,Gentle Cleanser,1,0,16.0,True
ORD002703,CUST01939,2024-11-12,Niacinamide Serum,1,0,19.0,True
ORD002704,CUST01940,2024-03-21,Niacinamide Serum,1,0,19.0,True
ORD002705,CUST01940,2024-06-09,Face Mask Set,1,0,20.0,False
ORD002706,CUST01942,2024-08-15,Eye Cream,2,0,52.0,True
ORD002707,CUST01943,2025-03-31,Hydrating Moisturizer,2,25,42.0,True
ORD002708,CUST01944,2025-02-14,Eye Cream,2,10,46.8,True
ORD002709,CUST01945,2025-04-03,Face Mask Set,1,15,17.0,True
ORD002710,CUST01946,2024-11-19,Vitamin C Serum,1,0,22.0,True
ORD002711,CUST01947,2024-10-22,Face Mask Set,3,0,60.0,True
ORD002712,CUST01947,2025-05-04,SPF 50 Sunscreen,1,0,24.0,False
ORD002713,CUST01948,2024-05-02,Vitamin C Serum,1,0,22.0,True
ORD002714,CUST01949,2024-08-13,Face Mask Set,1,20,16.0,True
ORD002715,CUST01949,2024-10-30,SPF 50 Sunscreen,1,20,19.2,False
ORD002716,CUST01950,2024-10-21,Niacinamide Serum,1,15,16.15,True
ORD002717,CUST01951,2024-03-25,Eye Cream,2,10,46.8,True
ORD002718,CUST01952,2024-06-14,Retinol Night Cream,1,25,24.0,True
ORD002719,CUST01953,2024-12-13,SPF 50 Sunscreen,1,20,19.2,True
ORD002720,CUST01954,2025-03-01,Niacinamide Serum,1,0,19.0,True
ORD002721,CUST01955,2025-08-01,Vitamin C Serum,1,0,22.0,True
ORD002722,CUST01956,2025-06-24,Hydrating Moisturizer,1,0,28.0,True
ORD002723,CUST01956,2025-07-28,SPF 50 Sunscreen,2,0,48.0,False
ORD002724,CUST01957,2024-12-30,Gentle Cleanser,1,25,12.0,True
ORD002725,CUST01958,2024-10-12,Retinol Night Cream,1,0,32.0,True
ORD002726,CUST01959,2024-12-29,Vitamin C Serum,1,0,22.0,True
ORD002727,CUST01960,2025-04-03,Vitamin C Serum,3,20,52.8,True
ORD002728,CUST01960,2025-04-30,Eye Cream,1,10,23.4,False
ORD002729,CUST01961,2024-04-16,Niacinamide Serum,1,0,19.0,True
ORD002730,CUST01961,2024-05-28,Face Mask Set,1,0,20.0,False
ORD002731,CUST01962,2024-10-04,Niacinamide Serum,1,0,19.0,True
ORD002732,CUST01962,2024-11-11,Eye Cream,1,15,22.1,False
ORD002733,CUST01962,2024-11-25,Vitamin C Serum,3,25,49.5,False
ORD002734,CUST01963,2025-05-05,Hydrating Moisturizer,1,0,28.0,True
ORD002735,CUST01963,2025-05-19,Hydrating Moisturizer,1,15,23.8,False
ORD002736,CUST01964,2024-09-18,Niacinamide Serum,2,0,38.0,True
ORD002737,CUST01965,2024-12-06,Retinol Night Cream,1,0,32.0,True
ORD002738,CUST01965,2025-04-28,Eye Cream,1,0,26.0,False
ORD002739,CUST01966,2024-12-09,Gentle Cleanser,1,0,16.0,True
ORD002740,CUST01966,2025-05-04,Vitamin C Serum,1,25,16.5,False
ORD002741,CUST01967,2024-05-23,Niacinamide Serum,1,20,15.2,True
ORD002742,CUST01968,2024-09-07,Niacinamide Serum,2,20,30.4,True
ORD002743,CUST01968,2024-11-07,Eye Cream,1,25,19.5,False
ORD002744,CUST01969,2024-08-16,Hydrating Moisturizer,1,0,28.0,True
ORD002745,CUST01970,2024-02-18,Gentle Cleanser,1,0,16.0,True
ORD002746,CUST01972,2025-04-28,Retinol Night Cream,2,25,48.0,True
ORD002747,CUST01973,2024-07-08,Vitamin C Serum,3,0,66.0,True
ORD002748,CUST01974,2024-11-18,Face Mask Set,2,0,40.0,True
ORD002749,CUST01974,2024-12-03,Vitamin C Serum,1,0,22.0,False
ORD002750,CUST01975,2024-07-26,Gentle Cleanser,2,0,32.0,True
ORD002751,CUST01976,2025-06-26,Vitamin C Serum,2,25,33.0,True
ORD002752,CUST01977,2024-06-29,Face Mask Set,1,0,20.0,True
ORD002753,CUST01978,2024-10-16,Vitamin C Serum,1,25,16.5,True
ORD002754,CUST01980,2025-05-06,Retinol Night Cream,2,0,64.0,True
ORD002755,CUST01980,2025-05-29,Niacinamide Serum,3,0,57.0,False
ORD002756,CUST01981,2024-05-24,SPF 50 Sunscreen,1,0,24.0,True
ORD002757,CUST01982,2025-04-12,Eye Cream,1,0,26.0,True
ORD002758,CUST01982,2025-04-26,Gentle Cleanser,1,0,16.0,False
ORD002759,CUST01983,2024-11-04,Face Mask Set,3,0,60.0,True
ORD002760,CUST01983,2024-12-09,Niacinamide Serum,1,0,19.0,False
ORD002761,CUST01984,2024-11-10,Niacinamide Serum,2,10,34.2,True
ORD002762,CUST01984,2025-01-08,Eye Cream,3,15,66.3,False
ORD002763,CUST01985,2024-04-23,Niacinamide Serum,1,0,19.0,True
ORD002764,CUST01986,2024-03-23,Retinol Night Cream,1,0,32.0,True
ORD002765,CUST01988,2024-11-13,Face Mask Set,1,0,20.0,True
ORD002766,CUST01988,2024-11-27,Face Mask Set,2,0,40.0,False
ORD002767,CUST01989,2024-10-19,Face Mask Set,3,25,45.0,True
ORD002768,CUST01989,2024-11-03,Retinol Night Cream,3,0,96.0,False
ORD002769,CUST01990,2025-02-26,Retinol Night Cream,1,0,32.0,True
ORD002770,CUST01991,2025-03-19,Face Mask Set,1,15,17.0,True
ORD002771,CUST01992,2024-05-08,SPF 50 Sunscreen,1,0,24.0,True
ORD002772,CUST01993,2024-12-19,Eye Cream,1,25,19.5,True
ORD002773,CUST01995,2025-03-11,Vitamin C Serum,1,0,22.0,True
ORD002774,CUST01995,2025-06-22,Hydrating Moisturizer,1,0,28.0,False
ORD002775,CUST01996,2025-01-10,Gentle Cleanser,2,0,32.0,True
ORD002776,CUST01996,2025-02-17,Hydrating Moisturizer,2,0,56.0,False
ORD002777,CUST01997,2025-07-05,Retinol Night Cream,1,0,32.0,True
ORD002778,CUST01998,2024-03-14,Vitamin C Serum,1,0,22.0,True
ORD002779,CUST01999,2024-03-07,Retinol Night Cream,1,0,32.0,True
ORD002780,CUST02000,2024-07-14,Vitamin C Serum,2,10,39.6,True
ORD002781,CUST02001,2024-07-01,Niacinamide Serum,1,0,19.0,True
ORD002782,CUST02001,2024-07-23,Hydrating Moisturizer,1,25,21.0,False
ORD002783,CUST02001,2024-08-06,SPF 50 Sunscreen,2,0,48.0,False
ORD002784,CUST02001,2024-11-17,Face Mask Set,1,10,18.0,False
ORD002785,CUST02002,2024-06-25,Vitamin C Serum,1,0,22.0,True
ORD002786,CUST02003,2025-06-11,Niacinamide Serum,1,20,15.2,True
ORD002787,CUST02004,2024-06-25,Face Mask Set,1,25,15.0,True
ORD002788,CUST02004,2024-07-09,Vitamin C Serum,1,0,22.0,False
ORD002789,CUST02004,2024-11-18,SPF 50 Sunscreen,1,0,24.0,False
ORD002790,CUST02004,2024-12-02,Face Mask Set,1,15,17.0,False
ORD002791,CUST02005,2024-07-09,SPF 50 Sunscreen,1,0,24.0,True
ORD002792,CUST02006,2025-03-17,Retinol Night Cream,1,0,32.0,True
ORD002793,CUST02007,2024-10-28,Gentle Cleanser,1,0,16.0,True
ORD002794,CUST02008,2025-03-26,Niacinamide Serum,2,25,28.5,True
ORD002795,CUST02009,2024-03-13,Gentle Cleanser,1,0,16.0,True
ORD002796,CUST02009,2024-03-27,Face Mask Set,2,0,40.0,False
ORD002797,CUST02010,2024-11-12,Gentle Cleanser,1,0,16.0,True
ORD002798,CUST02011,2024-02-22,SPF 50 Sunscreen,1,0,24.0,True
ORD002799,CUST02011,2024-03-23,Retinol Night Cream,2,25,48.0,False
ORD002800,CUST02012,2024-03-13,Face Mask Set,1,0,20.0,True
ORD002801,CUST02013,2025-06-10,Vitamin C Serum,1,20,17.6,True
ORD002802,CUST02014,2024-04-27,Face Mask Set,1,10,18.0,True
ORD002803,CUST02015,2024-11-23,Vitamin C Serum,2,0,44.0,True
ORD002804,CUST02015,2025-03-25,SPF 50 Sunscreen,1,0,24.0,False
ORD002805,CUST02016,2024-10-05,Eye Cream,3,25,58.5,True
ORD002806,CUST02017,2024-08-26,Face Mask Set,1,0,20.0,True
ORD002807,CUST02018,2025-06-08,Face Mask Set,1,20,16.0,True
ORD002808,CUST02018,2025-06-22,Niacinamide Serum,2,0,38.0,False
ORD002809,CUST02019,2024-02-17,Face Mask Set,1,0,20.0,True
ORD002810,CUST02019,2024-04-28,Hydrating Moisturizer,1,0,28.0,False
ORD002811,CUST02020,2025-01-15,Hydrating Moisturizer,1,0,28.0,True
ORD002812,CUST02021,2025-07-10,Eye Cream,1,15,22.1,True
ORD002813,CUST02022,2024-11-29,Niacinamide Serum,2,10,34.2,True
ORD002814,CUST02023,2025-06-27,SPF 50 Sunscreen,2,0,48.0,True
ORD002815,CUST02024,2024-03-06,Niacinamide Serum,1,0,19.0,True
ORD002816,CUST02024,2024-03-31,Hydrating Moisturizer,2,0,56.0,False
ORD002817,CUST02025,2024-10-11,Face Mask Set,1,20,16.0,True
ORD002818,CUST02025,2025-02-25,Gentle Cleanser,1,0,16.0,False
ORD002819,CUST02026,2024-07-02,Face Mask Set,2,0,40.0,True
ORD002820,CUST02028,2025-07-19,Retinol Night Cream,1,0,32.0,True
ORD002821,CUST02029,2024-06-28,Eye Cream,2,0,52.0,True
ORD002822,CUST02030,2025-01-08,Eye Cream,1,0,26.0,True
ORD002823,CUST02030,2025-05-19,SPF 50 Sunscreen,2,0,48.0,False
ORD002824,CUST02030,2025-06-02,Face Mask Set,1,0,20.0,False
ORD002825,CUST02031,2024-06-02,Vitamin C Serum,2,0,44.0,True
ORD002826,CUST02031,2024-11-02,Niacinamide Serum,1,20,15.2,False
ORD002827,CUST02032,2024-12-04,Niacinamide Serum,1,0,19.0,True
ORD002828,CUST02033,2024-11-05,Eye Cream,3,25,58.5,True
ORD002829,CUST02034,2025-07-13,Retinol Night Cream,1,0,32.0,True
ORD002830,CUST02034,2025-07-30,Face Mask Set,2,25,30.0,False
ORD002831,CUST02035,2024-12-18,Eye Cream,1,0,26.0,True
ORD002832,CUST02035,2025-02-08,Face Mask Set,1,0,20.0,False
ORD002833,CUST02036,2024-08-26,Vitamin C Serum,1,0,22.0,True
ORD002834,CUST02037,2024-04-12,Retinol Night Cream,1,0,32.0,True
ORD002835,CUST02038,2024-05-06,SPF 50 Sunscreen,1,0,24.0,True
ORD002836,CUST02038,2024-09-06,Retinol Night Cream,1,25,24.0,False
ORD002837,CUST02038,2024-12-10,Vitamin C Serum,1,0,22.0,False
ORD002838,CUST02039,2024-06-13,Niacinamide Serum,1,0,19.0,True
ORD002839,CUST02040,2024-06-28,Niacinamide Serum,1,20,15.2,True
ORD002840,CUST02040,2024-08-02,Eye Cream,3,0,78.0,False
ORD002841,CUST02040,2024-10-03,Eye Cream,3,0,78.0,False
ORD002842,CUST02040,2025-01-25,Retinol Night Cream,3,15,81.6,False
ORD002843,CUST02041,2025-05-09,Face Mask Set,1,25,15.0,True
ORD002844,CUST02042,2024-12-01,SPF 50 Sunscreen,2,0,48.0,True
ORD002845,CUST02042,2024-12-15,SPF 50 Sunscreen,1,0,24.0,False
ORD002846,CUST02043,2024-11-19,Face Mask Set,2,10,36.0,True
ORD002847,CUST02043,2024-12-05,Retinol Night Cream,1,15,27.2,False
ORD002848,CUST02045,2025-05-18,Hydrating Moisturizer,1,0,28.0,True
ORD002849,CUST02045,2025-06-26,Eye Cream,2,20,41.6,False
ORD002850,CUST02046,2025-02-22,SPF 50 Sunscreen,2,0,48.0,True
ORD002851,CUST02047,2024-03-14,Hydrating Moisturizer,2,0,56.0,True
ORD002852,CUST02047,2024-03-29,Hydrating Moisturizer,1,0,28.0,False
ORD002853,CUST02047,2024-04-12,Hydrating Moisturizer,2,0,56.0,False
ORD002854,CUST02048,2025-02-11,Vitamin C Serum,1,0,22.0,True
ORD002855,CUST02048,2025-04-29,Retinol Night Cream,1,20,25.6,False
ORD002856,CUST02049,2024-11-25,SPF 50 Sunscreen,1,0,24.0,True
ORD002857,CUST02049,2025-01-12,Face Mask Set,1,0,20.0,False
ORD002858,CUST02051,2024-11-01,Niacinamide Serum,1,0,19.0,True
ORD002859,CUST02052,2024-11-08,Eye Cream,3,25,58.5,True
ORD002860,CUST02053,2024-05-12,Retinol Night Cream,1,25,24.0,True
ORD002861,CUST02054,2025-07-01,Hydrating Moisturizer,1,0,28.0,True
ORD002862,CUST02055,2025-05-11,Vitamin C Serum,1,0,22.0,True
ORD002863,CUST02055,2025-05-25,Vitamin C Serum,1,20,17.6,False
ORD002864,CUST02056,2025-01-19,Vitamin C Serum,1,0,22.0,True
ORD002865,CUST02057,2024-11-04,Niacinamide Serum,1,15,16.15,True
ORD002866,CUST02058,2024-10-04,Eye Cream,1,0,26.0,True
ORD002867,CUST02058,2025-03-26,Eye Cream,1,20,20.8,False
ORD002868,CUST02059,2025-01-07,Hydrating Moisturizer,1,0,28.0,True
ORD002869,CUST02060,2024-11-26,Vitamin C Serum,1,25,16.5,True
ORD002870,CUST02060,2025-03-03,SPF 50 Sunscreen,1,0,24.0,False
ORD002871,CUST02061,2024-03-10,Face Mask Set,2,20,32.0,True
ORD002872,CUST02062,2024-11-17,Niacinamide Serum,1,0,19.0,True
ORD002873,CUST02063,2025-04-15,Retinol Night Cream,1,15,27.2,True
ORD002874,CUST02064,2024-11-01,Gentle Cleanser,1,0,16.0,True
ORD002875,CUST02064,2024-11-22,Hydrating Moisturizer,2,10,50.4,False
ORD002876,CUST02065,2024-03-05,SPF 50 Sunscreen,1,0,24.0,True
ORD002877,CUST02066,2025-03-31,SPF 50 Sunscreen,1,25,18.0,True
ORD002878,CUST02067,2024-06-03,Niacinamide Serum,2,0,38.0,True
ORD002879,CUST02068,2024-06-30,Gentle Cleanser,2,0,32.0,True
ORD002880,CUST02068,2024-10-01,Eye Cream,1,10,23.4,False
ORD002881,CUST02068,2024-10-15,Face Mask Set,1,10,18.0,False
ORD002882,CUST02069,2024-05-13,Gentle Cleanser,2,0,32.0,True
ORD002883,CUST02070,2024-08-15,Niacinamide Serum,1,0,19.0,True
ORD002884,CUST02071,2025-03-14,Eye Cream,1,0,26.0,True
ORD002885,CUST02072,2024-11-19,Face Mask Set,1,0,20.0,True
ORD002886,CUST02073,2024-06-05,Face Mask Set,2,0,40.0,True
ORD002887,CUST02074,2025-05-28,Niacinamide Serum,2,15,32.3,True
ORD002888,CUST02075,2025-05-27,Face Mask Set,1,10,18.0,True
ORD002889,CUST02076,2025-05-23,Face Mask Set,2,0,40.0,True
ORD002890,CUST02077,2024-06-21,Retinol Night Cream,3,0,96.0,True
ORD002891,CUST02079,2025-07-24,SPF 50 Sunscreen,2,25,36.0,True
ORD002892,CUST02081,2024-02-20,Gentle Cleanser,1,10,14.4,True
ORD002893,CUST02081,2024-05-09,Niacinamide Serum,2,0,38.0,False
ORD002894,CUST02081,2024-07-26,SPF 50 Sunscreen,3,0,72.0,False
ORD002895,CUST02082,2024-03-13,Gentle Cleanser,2,0,32.0,True
ORD002896,CUST02083,2024-11-05,Gentle Cleanser,3,15,40.8,True
ORD002897,CUST02083,2024-11-19,Niacinamide Serum,1,0,19.0,False
ORD002898,CUST02083,2024-12-03,SPF 50 Sunscreen,2,0,48.0,False
ORD002899,CUST02083,2024-12-18,Retinol Night Cream,2,0,64.0,False
ORD002900,CUST02084,2025-06-14,Face Mask Set,1,0,20.0,True
ORD002901,CUST02084,2025-06-28,Eye Cream,1,0,26.0,False
ORD002902,CUST02085,2024-11-24,Retinol Night Cream,1,25,24.0,True
ORD002903,CUST02086,2024-11-13,Niacinamide Serum,1,15,16.15,True
ORD002904,CUST02088,2025-01-11,Face Mask Set,1,0,20.0,True
ORD002905,CUST02088,2025-01-25,Hydrating Moisturizer,2,15,47.6,False
ORD002906,CUST02089,2025-04-24,Eye Cream,1,0,26.0,True
ORD002907,CUST02090,2024-09-18,Gentle Cleanser,1,0,16.0,True
ORD002908,CUST02091,2025-03-27,Niacinamide Serum,1,10,17.1,True
ORD002909,CUST02092,2025-07-12,Vitamin C Serum,1,10,19.8,True
ORD002910,CUST02093,2024-06-05,Niacinamide Serum,3,25,42.75,True
ORD002911,CUST02094,2024-11-22,Retinol Night Cream,1,0,32.0,True
ORD002912,CUST02094,2025-01-06,SPF 50 Sunscreen,2,0,48.0,False
ORD002913,CUST02094,2025-01-20,Hydrating Moisturizer,2,25,42.0,False
ORD002914,CUST02094,2025-06-09,Face Mask Set,2,15,34.0,False
ORD002915,CUST02095,2024-07-15,Hydrating Moisturizer,2,20,44.8,True
ORD002916,CUST02096,2025-04-06,Vitamin C Serum,2,0,44.0,True
ORD002917,CUST02097,2024-12-08,Retinol Night Cream,1,0,32.0,True
ORD002918,CUST02097,2025-01-30,Vitamin C Serum,1,0,22.0,False
ORD002919,CUST02098,2024-12-29,SPF 50 Sunscreen,1,25,18.0,True
ORD002920,CUST02098,2025-03-16,Gentle Cleanser,1,0,16.0,False
ORD002921,CUST02099,2025-04-08,Vitamin C Serum,1,15,18.7,True
ORD002922,CUST02100,2024-09-24,Vitamin C Serum,1,0,22.0,True
ORD002923,CUST02101,2025-06-17,Hydrating Moisturizer,2,15,47.6,True
ORD002924,CUST02102,2024-11-23,Niacinamide Serum,2,25,28.5,True
ORD002925,CUST02102,2024-12-28,Hydrating Moisturizer,1,0,28.0,False
ORD002926,CUST02102,2025-01-29,Vitamin C Serum,1,10,19.8,False
ORD002927,CUST02103,2024-05-07,Niacinamide Serum,2,25,28.5,True
ORD002928,CUST02104,2025-02-05,Hydrating Moisturizer,2,0,56.0,True
ORD002929,CUST02104,2025-04-08,Hydrating Moisturizer,2,0,56.0,False
ORD002930,CUST02104,2025-06-23,Eye Cream,1,15,22.1,False
ORD002931,CUST02104,2025-07-31,Eye Cream,1,0,26.0,False
ORD002932,CUST02105,2025-04-08,Niacinamide Serum,1,0,19.0,True
ORD002933,CUST02106,2024-08-03,SPF 50 Sunscreen,2,0,48.0,True
ORD002934,CUST02107,2025-05-14,Gentle Cleanser,1,0,16.0,True
ORD002935,CUST02108,2025-06-13,Hydrating Moisturizer,1,0,28.0,True
ORD002936,CUST02108,2025-06-30,Retinol Night Cream,1,15,27.2,False
ORD002937,CUST02109,2024-07-11,Gentle Cleanser,1,15,13.6,True
ORD002938,CUST02110,2025-07-23,Face Mask Set,1,0,20.0,True
ORD002939,CUST02112,2024-06-03,SPF 50 Sunscreen,1,0,24.0,True
ORD002940,CUST02112,2024-07-31,Eye Cream,1,10,23.4,False
ORD002941,CUST02112,2024-09-06,SPF 50 Sunscreen,2,20,38.4,False
ORD002942,CUST02112,2024-09-20,Face Mask Set,1,10,18.0,False
ORD002943,CUST02113,2024-05-23,Vitamin C Serum,2,0,44.0,True
ORD002944,CUST02114,2025-06-07,Face Mask Set,1,20,16.0,True
ORD002945,CUST02115,2025-01-07,Retinol Night Cream,1,10,28.8,True
ORD002946,CUST02116,2024-05-05,Gentle Cleanser,2,20,25.6,True
ORD002947,CUST02117,2024-10-23,Vitamin C Serum,1,10,19.8,True
ORD002948,CUST02118,2024-12-21,Gentle Cleanser,1,0,16.0,True
ORD002949,CUST02118,2025-01-15,Vitamin C Serum,1,10,19.8,False
ORD002950,CUST02119,2024-03-24,Hydrating Moisturizer,3,0,84.0,True
ORD002951,CUST02119,2024-04-19,Niacinamide Serum,1,0,19.0,False
ORD002952,CUST02120,2025-05-31,Retinol Night Cream,1,0,32.0,True
ORD002953,CUST02121,2025-04-12,Retinol Night Cream,3,0,96.0,True
ORD002954,CUST02122,2024-11-16,Face Mask Set,2,15,34.0,True
ORD002955,CUST02122,2025-05-31,Vitamin C Serum,1,0,22.0,False
ORD002956,CUST02123,2025-07-13,Hydrating Moisturizer,2,0,56.0,True
ORD002957,CUST02124,2024-10-10,Retinol Night Cream,1,15,27.2,True
ORD002958,CUST02124,2024-12-15,Face Mask Set,1,0,20.0,False
ORD002959,CUST02127,2024-12-27,Gentle Cleanser,1,10,14.4,True
ORD002960,CUST02128,2024-05-12,Gentle Cleanser,1,20,12.8,True
ORD002961,CUST02129,2025-05-31,Niacinamide Serum,1,10,17.1,True
ORD002962,CUST02129,2025-06-14,Vitamin C Serum,3,0,66.0,False
ORD002963,CUST02130,2024-10-15,Retinol Night Cream,2,0,64.0,True
ORD002964,CUST02130,2024-11-21,Face Mask Set,1,0,20.0,False
ORD002965,CUST02130,2024-12-05,Eye Cream,1,0,26.0,False
ORD002966,CUST02131,2024-05-12,Hydrating Moisturizer,1,0,28.0,True
ORD002967,CUST02131,2024-05-26,Face Mask Set,1,0,20.0,False
ORD002968,CUST02131,2024-06-10,Vitamin C Serum,3,10,59.4,False
ORD002969,CUST02131,2024-10-09,Face Mask Set,1,0,20.0,False
ORD002970,CUST02131,2024-12-17,Hydrating Moisturizer,1,0,28.0,False
ORD002971,CUST02132,2024-02-08,Retinol Night Cream,1,0,32.0,True
ORD002972,CUST02133,2024-11-30,Eye Cream,1,0,26.0,True
ORD002973,CUST02133,2025-03-13,Vitamin C Serum,2,0,44.0,False
ORD002974,CUST02134,2024-11-21,Eye Cream,2,0,52.0,True
ORD002975,CUST02135,2025-02-19,Vitamin C Serum,2,0,44.0,True
ORD002976,CUST02135,2025-03-05,Retinol Night Cream,1,0,32.0,False
ORD002977,CUST02136,2025-06-05,Face Mask Set,1,0,20.0,True
ORD002978,CUST02137,2024-03-20,Gentle Cleanser,1,0,16.0,True
ORD002979,CUST02138,2025-02-28,Niacinamide Serum,1,0,19.0,True
ORD002980,CUST02138,2025-03-14,Niacinamide Serum,1,15,16.15,False
ORD002981,CUST02139,2024-05-27,Hydrating Moisturizer,1,15,23.8,True
ORD002982,CUST02140,2025-05-16,SPF 50 Sunscreen,1,0,24.0,True
ORD002983,CUST02140,2025-05-30,Eye Cream,1,0,26.0,False
ORD002984,CUST02141,2025-04-20,Vitamin C Serum,2,15,37.4,True
ORD002985,CUST02142,2024-11-24,Gentle Cleanser,1,0,16.0,True
ORD002986,CUST02143,2025-02-13,SPF 50 Sunscreen,2,20,38.4,True
ORD002987,CUST02144,2024-08-04,Face Mask Set,2,0,40.0,True
ORD002988,CUST02145,2024-11-04,Hydrating Moisturizer,2,25,42.0,True
ORD002989,CUST02146,2025-04-25,Gentle Cleanser,3,0,48.0,True
ORD002990,CUST02147,2024-11-03,Retinol Night Cream,1,10,28.8,True
ORD002991,CUST02148,2024-09-02,Eye Cream,1,0,26.0,True
ORD002992,CUST02149,2024-11-11,Gentle Cleanser,2,0,32.0,True
ORD002993,CUST02150,2025-04-28,Face Mask Set,1,0,20.0,True
ORD002994,CUST02151,2024-08-19,SPF 50 Sunscreen,1,15,20.4,True
ORD002995,CUST02151,2024-09-17,Face Mask Set,2,10,36.0,False
ORD002996,CUST02152,2024-05-16,Eye Cream,2,0,52.0,True
ORD002997,CUST02155,2024-04-03,Vitamin C Serum,2,15,37.4,True
ORD002998,CUST02156,2024-06-23,Hydrating Moisturizer,1,0,28.0,True
ORD002999,CUST02157,2024-04-29,Hydrating Moisturizer,1,0,28.0,True
ORD003000,CUST02158,2024-08-27,Face Mask Set,1,0,20.0,True
ORD003001,CUST02158,2024-09-23,Face Mask Set,1,15,17.0,False
ORD003002,CUST02158,2025-02-05,Hydrating Moisturizer,1,20,22.4,False
ORD003003,CUST02159,2024-10-30,Face Mask Set,2,0,40.0,True
ORD003004,CUST02160,2025-03-09,Hydrating Moisturizer,1,0,28.0,True
ORD003005,CUST02161,2025-01-05,Face Mask Set,2,0,40.0,True
ORD003006,CUST02161,2025-02-14,Gentle Cleanser,1,20,12.8,False
ORD003007,CUST02161,2025-02-28,Gentle Cleanser,2,20,25.6,False
ORD003008,CUST02162,2024-12-23,Niacinamide Serum,1,10,17.1,True
ORD003009,CUST02162,2025-03-12,Vitamin C Serum,1,0,22.0,False
ORD003010,CUST02162,2025-04-11,Retinol Night Cream,1,10,28.8,False
ORD003011,CUST02162,2025-06-04,Retinol Night Cream,1,10,28.8,False
ORD003012,CUST02163,2024-08-31,Retinol Night Cream,2,0,64.0,True
ORD003013,CUST02163,2024-09-25,Vitamin C Serum,2,0,44.0,False
ORD003014,CUST02163,2024-11-20,Retinol Night Cream,1,0,32.0,False
ORD003015,CUST02163,2024-12-27,Niacinamide Serum,1,0,19.0,False
ORD003016,CUST02164,2025-05-07,SPF 50 Sunscreen,1,0,24.0,True
ORD003017,CUST02166,2025-07-21,SPF 50 Sunscreen,2,15,40.8,True
ORD003018,CUST02167,2024-12-28,Hydrating Moisturizer,1,0,28.0,True
ORD003019,CUST02168,2024-04-18,Vitamin C Serum,1,15,18.7,True
ORD003020,CUST02169,2025-01-23,Retinol Night Cream,1,0,32.0,True
ORD003021,CUST02169,2025-02-06,Niacinamide Serum,2,25,28.5,False
ORD003022,CUST02169,2025-07-01,Hydrating Moisturizer,1,0,28.0,False
ORD003023,CUST02170,2024-08-10,Niacinamide Serum,1,0,19.0,True
ORD003024,CUST02171,2025-01-29,Gentle Cleanser,1,15,13.6,True
ORD003025,CUST02172,2024-03-15,SPF 50 Sunscreen,1,25,18.0,True
ORD003026,CUST02172,2024-03-29,Face Mask Set,1,25,15.0,False
ORD003027,CUST02172,2024-06-22,Retinol Night Cream,1,15,27.2,False
ORD003028,CUST02172,2024-07-06,Eye Cream,3,0,78.0,False
ORD003029,CUST02172,2024-07-20,Hydrating Moisturizer,1,0,28.0,False
ORD003030,CUST02172,2024-09-12,SPF 50 Sunscreen,1,0,24.0,False
ORD003031,CUST02173,2024-05-18,SPF 50 Sunscreen,1,0,24.0,True
ORD003032,CUST02174,2025-05-15,SPF 50 Sunscreen,3,0,72.0,True
ORD003033,CUST02175,2024-06-15,Niacinamide Serum,2,0,38.0,True
ORD003034,CUST02176,2025-05-03,Gentle Cleanser,1,25,12.0,True
ORD003035,CUST02177,2024-07-12,Niacinamide Serum,1,20,15.2,True
ORD003036,CUST02177,2024-09-03,Eye Cream,1,0,26.0,False
ORD003037,CUST02178,2024-12-31,Face Mask Set,1,20,16.0,True
ORD003038,CUST02178,2025-03-03,Eye Cream,1,0,26.0,False
ORD003039,CUST02178,2025-05-13,Retinol Night Cream,2,15,54.4,False
ORD003040,CUST02179,2025-02-03,Retinol Night Cream,1,15,27.2,True
ORD003041,CUST02180,2024-11-17,Niacinamide Serum,1,0,19.0,True
ORD003042,CUST02181,2024-07-30,Eye Cream,2,0,52.0,True
ORD003043,CUST02181,2024-10-05,SPF 50 Sunscreen,2,25,36.0,False
ORD003044,CUST02182,2024-06-10,Gentle Cleanser,1,0,16.0,True
ORD003045,CUST02182,2024-07-19,Eye Cream,1,0,26.0,False
ORD003046,CUST02182,2024-08-10,Vitamin C Serum,1,0,22.0,False
ORD003047,CUST02183,2024-02-24,Retinol Night Cream,1,0,32.0,True
ORD003048,CUST02184,2024-07-27,Face Mask Set,2,0,40.0,True
ORD003049,CUST02185,2025-01-05,Retinol Night Cream,1,0,32.0,True
ORD003050,CUST02186,2025-06-28,Gentle Cleanser,1,0,16.0,True
ORD003051,CUST02187,2025-05-24,SPF 50 Sunscreen,1,15,20.4,True
ORD003052,CUST02188,2025-03-21,Niacinamide Serum,1,0,19.0,True
ORD003053,CUST02190,2025-01-15,Niacinamide Serum,1,0,19.0,True
ORD003054,CUST02190,2025-02-27,Face Mask Set,1,25,15.0,False
ORD003055,CUST02191,2024-06-30,Hydrating Moisturizer,3,0,84.0,True
ORD003056,CUST02192,2025-06-11,Eye Cream,1,20,20.8,True
ORD003057,CUST02192,2025-06-28,Vitamin C Serum,1,0,22.0,False
ORD003058,CUST02194,2024-11-29,Face Mask Set,1,0,20.0,True
ORD003059,CUST02195,2024-04-08,Eye Cream,1,0,26.0,True
ORD003060,CUST02196,2024-10-29,Hydrating Moisturizer,1,0,28.0,True
ORD003061,CUST02197,2024-11-01,SPF 50 Sunscreen,1,10,21.6,True
ORD003062,CUST02198,2025-05-20,Face Mask Set,2,0,40.0,True
ORD003063,CUST02198,2025-06-05,Niacinamide Serum,1,25,14.25,False
ORD003064,CUST02199,2024-11-27,Eye Cream,1,10,23.4,True
ORD003065,CUST02199,2025-04-26,Vitamin C Serum,2,0,44.0,False
ORD003066,CUST02200,2024-09-15,Eye Cream,1,0,26.0,True
ORD003067,CUST02202,2024-04-10,Vitamin C Serum,2,0,44.0,True
ORD003068,CUST02202,2024-08-01,Eye Cream,2,10,46.8,False
ORD003069,CUST02203,2024-10-12,Face Mask Set,1,15,17.0,True
ORD003070,CUST02204,2024-02-28,Face Mask Set,2,10,36.0,True
ORD003071,CUST02205,2025-03-04,Eye Cream,2,0,52.0,True
ORD003072,CUST02206,2025-06-17,Gentle Cleanser,1,0,16.0,True
ORD003073,CUST02207,2024-07-12,Eye Cream,1,15,22.1,True
ORD003074,CUST02207,2024-07-26,Retinol Night Cream,1,0,32.0,False
ORD003075,CUST02208,2025-05-17,Vitamin C Serum,1,0,22.0,True
ORD003076,CUST02210,2025-06-12,Gentle Cleanser,1,10,14.4,True
ORD003077,CUST02211,2025-03-12,Retinol Night Cream,1,10,28.8,True
ORD003078,CUST02211,2025-04-07,Niacinamide Serum,2,15,32.3,False
ORD003079,CUST02212,2025-04-12,Niacinamide Serum,2,0,38.0,True
ORD003080,CUST02213,2024-02-11,Retinol Night Cream,1,0,32.0,True
ORD003081,CUST02214,2025-07-09,SPF 50 Sunscreen,1,0,24.0,True
ORD003082,CUST02215,2025-02-26,Vitamin C Serum,3,0,66.0,True
ORD003083,CUST02216,2024-07-29,Face Mask Set,1,25,15.0,True
ORD003084,CUST02217,2025-04-30,SPF 50 Sunscreen,1,20,19.2,True
ORD003085,CUST02217,2025-05-28,Hydrating Moisturizer,3,10,75.6,False
ORD003086,CUST02218,2024-07-15,Face Mask Set,1,0,20.0,True
ORD003087,CUST02218,2024-10-20,SPF 50 Sunscreen,2,0,48.0,False
ORD003088,CUST02219,2025-05-26,Face Mask Set,1,20,16.0,True
ORD003089,CUST02220,2024-04-12,Hydrating Moisturizer,2,20,44.8,True
ORD003090,CUST02221,2025-02-09,Retinol Night Cream,3,15,81.6,True
ORD003091,CUST02222,2024-11-27,Retinol Night Cream,3,25,72.0,True
ORD003092,CUST02223,2024-04-01,Eye Cream,2,0,52.0,True
ORD003093,CUST02224,2024-06-21,Hydrating Moisturizer,3,0,84.0,True
ORD003094,CUST02224,2024-08-22,SPF 50 Sunscreen,1,20,19.2,False
ORD003095,CUST02224,2024-09-27,Vitamin C Serum,2,0,44.0,False
ORD003096,CUST02224,2025-04-25,Retinol Night Cream,1,10,28.8,False
ORD003097,CUST02225,2024-02-10,Gentle Cleanser,2,25,24.0,True
ORD003098,CUST02226,2024-11-06,Niacinamide Serum,1,10,17.1,True
ORD003099,CUST02226,2025-02-16,Face Mask Set,1,15,17.0,False
ORD003100,CUST02227,2024-07-26,Niacinamide Serum,3,0,57.0,True
ORD003101,CUST02227,2025-06-30,Vitamin C Serum,1,10,19.8,False
ORD003102,CUST02227,2025-07-16,Vitamin C Serum,1,0,22.0,False
ORD003103,CUST02228,2024-12-16,Face Mask Set,1,15,17.0,True
ORD003104,CUST02229,2024-07-23,Eye Cream,3,0,78.0,True
ORD003105,CUST02230,2024-07-26,Retinol Night Cream,2,0,64.0,True
ORD003106,CUST02231,2025-03-05,Face Mask Set,2,25,30.0,True
ORD003107,CUST02232,2024-03-04,Eye Cream,1,0,26.0,True
ORD003108,CUST02233,2025-06-11,SPF 50 Sunscreen,2,10,43.2,True
ORD003109,CUST02235,2025-01-19,Eye Cream,1,0,26.0,True
ORD003110,CUST02235,2025-02-02,Eye Cream,1,0,26.0,False
ORD003111,CUST02236,2024-12-14,Gentle Cleanser,1,15,13.6,True
ORD003112,CUST02237,2025-06-05,Niacinamide Serum,1,15,16.15,True
ORD003113,CUST02238,2024-05-23,Niacinamide Serum,2,0,38.0,True
ORD003114,CUST02239,2024-03-21,Vitamin C Serum,2,0,44.0,True
ORD003115,CUST02240,2024-06-22,Eye Cream,1,0,26.0,True
ORD003116,CUST02240,2024-12-10,Vitamin C Serum,1,15,18.7,False
ORD003117,CUST02240,2024-12-24,SPF 50 Sunscreen,1,0,24.0,False
ORD003118,CUST02240,2025-01-07,Gentle Cleanser,1,0,16.0,False
ORD003119,CUST02242,2024-02-22,Face Mask Set,1,0,20.0,True
ORD003120,CUST02243,2024-12-08,Eye Cream,3,15,66.3,True
ORD003121,CUST02244,2025-07-29,SPF 50 Sunscreen,1,0,24.0,True
ORD003122,CUST02245,2025-05-15,Vitamin C Serum,1,0,22.0,True
ORD003123,CUST02246,2024-11-21,Eye Cream,1,0,26.0,True
ORD003124,CUST02247,2024-03-11,Gentle Cleanser,1,0,16.0,True
ORD003125,CUST02248,2025-04-29,Face Mask Set,2,0,40.0,True
ORD003126,CUST02248,2025-05-13,Eye Cream,1,20,20.8,False
ORD003127,CUST02249,2024-12-16,Gentle Cleanser,1,0,16.0,True
ORD003128,CUST02250,2024-04-11,Retinol Night Cream,2,0,64.0,True
ORD003129,CUST02250,2024-07-27,Niacinamide Serum,1,0,19.0,False
ORD003130,CUST02251,2024-03-30,Hydrating Moisturizer,2,0,56.0,True
ORD003131,CUST02252,2025-06-12,Retinol Night Cream,2,25,48.0,True
ORD003132,CUST02253,2025-01-20,Vitamin C Serum,1,0,22.0,True
ORD003133,CUST02254,2025-04-27,Retinol Night Cream,3,20,76.8,True
ORD003134,CUST02255,2025-05-28,Retinol Night Cream,2,0,64.0,True
ORD003135,CUST02256,2024-12-03,Gentle Cleanser,1,0,16.0,True
ORD003136,CUST02257,2024-11-18,Vitamin C Serum,2,0,44.0,True
ORD003137,CUST02258,2024-10-17,Gentle Cleanser,1,10,14.4,True
ORD003138,CUST02259,2024-08-06,Gentle Cleanser,2,0,32.0,True
ORD003139,CUST02259,2024-08-20,Face Mask Set,1,10,18.0,False
ORD003140,CUST02260,2024-10-20,Eye Cream,1,0,26.0,True
ORD003141,CUST02261,2025-03-26,Niacinamide Serum,1,0,19.0,True
ORD003142,CUST02261,2025-06-18,Retinol Night Cream,2,15,54.4,False
ORD003143,CUST02262,2024-12-16,Vitamin C Serum,3,0,66.0,True
ORD003144,CUST02262,2025-02-09,SPF 50 Sunscreen,1,0,24.0,False
ORD003145,CUST02263,2025-06-03,Vitamin C Serum,1,0,22.0,True
ORD003146,CUST02264,2024-10-24,Niacinamide Serum,2,20,30.4,True
ORD003147,CUST02265,2024-12-18,Eye Cream,2,0,52.0,True
ORD003148,CUST02266,2024-12-29,Face Mask Set,1,15,17.0,True
ORD003149,CUST02266,2025-01-24,SPF 50 Sunscreen,1,0,24.0,False
ORD003150,CUST02267,2024-12-11,Gentle Cleanser,1,0,16.0,True
ORD003151,CUST02268,2025-02-11,Niacinamide Serum,2,0,38.0,True
ORD003152,CUST02269,2024-06-21,SPF 50 Sunscreen,1,0,24.0,True
ORD003153,CUST02270,2024-11-16,Eye Cream,2,0,52.0,True
ORD003154,CUST02271,2024-04-06,Vitamin C Serum,2,0,44.0,True
ORD003155,CUST02272,2024-09-20,Face Mask Set,1,15,17.0,True
ORD003156,CUST02273,2024-11-12,Vitamin C Serum,2,20,35.2,True
ORD003157,CUST02273,2025-02-02,Niacinamide Serum,1,0,19.0,False
ORD003158,CUST02273,2025-04-28,Vitamin C Serum,2,0,44.0,False
ORD003159,CUST02273,2025-07-04,SPF 50 Sunscreen,1,0,24.0,False
ORD003160,CUST02274,2025-01-07,Niacinamide Serum,1,0,19.0,True
ORD003161,CUST02274,2025-01-21,Retinol Night Cream,2,0,64.0,False
ORD003162,CUST02274,2025-02-04,Vitamin C Serum,2,10,39.6,False
ORD003163,CUST02275,2025-06-30,Vitamin C Serum,1,15,18.7,True
ORD003164,CUST02276,2024-12-17,Hydrating Moisturizer,2,0,56.0,True
ORD003165,CUST02277,2025-03-06,Hydrating Moisturizer,3,0,84.0,True
ORD003166,CUST02278,2024-11-17,SPF 50 Sunscreen,1,25,18.0,True
ORD003167,CUST02278,2024-12-01,Gentle Cleanser,1,0,16.0,False
ORD003168,CUST02278,2025-02-14,Vitamin C Serum,1,15,18.7,False
ORD003169,CUST02278,2025-03-24,Vitamin C Serum,2,25,33.0,False
ORD003170,CUST02279,2024-12-28,Vitamin C Serum,1,0,22.0,True
ORD003171,CUST02279,2025-01-11,Retinol Night Cream,1,0,32.0,False
ORD003172,CUST02279,2025-01-28,Eye Cream,2,10,46.8,False
ORD003173,CUST02280,2024-03-15,Niacinamide Serum,1,0,19.0,True
ORD003174,CUST02281,2024-06-30,Eye Cream,2,20,41.6,True
ORD003175,CUST02281,2024-07-17,Face Mask Set,1,25,15.0,False
ORD003176,CUST02281,2024-09-04,Vitamin C Serum,1,0,22.0,False
ORD003177,CUST02282,2024-09-07,Niacinamide Serum,1,10,17.1,True
ORD003178,CUST02283,2024-11-08,Retinol Night Cream,1,0,32.0,True
ORD003179,CUST02283,2025-01-31,Vitamin C Serum,2,0,44.0,False
ORD003180,CUST02284,2024-03-01,Retinol Night Cream,1,0,32.0,True
ORD003181,CUST02285,2024-04-28,Gentle Cleanser,1,10,14.4,True
ORD003182,CUST02286,2024-07-10,Face Mask Set,2,20,32.0,True
ORD003183,CUST02287,2025-07-13,Vitamin C Serum,2,0,44.0,True
ORD003184,CUST02288,2024-08-14,Face Mask Set,1,25,15.0,True
ORD003185,CUST02289,2024-11-08,Vitamin C Serum,1,0,22.0,True
ORD003186,CUST02290,2024-05-31,Niacinamide Serum,1,10,17.1,True
ORD003187,CUST02290,2024-06-14,Vitamin C Serum,1,25,16.5,False
ORD003188,CUST02291,2024-12-20,Eye Cream,2,0,52.0,True
ORD003189,CUST02291,2025-03-13,Hydrating Moisturizer,3,15,71.4,False
ORD003190,CUST02291,2025-06-21,Gentle Cleanser,1,0,16.0,False
ORD003191,CUST02292,2024-07-13,Gentle Cleanser,1,15,13.6,True
ORD003192,CUST02292,2024-07-27,Eye Cream,3,0,78.0,False
ORD003193,CUST02293,2024-06-04,Retinol Night Cream,1,0,32.0,True
ORD003194,CUST02294,2024-11-17,Eye Cream,2,15,44.2,True
ORD003195,CUST02295,2024-02-04,SPF 50 Sunscreen,1,0,24.0,True
ORD003196,CUST02296,2024-02-08,Niacinamide Serum,1,10,17.1,True
ORD003197,CUST02297,2024-06-10,Hydrating Moisturizer,3,0,84.0,True
ORD003198,CUST02297,2024-07-04,Face Mask Set,3,0,60.0,False
ORD003199,CUST02299,2024-04-07,SPF 50 Sunscreen,2,0,48.0,True
ORD003200,CUST02299,2024-04-30,Hydrating Moisturizer,1,0,28.0,False
ORD003201,CUST02299,2024-07-04,Eye Cream,1,0,26.0,False
ORD003202,CUST02300,2024-08-22,Retinol Night Cream,1,15,27.2,True
ORD003203,CUST02301,2025-04-12,Gentle Cleanser,1,0,16.0,True
ORD003204,CUST02303,2024-11-18,Face Mask Set,2,0,40.0,True
ORD003205,CUST02303,2025-01-26,SPF 50 Sunscreen,2,0,48.0,False
ORD003206,CUST02304,2024-07-22,SPF 50 Sunscreen,2,0,48.0,True
ORD003207,CUST02304,2024-08-26,Vitamin C Serum,1,0,22.0,False
ORD003208,CUST02305,2025-06-24,Vitamin C Serum,2,0,44.0,True
ORD003209,CUST02306,2024-09-27,Hydrating Moisturizer,1,0,28.0,True
ORD003210,CUST02307,2024-03-26,Niacinamide Serum,1,0,19.0,True
ORD003211,CUST02307,2024-04-28,Hydrating Moisturizer,2,0,56.0,False
ORD003212,CUST02307,2024-05-13,Gentle Cleanser,2,0,32.0,False
ORD003213,CUST02307,2024-06-07,SPF 50 Sunscreen,1,0,24.0,False
ORD003214,CUST02308,2024-12-20,Vitamin C Serum,1,10,19.8,True
ORD003215,CUST02309,2024-04-13,SPF 50 Sunscreen,1,0,24.0,True
ORD003216,CUST02309,2024-05-23,Vitamin C Serum,1,15,18.7,False
ORD003217,CUST02310,2024-08-24,Eye Cream,1,0,26.0,True
ORD003218,CUST02310,2024-09-07,Vitamin C Serum,2,0,44.0,False
ORD003219,CUST02311,2024-11-16,Niacinamide Serum,1,0,19.0,True
ORD003220,CUST02312,2025-05-27,Face Mask Set,2,0,40.0,True
ORD003221,CUST02312,2025-07-06,Eye Cream,1,0,26.0,False
ORD003222,CUST02313,2024-11-12,Retinol Night Cream,1,15,27.2,True
ORD003223,CUST02313,2024-11-26,Gentle Cleanser,1,0,16.0,False
ORD003224,CUST02314,2025-02-08,Gentle Cleanser,1,0,16.0,True
ORD003225,CUST02315,2025-07-29,Face Mask Set,3,15,51.0,True
ORD003226,CUST02316,2024-04-21,Face Mask Set,1,20,16.0,True
ORD003227,CUST02316,2024-05-27,Vitamin C Serum,1,25,16.5,False
ORD003228,CUST02318,2024-09-26,Face Mask Set,1,0,20.0,True
ORD003229,CUST02319,2024-10-11,Eye Cream,1,10,23.4,True
ORD003230,CUST02320,2024-10-05,Niacinamide Serum,1,0,19.0,True
ORD003231,CUST02320,2024-10-19,Retinol Night Cream,1,20,25.6,False
ORD003232,CUST02320,2025-03-20,Vitamin C Serum,1,0,22.0,False
ORD003233,CUST02320,2025-05-13,Face Mask Set,1,0,20.0,False
ORD003234,CUST02320,2025-06-03,Vitamin C Serum,1,0,22.0,False
ORD003235,CUST02321,2025-06-12,SPF 50 Sunscreen,1,0,24.0,True
ORD003236,CUST02321,2025-06-26,Vitamin C Serum,1,0,22.0,False
ORD003237,CUST02322,2025-02-17,Niacinamide Serum,3,0,57.0,True
ORD003238,CUST02323,2024-12-17,Retinol Night Cream,1,0,32.0,True
ORD003239,CUST02323,2025-02-28,Hydrating Moisturizer,1,0,28.0,False
ORD003240,CUST02323,2025-03-21,Hydrating Moisturizer,1,25,21.0,False
ORD003241,CUST02323,2025-06-16,SPF 50 Sunscreen,1,0,24.0,False
ORD003242,CUST02323,2025-07-17,Hydrating Moisturizer,1,0,28.0,False
ORD003243,CUST02324,2024-07-30,Gentle Cleanser,1,0,16.0,True
ORD003244,CUST02326,2025-07-03,Niacinamide Serum,1,25,14.25,True
ORD003245,CUST02328,2024-02-03,Gentle Cleanser,1,0,16.0,True
ORD003246,CUST02328,2024-03-18,Vitamin C Serum,2,25,33.0,False
ORD003247,CUST02329,2024-12-31,Retinol Night Cream,1,0,32.0,True
ORD003248,CUST02330,2024-03-03,Niacinamide Serum,1,0,19.0,True
ORD003249,CUST02331,2024-06-30,Eye Cream,1,0,26.0,True
ORD003250,CUST02332,2024-03-09,Retinol Night Cream,1,0,32.0,True
ORD003251,CUST02333,2024-12-18,Vitamin C Serum,3,25,49.5,True
ORD003252,CUST02334,2025-01-30,Vitamin C Serum,3,0,66.0,True
ORD003253,CUST02335,2024-04-10,Hydrating Moisturizer,2,0,56.0,True
ORD003254,CUST02336,2024-09-17,Vitamin C Serum,1,0,22.0,True
ORD003255,CUST02337,2024-11-01,Eye Cream,2,0,52.0,True
ORD003256,CUST02338,2024-09-09,SPF 50 Sunscreen,1,10,21.6,True
ORD003257,CUST02338,2024-10-10,Eye Cream,1,15,22.1,False
ORD003258,CUST02339,2024-04-17,Eye Cream,1,10,23.4,True
ORD003259,CUST02340,2024-10-08,Vitamin C Serum,1,0,22.0,True
ORD003260,CUST02341,2025-03-11,Niacinamide Serum,2,0,38.0,True
ORD003261,CUST02341,2025-03-25,Retinol Night Cream,2,0,64.0,False
ORD003262,CUST02341,2025-06-08,Eye Cream,1,0,26.0,False
ORD003263,CUST02342,2024-03-17,Eye Cream,1,0,26.0,True
ORD003264,CUST02343,2024-03-23,Retinol Night Cream,1,10,28.8,True
ORD003265,CUST02344,2024-08-31,SPF 50 Sunscreen,3,20,57.6,True
ORD003266,CUST02345,2025-06-27,SPF 50 Sunscreen,1,0,24.0,True
ORD003267,CUST02346,2025-01-16,Hydrating Moisturizer,2,20,44.8,True
ORD003268,CUST02348,2024-09-06,Niacinamide Serum,1,10,17.1,True
ORD003269,CUST02348,2024-10-21,Retinol Night Cream,1,0,32.0,False
ORD003270,CUST02349,2024-12-12,Niacinamide Serum,1,0,19.0,True
ORD003271,CUST02350,2024-02-07,Hydrating Moisturizer,2,0,56.0,True
ORD003272,CUST02350,2024-04-20,Hydrating Moisturizer,1,20,22.4,False
ORD003273,CUST02351,2024-12-30,Face Mask Set,1,10,18.0,True
ORD003274,CUST02352,2025-06-14,Eye Cream,1,0,26.0,True
ORD003275,CUST02353,2024-12-22,Vitamin C Serum,3,0,66.0,True
ORD003276,CUST02353,2025-04-11,Niacinamide Serum,3,0,57.0,False
ORD003277,CUST02354,2025-05-24,Vitamin C Serum,1,0,22.0,True
ORD003278,CUST02355,2025-02-22,Gentle Cleanser,1,0,16.0,True
ORD003279,CUST02356,2024-04-15,Gentle Cleanser,2,10,28.8,True
ORD003280,CUST02357,2025-06-10,Vitamin C Serum,1,0,22.0,True
ORD003281,CUST02357,2025-07-28,Hydrating Moisturizer,1,15,23.8,False
ORD003282,CUST02358,2024-03-13,Retinol Night Cream,2,0,64.0,True
ORD003283,CUST02358,2024-03-27,Vitamin C Serum,1,0,22.0,False
ORD003284,CUST02359,2024-11-22,Niacinamide Serum,1,0,19.0,True
ORD003285,CUST02359,2025-06-05,Eye Cream,1,0,26.0,False
ORD003286,CUST02360,2024-04-30,Niacinamide Serum,2,25,28.5,True
ORD003287,CUST02361,2024-02-11,Vitamin C Serum,3,0,66.0,True
ORD003288,CUST02361,2024-02-25,Gentle Cleanser,1,0,16.0,False
ORD003289,CUST02362,2024-10-10,Vitamin C Serum,1,0,22.0,True
ORD003290,CUST02363,2024-07-22,Retinol Night Cream,1,0,32.0,True
ORD003291,CUST02364,2024-11-11,Niacinamide Serum,1,15,16.15,True
ORD003292,CUST02365,2024-12-08,Face Mask Set,1,0,20.0,True
ORD003293,CUST02366,2024-02-28,Face Mask Set,1,0,20.0,True
ORD003294,CUST02367,2024-04-17,Gentle Cleanser,3,0,48.0,True
ORD003295,CUST02367,2024-05-06,Gentle Cleanser,1,0,16.0,False
ORD003296,CUST02367,2024-05-30,Eye Cream,1,0,26.0,False
ORD003297,CUST02368,2024-11-30,Retinol Night Cream,2,10,57.6,True
ORD003298,CUST02369,2024-08-22,Retinol Night Cream,1,15,27.2,True
ORD003299,CUST02369,2024-12-27,SPF 50 Sunscreen,1,0,24.0,False
ORD003300,CUST02370,2025-02-26,Retinol Night Cream,1,10,28.8,True
ORD003301,CUST02371,2025-01-07,Eye Cream,1,10,23.4,True
ORD003302,CUST02371,2025-02-11,Eye Cream,1,0,26.0,False
ORD003303,CUST02371,2025-03-27,Hydrating Moisturizer,2,0,56.0,False
ORD003304,CUST02372,2025-05-06,Gentle Cleanser,2,0,32.0,True
ORD003305,CUST02372,2025-05-20,Retinol Night Cream,1,0,32.0,False
ORD003306,CUST02374,2024-10-16,Niacinamide Serum,1,0,19.0,True
ORD003307,CUST02375,2025-01-22,Hydrating Moisturizer,1,0,28.0,True
ORD003308,CUST02376,2024-07-11,Retinol Night Cream,3,10,86.4,True
ORD003309,CUST02376,2024-09-03,Retinol Night Cream,1,0,32.0,False
ORD003310,CUST02377,2024-07-29,Face Mask Set,1,25,15.0,True
ORD003311,CUST02378,2025-04-04,SPF 50 Sunscreen,3,25,54.0,True
ORD003312,CUST02379,2024-10-26,Eye Cream,1,0,26.0,True
ORD003313,CUST02380,2025-04-11,Eye Cream,1,0,26.0,True
ORD003314,CUST02381,2025-04-22,SPF 50 Sunscreen,1,0,24.0,True
ORD003315,CUST02382,2025-05-15,Face Mask Set,2,0,40.0,True
ORD003316,CUST02383,2025-06-15,SPF 50 Sunscreen,2,25,36.0,True
ORD003317,CUST02384,2024-10-18,Face Mask Set,1,20,16.0,True
ORD003318,CUST02386,2024-12-10,Gentle Cleanser,1,0,16.0,True
ORD003319,CUST02387,2024-09-10,Face Mask Set,2,15,34.0,True
ORD003320,CUST02387,2024-09-24,Gentle Cleanser,1,0,16.0,False
ORD003321,CUST02387,2024-11-20,Niacinamide Serum,2,0,38.0,False
ORD003322,CUST02387,2025-03-12,Retinol Night Cream,1,0,32.0,False
ORD003323,CUST02388,2024-12-16,Vitamin C Serum,3,20,52.8,True
ORD003324,CUST02389,2025-02-13,Eye Cream,3,0,78.0,True
ORD003325,CUST02389,2025-02-27,Face Mask Set,1,10,18.0,False
ORD003326,CUST02389,2025-03-22,Retinol Night Cream,1,0,32.0,False
ORD003327,CUST02390,2025-01-31,Vitamin C Serum,1,20,17.6,True
ORD003328,CUST02391,2024-09-11,Vitamin C Serum,3,25,49.5,True
ORD003329,CUST02391,2025-01-03,Eye Cream,1,15,22.1,False
ORD003330,CUST02392,2024-05-15,Eye Cream,3,20,62.4,True
ORD003331,CUST02392,2024-06-08,Eye Cream,1,0,26.0,False
ORD003332,CUST02393,2024-10-18,Gentle Cleanser,2,0,32.0,True
ORD003333,CUST02393,2024-12-15,Retinol Night Cream,2,0,64.0,False
ORD003334,CUST02393,2025-03-25,SPF 50 Sunscreen,3,0,72.0,False
ORD003335,CUST02393,2025-05-04,Hydrating Moisturizer,1,0,28.0,False
ORD003336,CUST02394,2024-04-29,Retinol Night Cream,1,10,28.8,True
ORD003337,CUST02394,2024-06-12,Niacinamide Serum,2,0,38.0,False
ORD003338,CUST02395,2025-06-05,Niacinamide Serum,2,20,30.4,True
ORD003339,CUST02398,2024-02-17,Hydrating Moisturizer,3,0,84.0,True
ORD003340,CUST02398,2024-03-12,Vitamin C Serum,1,15,18.7,False
ORD003341,CUST02399,2025-01-01,Face Mask Set,1,15,17.0,True
ORD003342,CUST02399,2025-03-18,SPF 50 Sunscreen,1,0,24.0,False
ORD003343,CUST02399,2025-04-03,Eye Cream,1,10,23.4,False
ORD003344,CUST02400,2024-12-29,SPF 50 Sunscreen,1,0,24.0,True
ORD003345,CUST02401,2024-08-23,Vitamin C Serum,1,20,17.6,True
ORD003346,CUST02402,2024-03-16,SPF 50 Sunscreen,3,15,61.2,True
ORD003347,CUST02403,2024-10-06,Vitamin C Serum,1,20,17.6,True
ORD003348,CUST02403,2024-10-20,Vitamin C Serum,1,0,22.0,False
ORD003349,CUST02404,2024-08-02,Eye Cream,1,0,26.0,True
ORD003350,CUST02405,2025-01-22,Gentle Cleanser,1,25,12.0,True
ORD003351,CUST02406,2024-12-17,Niacinamide Serum,1,10,17.1,True
ORD003352,CUST02407,2024-09-05,Hydrating Moisturizer,2,0,56.0,True
ORD003353,CUST02407,2024-10-21,Face Mask Set,2,15,34.0,False
ORD003354,CUST02407,2024-11-16,Eye Cream,2,10,46.8,False
ORD003355,CUST02407,2025-04-14,Hydrating Moisturizer,2,0,56.0,False
ORD003356,CUST02408,2024-06-10,Niacinamide Serum,1,15,16.15,True
ORD003357,CUST02409,2025-07-26,Hydrating Moisturizer,1,0,28.0,True
ORD003358,CUST02410,2024-11-01,Retinol Night Cream,1,15,27.2,True
ORD003359,CUST02411,2025-01-31,Vitamin C Serum,1,15,18.7,True
ORD003360,CUST02411,2025-03-04,Face Mask Set,1,0,20.0,False
ORD003361,CUST02411,2025-04-21,Niacinamide Serum,1,10,17.1,False
ORD003362,CUST02411,2025-05-05,Face Mask Set,1,0,20.0,False
ORD003363,CUST02412,2024-04-27,Gentle Cleanser,3,25,36.0,True
ORD003364,CUST02414,2024-02-19,Retinol Night Cream,1,25,24.0,True
ORD003365,CUST02415,2024-11-17,SPF 50 Sunscreen,1,0,24.0,True
ORD003366,CUST02415,2025-03-28,Vitamin C Serum,1,25,16.5,False
ORD003367,CUST02416,2025-07-09,SPF 50 Sunscreen,1,15,20.4,True
ORD003368,CUST02417,2024-09-19,Niacinamide Serum,1,0,19.0,True
ORD003369,CUST02419,2024-02-22,Face Mask Set,2,0,40.0,True
ORD003370,CUST02419,2024-04-14,SPF 50 Sunscreen,1,0,24.0,False
ORD003371,CUST02419,2024-04-28,Retinol Night Cream,1,0,32.0,False
ORD003372,CUST02419,2024-05-16,Hydrating Moisturizer,1,15,23.8,False
ORD003373,CUST02420,2024-09-21,SPF 50 Sunscreen,1,0,24.0,True
ORD003374,CUST02421,2024-05-10,Eye Cream,1,0,26.0,True
ORD003375,CUST02421,2024-05-29,Retinol Night Cream,3,0,96.0,False
ORD003376,CUST02421,2024-07-01,Vitamin C Serum,2,0,44.0,False
ORD003377,CUST02421,2024-07-15,Retinol Night Cream,1,20,25.6,False
ORD003378,CUST02423,2025-03-14,Face Mask Set,2,0,40.0,True
ORD003379,CUST02423,2025-05-24,SPF 50 Sunscreen,1,20,19.2,False
ORD003380,CUST02424,2024-11-04,SPF 50 Sunscreen,1,0,24.0,True
ORD003381,CUST02425,2024-07-19,Gentle Cleanser,1,0,16.0,True
ORD003382,CUST02426,2025-06-08,Face Mask Set,1,0,20.0,True
ORD003383,CUST02427,2024-04-11,Vitamin C Serum,1,0,22.0,True
ORD003384,CUST02428,2025-07-06,Gentle Cleanser,1,20,12.8,True
ORD003385,CUST02429,2024-08-02,Face Mask Set,1,15,17.0,True
ORD003386,CUST02430,2025-06-04,Hydrating Moisturizer,1,0,28.0,True
ORD003387,CUST02430,2025-07-06,Retinol Night Cream,1,25,24.0,False
ORD003388,CUST02431,2024-12-17,Hydrating Moisturizer,1,20,22.4,True
ORD003389,CUST02431,2024-12-31,Eye Cream,2,25,39.0,False
ORD003390,CUST02432,2025-04-26,Vitamin C Serum,2,15,37.4,True
ORD003391,CUST02433,2025-07-23,Retinol Night Cream,2,10,57.6,True
ORD003392,CUST02434,2024-07-16,Gentle Cleanser,1,20,12.8,True
ORD003393,CUST02436,2024-09-23,Vitamin C Serum,2,0,44.0,True
ORD003394,CUST02437,2024-09-18,Eye Cream,1,15,22.1,True
ORD003395,CUST02438,2024-08-22,SPF 50 Sunscreen,3,25,54.0,True
ORD003396,CUST02438,2024-11-08,Gentle Cleanser,1,0,16.0,False
ORD003397,CUST02438,2025-05-24,SPF 50 Sunscreen,1,0,24.0,False
ORD003398,CUST02439,2024-11-25,Vitamin C Serum,2,0,44.0,True
ORD003399,CUST02440,2024-05-05,Retinol Night Cream,1,10,28.8,True
ORD003400,CUST02440,2024-05-20,Gentle Cleanser,2,0,32.0,False
ORD003401,CUST02440,2024-07-21,SPF 50 Sunscreen,2,20,38.4,False
ORD003402,CUST02441,2024-11-27,Niacinamide Serum,1,0,19.0,True
ORD003403,CUST02442,2024-11-27,Face Mask Set,1,25,15.0,True
ORD003404,CUST02442,2025-01-31,Eye Cream,1,25,19.5,False
ORD003405,CUST02443,2025-03-17,Vitamin C Serum,1,10,19.8,True
ORD003406,CUST02443,2025-04-19,Hydrating Moisturizer,2,20,44.8,False
ORD003407,CUST02446,2024-07-25,Retinol Night Cream,3,25,72.0,True
ORD003408,CUST02447,2024-06-29,Vitamin C Serum,1,0,22.0,True
ORD003409,CUST02447,2024-07-23,Hydrating Moisturizer,2,0,56.0,False
ORD003410,CUST02447,2024-08-06,Niacinamide Serum,3,15,48.45,False
ORD003411,CUST02447,2024-10-27,Vitamin C Serum,2,10,39.6,False
ORD003412,CUST02447,2024-12-02,Retinol Night Cream,1,25,24.0,False
ORD003413,CUST02448,2024-05-31,SPF 50 Sunscreen,1,0,24.0,True
ORD003414,CUST02449,2024-03-07,Face Mask Set,1,25,15.0,True
ORD003415,CUST02449,2024-03-21,Vitamin C Serum,2,20,35.2,False
ORD003416,CUST02449,2024-05-01,Hydrating Moisturizer,1,15,23.8,False
ORD003417,CUST02450,2024-08-21,Vitamin C Serum,1,15,18.7,True
ORD003418,CUST02452,2025-07-11,Hydrating Moisturizer,1,25,21.0,True
ORD003419,CUST02453,2024-11-30,Eye Cream,1,0,26.0,True
ORD003420,CUST02453,2024-12-14,Hydrating Moisturizer,1,0,28.0,False
ORD003421,CUST02453,2025-01-13,SPF 50 Sunscreen,1,10,21.6,False
ORD003422,CUST02454,2024-08-28,Vitamin C Serum,1,0,22.0,True
ORD003423,CUST02455,2024-12-07,Gentle Cleanser,1,0,16.0,True
ORD003424,CUST02456,2024-04-26,Retinol Night Cream,1,0,32.0,True
ORD003425,CUST02456,2024-05-10,Niacinamide Serum,1,25,14.25,False
ORD003426,CUST02456,2024-06-07,Vitamin C Serum,2,0,44.0,False
ORD003427,CUST02456,2024-08-13,Niacinamide Serum,1,0,19.0,False
ORD003428,CUST02456,2024-08-27,SPF 50 Sunscreen,1,10,21.6,False
ORD003429,CUST02456,2024-11-22,SPF 50 Sunscreen,2,0,48.0,False
ORD003430,CUST02456,2025-01-15,Hydrating Moisturizer,3,0,84.0,False
ORD003431,CUST02457,2024-10-24,Hydrating Moisturizer,1,0,28.0,True
ORD003432,CUST02457,2024-11-29,Face Mask Set,3,15,51.0,False
ORD003433,CUST02458,2024-12-25,Face Mask Set,2,10,36.0,True
ORD003434,CUST02459,2024-11-11,Gentle Cleanser,1,20,12.8,True
ORD003435,CUST02460,2024-09-29,Retinol Night Cream,1,0,32.0,True
ORD003436,CUST02461,2025-07-30,Eye Cream,2,0,52.0,True
ORD003437,CUST02462,2025-05-28,Niacinamide Serum,2,20,30.4,True
ORD003438,CUST02462,2025-06-16,SPF 50 Sunscreen,1,25,18.0,False
ORD003439,CUST02463,2024-12-24,Face Mask Set,1,25,15.0,True
ORD003440,CUST02464,2024-12-03,SPF 50 Sunscreen,1,15,20.4,True
ORD003441,CUST02464,2025-04-18,SPF 50 Sunscreen,2,20,38.4,False
ORD003442,CUST02464,2025-06-24,Face Mask Set,1,15,17.0,False
ORD003443,CUST02465,2024-12-25,Eye Cream,1,25,19.5,True
ORD003444,CUST02465,2025-01-08,Niacinamide Serum,1,0,19.0,False
ORD003445,CUST02466,2024-06-03,Eye Cream,1,0,26.0,True
ORD003446,CUST02467,2024-09-27,Eye Cream,2,0,52.0,True
ORD003447,CUST02468,2024-02-25,Vitamin C Serum,2,0,44.0,True
ORD003448,CUST02469,2024-11-07,Face Mask Set,1,25,15.0,True
ORD003449,CUST02470,2024-11-27,SPF 50 Sunscreen,2,0,48.0,True
ORD003450,CUST02470,2024-12-11,Gentle Cleanser,1,0,16.0,False
ORD003451,CUST02471,2024-06-17,Gentle Cleanser,1,0,16.0,True
ORD003452,CUST02472,2025-07-09,Vitamin C Serum,2,15,37.4,True
ORD003453,CUST02473,2025-06-12,Gentle Cleanser,1,0,16.0,True
ORD003454,CUST02474,2025-02-20,Gentle Cleanser,2,0,32.0,True
ORD003455,CUST02474,2025-05-30,Retinol Night Cream,2,0,64.0,False
ORD003456,CUST02475,2024-11-22,Retinol Night Cream,1,10,28.8,True
ORD003457,CUST02476,2025-05-22,Vitamin C Serum,1,10,19.8,True
ORD003458,CUST02477,2024-04-20,Retinol Night Cream,1,0,32.0,True
ORD003459,CUST02478,2025-04-05,SPF 50 Sunscreen,1,0,24.0,True
ORD003460,CUST02479,2024-04-19,Hydrating Moisturizer,3,0,84.0,True
ORD003461,CUST02480,2025-04-07,Vitamin C Serum,1,0,22.0,True
ORD003462,CUST02480,2025-05-26,Gentle Cleanser,1,10,14.4,False
ORD003463,CUST02481,2024-07-12,Niacinamide Serum,2,0,38.0,True
ORD003464,CUST02482,2025-05-27,Eye Cream,1,10,23.4,True
ORD003465,CUST02483,2025-06-30,Eye Cream,1,25,19.5,True
ORD003466,CUST02484,2024-05-03,Gentle Cleanser,3,0,48.0,True
ORD003467,CUST02485,2024-11-05,Niacinamide Serum,1,0,19.0,True
ORD003468,CUST02485,2025-03-06,Niacinamide Serum,1,0,19.0,False
ORD003469,CUST02486,2025-07-19,SPF 50 Sunscreen,1,10,21.6,True
ORD003470,CUST02487,2024-11-09,Vitamin C Serum,1,0,22.0,True
ORD003471,CUST02488,2025-05-17,Eye Cream,1,0,26.0,True
ORD003472,CUST02489,2024-12-12,Gentle Cleanser,1,0,16.0,True
ORD003473,CUST02489,2025-05-31,Hydrating Moisturizer,1,0,28.0,False
ORD003474,CUST02490,2024-09-14,Retinol Night Cream,1,0,32.0,True
ORD003475,CUST02490,2024-10-22,Eye Cream,2,15,44.2,False
ORD003476,CUST02491,2024-07-16,Face Mask Set,1,20,16.0,True
ORD003477,CUST02492,2024-06-03,Niacinamide Serum,1,25,14.25,True
ORD003478,CUST02492,2024-07-13,Gentle Cleanser,2,0,32.0,False
ORD003479,CUST02493,2025-03-18,SPF 50 Sunscreen,2,0,48.0,True
ORD003480,CUST02494,2024-09-21,Hydrating Moisturizer,1,20,22.4,True
ORD003481,CUST02495,2024-11-19,Retinol Night Cream,1,0,32.0,True
ORD003482,CUST02495,2024-12-24,SPF 50 Sunscreen,2,0,48.0,False
ORD003483,CUST02496,2024-11-13,Vitamin C Serum,1,0,22.0,True
ORD003484,CUST02497,2024-12-08,Face Mask Set,1,0,20.0,True
ORD003485,CUST02497,2024-12-26,SPF 50 Sunscreen,1,0,24.0,False
ORD003486,CUST02498,2025-05-20,Vitamin C Serum,1,15,18.7,True
ORD003487,CUST02499,2025-07-21,Niacinamide Serum,2,10,34.2,True
ORD003488,CUST02500,2024-10-02,Face Mask Set,1,25,15.0,True
ORD003489,CUST02500,2025-03-03,Vitamin C Serum,1,25,16.5,False
ORD003490,CUST02501,2025-04-28,Gentle Cleanser,2,0,32.0,True
ORD003491,CUST02501,2025-07-23,Niacinamide Serum,2,20,30.4,False
ORD003492,CUST02502,2025-03-18,Retinol Night Cream,2,0,64.0,True
ORD003493,CUST02503,2024-12-05,Eye Cream,1,0,26.0,True
ORD003494,CUST02504,2025-07-06,Eye Cream,1,10,23.4,True
ORD003495,CUST02506,2024-04-10,Niacinamide Serum,1,0,19.0,True
ORD003496,CUST02507,2025-05-13,SPF 50 Sunscreen,2,0,48.0,True
ORD003497,CUST02507,2025-06-04,SPF 50 Sunscreen,1,10,21.6,False
ORD003498,CUST02508,2024-10-23,Face Mask Set,1,0,20.0,True
ORD003499,CUST02509,2025-05-07,SPF 50 Sunscreen,3,20,57.6,True
ORD003500,CUST02510,2025-06-03,Niacinamide Serum,1,0,19.0,True
ORD003501,CUST02510,2025-06-17,Retinol Night Cream,1,0,32.0,False
ORD003502,CUST02511,2024-03-11,Hydrating Moisturizer,1,20,22.4,True
ORD003503,CUST02512,2025-05-31,Retinol Night Cream,1,0,32.0,True
ORD003504,CUST02512,2025-06-14,Vitamin C Serum,2,0,44.0,False
ORD003505,CUST02513,2024-10-26,Vitamin C Serum,1,0,22.0,True
ORD003506,CUST02514,2024-11-17,Gentle Cleanser,1,0,16.0,True
ORD003507,CUST02514,2024-12-19,Eye Cream,2,0,52.0,False
ORD003508,CUST02514,2025-01-31,Eye Cream,2,0,52.0,False
ORD003509,CUST02514,2025-02-14,Eye Cream,1,20,20.8,False
ORD003510,CUST02515,2024-12-24,Hydrating Moisturizer,2,0,56.0,True
ORD003511,CUST02516,2025-06-21,Hydrating Moisturizer,1,15,23.8,True
ORD003512,CUST02518,2024-11-07,Gentle Cleanser,1,0,16.0,True
ORD003513,CUST02519,2025-02-01,Face Mask Set,1,0,20.0,True
ORD003514,CUST02520,2025-02-24,Retinol Night Cream,2,0,64.0,True
ORD003515,CUST02520,2025-04-30,Retinol Night Cream,1,0,32.0,False
ORD003516,CUST02521,2025-02-03,SPF 50 Sunscreen,3,0,72.0,True
ORD003517,CUST02521,2025-05-08,Eye Cream,2,15,44.2,False
ORD003518,CUST02522,2024-04-25,Hydrating Moisturizer,1,15,23.8,True
ORD003519,CUST02522,2024-05-09,Face Mask Set,1,0,20.0,False
ORD003520,CUST02522,2024-05-23,Niacinamide Serum,1,0,19.0,False
ORD003521,CUST02522,2024-06-06,Eye Cream,2,0,52.0,False
ORD003522,CUST02522,2024-06-20,Eye Cream,3,15,66.3,False
ORD003523,CUST02522,2024-07-10,Eye Cream,1,0,26.0,False
ORD003524,CUST02523,2024-07-25,Retinol Night Cream,1,0,32.0,True
ORD003525,CUST02524,2024-09-03,Gentle Cleanser,1,25,12.0,True
ORD003526,CUST02525,2025-04-12,Vitamin C Serum,2,0,44.0,True
ORD003527,CUST02525,2025-06-02,Vitamin C Serum,1,0,22.0,False
ORD003528,CUST02526,2024-07-13,SPF 50 Sunscreen,1,0,24.0,True
ORD003529,CUST02527,2024-06-06,Face Mask Set,1,0,20.0,True
ORD003530,CUST02527,2024-09-15,Niacinamide Serum,2,15,32.3,False
ORD003531,CUST02528,2025-07-07,Niacinamide Serum,2,0,38.0,True
ORD003532,CUST02529,2024-02-08,SPF 50 Sunscreen,1,0,24.0,True
ORD003533,CUST02530,2025-07-30,Vitamin C Serum,1,0,22.0,True
ORD003534,CUST02531,2025-01-25,SPF 50 Sunscreen,1,15,20.4,True
ORD003535,CUST02532,2025-04-26,Niacinamide Serum,1,0,19.0,True
ORD003536,CUST02533,2024-07-20,Eye Cream,1,10,23.4,True
ORD003537,CUST02534,2024-02-12,Retinol Night Cream,3,15,81.6,True
ORD003538,CUST02534,2024-03-20,Retinol Night Cream,1,0,32.0,False
ORD003539,CUST02535,2025-03-05,SPF 50 Sunscreen,1,0,24.0,True
ORD003540,CUST02536,2025-05-02,Niacinamide Serum,1,0,19.0,True
ORD003541,CUST02536,2025-06-20,Eye Cream,3,0,78.0,False
ORD003542,CUST02537,2025-03-06,SPF 50 Sunscreen,3,0,72.0,True
ORD003543,CUST02537,2025-03-20,Hydrating Moisturizer,1,0,28.0,False
ORD003544,CUST02537,2025-06-26,Hydrating Moisturizer,1,25,21.0,False
ORD003545,CUST02538,2024-05-01,Niacinamide Serum,3,15,48.45,True
ORD003546,CUST02538,2024-08-22,Niacinamide Serum,1,0,19.0,False
ORD003547,CUST02539,2025-03-12,Eye Cream,1,0,26.0,True
ORD003548,CUST02539,2025-06-02,Face Mask Set,1,0,20.0,False
ORD003549,CUST02539,2025-07-03,Hydrating Moisturizer,1,0,28.0,False
ORD003550,CUST02540,2025-03-24,Gentle Cleanser,1,15,13.6,True
ORD003551,CUST02541,2025-01-11,Vitamin C Serum,3,15,56.1,True
ORD003552,CUST02542,2025-03-19,Retinol Night Cream,1,20,25.6,True
ORD003553,CUST02542,2025-04-02,Face Mask Set,2,0,40.0,False
ORD003554,CUST02543,2025-05-07,Gentle Cleanser,1,15,13.6,True
ORD003555,CUST02545,2024-03-27,Vitamin C Serum,1,25,16.5,True
ORD003556,CUST02545,2024-04-18,Face Mask Set,2,0,40.0,False
ORD003557,CUST02545,2024-06-19,SPF 50 Sunscreen,2,10,43.2,False
ORD003558,CUST02546,2024-11-12,Retinol Night Cream,1,0,32.0,True
ORD003559,CUST02547,2024-03-21,Vitamin C Serum,2,0,44.0,True
ORD003560,CUST02547,2025-06-05,SPF 50 Sunscreen,1,0,24.0,False
ORD003561,CUST02548,2024-10-02,Hydrating Moisturizer,1,20,22.4,True
ORD003562,CUST02549,2024-10-04,Hydrating Moisturizer,1,0,28.0,True
ORD003563,CUST02550,2024-03-15,SPF 50 Sunscreen,1,0,24.0,True
ORD003564,CUST02551,2024-08-29,Niacinamide Serum,1,10,17.1,True
ORD003565,CUST02552,2024-04-10,SPF 50 Sunscreen,1,0,24.0,True
ORD003566,CUST02553,2025-04-15,Face Mask Set,1,15,17.0,True
ORD003567,CUST02554,2025-07-02,Retinol Night Cream,3,20,76.8,True
ORD003568,CUST02555,2024-03-16,SPF 50 Sunscreen,2,0,48.0,True
ORD003569,CUST02555,2024-04-25,Face Mask Set,2,0,40.0,False
ORD003570,CUST02556,2025-07-06,Vitamin C Serum,1,0,22.0,True
ORD003571,CUST02557,2024-11-20,Niacinamide Serum,2,15,32.3,True
ORD003572,CUST02558,2024-07-25,Gentle Cleanser,1,0,16.0,True
ORD003573,CUST02559,2024-03-19,SPF 50 Sunscreen,1,10,21.6,True
ORD003574,CUST02559,2024-05-05,Hydrating Moisturizer,1,15,23.8,False
ORD003575,CUST02560,2024-11-14,Vitamin C Serum,1,0,22.0,True
ORD003576,CUST02561,2025-04-07,Retinol Night Cream,1,0,32.0,True
ORD003577,CUST02562,2025-02-11,Eye Cream,1,0,26.0,True
ORD003578,CUST02563,2024-03-02,Retinol Night Cream,2,10,57.6,True
ORD003579,CUST02563,2024-05-01,SPF 50 Sunscreen,1,0,24.0,False
ORD003580,CUST02564,2024-03-17,Gentle Cleanser,1,10,14.4,True
ORD003581,CUST02565,2024-09-29,Retinol Night Cream,1,0,32.0,True
ORD003582,CUST02565,2024-12-11,Niacinamide Serum,1,0,19.0,False
ORD003583,CUST02566,2024-07-20,Vitamin C Serum,1,25,16.5,True
ORD003584,CUST02567,2024-06-19,Gentle Cleanser,3,0,48.0,True
ORD003585,CUST02568,2024-07-14,Retinol Night Cream,1,0,32.0,True
ORD003586,CUST02569,2025-04-11,Hydrating Moisturizer,1,0,28.0,True
ORD003587,CUST02570,2025-06-20,Gentle Cleanser,2,0,32.0,True
ORD003588,CUST02571,2024-10-03,SPF 50 Sunscreen,1,0,24.0,True
ORD003589,CUST02571,2024-10-17,SPF 50 Sunscreen,2,0,48.0,False
ORD003590,CUST02572,2025-06-11,Eye Cream,1,15,22.1,True
ORD003591,CUST02573,2024-08-06,Niacinamide Serum,2,25,28.5,True
ORD003592,CUST02574,2024-11-08,Vitamin C Serum,2,25,33.0,True
ORD003593,CUST02575,2024-06-16,Gentle Cleanser,1,0,16.0,True
ORD003594,CUST02575,2024-07-21,Hydrating Moisturizer,2,0,56.0,False
ORD003595,CUST02576,2024-12-31,Face Mask Set,2,0,40.0,True
ORD003596,CUST02576,2025-05-23,Retinol Night Cream,1,0,32.0,False
ORD003597,CUST02577,2025-07-20,SPF 50 Sunscreen,1,0,24.0,True
ORD003598,CUST02578,2024-12-15,Eye Cream,1,0,26.0,True
ORD003599,CUST02579,2024-09-03,Gentle Cleanser,2,0,32.0,True
ORD003600,CUST02579,2024-09-17,Eye Cream,1,0,26.0,False
ORD003601,CUST02580,2025-01-02,Niacinamide Serum,1,15,16.15,True
ORD003602,CUST02581,2024-04-17,Vitamin C Serum,1,25,16.5,True
ORD003603,CUST02581,2024-09-27,Face Mask Set,1,10,18.0,False
ORD003604,CUST02582,2025-06-04,Retinol Night Cream,1,10,28.8,True
ORD003605,CUST02583,2024-11-16,Hydrating Moisturizer,2,10,50.4,True
ORD003606,CUST02584,2024-10-29,Hydrating Moisturizer,3,10,75.6,True
ORD003607,CUST02585,2024-12-08,Eye Cream,1,0,26.0,True
ORD003608,CUST02585,2025-02-07,Vitamin C Serum,1,0,22.0,False
ORD003609,CUST02586,2024-12-25,Hydrating Moisturizer,2,0,56.0,True
ORD003610,CUST02587,2024-03-16,Hydrating Moisturizer,1,0,28.0,True
ORD003611,CUST02588,2025-01-28,Gentle Cleanser,2,0,32.0,True
ORD003612,CUST02588,2025-03-30,Eye Cream,1,0,26.0,False
ORD003613,CUST02589,2024-06-23,Face Mask Set,1,0,20.0,True
ORD003614,CUST02589,2024-12-08,Vitamin C Serum,1,0,22.0,False
ORD003615,CUST02590,2025-02-16,Hydrating Moisturizer,1,0,28.0,True
ORD003616,CUST02591,2025-04-24,SPF 50 Sunscreen,1,0,24.0,True
ORD003617,CUST02592,2025-04-14,Gentle Cleanser,3,25,36.0,True
ORD003618,CUST02593,2024-11-28,Eye Cream,3,0,78.0,True
ORD003619,CUST02593,2025-01-12,Hydrating Moisturizer,3,0,84.0,False
ORD003620,CUST02594,2024-11-18,SPF 50 Sunscreen,3,25,54.0,True
ORD003621,CUST02594,2025-02-23,Face Mask Set,1,0,20.0,False
ORD003622,CUST02596,2025-03-28,SPF 50 Sunscreen,1,15,20.4,True
ORD003623,CUST02597,2024-07-08,Niacinamide Serum,1,25,14.25,True
ORD003624,CUST02597,2024-09-17,Retinol Night Cream,2,0,64.0,False
ORD003625,CUST02597,2024-12-14,Gentle Cleanser,3,10,43.2,False
ORD003626,CUST02598,2024-11-14,Retinol Night Cream,1,0,32.0,True
ORD003627,CUST02598,2024-11-30,Eye Cream,1,0,26.0,False
ORD003628,CUST02599,2024-07-17,Hydrating Moisturizer,1,15,23.8,True
ORD003629,CUST02600,2024-04-22,Gentle Cleanser,1,0,16.0,True
ORD003630,CUST02601,2024-12-28,Hydrating Moisturizer,1,0,28.0,True
ORD003631,CUST02602,2024-03-07,Gentle Cleanser,1,15,13.6,True
ORD003632,CUST02603,2025-03-09,Face Mask Set,1,0,20.0,True
ORD003633,CUST02603,2025-04-03,Niacinamide Serum,1,15,16.15,False
ORD003634,CUST02604,2024-08-03,Vitamin C Serum,2,0,44.0,True
ORD003635,CUST02605,2024-02-04,Eye Cream,1,15,22.1,True
ORD003636,CUST02606,2024-11-17,Face Mask Set,1,15,17.0,True
ORD003637,CUST02606,2024-12-01,Hydrating Moisturizer,1,0,28.0,False
ORD003638,CUST02607,2024-03-01,SPF 50 Sunscreen,1,15,20.4,True
ORD003639,CUST02608,2024-07-09,Hydrating Moisturizer,1,0,28.0,True
ORD003640,CUST02608,2024-08-01,Retinol Night Cream,1,0,32.0,False
ORD003641,CUST02608,2024-09-20,Face Mask Set,1,0,20.0,False
ORD003642,CUST02608,2025-02-19,Vitamin C Serum,3,0,66.0,False
ORD003643,CUST02609,2025-02-12,Face Mask Set,3,15,51.0,True
ORD003644,CUST02610,2024-03-12,Eye Cream,1,0,26.0,True
ORD003645,CUST02611,2025-05-06,Gentle Cleanser,1,0,16.0,True
ORD003646,CUST02612,2024-02-05,Face Mask Set,1,0,20.0,True
ORD003647,CUST02612,2024-03-15,Eye Cream,1,0,26.0,False
ORD003648,CUST02612,2024-04-25,Vitamin C Serum,3,0,66.0,False
ORD003649,CUST02612,2024-05-12,Hydrating Moisturizer,1,0,28.0,False
ORD003650,CUST02612,2024-09-22,Gentle Cleanser,1,0,16.0,False
ORD003651,CUST02612,2024-10-17,Gentle Cleanser,1,10,14.4,False
ORD003652,CUST02612,2024-10-31,Hydrating Moisturizer,1,0,28.0,False
ORD003653,CUST02613,2024-06-23,Niacinamide Serum,1,0,19.0,True
ORD003654,CUST02615,2024-08-04,Niacinamide Serum,1,0,19.0,True
ORD003655,CUST02616,2024-04-04,Hydrating Moisturizer,1,25,21.0,True
ORD003656,CUST02616,2024-04-18,Retinol Night Cream,2,0,64.0,False
ORD003657,CUST02617,2024-09-06,Hydrating Moisturizer,1,0,28.0,True
ORD003658,CUST02617,2024-09-27,Gentle Cleanser,2,0,32.0,False
ORD003659,CUST02618,2024-07-08,Face Mask Set,1,0,20.0,True
ORD003660,CUST02619,2025-05-08,Gentle Cleanser,3,0,48.0,True
ORD003661,CUST02619,2025-06-04,Vitamin C Serum,1,0,22.0,False
ORD003662,CUST02620,2024-08-01,Retinol Night Cream,1,0,32.0,True
ORD003663,CUST02621,2025-04-04,SPF 50 Sunscreen,1,0,24.0,True
ORD003664,CUST02622,2025-06-06,Vitamin C Serum,1,25,16.5,True
ORD003665,CUST02623,2024-10-17,Face Mask Set,1,0,20.0,True
ORD003666,CUST02624,2025-06-11,Retinol Night Cream,2,0,64.0,True
ORD003667,CUST02624,2025-07-01,Niacinamide Serum,1,0,19.0,False
ORD003668,CUST02625,2024-09-14,Eye Cream,3,25,58.5,True
ORD003669,CUST02626,2025-07-12,Hydrating Moisturizer,1,0,28.0,True
ORD003670,CUST02627,2024-03-27,Face Mask Set,1,25,15.0,True
ORD003671,CUST02628,2025-02-02,Retinol Night Cream,1,15,27.2,True
ORD003672,CUST02629,2024-11-12,Hydrating Moisturizer,1,0,28.0,True
ORD003673,CUST02630,2024-09-19,Face Mask Set,1,15,17.0,True
ORD003674,CUST02631,2024-12-28,Gentle Cleanser,1,25,12.0,True
ORD003675,CUST02632,2025-02-09,Vitamin C Serum,1,10,19.8,True
ORD003676,CUST02633,2024-02-05,SPF 50 Sunscreen,1,25,18.0,True
ORD003677,CUST02634,2024-05-14,Gentle Cleanser,1,15,13.6,True
ORD003678,CUST02634,2024-06-02,Gentle Cleanser,1,0,16.0,False
ORD003679,CUST02635,2025-02-17,Niacinamide Serum,1,0,19.0,True
ORD003680,CUST02636,2025-01-17,Gentle Cleanser,1,25,12.0,True
ORD003681,CUST02637,2025-07-11,Retinol Night Cream,1,0,32.0,True
ORD003682,CUST02638,2025-03-17,Vitamin C Serum,1,10,19.8,True
ORD003683,CUST02639,2025-07-03,Eye Cream,1,20,20.8,True
ORD003684,CUST02640,2025-02-08,Hydrating Moisturizer,2,0,56.0,True
ORD003685,CUST02641,2024-07-25,SPF 50 Sunscreen,1,10,21.6,True
ORD003686,CUST02642,2024-04-06,Gentle Cleanser,1,0,16.0,True
ORD003687,CUST02643,2025-03-30,Eye Cream,2,25,39.0,True
ORD003688,CUST02643,2025-04-30,Hydrating Moisturizer,2,0,56.0,False
ORD003689,CUST02644,2025-01-02,SPF 50 Sunscreen,1,0,24.0,True
ORD003690,CUST02644,2025-01-27,Retinol Night Cream,1,0,32.0,False
ORD003691,CUST02645,2024-03-01,Niacinamide Serum,1,0,19.0,True
ORD003692,CUST02646,2024-09-03,Eye Cream,1,0,26.0,True
ORD003693,CUST02646,2024-12-11,Hydrating Moisturizer,2,25,42.0,False
ORD003694,CUST02647,2025-07-07,Face Mask Set,1,25,15.0,True
ORD003695,CUST02648,2024-11-16,Hydrating Moisturizer,3,0,84.0,True
ORD003696,CUST02649,2024-10-18,Vitamin C Serum,3,10,59.4,True
ORD003697,CUST02649,2024-11-05,Face Mask Set,1,25,15.0,False
ORD003698,CUST02650,2024-11-03,SPF 50 Sunscreen,2,20,38.4,True
ORD003699,CUST02651,2024-06-08,Eye Cream,3,0,78.0,True
ORD003700,CUST02651,2024-06-22,Face Mask Set,2,15,34.0,False
ORD003701,CUST02652,2024-09-08,Gentle Cleanser,1,0,16.0,True
ORD003702,CUST02652,2024-11-27,Niacinamide Serum,3,20,45.6,False
ORD003703,CUST02652,2025-05-02,Niacinamide Serum,1,20,15.2,False
ORD003704,CUST02652,2025-05-16,Vitamin C Serum,1,0,22.0,False
ORD003705,CUST02653,2024-09-11,Niacinamide Serum,1,0,19.0,True
ORD003706,CUST02654,2024-03-05,Retinol Night Cream,2,0,64.0,True
ORD003707,CUST02655,2025-03-23,Gentle Cleanser,1,25,12.0,True
ORD003708,CUST02655,2025-04-15,SPF 50 Sunscreen,1,0,24.0,False
ORD003709,CUST02656,2024-10-08,Eye Cream,1,0,26.0,True
ORD003710,CUST02656,2024-10-22,Vitamin C Serum,1,0,22.0,False
ORD003711,CUST02657,2025-04-23,Eye Cream,2,0,52.0,True
ORD003712,CUST02659,2024-06-07,Vitamin C Serum,2,25,33.0,True
ORD003713,CUST02660,2025-01-08,Face Mask Set,3,10,54.0,True
ORD003714,CUST02660,2025-01-28,SPF 50 Sunscreen,1,0,24.0,False
ORD003715,CUST02661,2024-11-06,Niacinamide Serum,3,20,45.6,True
ORD003716,CUST02662,2025-05-30,Gentle Cleanser,2,10,28.8,True
ORD003717,CUST02662,2025-07-30,Eye Cream,1,0,26.0,False
ORD003718,CUST02663,2024-06-10,Face Mask Set,1,0,20.0,True
ORD003719,CUST02664,2025-01-26,Hydrating Moisturizer,1,0,28.0,True
ORD003720,CUST02665,2024-12-20,Hydrating Moisturizer,1,15,23.8,True
ORD003721,CUST02665,2025-01-10,Niacinamide Serum,1,0,19.0,False
ORD003722,CUST02666,2024-07-22,Gentle Cleanser,2,0,32.0,True
ORD003723,CUST02666,2024-08-27,Eye Cream,1,25,19.5,False
ORD003724,CUST02666,2024-09-10,Niacinamide Serum,1,20,15.2,False
ORD003725,CUST02667,2024-04-25,Vitamin C Serum,1,0,22.0,True
ORD003726,CUST02668,2025-01-06,SPF 50 Sunscreen,2,0,48.0,True
ORD003727,CUST02668,2025-03-12,Face Mask Set,1,0,20.0,False
ORD003728,CUST02669,2025-03-04,Niacinamide Serum,2,25,28.5,True
ORD003729,CUST02670,2024-08-02,Eye Cream,1,10,23.4,True
ORD003730,CUST02670,2024-09-27,Niacinamide Serum,2,0,38.0,False
ORD003731,CUST02670,2024-10-11,Gentle Cleanser,1,25,12.0,False
ORD003732,CUST02671,2024-12-31,Niacinamide Serum,1,15,16.15,True
ORD003733,CUST02671,2025-03-28,Face Mask Set,2,10,36.0,False
ORD003734,CUST02672,2024-09-27,Niacinamide Serum,1,0,19.0,True
ORD003735,CUST02673,2025-02-16,Retinol Night Cream,2,15,54.4,True
ORD003736,CUST02674,2024-06-04,Niacinamide Serum,1,0,19.0,True
ORD003737,CUST02675,2025-06-05,SPF 50 Sunscreen,1,25,18.0,True
ORD003738,CUST02676,2024-07-16,Gentle Cleanser,1,25,12.0,True
ORD003739,CUST02678,2024-03-07,Vitamin C Serum,1,0,22.0,True
ORD003740,CUST02679,2024-04-08,SPF 50 Sunscreen,1,15,20.4,True
ORD003741,CUST02681,2024-07-06,Niacinamide Serum,1,0,19.0,True
ORD003742,CUST02682,2025-05-03,Face Mask Set,1,0,20.0,True
ORD003743,CUST02682,2025-05-17,Hydrating Moisturizer,2,0,56.0,False
ORD003744,CUST02682,2025-06-02,SPF 50 Sunscreen,1,10,21.6,False
ORD003745,CUST02683,2024-02-10,Niacinamide Serum,1,0,19.0,True
ORD003746,CUST02684,2024-09-14,Gentle Cleanser,2,0,32.0,True
ORD003747,CUST02684,2025-02-16,Hydrating Moisturizer,1,0,28.0,False
ORD003748,CUST02685,2024-08-20,Gentle Cleanser,2,25,24.0,True
ORD003749,CUST02686,2024-02-12,Gentle Cleanser,2,15,27.2,True
ORD003750,CUST02687,2024-04-19,Hydrating Moisturizer,3,10,75.6,True
ORD003751,CUST02687,2024-09-01,SPF 50 Sunscreen,3,10,64.8,False
ORD003752,CUST02687,2024-11-22,Face Mask Set,1,0,20.0,False
ORD003753,CUST02688,2024-10-05,Eye Cream,1,10,23.4,True
ORD003754,CUST02689,2024-11-11,Gentle Cleanser,3,0,48.0,True
ORD003755,CUST02691,2024-11-24,Gentle Cleanser,1,0,16.0,True
ORD003756,CUST02692,2024-12-12,Eye Cream,3,0,78.0,True
ORD003757,CUST02693,2024-02-07,Niacinamide Serum,1,20,15.2,True
ORD003758,CUST02694,2024-11-05,Retinol Night Cream,1,0,32.0,True
ORD003759,CUST02695,2025-07-09,Retinol Night Cream,3,10,86.4,True
ORD003760,CUST02696,2024-11-19,Hydrating Moisturizer,1,20,22.4,True
ORD003761,CUST02697,2025-01-25,Retinol Night Cream,1,0,32.0,True
ORD003762,CUST02697,2025-02-24,Face Mask Set,1,0,20.0,False
ORD003763,CUST02697,2025-03-28,Vitamin C Serum,3,0,66.0,False
ORD003764,CUST02698,2024-08-03,SPF 50 Sunscreen,2,0,48.0,True
ORD003765,CUST02698,2024-09-01,SPF 50 Sunscreen,1,0,24.0,False
ORD003766,CUST02698,2024-10-01,Vitamin C Serum,1,20,17.6,False
ORD003767,CUST02698,2024-12-06,Hydrating Moisturizer,3,0,84.0,False
ORD003768,CUST02699,2025-03-25,Retinol Night Cream,3,25,72.0,True
ORD003769,CUST02701,2024-11-18,Eye Cream,1,0,26.0,True
ORD003770,CUST02702,2025-07-18,Face Mask Set,1,0,20.0,True
ORD003771,CUST02703,2024-04-18,Niacinamide Serum,1,25,14.25,True
ORD003772,CUST02703,2024-05-02,Niacinamide Serum,2,25,28.5,False
ORD003773,CUST02705,2025-03-23,Vitamin C Serum,1,0,22.0,True
ORD003774,CUST02705,2025-05-01,Retinol Night Cream,1,25,24.0,False
ORD003775,CUST02706,2025-04-13,Hydrating Moisturizer,1,20,22.4,True
ORD003776,CUST02707,2024-04-15,Hydrating Moisturizer,1,0,28.0,True
ORD003777,CUST02707,2024-08-07,Eye Cream,1,25,19.5,False
ORD003778,CUST02707,2024-08-21,Retinol Night Cream,2,10,57.6,False
ORD003779,CUST02707,2024-09-20,Eye Cream,2,15,44.2,False
ORD003780,CUST02708,2024-07-02,SPF 50 Sunscreen,1,25,18.0,True
ORD003781,CUST02708,2024-08-06,Retinol Night Cream,1,0,32.0,False
ORD003782,CUST02709,2024-02-13,Hydrating Moisturizer,1,20,22.4,True
ORD003783,CUST02710,2024-07-22,Face Mask Set,1,0,20.0,True
ORD003784,CUST02711,2025-03-24,Retinol Night Cream,1,15,27.2,True
ORD003785,CUST02712,2024-11-17,Face Mask Set,1,0,20.0,True
ORD003786,CUST02713,2024-08-28,Face Mask Set,3,10,54.0,True
ORD003787,CUST02714,2024-09-11,Gentle Cleanser,1,20,12.8,True
ORD003788,CUST02715,2024-02-01,Eye Cream,1,0,26.0,True
ORD003789,CUST02715,2024-07-17,Retinol Night Cream,1,0,32.0,False
ORD003790,CUST02716,2024-07-26,Vitamin C Serum,1,15,18.7,True
ORD003791,CUST02716,2024-08-12,Gentle Cleanser,3,0,48.0,False
ORD003792,CUST02716,2024-08-31,Gentle Cleanser,1,0,16.0,False
ORD003793,CUST02716,2024-10-22,Vitamin C Serum,1,0,22.0,False
ORD003794,CUST02717,2025-01-01,Niacinamide Serum,1,0,19.0,True
ORD003795,CUST02717,2025-05-04,Face Mask Set,1,0,20.0,False
ORD003796,CUST02718,2025-07-16,Gentle Cleanser,1,0,16.0,True
ORD003797,CUST02719,2025-05-07,Face Mask Set,2,15,34.0,True
ORD003798,CUST02720,2024-02-18,Niacinamide Serum,1,0,19.0,True
ORD003799,CUST02721,2025-06-08,SPF 50 Sunscreen,1,25,18.0,True
ORD003800,CUST02721,2025-06-22,Hydrating Moisturizer,1,0,28.0,False
ORD003801,CUST02723,2025-03-29,Gentle Cleanser,1,0,16.0,True
ORD003802,CUST02725,2024-09-28,Eye Cream,2,0,52.0,True
ORD003803,CUST02726,2024-07-26,Eye Cream,1,0,26.0,True
ORD003804,CUST02727,2024-03-15,Gentle Cleanser,1,0,16.0,True
ORD003805,CUST02728,2024-06-15,Retinol Night Cream,3,10,86.4,True
ORD003806,CUST02729,2024-06-23,Vitamin C Serum,1,0,22.0,True
ORD003807,CUST02729,2024-07-09,Eye Cream,1,0,26.0,False
ORD003808,CUST02729,2024-07-24,Gentle Cleanser,1,10,14.4,False
ORD003809,CUST02731,2025-03-11,Face Mask Set,3,0,60.0,True
ORD003810,CUST02732,2024-11-07,Eye Cream,1,0,26.0,True
ORD003811,CUST02733,2024-03-07,Face Mask Set,1,0,20.0,True
ORD003812,CUST02734,2025-07-05,Eye Cream,2,10,46.8,True
ORD003813,CUST02735,2025-06-29,Vitamin C Serum,1,0,22.0,True
ORD003814,CUST02737,2025-07-28,Hydrating Moisturizer,1,10,25.2,True
ORD003815,CUST02738,2024-11-25,Niacinamide Serum,1,20,15.2,True
ORD003816,CUST02738,2024-12-16,Hydrating Moisturizer,2,10,50.4,False
ORD003817,CUST02738,2025-01-29,Vitamin C Serum,1,0,22.0,False
ORD003818,CUST02739,2025-07-08,Retinol Night Cream,1,0,32.0,True
ORD003819,CUST02740,2024-03-21,Gentle Cleanser,3,0,48.0,True
ORD003820,CUST02740,2024-04-23,SPF 50 Sunscreen,1,10,21.6,False
ORD003821,CUST02741,2024-09-09,Retinol Night Cream,1,0,32.0,True
ORD003822,CUST02741,2024-09-23,Retinol Night Cream,1,0,32.0,False
ORD003823,CUST02742,2024-06-14,SPF 50 Sunscreen,2,0,48.0,True
ORD003824,CUST02743,2024-06-01,Eye Cream,1,0,26.0,True
ORD003825,CUST02744,2024-04-28,Vitamin C Serum,1,0,22.0,True
ORD003826,CUST02745,2024-12-22,Vitamin C Serum,1,0,22.0,True
ORD003827,CUST02746,2025-03-30,Vitamin C Serum,1,0,22.0,True
ORD003828,CUST02747,2024-12-08,Hydrating Moisturizer,3,0,84.0,True
ORD003829,CUST02748,2024-05-01,SPF 50 Sunscreen,3,0,72.0,True
ORD003830,CUST02748,2024-07-07,Vitamin C Serum,3,0,66.0,False
ORD003831,CUST02749,2025-04-18,Niacinamide Serum,2,15,32.3,True
ORD003832,CUST02749,2025-05-27,Hydrating Moisturizer,2,0,56.0,False
ORD003833,CUST02750,2024-12-28,SPF 50 Sunscreen,1,0,24.0,True
ORD003834,CUST02751,2024-09-20,Vitamin C Serum,1,0,22.0,True
ORD003835,CUST02752,2025-01-21,SPF 50 Sunscreen,2,0,48.0,True
ORD003836,CUST02753,2024-06-29,Niacinamide Serum,2,0,38.0,True
ORD003837,CUST02754,2024-08-25,Retinol Night Cream,1,10,28.8,True
ORD003838,CUST02754,2024-09-18,SPF 50 Sunscreen,1,0,24.0,False
ORD003839,CUST02755,2025-06-16,Eye Cream,1,0,26.0,True
ORD003840,CUST02756,2024-07-19,Retinol Night Cream,3,15,81.6,True
ORD003841,CUST02756,2024-12-25,Hydrating Moisturizer,1,10,25.2,False
ORD003842,CUST02756,2025-01-14,Retinol Night Cream,1,0,32.0,False
ORD003843,CUST02756,2025-02-15,Vitamin C Serum,2,0,44.0,False
ORD003844,CUST02757,2024-11-07,SPF 50 Sunscreen,1,10,21.6,True
ORD003845,CUST02757,2024-11-21,Vitamin C Serum,1,0,22.0,False
ORD003846,CUST02758,2025-06-03,Niacinamide Serum,1,0,19.0,True
ORD003847,CUST02759,2025-02-12,Retinol Night Cream,1,15,27.2,True
ORD003848,CUST02760,2024-03-12,Niacinamide Serum,1,0,19.0,True
ORD003849,CUST02760,2024-03-26,Gentle Cleanser,2,0,32.0,False
ORD003850,CUST02761,2024-04-30,Hydrating Moisturizer,3,0,84.0,True
ORD003851,CUST02762,2024-02-07,Retinol Night Cream,2,0,64.0,True
ORD003852,CUST02763,2024-12-27,Face Mask Set,1,15,17.0,True
ORD003853,CUST02763,2025-01-23,Niacinamide Serum,1,0,19.0,False
ORD003854,CUST02763,2025-02-06,Face Mask Set,1,0,20.0,False
ORD003855,CUST02764,2024-10-28,SPF 50 Sunscreen,1,15,20.4,True
ORD003856,CUST02765,2024-04-24,Niacinamide Serum,1,15,16.15,True
ORD003857,CUST02765,2024-10-01,Face Mask Set,1,25,15.0,False
ORD003858,CUST02765,2024-10-15,Gentle Cleanser,3,0,48.0,False
ORD003859,CUST02766,2025-07-08,Vitamin C Serum,1,0,22.0,True
ORD003860,CUST02767,2024-11-22,Face Mask Set,1,15,17.0,True
ORD003861,CUST02767,2024-12-06,Hydrating Moisturizer,3,25,63.0,False
ORD003862,CUST02767,2024-12-20,Niacinamide Serum,1,20,15.2,False
ORD003863,CUST02767,2025-05-09,Gentle Cleanser,1,0,16.0,False
ORD003864,CUST02768,2024-06-23,Gentle Cleanser,1,15,13.6,True
ORD003865,CUST02769,2024-11-15,Vitamin C Serum,1,0,22.0,True
ORD003866,CUST02770,2025-01-26,Gentle Cleanser,3,0,48.0,True
ORD003867,CUST02770,2025-02-20,Eye Cream,2,0,52.0,False
ORD003868,CUST02770,2025-03-07,Niacinamide Serum,1,0,19.0,False
ORD003869,CUST02771,2024-03-20,Retinol Night Cream,3,20,76.8,True
ORD003870,CUST02772,2024-07-10,Face Mask Set,2,25,30.0,True
ORD003871,CUST02773,2025-04-13,Eye Cream,1,0,26.0,True
ORD003872,CUST02774,2024-11-03,Hydrating Moisturizer,1,0,28.0,True
ORD003873,CUST02775,2024-11-26,Gentle Cleanser,1,0,16.0,True
ORD003874,CUST02776,2024-10-18,Eye Cream,3,0,78.0,True
ORD003875,CUST02777,2024-02-27,Retinol Night Cream,2,0,64.0,True
ORD003876,CUST02778,2024-05-14,Niacinamide Serum,1,20,15.2,True
ORD003877,CUST02778,2024-09-28,Hydrating Moisturizer,1,0,28.0,False
ORD003878,CUST02779,2024-10-26,Niacinamide Serum,1,15,16.15,True
ORD003879,CUST02779,2024-11-29,Vitamin C Serum,1,0,22.0,False
ORD003880,CUST02780,2024-06-07,Eye Cream,3,0,78.0,True
ORD003881,CUST02781,2024-03-05,Gentle Cleanser,3,20,38.4,True
ORD003882,CUST02782,2025-05-07,Face Mask Set,1,10,18.0,True
ORD003883,CUST02783,2025-07-21,Retinol Night Cream,1,0,32.0,True
ORD003884,CUST02784,2025-04-06,SPF 50 Sunscreen,1,0,24.0,True
ORD003885,CUST02784,2025-04-24,Retinol Night Cream,1,0,32.0,False
ORD003886,CUST02785,2025-05-11,Gentle Cleanser,1,20,12.8,True
ORD003887,CUST02786,2024-06-24,Gentle Cleanser,1,0,16.0,True
ORD003888,CUST02787,2025-07-07,Hydrating Moisturizer,1,0,28.0,True
ORD003889,CUST02788,2024-06-02,Eye Cream,1,10,23.4,True
ORD003890,CUST02788,2024-07-30,Hydrating Moisturizer,3,10,75.6,False
ORD003891,CUST02788,2024-09-20,Retinol Night Cream,2,0,64.0,False
ORD003892,CUST02788,2024-12-14,Eye Cream,1,25,19.5,False
ORD003893,CUST02789,2025-07-03,Gentle Cleanser,1,0,16.0,True
ORD003894,CUST02790,2025-07-29,Retinol Night Cream,1,0,32.0,True
ORD003895,CUST02791,2025-02-14,Niacinamide Serum,1,20,15.2,True
ORD003896,CUST02792,2025-07-20,Eye Cream,1,0,26.0,True
ORD003897,CUST02793,2024-12-05,Gentle Cleanser,1,10,14.4,True
ORD003898,CUST02793,2025-01-04,Vitamin C Serum,1,25,16.5,False
ORD003899,CUST02794,2024-06-29,Face Mask Set,2,0,40.0,True
ORD003900,CUST02795,2024-10-19,Eye Cream,1,0,26.0,True
ORD003901,CUST02796,2024-12-11,Hydrating Moisturizer,1,15,23.8,True
ORD003902,CUST02796,2025-01-18,Eye Cream,2,20,41.6,False
ORD003903,CUST02797,2024-03-18,Niacinamide Serum,1,0,19.0,True
ORD003904,CUST02798,2024-12-23,Eye Cream,1,0,26.0,True
ORD003905,CUST02799,2025-07-22,Retinol Night Cream,1,10,28.8,True
ORD003906,CUST02800,2024-05-27,Hydrating Moisturizer,1,15,23.8,True
ORD003907,CUST02801,2025-04-04,Vitamin C Serum,3,0,66.0,True
ORD003908,CUST02802,2025-06-13,Gentle Cleanser,3,0,48.0,True
ORD003909,CUST02803,2025-06-29,Gentle Cleanser,3,0,48.0,True
ORD003910,CUST02804,2025-07-09,Gentle Cleanser,1,0,16.0,True
ORD003911,CUST02805,2024-11-18,Face Mask Set,2,0,40.0,True
ORD003912,CUST02805,2024-12-29,Vitamin C Serum,1,0,22.0,False
ORD003913,CUST02806,2025-07-17,Hydrating Moisturizer,2,0,56.0,True
ORD003914,CUST02807,2025-03-16,Niacinamide Serum,1,15,16.15,True
ORD003915,CUST02808,2024-05-09,Face Mask Set,1,10,18.0,True
ORD003916,CUST02809,2024-11-09,Eye Cream,1,0,26.0,True
ORD003917,CUST02810,2025-02-18,Hydrating Moisturizer,1,0,28.0,True
ORD003918,CUST02811,2024-06-23,Niacinamide Serum,1,20,15.2,True
ORD003919,CUST02812,2024-12-30,Hydrating Moisturizer,1,0,28.0,True
ORD003920,CUST02813,2025-01-15,Retinol Night Cream,3,0,96.0,True
ORD003921,CUST02814,2024-05-10,Niacinamide Serum,1,20,15.2,True
ORD003922,CUST02814,2024-06-17,Hydrating Moisturizer,1,0,28.0,False
ORD003923,CUST02815,2024-12-01,Hydrating Moisturizer,1,0,28.0,True
ORD003924,CUST02816,2025-03-24,Vitamin C Serum,1,0,22.0,True
ORD003925,CUST02817,2024-11-14,Face Mask Set,1,10,18.0,True
ORD003926,CUST02818,2024-02-09,Niacinamide Serum,1,0,19.0,True
ORD003927,CUST02818,2024-03-09,Face Mask Set,1,0,20.0,False
ORD003928,CUST02818,2024-03-23,Retinol Night Cream,1,25,24.0,False
ORD003929,CUST02818,2024-07-09,Face Mask Set,1,15,17.0,False
ORD003930,CUST02818,2024-07-23,Vitamin C Serum,1,0,22.0,False
ORD003931,CUST02818,2024-09-14,Niacinamide Serum,1,0,19.0,False
ORD003932,CUST02818,2024-09-28,Eye Cream,1,0,26.0,False
ORD003933,CUST02818,2024-10-26,Gentle Cleanser,2,0,32.0,False
ORD003934,CUST02819,2024-02-07,Gentle Cleanser,1,0,16.0,True
ORD003935,CUST02819,2024-03-08,Hydrating Moisturizer,1,25,21.0,False
ORD003936,CUST02820,2024-09-03,Retinol Night Cream,1,0,32.0,True
ORD003937,CUST02820,2024-09-17,Retinol Night Cream,1,0,32.0,False
ORD003938,CUST02820,2024-10-01,Retinol Night Cream,2,0,64.0,False
ORD003939,CUST02821,2025-06-22,Niacinamide Serum,2,0,38.0,True
ORD003940,CUST02822,2024-06-17,Retinol Night Cream,3,0,96.0,True
ORD003941,CUST02823,2024-12-29,Retinol Night Cream,1,0,32.0,True
ORD003942,CUST02824,2024-06-14,Retinol Night Cream,1,0,32.0,True
ORD003943,CUST02824,2024-08-16,Gentle Cleanser,1,20,12.8,False
ORD003944,CUST02825,2024-08-07,Eye Cream,1,10,23.4,True
ORD003945,CUST02825,2024-08-21,SPF 50 Sunscreen,2,10,43.2,False
ORD003946,CUST02826,2025-05-10,SPF 50 Sunscreen,3,25,54.0,True
ORD003947,CUST02826,2025-06-10,Face Mask Set,1,0,20.0,False
ORD003948,CUST02827,2025-02-27,Niacinamide Serum,2,0,38.0,True
ORD003949,CUST02828,2024-04-01,Vitamin C Serum,2,0,44.0,True
ORD003950,CUST02828,2024-04-28,SPF 50 Sunscreen,1,20,19.2,False
ORD003951,CUST02828,2024-06-11,Face Mask Set,1,0,20.0,False
ORD003952,CUST02828,2024-07-28,Face Mask Set,3,20,48.0,False
ORD003953,CUST02828,2024-08-11,Hydrating Moisturizer,1,0,28.0,False
ORD003954,CUST02828,2024-09-08,Face Mask Set,1,0,20.0,False
ORD003955,CUST02829,2024-10-15,Face Mask Set,3,20,48.0,True
ORD003956,CUST02829,2025-01-01,Niacinamide Serum,1,20,15.2,False
ORD003957,CUST02830,2024-02-19,Face Mask Set,1,0,20.0,True
ORD003958,CUST02831,2024-11-08,SPF 50 Sunscreen,1,20,19.2,True
ORD003959,CUST02832,2025-01-14,Vitamin C Serum,1,10,19.8,True
ORD003960,CUST02833,2024-04-13,Retinol Night Cream,1,15,27.2,True
ORD003961,CUST02834,2024-07-17,SPF 50 Sunscreen,1,0,24.0,True
ORD003962,CUST02835,2024-09-28,SPF 50 Sunscreen,1,0,24.0,True
ORD003963,CUST02835,2024-10-12,Face Mask Set,2,0,40.0,False
ORD003964,CUST02836,2025-06-16,SPF 50 Sunscreen,1,15,20.4,True
ORD003965,CUST02837,2025-07-26,Vitamin C Serum,1,25,16.5,True
ORD003966,CUST02838,2024-03-02,Vitamin C Serum,2,0,44.0,True
ORD003967,CUST02838,2024-04-14,Face Mask Set,2,20,32.0,False
ORD003968,CUST02838,2024-07-23,Face Mask Set,1,0,20.0,False
ORD003969,CUST02839,2025-03-19,Niacinamide Serum,1,0,19.0,True
ORD003970,CUST02839,2025-04-10,Eye Cream,3,0,78.0,False
ORD003971,CUST02839,2025-04-24,Vitamin C Serum,1,0,22.0,False
ORD003972,CUST02840,2024-09-11,Niacinamide Serum,3,20,45.6,True
ORD003973,CUST02841,2024-09-22,Hydrating Moisturizer,1,0,28.0,True
ORD003974,CUST02842,2025-03-12,Face Mask Set,1,0,20.0,True
ORD003975,CUST02842,2025-05-05,Hydrating Moisturizer,1,0,28.0,False
ORD003976,CUST02843,2025-06-15,Vitamin C Serum,1,10,19.8,True
ORD003977,CUST02844,2025-07-04,Vitamin C Serum,1,0,22.0,True
ORD003978,CUST02845,2024-12-08,Gentle Cleanser,1,0,16.0,True
ORD003979,CUST02845,2025-02-09,Vitamin C Serum,1,0,22.0,False
ORD003980,CUST02846,2024-09-03,Retinol Night Cream,1,0,32.0,True
ORD003981,CUST02849,2024-12-02,Face Mask Set,3,0,60.0,True
ORD003982,CUST02850,2024-09-04,Gentle Cleanser,1,0,16.0,True
ORD003983,CUST02851,2025-01-08,Hydrating Moisturizer,1,0,28.0,True
ORD003984,CUST02852,2024-06-21,Face Mask Set,3,10,54.0,True
ORD003985,CUST02853,2024-05-27,SPF 50 Sunscreen,3,0,72.0,True
ORD003986,CUST02854,2025-06-18,Niacinamide Serum,1,10,17.1,True
ORD003987,CUST02855,2024-04-06,Niacinamide Serum,2,15,32.3,True
ORD003988,CUST02856,2024-11-16,Eye Cream,1,0,26.0,True
ORD003989,CUST02856,2024-11-30,Retinol Night Cream,1,10,28.8,False
ORD003990,CUST02857,2024-06-11,Vitamin C Serum,1,0,22.0,True
ORD003991,CUST02857,2024-09-23,Gentle Cleanser,3,0,48.0,False
ORD003992,CUST02857,2025-01-31,Retinol Night Cream,1,0,32.0,False
ORD003993,CUST02858,2024-02-26,Face Mask Set,2,0,40.0,True
ORD003994,CUST02859,2024-02-25,Face Mask Set,1,25,15.0,True
ORD003995,CUST02860,2024-05-19,Gentle Cleanser,3,0,48.0,True
ORD003996,CUST02861,2025-05-20,Vitamin C Serum,1,0,22.0,True
ORD003997,CUST02862,2024-07-14,Face Mask Set,1,15,17.0,True
ORD003998,CUST02863,2025-07-03,Vitamin C Serum,2,25,33.0,True
ORD003999,CUST02864,2024-12-08,Hydrating Moisturizer,1,0,28.0,True
ORD004000,CUST02864,2025-01-07,SPF 50 Sunscreen,2,0,48.0,False
ORD004001,CUST02865,2024-10-19,Gentle Cleanser,1,10,14.4,True
ORD004002,CUST02865,2024-12-01,Hydrating Moisturizer,1,0,28.0,False
ORD004003,CUST02866,2024-12-09,Vitamin C Serum,2,0,44.0,True
ORD004004,CUST02867,2024-11-18,Gentle Cleanser,2,0,32.0,True
ORD004005,CUST02867,2025-02-17,SPF 50 Sunscreen,1,25,18.0,False
ORD004006,CUST02868,2025-03-18,Face Mask Set,1,20,16.0,True
ORD004007,CUST02870,2024-08-29,Retinol Night Cream,1,25,24.0,True
ORD004008,CUST02871,2025-06-06,Face Mask Set,2,10,36.0,True
ORD004009,CUST02872,2025-07-01,Eye Cream,3,15,66.3,True
ORD004010,CUST02873,2025-06-04,Vitamin C Serum,2,10,39.6,True
ORD004011,CUST02874,2024-10-12,Retinol Night Cream,1,15,27.2,True
ORD004012,CUST02875,2025-03-29,Eye Cream,1,0,26.0,True
ORD004013,CUST02876,2024-11-07,Niacinamide Serum,1,0,19.0,True
ORD004014,CUST02877,2024-11-12,Gentle Cleanser,2,0,32.0,True
ORD004015,CUST02878,2024-06-03,Face Mask Set,1,15,17.0,True
ORD004016,CUST02879,2024-12-10,SPF 50 Sunscreen,1,10,21.6,True
ORD004017,CUST02880,2024-05-26,Retinol Night Cream,2,25,48.0,True
ORD004018,CUST02881,2024-08-15,Gentle Cleanser,1,15,13.6,True
ORD004019,CUST02881,2024-08-29,Niacinamide Serum,2,0,38.0,False
ORD004020,CUST02881,2024-11-14,Retinol Night Cream,1,0,32.0,False
ORD004021,CUST02882,2025-05-13,SPF 50 Sunscreen,3,25,54.0,True
ORD004022,CUST02883,2024-06-06,Face Mask Set,1,0,20.0,True
ORD004023,CUST02884,2024-03-16,Hydrating Moisturizer,3,0,84.0,True
ORD004024,CUST02885,2024-03-17,Hydrating Moisturizer,1,0,28.0,True
ORD004025,CUST02885,2024-08-01,Face Mask Set,1,25,15.0,False
ORD004026,CUST02885,2024-10-02,Vitamin C Serum,1,20,17.6,False
ORD004027,CUST02885,2025-01-01,Eye Cream,1,0,26.0,False
ORD004028,CUST02886,2025-06-29,Gentle Cleanser,2,0,32.0,True
ORD004029,CUST02887,2024-11-17,Hydrating Moisturizer,1,0,28.0,True
ORD004030,CUST02887,2024-12-22,SPF 50 Sunscreen,2,0,48.0,False
ORD004031,CUST02887,2025-04-27,Vitamin C Serum,1,0,22.0,False
ORD004032,CUST02887,2025-05-19,Vitamin C Serum,1,0,22.0,False
ORD004033,CUST02887,2025-06-07,Hydrating Moisturizer,2,0,56.0,False
ORD004034,CUST02888,2024-10-06,Retinol Night Cream,2,25,48.0,True
ORD004035,CUST02889,2025-04-18,Face Mask Set,2,10,36.0,True
ORD004036,CUST02890,2025-05-02,Eye Cream,1,15,22.1,True
ORD004037,CUST02890,2025-06-29,Niacinamide Serum,1,0,19.0,False
ORD004038,CUST02891,2024-08-15,Gentle Cleanser,1,25,12.0,True
ORD004039,CUST02892,2025-02-03,Face Mask Set,1,0,20.0,True
ORD004040,CUST02892,2025-05-04,Gentle Cleanser,1,25,12.0,False
ORD004041,CUST02893,2025-03-22,Retinol Night Cream,3,10,86.4,True
ORD004042,CUST02894,2025-01-07,Retinol Night Cream,1,25,24.0,True
ORD004043,CUST02896,2025-05-27,Retinol Night Cream,1,15,27.2,True
ORD004044,CUST02896,2025-06-10,Eye Cream,1,0,26.0,False
ORD004045,CUST02897,2024-11-23,Gentle Cleanser,1,0,16.0,True
ORD004046,CUST02899,2024-10-13,SPF 50 Sunscreen,1,0,24.0,True
ORD004047,CUST02899,2024-10-27,Vitamin C Serum,1,0,22.0,False
ORD004048,CUST02899,2025-01-19,Eye Cream,1,0,26.0,False
ORD004049,CUST02899,2025-02-09,Face Mask Set,1,0,20.0,False
ORD004050,CUST02900,2024-02-26,Face Mask Set,3,0,60.0,True
ORD004051,CUST02901,2024-04-20,SPF 50 Sunscreen,1,0,24.0,True
ORD004052,CUST02902,2025-03-22,Eye Cream,1,15,22.1,True
ORD004053,CUST02904,2024-10-10,Retinol Night Cream,2,0,64.0,True
ORD004054,CUST02905,2024-11-19,Hydrating Moisturizer,3,20,67.2,True
ORD004055,CUST02905,2024-12-03,Retinol Night Cream,3,0,96.0,False
ORD004056,CUST02906,2024-03-07,Eye Cream,1,0,26.0,True
ORD004057,CUST02908,2024-06-16,SPF 50 Sunscreen,1,25,18.0,True
ORD004058,CUST02908,2024-07-15,SPF 50 Sunscreen,1,0,24.0,False
ORD004059,CUST02908,2024-12-07,Niacinamide Serum,2,0,38.0,False
ORD004060,CUST02908,2025-04-18,Eye Cream,3,20,62.4,False
ORD004061,CUST02909,2024-07-28,Retinol Night Cream,3,0,96.0,True
ORD004062,CUST02910,2024-07-28,SPF 50 Sunscreen,2,10,43.2,True
ORD004063,CUST02911,2024-06-15,SPF 50 Sunscreen,1,20,19.2,True
ORD004064,CUST02912,2024-02-02,Niacinamide Serum,3,15,48.45,True
ORD004065,CUST02913,2025-02-27,SPF 50 Sunscreen,1,0,24.0,True
ORD004066,CUST02914,2025-07-11,Eye Cream,2,0,52.0,True
ORD004067,CUST02915,2024-06-15,Niacinamide Serum,2,0,38.0,True
ORD004068,CUST02917,2025-03-04,SPF 50 Sunscreen,2,0,48.0,True
ORD004069,CUST02917,2025-06-06,Eye Cream,1,0,26.0,False
ORD004070,CUST02918,2025-05-11,Vitamin C Serum,1,0,22.0,True
ORD004071,CUST02918,2025-05-28,Hydrating Moisturizer,1,10,25.2,False
ORD004072,CUST02919,2024-10-12,Retinol Night Cream,1,20,25.6,True
ORD004073,CUST02919,2024-11-09,Face Mask Set,2,0,40.0,False
ORD004074,CUST02920,2024-07-25,Face Mask Set,2,0,40.0,True
ORD004075,CUST02921,2024-08-12,Niacinamide Serum,1,0,19.0,True
ORD004076,CUST02922,2025-02-14,Retinol Night Cream,1,15,27.2,True
ORD004077,CUST02922,2025-02-28,Face Mask Set,1,10,18.0,False
ORD004078,CUST02923,2025-04-21,Retinol Night Cream,1,0,32.0,True
ORD004079,CUST02924,2024-05-21,Niacinamide Serum,1,15,16.15,True
ORD004080,CUST02925,2024-09-12,SPF 50 Sunscreen,2,20,38.4,True
ORD004081,CUST02926,2025-06-08,Face Mask Set,1,0,20.0,True
ORD004082,CUST02927,2025-04-16,Hydrating Moisturizer,1,0,28.0,True
ORD004083,CUST02929,2025-03-14,Eye Cream,2,0,52.0,True
ORD004084,CUST02930,2024-09-23,Hydrating Moisturizer,1,15,23.8,True
ORD004085,CUST02930,2024-10-17,Gentle Cleanser,3,0,48.0,False
ORD004086,CUST02930,2024-12-02,Gentle Cleanser,1,0,16.0,False
ORD004087,CUST02931,2024-12-12,Gentle Cleanser,1,0,16.0,True
ORD004088,CUST02932,2025-01-12,Gentle Cleanser,2,0,32.0,True
ORD004089,CUST02933,2024-03-20,Gentle Cleanser,1,20,12.8,True
ORD004090,CUST02933,2024-04-03,Niacinamide Serum,1,20,15.2,False
ORD004091,CUST02934,2024-11-28,Face Mask Set,1,20,16.0,True
ORD004092,CUST02934,2024-12-12,Gentle Cleanser,1,0,16.0,False
ORD004093,CUST02935,2025-02-14,Eye Cream,1,25,19.5,True
ORD004094,CUST02935,2025-04-07,Niacinamide Serum,2,0,38.0,False
ORD004095,CUST02936,2024-05-13,Vitamin C Serum,1,0,22.0,True
ORD004096,CUST02937,2025-03-30,SPF 50 Sunscreen,1,0,24.0,True
ORD004097,CUST02938,2024-12-10,SPF 50 Sunscreen,1,0,24.0,True
ORD004098,CUST02939,2025-07-02,Gentle Cleanser,1,0,16.0,True
ORD004099,CUST02939,2025-07-19,Face Mask Set,2,10,36.0,False
ORD004100,CUST02940,2024-02-26,Face Mask Set,1,15,17.0,True
ORD004101,CUST02940,2024-03-11,Eye Cream,1,15,22.1,False
ORD004102,CUST02941,2024-07-02,Retinol Night Cream,1,0,32.0,True
ORD004103,CUST02942,2024-12-17,SPF 50 Sunscreen,1,0,24.0,True
ORD004104,CUST02942,2025-01-04,SPF 50 Sunscreen,1,0,24.0,False
ORD004105,CUST02943,2024-07-21,Gentle Cleanser,2,15,27.2,True
ORD004106,CUST02944,2025-02-16,Face Mask Set,1,0,20.0,True
ORD004107,CUST02945,2025-03-16,Hydrating Moisturizer,1,0,28.0,True
ORD004108,CUST02946,2024-04-04,Eye Cream,2,0,52.0,True
ORD004109,CUST02947,2024-11-18,Face Mask Set,1,0,20.0,True
ORD004110,CUST02947,2025-04-11,Eye Cream,2,0,52.0,False
ORD004111,CUST02948,2024-11-18,Gentle Cleanser,1,0,16.0,True
ORD004112,CUST02949,2024-09-08,Niacinamide Serum,3,25,42.75,True
ORD004113,CUST02950,2025-06-24,Eye Cream,1,0,26.0,True
ORD004114,CUST02950,2025-07-08,SPF 50 Sunscreen,1,0,24.0,False
ORD004115,CUST02951,2025-04-28,Gentle Cleanser,1,25,12.0,True
ORD004116,CUST02952,2025-02-06,Vitamin C Serum,2,0,44.0,True
ORD004117,CUST02953,2025-02-16,Hydrating Moisturizer,1,0,28.0,True
ORD004118,CUST02953,2025-06-02,Niacinamide Serum,1,20,15.2,False
ORD004119,CUST02954,2024-11-03,Vitamin C Serum,2,0,44.0,True
ORD004120,CUST02955,2025-06-20,Hydrating Moisturizer,1,20,22.4,True
ORD004121,CUST02956,2025-02-05,Vitamin C Serum,1,0,22.0,True
ORD004122,CUST02956,2025-03-05,Gentle Cleanser,2,0,32.0,False
ORD004123,CUST02958,2025-05-19,Hydrating Moisturizer,1,25,21.0,True
ORD004124,CUST02959,2024-07-09,SPF 50 Sunscreen,1,15,20.4,True
ORD004125,CUST02960,2025-04-14,SPF 50 Sunscreen,2,20,38.4,True
ORD004126,CUST02961,2024-05-31,Eye Cream,1,10,23.4,True
ORD004127,CUST02962,2024-08-25,Eye Cream,1,25,19.5,True
ORD004128,CUST02962,2024-10-01,Gentle Cleanser,1,0,16.0,False
ORD004129,CUST02963,2024-08-19,Eye Cream,1,0,26.0,True
ORD004130,CUST02963,2024-09-02,SPF 50 Sunscreen,1,0,24.0,False
ORD004131,CUST02963,2024-11-16,Retinol Night Cream,1,0,32.0,False
ORD004132,CUST02964,2025-07-19,Hydrating Moisturizer,1,20,22.4,True
ORD004133,CUST02965,2025-05-16,SPF 50 Sunscreen,1,0,24.0,True
ORD004134,CUST02965,2025-05-30,Eye Cream,1,10,23.4,False
ORD004135,CUST02966,2025-02-08,Hydrating Moisturizer,1,0,28.0,True
ORD004136,CUST02966,2025-04-02,Niacinamide Serum,1,0,19.0,False
ORD004137,CUST02966,2025-05-28,SPF 50 Sunscreen,1,0,24.0,False
ORD004138,CUST02968,2024-12-01,Hydrating Moisturizer,2,0,56.0,True
ORD004139,CUST02968,2025-01-01,Face Mask Set,2,10,36.0,False
ORD004140,CUST02969,2025-06-29,Eye Cream,2,0,52.0,True
ORD004141,CUST02970,2024-11-12,Niacinamide Serum,1,0,19.0,True
ORD004142,CUST02970,2024-11-26,Gentle Cleanser,1,0,16.0,False
ORD004143,CUST02971,2024-09-15,Eye Cream,2,10,46.8,True
ORD004144,CUST02972,2024-05-13,Face Mask Set,3,0,60.0,True
ORD004145,CUST02972,2024-06-23,Hydrating Moisturizer,1,25,21.0,False
ORD004146,CUST02972,2024-10-08,Eye Cream,2,0,52.0,False
ORD004147,CUST02973,2025-04-01,Eye Cream,2,15,44.2,True
ORD004148,CUST02974,2025-03-03,Gentle Cleanser,1,10,14.4,True
ORD004149,CUST02975,2024-09-20,Niacinamide Serum,1,0,19.0,True
ORD004150,CUST02975,2024-10-29,SPF 50 Sunscreen,1,20,19.2,False
ORD004151,CUST02975,2025-01-02,Vitamin C Serum,1,0,22.0,False
ORD004152,CUST02975,2025-01-16,Vitamin C Serum,2,0,44.0,False
ORD004153,CUST02975,2025-03-02,Eye Cream,2,0,52.0,False
ORD004154,CUST02976,2024-02-19,Retinol Night Cream,1,20,25.6,True
ORD004155,CUST02977,2025-05-02,Face Mask Set,1,0,20.0,True
ORD004156,CUST02978,2024-02-07,Gentle Cleanser,3,0,48.0,True
ORD004157,CUST02981,2024-10-20,Gentle Cleanser,1,0,16.0,True
ORD004158,CUST02982,2024-06-19,Eye Cream,1,25,19.5,True
ORD004159,CUST02983,2025-02-13,Eye Cream,2,25,39.0,True
ORD004160,CUST02984,2025-04-21,Face Mask Set,1,15,17.0,True
ORD004161,CUST02985,2024-11-26,SPF 50 Sunscreen,1,0,24.0,True
ORD004162,CUST02986,2025-07-12,Niacinamide Serum,1,0,19.0,True
ORD004163,CUST02989,2025-02-21,Vitamin C Serum,2,0,44.0,True
ORD004164,CUST02990,2025-05-18,SPF 50 Sunscreen,1,0,24.0,True
ORD004165,CUST02991,2024-05-23,Retinol Night Cream,1,0,32.0,True
ORD004166,CUST02991,2024-06-11,Hydrating Moisturizer,2,0,56.0,False
ORD004167,CUST02991,2024-07-26,Niacinamide Serum,3,10,51.3,False
ORD004168,CUST02991,2024-10-03,SPF 50 Sunscreen,2,0,48.0,False
ORD004169,CUST02992,2025-04-10,Niacinamide Serum,1,0,19.0,True
ORD004170,CUST02992,2025-07-31,Face Mask Set,1,0,20.0,False
ORD004171,CUST02993,2024-11-27,Eye Cream,1,0,26.0,True
ORD004172,CUST02993,2024-12-27,Eye Cream,2,20,41.6,False
ORD004173,CUST02994,2024-09-28,Face Mask Set,1,0,20.0,True
ORD004174,CUST02995,2024-04-24,Gentle Cleanser,1,0,16.0,True
ORD004175,CUST02996,2025-05-20,Hydrating Moisturizer,1,0,28.0,True
ORD004176,CUST02997,2024-05-09,Vitamin C Serum,3,0,66.0,True
ORD004177,CUST02997,2024-06-12,Niacinamide Serum,2,0,38.0,False
ORD004178,CUST02998,2024-07-31,SPF 50 Sunscreen,3,0,72.0,True
ORD004179,CUST02998,2024-09-04,Eye Cream,1,0,26.0,False
ORD004180,CUST02999,2024-07-19,Vitamin C Serum,1,0,22.0,True
ORD004181,CUST02999,2025-04-19,Gentle Cleanser,3,10,43.2,False
ORD004182,CUST03000,2025-05-23,Face Mask Set,3,10,54.0,True
ORD004183,CUST03000,2025-06-06,SPF 50 Sunscreen,1,20,19.2,False
ORD004184,CUST03001,2025-01-22,Eye Cream,2,10,46.8,True
ORD004185,CUST03001,2025-06-26,Retinol Night Cream,2,0,64.0,False
ORD004186,CUST03001,2025-07-10,Niacinamide Serum,2,0,38.0,False
ORD004187,CUST03002,2025-04-09,Face Mask Set,1,25,15.0,True
ORD004188,CUST03002,2025-05-18,Eye Cream,1,15,22.1,False
ORD004189,CUST03003,2024-06-27,Hydrating Moisturizer,3,0,84.0,True
ORD004190,CUST03005,2024-12-04,SPF 50 Sunscreen,2,20,38.4,True
ORD004191,CUST03006,2025-04-29,Vitamin C Serum,1,0,22.0,True
ORD004192,CUST03007,2025-06-10,Retinol Night Cream,1,0,32.0,True
ORD004193,CUST03008,2024-02-10,Vitamin C Serum,1,0,22.0,True
ORD004194,CUST03008,2024-05-13,Niacinamide Serum,2,0,38.0,False
ORD004195,CUST03009,2025-01-21,Niacinamide Serum,1,25,14.25,True
ORD004196,CUST03009,2025-06-21,Hydrating Moisturizer,2,0,56.0,False
ORD004197,CUST03010,2024-03-06,Face Mask Set,1,0,20.0,True
ORD004198,CUST03010,2024-06-02,Retinol Night Cream,2,0,64.0,False
ORD004199,CUST03010,2024-08-22,Niacinamide Serum,1,0,19.0,False
ORD004200,CUST03011,2024-11-29,Niacinamide Serum,1,0,19.0,True
ORD004201,CUST03012,2024-07-19,Vitamin C Serum,2,0,44.0,True
ORD004202,CUST03013,2024-07-28,Retinol Night Cream,1,0,32.0,True
ORD004203,CUST03013,2024-08-11,Eye Cream,2,0,52.0,False
ORD004204,CUST03013,2024-08-25,Gentle Cleanser,1,0,16.0,False
ORD004205,CUST03014,2024-08-29,Eye Cream,1,0,26.0,True
ORD004206,CUST03014,2024-12-26,Eye Cream,2,15,44.2,False
ORD004207,CUST03015,2024-12-24,Face Mask Set,1,0,20.0,True
ORD004208,CUST03017,2025-02-27,SPF 50 Sunscreen,2,0,48.0,True
ORD004209,CUST03018,2024-09-30,Face Mask Set,1,0,20.0,True
ORD004210,CUST03020,2025-03-30,Niacinamide Serum,1,0,19.0,True
ORD004211,CUST03021,2024-07-16,Retinol Night Cream,1,0,32.0,True
ORD004212,CUST03023,2025-01-29,Vitamin C Serum,1,0,22.0,True
ORD004213,CUST03023,2025-02-16,Vitamin C Serum,1,0,22.0,False
ORD004214,CUST03024,2024-08-16,Retinol Night Cream,2,25,48.0,True
ORD004215,CUST03025,2024-03-08,Face Mask Set,2,0,40.0,True
ORD004216,CUST03026,2024-09-12,Niacinamide Serum,1,0,19.0,True
ORD004217,CUST03026,2024-09-26,Eye Cream,1,15,22.1,False
ORD004218,CUST03027,2025-06-30,Face Mask Set,1,0,20.0,True
ORD004219,CUST03028,2025-01-02,Eye Cream,2,15,44.2,True
ORD004220,CUST03029,2025-01-21,Hydrating Moisturizer,1,20,22.4,True
ORD004221,CUST03029,2025-02-04,Face Mask Set,1,0,20.0,False
ORD004222,CUST03029,2025-05-06,Niacinamide Serum,1,0,19.0,False
ORD004223,CUST03030,2024-12-28,Vitamin C Serum,1,0,22.0,True
ORD004224,CUST03031,2024-06-04,Eye Cream,1,20,20.8,True
ORD004225,CUST03031,2024-06-18,Face Mask Set,1,15,17.0,False
ORD004226,CUST03031,2024-08-11,Vitamin C Serum,1,10,19.8,False
ORD004227,CUST03032,2024-10-10,Eye Cream,1,0,26.0,True
ORD004228,CUST03032,2024-11-06,SPF 50 Sunscreen,1,0,24.0,False
ORD004229,CUST03033,2025-03-11,SPF 50 Sunscreen,2,0,48.0,True
ORD004230,CUST03034,2024-04-03,Face Mask Set,2,0,40.0,True
ORD004231,CUST03035,2024-07-13,Niacinamide Serum,1,25,14.25,True
ORD004232,CUST03036,2024-07-12,Hydrating Moisturizer,3,15,71.4,True
ORD004233,CUST03037,2024-10-17,SPF 50 Sunscreen,1,0,24.0,True
ORD004234,CUST03037,2024-12-11,SPF 50 Sunscreen,2,10,43.2,False
ORD004235,CUST03038,2025-07-19,Eye Cream,3,25,58.5,True
ORD004236,CUST03039,2024-03-14,Retinol Night Cream,1,0,32.0,True
ORD004237,CUST03040,2024-11-20,Niacinamide Serum,3,25,42.75,True
ORD004238,CUST03040,2024-12-04,Niacinamide Serum,1,0,19.0,False
ORD004239,CUST03041,2024-05-23,Face Mask Set,2,0,40.0,True
ORD004240,CUST03042,2025-07-16,SPF 50 Sunscreen,2,0,48.0,True
ORD004241,CUST03043,2024-04-10,Vitamin C Serum,1,0,22.0,True
ORD004242,CUST03044,2024-10-02,SPF 50 Sunscreen,1,0,24.0,True
ORD004243,CUST03045,2025-03-04,Retinol Night Cream,1,15,27.2,True
ORD004244,CUST03045,2025-05-04,SPF 50 Sunscreen,1,0,24.0,False
ORD004245,CUST03046,2025-02-12,Retinol Night Cream,2,25,48.0,True
ORD004246,CUST03046,2025-03-22,Eye Cream,1,20,20.8,False
ORD004247,CUST03047,2024-10-12,Face Mask Set,1,0,20.0,True
ORD004248,CUST03048,2024-08-26,Gentle Cleanser,1,0,16.0,True
ORD004249,CUST03048,2024-09-09,Retinol Night Cream,2,0,64.0,False
ORD004250,CUST03048,2024-09-23,Gentle Cleanser,1,0,16.0,False
ORD004251,CUST03048,2025-04-13,Vitamin C Serum,1,0,22.0,False
ORD004252,CUST03049,2024-09-28,Niacinamide Serum,2,0,38.0,True
ORD004253,CUST03049,2024-12-03,Gentle Cleanser,2,0,32.0,False
ORD004254,CUST03050,2024-07-04,Retinol Night Cream,1,15,27.2,True
ORD004255,CUST03051,2024-06-07,SPF 50 Sunscreen,2,0,48.0,True
ORD004256,CUST03052,2024-11-11,Eye Cream,1,25,19.5,True
ORD004257,CUST03053,2024-07-07,Niacinamide Serum,1,0,19.0,True
ORD004258,CUST03054,2024-07-19,Hydrating Moisturizer,2,0,56.0,True
ORD004259,CUST03055,2025-01-08,Niacinamide Serum,1,0,19.0,True
ORD004260,CUST03055,2025-01-22,Vitamin C Serum,2,0,44.0,False
ORD004261,CUST03056,2025-07-14,Eye Cream,2,10,46.8,True
ORD004262,CUST03057,2024-12-15,SPF 50 Sunscreen,2,10,43.2,True
ORD004263,CUST03057,2025-04-07,Hydrating Moisturizer,3,0,84.0,False
ORD004264,CUST03058,2024-03-19,Vitamin C Serum,1,0,22.0,True
ORD004265,CUST03059,2024-03-21,Hydrating Moisturizer,3,0,84.0,True
ORD004266,CUST03060,2025-07-03,SPF 50 Sunscreen,2,0,48.0,True
ORD004267,CUST03061,2024-07-23,Retinol Night Cream,1,0,32.0,True
ORD004268,CUST03062,2024-03-29,Retinol Night Cream,1,20,25.6,True
ORD004269,CUST03062,2024-04-17,Hydrating Moisturizer,3,0,84.0,False
ORD004270,CUST03062,2024-08-07,SPF 50 Sunscreen,1,10,21.6,False
ORD004271,CUST03063,2024-12-15,Vitamin C Serum,1,0,22.0,True
ORD004272,CUST03064,2024-12-26,Hydrating Moisturizer,1,0,28.0,True
ORD004273,CUST03065,2025-01-05,Hydrating Moisturizer,2,0,56.0,True
ORD004274,CUST03066,2024-07-03,Hydrating Moisturizer,1,0,28.0,True
ORD004275,CUST03068,2025-07-10,Niacinamide Serum,1,0,19.0,True
ORD004276,CUST03069,2024-06-28,SPF 50 Sunscreen,1,0,24.0,True
ORD004277,CUST03069,2024-07-12,Retinol Night Cream,1,20,25.6,False
ORD004278,CUST03070,2025-01-25,SPF 50 Sunscreen,2,0,48.0,True
ORD004279,CUST03071,2025-02-14,Gentle Cleanser,2,25,24.0,True
ORD004280,CUST03071,2025-03-15,Gentle Cleanser,1,0,16.0,False
ORD004281,CUST03072,2024-12-20,Eye Cream,1,0,26.0,True
ORD004282,CUST03072,2025-01-03,Hydrating Moisturizer,1,25,21.0,False
ORD004283,CUST03072,2025-01-18,Vitamin C Serum,2,0,44.0,False
ORD004284,CUST03073,2024-08-02,Vitamin C Serum,1,0,22.0,True
ORD004285,CUST03074,2024-07-06,Eye Cream,3,0,78.0,True
ORD004286,CUST03076,2025-05-22,Hydrating Moisturizer,1,0,28.0,True
ORD004287,CUST03077,2025-06-30,Vitamin C Serum,1,0,22.0,True
ORD004288,CUST03078,2024-04-08,Gentle Cleanser,1,10,14.4,True
ORD004289,CUST03079,2024-05-07,Face Mask Set,1,0,20.0,True
ORD004290,CUST03080,2025-06-29,Face Mask Set,1,0,20.0,True
ORD004291,CUST03081,2025-03-03,Face Mask Set,1,0,20.0,True
ORD004292,CUST03082,2025-05-29,Gentle Cleanser,2,25,24.0,True
ORD004293,CUST03083,2024-06-02,Vitamin C Serum,1,0,22.0,True
ORD004294,CUST03084,2024-12-12,Retinol Night Cream,1,0,32.0,True
ORD004295,CUST03084,2025-03-25,SPF 50 Sunscreen,1,10,21.6,False
ORD004296,CUST03085,2025-02-10,Niacinamide Serum,1,0,19.0,True
ORD004297,CUST03088,2024-02-11,SPF 50 Sunscreen,1,0,24.0,True
ORD004298,CUST03089,2024-12-07,Gentle Cleanser,3,10,43.2,True
ORD004299,CUST03090,2024-06-29,Niacinamide Serum,1,0,19.0,True
ORD004300,CUST03090,2024-07-19,Niacinamide Serum,2,0,38.0,False
ORD004301,CUST03090,2024-08-02,Eye Cream,3,0,78.0,False
ORD004302,CUST03091,2024-10-27,Gentle Cleanser,3,10,43.2,True
ORD004303,CUST03092,2025-07-07,SPF 50 Sunscreen,1,0,24.0,True
ORD004304,CUST03093,2024-09-26,Gentle Cleanser,1,0,16.0,True
ORD004305,CUST03095,2024-05-27,Hydrating Moisturizer,1,25,21.0,True
ORD004306,CUST03096,2025-01-21,Hydrating Moisturizer,2,0,56.0,True
ORD004307,CUST03098,2024-04-03,Hydrating Moisturizer,3,25,63.0,True
ORD004308,CUST03099,2024-02-08,Vitamin C Serum,1,0,22.0,True
ORD004309,CUST03099,2024-03-05,Gentle Cleanser,1,25,12.0,False
ORD004310,CUST03100,2024-10-19,Gentle Cleanser,1,0,16.0,True
ORD004311,CUST03100,2025-02-04,Eye Cream,1,0,26.0,False
ORD004312,CUST03101,2024-03-31,Gentle Cleanser,1,15,13.6,True
ORD004313,CUST03101,2024-05-04,Retinol Night Cream,1,0,32.0,False
ORD004314,CUST03102,2025-03-08,Niacinamide Serum,1,0,19.0,True
ORD004315,CUST03103,2025-06-16,Hydrating Moisturizer,1,20,22.4,True
ORD004316,CUST03104,2024-10-19,SPF 50 Sunscreen,1,0,24.0,True
ORD004317,CUST03105,2024-06-29,SPF 50 Sunscreen,1,0,24.0,True
ORD004318,CUST03106,2024-10-19,Gentle Cleanser,1,0,16.0,True
ORD004319,CUST03106,2024-12-06,Face Mask Set,2,20,32.0,False
ORD004320,CUST03107,2025-02-23,SPF 50 Sunscreen,1,0,24.0,True
ORD004321,CUST03107,2025-05-15,SPF 50 Sunscreen,2,0,48.0,False
ORD004322,CUST03108,2024-02-09,Hydrating Moisturizer,1,0,28.0,True
ORD004323,CUST03109,2024-12-11,Gentle Cleanser,1,0,16.0,True
ORD004324,CUST03113,2025-02-16,Gentle Cleanser,2,0,32.0,True
ORD004325,CUST03113,2025-03-02,Retinol Night Cream,1,25,24.0,False
ORD004326,CUST03114,2024-03-30,Eye Cream,1,0,26.0,True
ORD004327,CUST03114,2024-07-21,Eye Cream,1,0,26.0,False
ORD004328,CUST03115,2024-06-01,SPF 50 Sunscreen,2,20,38.4,True
ORD004329,CUST03116,2025-05-26,Gentle Cleanser,1,15,13.6,True
ORD004330,CUST03117,2025-03-04,Eye Cream,1,0,26.0,True
ORD004331,CUST03118,2024-02-12,Hydrating Moisturizer,2,25,42.0,True
ORD004332,CUST03119,2024-06-24,Face Mask Set,2,0,40.0,True
ORD004333,CUST03119,2024-08-04,Niacinamide Serum,1,0,19.0,False
ORD004334,CUST03119,2024-12-26,Eye Cream,1,0,26.0,False
ORD004335,CUST03121,2024-07-08,Gentle Cleanser,2,25,24.0,True
ORD004336,CUST03122,2024-06-25,SPF 50 Sunscreen,1,0,24.0,True
ORD004337,CUST03122,2025-01-24,Hydrating Moisturizer,1,10,25.2,False
ORD004338,CUST03123,2024-03-13,Retinol Night Cream,3,20,76.8,True
ORD004339,CUST03124,2024-11-03,Face Mask Set,2,0,40.0,True
ORD004340,CUST03124,2025-02-14,Vitamin C Serum,3,0,66.0,False
ORD004341,CUST03125,2025-03-02,Vitamin C Serum,1,0,22.0,True
ORD004342,CUST03126,2024-12-16,Retinol Night Cream,1,0,32.0,True
ORD004343,CUST03127,2025-01-20,Vitamin C Serum,2,0,44.0,True
ORD004344,CUST03128,2024-03-21,Eye Cream,1,0,26.0,True
ORD004345,CUST03129,2025-07-01,Vitamin C Serum,1,0,22.0,True
ORD004346,CUST03130,2025-05-02,Face Mask Set,1,15,17.0,True
ORD004347,CUST03131,2025-04-15,Face Mask Set,1,25,15.0,True
ORD004348,CUST03131,2025-07-30,SPF 50 Sunscreen,2,0,48.0,False
ORD004349,CUST03132,2025-04-25,SPF 50 Sunscreen,1,0,24.0,True
ORD004350,CUST03133,2025-06-24,Retinol Night Cream,1,20,25.6,True
ORD004351,CUST03134,2024-11-26,Gentle Cleanser,1,0,16.0,True
ORD004352,CUST03134,2025-01-10,Gentle Cleanser,2,0,32.0,False
ORD004353,CUST03135,2024-06-02,Gentle Cleanser,1,0,16.0,True
ORD004354,CUST03136,2024-12-23,Eye Cream,2,0,52.0,True
ORD004355,CUST03136,2025-01-14,Face Mask Set,1,10,18.0,False
ORD004356,CUST03137,2025-03-05,Hydrating Moisturizer,3,0,84.0,True
ORD004357,CUST03137,2025-06-28,Hydrating Moisturizer,2,0,56.0,False
ORD004358,CUST03138,2025-03-03,Eye Cream,1,15,22.1,True
ORD004359,CUST03139,2024-11-20,Niacinamide Serum,1,15,16.15,True
ORD004360,CUST03140,2024-03-14,SPF 50 Sunscreen,1,15,20.4,True
ORD004361,CUST03140,2024-03-28,Gentle Cleanser,3,15,40.8,False
ORD004362,CUST03141,2024-09-09,Retinol Night Cream,2,20,51.2,True
ORD004363,CUST03142,2025-06-19,Gentle Cleanser,1,20,12.8,True
ORD004364,CUST03142,2025-07-22,Eye Cream,1,25,19.5,False
ORD004365,CUST03143,2024-12-10,Vitamin C Serum,1,0,22.0,True
ORD004366,CUST03144,2024-11-24,SPF 50 Sunscreen,1,0,24.0,True
ORD004367,CUST03145,2024-07-07,SPF 50 Sunscreen,1,0,24.0,True
ORD004368,CUST03146,2024-09-08,SPF 50 Sunscreen,2,20,38.4,True
ORD004369,CUST03146,2024-09-22,Face Mask Set,1,0,20.0,False
ORD004370,CUST03147,2025-06-06,SPF 50 Sunscreen,1,15,20.4,True
ORD004371,CUST03148,2025-01-17,SPF 50 Sunscreen,3,0,72.0,True
ORD004372,CUST03148,2025-04-04,Gentle Cleanser,1,10,14.4,False
ORD004373,CUST03149,2025-04-03,Eye Cream,3,25,58.5,True
ORD004374,CUST03151,2024-12-26,Retinol Night Cream,1,0,32.0,True
ORD004375,CUST03152,2024-06-26,Hydrating Moisturizer,1,10,25.2,True
ORD004376,CUST03153,2025-02-11,Niacinamide Serum,1,15,16.15,True
ORD004377,CUST03154,2024-10-16,Hydrating Moisturizer,1,0,28.0,True
ORD004378,CUST03155,2024-10-24,Gentle Cleanser,3,15,40.8,True
ORD004379,CUST03155,2024-12-10,Niacinamide Serum,1,15,16.15,False
ORD004380,CUST03155,2025-02-05,Eye Cream,2,0,52.0,False
ORD004381,CUST03156,2025-01-04,Face Mask Set,1,0,20.0,True
ORD004382,CUST03157,2025-06-24,Eye Cream,1,0,26.0,True
ORD004383,CUST03158,2024-03-10,Hydrating Moisturizer,2,0,56.0,True
ORD004384,CUST03159,2025-04-24,SPF 50 Sunscreen,1,0,24.0,True
ORD004385,CUST03160,2024-07-20,Eye Cream,1,20,20.8,True
ORD004386,CUST03161,2024-10-24,SPF 50 Sunscreen,1,0,24.0,True
ORD004387,CUST03161,2024-11-22,Gentle Cleanser,1,0,16.0,False
ORD004388,CUST03162,2024-02-15,Hydrating Moisturizer,1,15,23.8,True
ORD004389,CUST03163,2024-07-27,Niacinamide Serum,1,15,16.15,True
ORD004390,CUST03164,2024-11-15,Vitamin C Serum,3,0,66.0,True
ORD004391,CUST03165,2024-03-09,Gentle Cleanser,1,0,16.0,True
ORD004392,CUST03165,2024-04-21,Eye Cream,1,0,26.0,False
ORD004393,CUST03166,2024-11-11,Hydrating Moisturizer,3,0,84.0,True
ORD004394,CUST03167,2025-06-21,Face Mask Set,1,15,17.0,True
ORD004395,CUST03169,2025-03-18,Gentle Cleanser,1,0,16.0,True
ORD004396,CUST03169,2025-04-05,SPF 50 Sunscreen,2,0,48.0,False
ORD004397,CUST03169,2025-05-29,SPF 50 Sunscreen,1,25,18.0,False
ORD004398,CUST03169,2025-07-13,Vitamin C Serum,1,0,22.0,False
ORD004399,CUST03170,2024-10-06,Eye Cream,1,0,26.0,True
ORD004400,CUST03172,2024-07-01,Eye Cream,1,0,26.0,True
ORD004401,CUST03172,2024-07-15,Hydrating Moisturizer,1,0,28.0,False
ORD004402,CUST03172,2024-07-29,Face Mask Set,1,0,20.0,False
ORD004403,CUST03172,2024-11-19,Eye Cream,2,0,52.0,False
ORD004404,CUST03172,2025-02-01,Retinol Night Cream,2,20,51.2,False
ORD004405,CUST03173,2024-05-11,Niacinamide Serum,1,0,19.0,True
ORD004406,CUST03173,2024-05-30,Vitamin C Serum,1,0,22.0,False
ORD004407,CUST03173,2024-09-10,Gentle Cleanser,1,0,16.0,False
ORD004408,CUST03173,2024-11-27,SPF 50 Sunscreen,3,0,72.0,False
ORD004409,CUST03173,2024-12-16,Retinol Night Cream,1,0,32.0,False
ORD004410,CUST03174,2024-05-10,Gentle Cleanser,1,20,12.8,True
ORD004411,CUST03175,2024-03-17,Vitamin C Serum,2,0,44.0,True
ORD004412,CUST03175,2024-04-03,Hydrating Moisturizer,1,0,28.0,False
ORD004413,CUST03175,2024-07-06,Vitamin C Serum,2,0,44.0,False
ORD004414,CUST03176,2024-05-24,Retinol Night Cream,2,0,64.0,True
ORD004415,CUST03176,2024-06-28,Gentle Cleanser,2,0,32.0,False
ORD004416,CUST03177,2025-01-13,Retinol Night Cream,1,15,27.2,True
ORD004417,CUST03179,2025-04-18,Retinol Night Cream,1,25,24.0,True
ORD004418,CUST03180,2025-01-29,Retinol Night Cream,2,0,64.0,True
ORD004419,CUST03181,2024-04-09,SPF 50 Sunscreen,1,0,24.0,True
ORD004420,CUST03182,2024-07-19,Face Mask Set,1,0,20.0,True
ORD004421,CUST03182,2024-08-09,Niacinamide Serum,1,25,14.25,False
ORD004422,CUST03182,2024-12-28,Gentle Cleanser,2,25,24.0,False
ORD004423,CUST03183,2024-07-30,Hydrating Moisturizer,1,25,21.0,True
ORD004424,CUST03183,2024-09-02,Eye Cream,1,15,22.1,False
ORD004425,CUST03183,2024-10-24,Vitamin C Serum,1,15,18.7,False
ORD004426,CUST03184,2024-06-28,Vitamin C Serum,1,0,22.0,True
ORD004427,CUST03185,2024-11-17,Gentle Cleanser,1,20,12.8,True
ORD004428,CUST03186,2024-11-23,Gentle Cleanser,2,25,24.0,True
ORD004429,CUST03186,2025-02-10,Vitamin C Serum,1,15,18.7,False
ORD004430,CUST03186,2025-04-02,Face Mask Set,2,0,40.0,False
ORD004431,CUST03187,2024-09-02,SPF 50 Sunscreen,1,0,24.0,True
ORD004432,CUST03188,2024-08-29,SPF 50 Sunscreen,3,25,54.0,True
ORD004433,CUST03188,2024-09-12,Eye Cream,1,0,26.0,False
ORD004434,CUST03188,2024-10-17,Hydrating Moisturizer,1,0,28.0,False
ORD004435,CUST03188,2024-12-13,Hydrating Moisturizer,3,0,84.0,False
ORD004436,CUST03189,2025-04-27,Retinol Night Cream,1,0,32.0,True
ORD004437,CUST03190,2025-04-02,SPF 50 Sunscreen,1,0,24.0,True
ORD004438,CUST03191,2024-07-29,Retinol Night Cream,2,10,57.6,True
ORD004439,CUST03192,2025-06-16,SPF 50 Sunscreen,2,0,48.0,True
ORD004440,CUST03193,2025-07-02,SPF 50 Sunscreen,1,0,24.0,True
ORD004441,CUST03194,2024-08-11,Retinol Night Cream,1,15,27.2,True
ORD004442,CUST03195,2024-09-01,Retinol Night Cream,1,0,32.0,True
ORD004443,CUST03196,2024-11-17,SPF 50 Sunscreen,2,0,48.0,True
ORD004444,CUST03197,2025-06-29,Face Mask Set,1,15,17.0,True
ORD004445,CUST03198,2025-05-25,Face Mask Set,1,0,20.0,True
ORD004446,CUST03199,2024-04-06,Hydrating Moisturizer,1,20,22.4,True
ORD004447,CUST03199,2024-04-20,Retinol Night Cream,3,0,96.0,False
ORD004448,CUST03199,2024-05-16,Vitamin C Serum,2,0,44.0,False
ORD004449,CUST03200,2024-09-22,Niacinamide Serum,1,15,16.15,True
ORD004450,CUST03201,2024-11-27,Gentle Cleanser,1,0,16.0,True
ORD004451,CUST03201,2024-12-20,Eye Cream,1,0,26.0,False
ORD004452,CUST03203,2024-05-30,Niacinamide Serum,3,20,45.6,True
ORD004453,CUST03204,2025-05-16,SPF 50 Sunscreen,1,25,18.0,True
ORD004454,CUST03205,2025-01-25,Niacinamide Serum,1,0,19.0,True
ORD004455,CUST03205,2025-05-21,SPF 50 Sunscreen,1,0,24.0,False
ORD004456,CUST03205,2025-06-04,SPF 50 Sunscreen,1,15,20.4,False
ORD004457,CUST03206,2025-05-05,Eye Cream,2,0,52.0,True
ORD004458,CUST03206,2025-05-19,Eye Cream,1,0,26.0,False
ORD004459,CUST03207,2025-05-14,Gentle Cleanser,1,0,16.0,True
ORD004460,CUST03208,2025-03-08,Vitamin C Serum,2,20,35.2,True
ORD004461,CUST03210,2024-12-18,Niacinamide Serum,2,0,38.0,True
ORD004462,CUST03211,2024-05-10,Hydrating Moisturizer,1,10,25.2,True
ORD004463,CUST03212,2025-01-23,Gentle Cleanser,1,0,16.0,True
ORD004464,CUST03212,2025-02-21,SPF 50 Sunscreen,1,0,24.0,False
ORD004465,CUST03214,2025-02-03,Gentle Cleanser,2,10,28.8,True
ORD004466,CUST03215,2024-06-16,Face Mask Set,2,0,40.0,True
ORD004467,CUST03217,2024-05-11,Niacinamide Serum,3,0,57.0,True
ORD004468,CUST03217,2024-06-29,Gentle Cleanser,1,0,16.0,False
ORD004469,CUST03217,2024-07-13,Hydrating Moisturizer,2,15,47.6,False
ORD004470,CUST03217,2024-12-15,Vitamin C Serum,1,10,19.8,False
ORD004471,CUST03218,2024-02-03,Niacinamide Serum,1,0,19.0,True
ORD004472,CUST03219,2025-02-20,SPF 50 Sunscreen,1,0,24.0,True
ORD004473,CUST03219,2025-05-21,Face Mask Set,2,0,40.0,False
ORD004474,CUST03220,2025-03-01,Face Mask Set,1,25,15.0,True
ORD004475,CUST03222,2024-05-10,Retinol Night Cream,1,0,32.0,True
ORD004476,CUST03223,2024-03-25,Retinol Night Cream,1,25,24.0,True
ORD004477,CUST03224,2024-02-14,Niacinamide Serum,2,10,34.2,True
ORD004478,CUST03224,2024-02-28,Retinol Night Cream,2,0,64.0,False
ORD004479,CUST03225,2024-05-13,Hydrating Moisturizer,1,0,28.0,True
ORD004480,CUST03226,2025-06-03,Hydrating Moisturizer,1,10,25.2,True
ORD004481,CUST03227,2024-06-22,SPF 50 Sunscreen,1,0,24.0,True
ORD004482,CUST03228,2024-08-30,Hydrating Moisturizer,2,0,56.0,True
ORD004483,CUST03229,2024-04-06,Vitamin C Serum,1,0,22.0,True
ORD004484,CUST03231,2024-11-20,Gentle Cleanser,1,15,13.6,True
ORD004485,CUST03232,2024-12-18,Niacinamide Serum,1,0,19.0,True
ORD004486,CUST03232,2025-01-26,Vitamin C Serum,1,0,22.0,False
ORD004487,CUST03234,2024-03-07,Eye Cream,1,15,22.1,True
ORD004488,CUST03237,2024-06-12,Gentle Cleanser,3,25,36.0,True
ORD004489,CUST03238,2025-07-07,Hydrating Moisturizer,1,20,22.4,True
ORD004490,CUST03239,2024-12-22,Niacinamide Serum,1,0,19.0,True
ORD004491,CUST03239,2025-01-05,Gentle Cleanser,1,20,12.8,False
ORD004492,CUST03239,2025-01-26,Niacinamide Serum,1,0,19.0,False
ORD004493,CUST03240,2024-11-30,Hydrating Moisturizer,1,0,28.0,True
ORD004494,CUST03240,2025-02-22,Retinol Night Cream,2,0,64.0,False
ORD004495,CUST03240,2025-03-30,Retinol Night Cream,2,15,54.4,False
ORD004496,CUST03240,2025-04-21,Niacinamide Serum,2,0,38.0,False
ORD004497,CUST03241,2024-10-06,Niacinamide Serum,2,0,38.0,True
ORD004498,CUST03243,2024-11-26,Hydrating Moisturizer,1,0,28.0,True
ORD004499,CUST03244,2025-02-05,Niacinamide Serum,1,0,19.0,True
ORD004500,CUST03244,2025-02-19,SPF 50 Sunscreen,2,0,48.0,False
ORD004501,CUST03244,2025-03-05,Eye Cream,1,0,26.0,False
ORD004502,CUST03245,2025-02-10,Hydrating Moisturizer,2,0,56.0,True
ORD004503,CUST03246,2024-05-16,Eye Cream,1,10,23.4,True
ORD004504,CUST03247,2024-11-12,Niacinamide Serum,1,0,19.0,True
ORD004505,CUST03248,2024-10-06,Face Mask Set,3,15,51.0,True
ORD004506,CUST03249,2025-05-23,Face Mask Set,2,10,36.0,True
ORD004507,CUST03249,2025-06-06,Vitamin C Serum,1,0,22.0,False
ORD004508,CUST03250,2024-12-29,Vitamin C Serum,1,10,19.8,True
ORD004509,CUST03250,2025-01-12,SPF 50 Sunscreen,1,20,19.2,False
ORD004510,CUST03250,2025-01-26,Niacinamide Serum,1,0,19.0,False
ORD004511,CUST03251,2024-11-23,Vitamin C Serum,1,25,16.5,True
ORD004512,CUST03252,2024-04-13,Eye Cream,1,0,26.0,True
ORD004513,CUST03252,2024-10-23,Vitamin C Serum,2,0,44.0,False
ORD004514,CUST03253,2024-12-19,SPF 50 Sunscreen,1,10,21.6,True
ORD004515,CUST03254,2024-04-14,SPF 50 Sunscreen,1,0,24.0,True
ORD004516,CUST03254,2024-07-10,Eye Cream,1,10,23.4,False
ORD004517,CUST03254,2024-08-28,Eye Cream,2,20,41.6,False
ORD004518,CUST03255,2024-08-20,Niacinamide Serum,2,0,38.0,True
ORD004519,CUST03257,2025-02-03,Hydrating Moisturizer,1,25,21.0,True
ORD004520,CUST03258,2024-06-05,Retinol Night Cream,2,20,51.2,True
ORD004521,CUST03259,2024-09-24,Face Mask Set,1,0,20.0,True
ORD004522,CUST03260,2025-06-08,SPF 50 Sunscreen,2,0,48.0,True
ORD004523,CUST03261,2024-06-03,Retinol Night Cream,1,0,32.0,True
ORD004524,CUST03261,2024-06-17,Hydrating Moisturizer,1,0,28.0,False
ORD004525,CUST03262,2024-11-15,Vitamin C Serum,1,25,16.5,True
ORD004526,CUST03263,2024-10-12,SPF 50 Sunscreen,2,0,48.0,True
ORD004527,CUST03263,2024-10-26,Retinol Night Cream,2,0,64.0,False
ORD004528,CUST03263,2025-03-21,Vitamin C Serum,2,0,44.0,False
ORD004529,CUST03263,2025-05-27,Vitamin C Serum,2,0,44.0,False
ORD004530,CUST03263,2025-06-18,Face Mask Set,1,0,20.0,False
ORD004531,CUST03263,2025-07-15,Niacinamide Serum,2,0,38.0,False
ORD004532,CUST03265,2025-04-06,Eye Cream,1,0,26.0,True
ORD004533,CUST03265,2025-06-06,Face Mask Set,1,0,20.0,False
ORD004534,CUST03266,2024-03-14,Hydrating Moisturizer,1,0,28.0,True
ORD004535,CUST03267,2024-11-05,SPF 50 Sunscreen,2,0,48.0,True
ORD004536,CUST03268,2024-11-30,Eye Cream,1,0,26.0,True
ORD004537,CUST03269,2024-12-27,Hydrating Moisturizer,1,0,28.0,True
ORD004538,CUST03270,2025-02-01,Retinol Night Cream,1,0,32.0,True
ORD004539,CUST03270,2025-04-21,Eye Cream,1,0,26.0,False
ORD004540,CUST03271,2024-06-27,Retinol Night Cream,1,0,32.0,True
ORD004541,CUST03272,2024-02-10,SPF 50 Sunscreen,1,0,24.0,True
ORD004542,CUST03273,2025-02-21,SPF 50 Sunscreen,1,10,21.6,True
ORD004543,CUST03273,2025-03-22,Vitamin C Serum,1,0,22.0,False
ORD004544,CUST03274,2024-11-24,Vitamin C Serum,1,0,22.0,True
ORD004545,CUST03275,2025-05-04,Vitamin C Serum,1,0,22.0,True
ORD004546,CUST03275,2025-06-10,Face Mask Set,1,0,20.0,False
ORD004547,CUST03276,2025-04-22,Vitamin C Serum,1,0,22.0,True
ORD004548,CUST03277,2025-05-05,Hydrating Moisturizer,2,0,56.0,True
ORD004549,CUST03277,2025-06-22,Hydrating Moisturizer,1,25,21.0,False
ORD004550,CUST03277,2025-07-15,Retinol Night Cream,1,0,32.0,False
ORD004551,CUST03278,2024-11-11,Eye Cream,1,0,26.0,True
ORD004552,CUST03279,2024-08-18,Face Mask Set,2,0,40.0,True
ORD004553,CUST03280,2025-04-05,Retinol Night Cream,3,0,96.0,True
ORD004554,CUST03281,2024-10-28,Face Mask Set,3,0,60.0,True
ORD004555,CUST03281,2024-12-29,Hydrating Moisturizer,2,15,47.6,False
ORD004556,CUST03281,2025-01-21,Retinol Night Cream,1,25,24.0,False
ORD004557,CUST03282,2024-05-25,Face Mask Set,1,0,20.0,True
ORD004558,CUST03282,2024-06-23,Gentle Cleanser,1,0,16.0,False
ORD004559,CUST03282,2024-07-07,Hydrating Moisturizer,1,0,28.0,False
ORD004560,CUST03283,2025-05-15,Gentle Cleanser,2,10,28.8,True
ORD004561,CUST03283,2025-06-15,SPF 50 Sunscreen,1,20,19.2,False
ORD004562,CUST03284,2025-05-29,Retinol Night Cream,2,15,54.4,True
ORD004563,CUST03285,2024-11-05,Niacinamide Serum,1,0,19.0,True
ORD004564,CUST03285,2024-11-19,Hydrating Moisturizer,3,20,67.2,False
ORD004565,CUST03286,2024-03-20,Gentle Cleanser,2,0,32.0,True
ORD004566,CUST03286,2024-07-31,Niacinamide Serum,1,0,19.0,False
ORD004567,CUST03286,2024-08-14,Face Mask Set,3,0,60.0,False
ORD004568,CUST03287,2024-09-19,Retinol Night Cream,1,0,32.0,True
ORD004569,CUST03287,2025-03-10,Retinol Night Cream,2,0,64.0,False
ORD004570,CUST03287,2025-04-02,Niacinamide Serum,2,0,38.0,False
ORD004571,CUST03289,2025-06-10,Eye Cream,1,0,26.0,True
ORD004572,CUST03289,2025-07-18,SPF 50 Sunscreen,1,0,24.0,False
ORD004573,CUST03290,2024-06-03,Hydrating Moisturizer,2,0,56.0,True
ORD004574,CUST03291,2024-03-14,Face Mask Set,1,0,20.0,True
ORD004575,CUST03291,2024-04-04,Hydrating Moisturizer,1,20,22.4,False
ORD004576,CUST03292,2025-05-27,Eye Cream,1,10,23.4,True
ORD004577,CUST03293,2024-09-20,Gentle Cleanser,1,10,14.4,True
ORD004578,CUST03293,2024-12-20,Retinol Night Cream,1,25,24.0,False
ORD004579,CUST03294,2024-11-27,Vitamin C Serum,3,25,49.5,True
ORD004580,CUST03295,2025-07-14,Gentle Cleanser,1,0,16.0,True
ORD004581,CUST03296,2024-03-13,SPF 50 Sunscreen,1,15,20.4,True
ORD004582,CUST03296,2024-03-29,Face Mask Set,1,0,20.0,False
ORD004583,CUST03296,2024-04-19,Face Mask Set,2,0,40.0,False
ORD004584,CUST03296,2024-05-31,Vitamin C Serum,3,0,66.0,False
ORD004585,CUST03297,2025-01-03,SPF 50 Sunscreen,2,25,36.0,True
ORD004586,CUST03297,2025-03-25,Face Mask Set,3,0,60.0,False
ORD004587,CUST03298,2024-03-19,Eye Cream,2,15,44.2,True
ORD004588,CUST03299,2024-09-14,Niacinamide Serum,1,0,19.0,True
ORD004589,CUST03300,2025-04-11,Face Mask Set,1,0,20.0,True
ORD004590,CUST03302,2025-07-31,Gentle Cleanser,2,20,25.6,True
ORD004591,CUST03303,2024-12-01,Niacinamide Serum,1,15,16.15,True
ORD004592,CUST03304,2024-08-07,Gentle Cleanser,1,0,16.0,True
ORD004593,CUST03305,2024-06-14,SPF 50 Sunscreen,1,25,18.0,True
ORD004594,CUST03306,2024-08-30,Hydrating Moisturizer,1,0,28.0,True
ORD004595,CUST03306,2024-09-23,Face Mask Set,2,0,40.0,False
ORD004596,CUST03307,2024-09-13,Face Mask Set,2,10,36.0,True
ORD004597,CUST03308,2024-03-16,Niacinamide Serum,1,0,19.0,True
ORD004598,CUST03311,2025-02-24,Retinol Night Cream,2,10,57.6,True
ORD004599,CUST03312,2025-01-08,Gentle Cleanser,1,0,16.0,True
ORD004600,CUST03313,2025-02-13,Eye Cream,1,0,26.0,True
ORD004601,CUST03314,2024-02-09,Hydrating Moisturizer,1,10,25.2,True
ORD004602,CUST03315,2024-06-09,SPF 50 Sunscreen,2,25,36.0,True
ORD004603,CUST03316,2025-01-14,Eye Cream,1,20,20.8,True
ORD004604,CUST03317,2024-11-11,Hydrating Moisturizer,1,0,28.0,True
ORD004605,CUST03318,2024-02-05,Face Mask Set,1,0,20.0,True
ORD004606,CUST03319,2025-04-13,Niacinamide Serum,1,0,19.0,True
ORD004607,CUST03319,2025-05-03,Niacinamide Serum,1,0,19.0,False
ORD004608,CUST03320,2025-03-25,Gentle Cleanser,2,0,32.0,True
ORD004609,CUST03320,2025-04-30,SPF 50 Sunscreen,3,15,61.2,False
ORD004610,CUST03321,2024-11-27,Hydrating Moisturizer,1,0,28.0,True
ORD004611,CUST03321,2025-02-12,Vitamin C Serum,1,20,17.6,False
ORD004612,CUST03322,2024-03-12,Retinol Night Cream,1,0,32.0,True
ORD004613,CUST03322,2024-03-28,Gentle Cleanser,1,0,16.0,False
ORD004614,CUST03323,2025-03-20,Niacinamide Serum,1,0,19.0,True
ORD004615,CUST03323,2025-05-18,SPF 50 Sunscreen,1,0,24.0,False
ORD004616,CUST03325,2025-03-30,Retinol Night Cream,1,10,28.8,True
ORD004617,CUST03326,2025-03-13,Face Mask Set,1,0,20.0,True
ORD004618,CUST03327,2025-04-12,Gentle Cleanser,1,0,16.0,True
ORD004619,CUST03328,2024-11-18,Retinol Night Cream,3,0,96.0,True
ORD004620,CUST03328,2024-12-30,Retinol Night Cream,1,0,32.0,False
ORD004621,CUST03329,2024-04-26,Eye Cream,1,0,26.0,True
ORD004622,CUST03330,2025-01-21,Vitamin C Serum,2,25,33.0,True
ORD004623,CUST03331,2024-12-24,Face Mask Set,1,0,20.0,True
ORD004624,CUST03332,2025-03-07,SPF 50 Sunscreen,1,0,24.0,True
ORD004625,CUST03333,2024-05-15,Vitamin C Serum,1,20,17.6,True
ORD004626,CUST03334,2024-05-29,Hydrating Moisturizer,2,10,50.4,True
ORD004627,CUST03335,2025-06-02,Gentle Cleanser,2,0,32.0,True
ORD004628,CUST03336,2025-03-11,Hydrating Moisturizer,1,0,28.0,True
ORD004629,CUST03337,2025-06-13,Hydrating Moisturizer,2,0,56.0,True
ORD004630,CUST03338,2025-03-15,Vitamin C Serum,2,0,44.0,True
ORD004631,CUST03339,2024-12-16,Vitamin C Serum,2,15,37.4,True
ORD004632,CUST03341,2025-06-05,SPF 50 Sunscreen,1,0,24.0,True
ORD004633,CUST03342,2024-12-08,Retinol Night Cream,2,20,51.2,True
ORD004634,CUST03342,2024-12-22,SPF 50 Sunscreen,1,15,20.4,False
ORD004635,CUST03343,2024-12-27,Gentle Cleanser,2,25,24.0,True
ORD004636,CUST03345,2024-11-05,Gentle Cleanser,1,25,12.0,True
ORD004637,CUST03346,2025-02-19,Eye Cream,1,15,22.1,True
ORD004638,CUST03347,2024-07-07,Hydrating Moisturizer,1,0,28.0,True
ORD004639,CUST03348,2024-06-03,Niacinamide Serum,2,10,34.2,True
ORD004640,CUST03349,2024-08-02,Gentle Cleanser,1,0,16.0,True
ORD004641,CUST03350,2024-06-21,Niacinamide Serum,2,20,30.4,True
ORD004642,CUST03351,2024-06-11,Face Mask Set,1,0,20.0,True
ORD004643,CUST03351,2024-07-14,Hydrating Moisturizer,1,0,28.0,False
ORD004644,CUST03353,2025-06-13,SPF 50 Sunscreen,1,20,19.2,True
ORD004645,CUST03354,2024-11-16,Eye Cream,2,0,52.0,True
ORD004646,CUST03354,2025-07-08,Retinol Night Cream,3,0,96.0,False
ORD004647,CUST03355,2024-05-26,Vitamin C Serum,2,20,35.2,True
ORD004648,CUST03356,2024-03-20,Face Mask Set,1,15,17.0,True
ORD004649,CUST03357,2025-02-07,Face Mask Set,1,0,20.0,True
ORD004650,CUST03357,2025-07-27,Eye Cream,1,10,23.4,False
ORD004651,CUST03358,2024-09-19,Vitamin C Serum,1,0,22.0,True
ORD004652,CUST03359,2025-04-24,Face Mask Set,1,0,20.0,True
ORD004653,CUST03360,2025-01-10,Hydrating Moisturizer,1,0,28.0,True
ORD004654,CUST03361,2025-04-08,SPF 50 Sunscreen,1,20,19.2,True
ORD004655,CUST03361,2025-05-30,Vitamin C Serum,1,0,22.0,False
ORD004656,CUST03362,2024-07-09,Niacinamide Serum,1,0,19.0,True
ORD004657,CUST03362,2024-08-16,Gentle Cleanser,1,0,16.0,False
ORD004658,CUST03363,2025-02-03,Gentle Cleanser,1,0,16.0,True
ORD004659,CUST03364,2024-07-01,Eye Cream,1,10,23.4,True
ORD004660,CUST03365,2025-06-27,Face Mask Set,2,25,30.0,True
ORD004661,CUST03366,2024-12-28,Face Mask Set,1,25,15.0,True
ORD004662,CUST03367,2024-08-08,Gentle Cleanser,1,10,14.4,True
ORD004663,CUST03368,2024-07-06,Gentle Cleanser,1,0,16.0,True
ORD004664,CUST03368,2024-07-20,Gentle Cleanser,1,0,16.0,False
ORD004665,CUST03368,2024-08-23,SPF 50 Sunscreen,1,0,24.0,False
ORD004666,CUST03369,2024-05-27,Gentle Cleanser,1,0,16.0,True
ORD004667,CUST03370,2025-02-06,Retinol Night Cream,2,0,64.0,True
ORD004668,CUST03371,2024-06-12,Retinol Night Cream,1,0,32.0,True
ORD004669,CUST03371,2024-07-01,Hydrating Moisturizer,1,0,28.0,False
ORD004670,CUST03371,2024-07-16,Retinol Night Cream,1,10,28.8,False
ORD004671,CUST03371,2024-07-30,Hydrating Moisturizer,1,0,28.0,False
ORD004672,CUST03372,2024-12-13,Vitamin C Serum,2,0,44.0,True
ORD004673,CUST03372,2025-02-18,Niacinamide Serum,1,20,15.2,False
ORD004674,CUST03372,2025-04-21,SPF 50 Sunscreen,1,0,24.0,False
ORD004675,CUST03373,2024-07-03,Niacinamide Serum,2,15,32.3,True
ORD004676,CUST03374,2025-01-12,Eye Cream,1,0,26.0,True
ORD004677,CUST03374,2025-01-26,Eye Cream,3,0,78.0,False
ORD004678,CUST03374,2025-02-20,Vitamin C Serum,2,10,39.6,False
ORD004679,CUST03375,2025-04-18,Hydrating Moisturizer,1,0,28.0,True
ORD004680,CUST03376,2025-03-28,SPF 50 Sunscreen,1,0,24.0,True
ORD004681,CUST03377,2025-03-18,Hydrating Moisturizer,1,25,21.0,True
ORD004682,CUST03377,2025-04-01,SPF 50 Sunscreen,1,0,24.0,False
ORD004683,CUST03378,2024-05-27,Vitamin C Serum,1,20,17.6,True
ORD004684,CUST03379,2024-03-27,Hydrating Moisturizer,3,15,71.4,True
ORD004685,CUST03380,2025-02-07,Face Mask Set,1,0,20.0,True
ORD004686,CUST03381,2024-09-10,Gentle Cleanser,1,0,16.0,True
ORD004687,CUST03381,2024-09-24,Hydrating Moisturizer,1,0,28.0,False
ORD004688,CUST03383,2024-02-19,Niacinamide Serum,3,0,57.0,True
ORD004689,CUST03383,2024-03-12,Gentle Cleanser,1,25,12.0,False
ORD004690,CUST03383,2024-03-26,SPF 50 Sunscreen,1,0,24.0,False
ORD004691,CUST03384,2024-06-29,Gentle Cleanser,1,0,16.0,True
ORD004692,CUST03384,2024-08-10,Face Mask Set,1,0,20.0,False
ORD004693,CUST03384,2024-10-28,SPF 50 Sunscreen,1,15,20.4,False
ORD004694,CUST03385,2024-02-22,Face Mask Set,1,10,18.0,True
ORD004695,CUST03386,2025-05-27,Retinol Night Cream,1,0,32.0,True
ORD004696,CUST03387,2024-06-22,Gentle Cleanser,1,0,16.0,True
ORD004697,CUST03388,2024-11-29,Niacinamide Serum,2,0,38.0,True
ORD004698,CUST03390,2025-01-18,SPF 50 Sunscreen,1,0,24.0,True
ORD004699,CUST03390,2025-03-19,SPF 50 Sunscreen,3,0,72.0,False
ORD004700,CUST03391,2024-08-09,Niacinamide Serum,1,0,19.0,True
ORD004701,CUST03393,2025-06-04,Hydrating Moisturizer,2,25,42.0,True
ORD004702,CUST03394,2024-08-10,Eye Cream,3,0,78.0,True
ORD004703,CUST03394,2024-11-04,Niacinamide Serum,1,0,19.0,False
ORD004704,CUST03394,2024-12-05,Niacinamide Serum,1,15,16.15,False
ORD004705,CUST03394,2025-01-08,Vitamin C Serum,1,0,22.0,False
ORD004706,CUST03395,2025-06-07,Face Mask Set,1,0,20.0,True
ORD004707,CUST03397,2025-04-26,Vitamin C Serum,1,15,18.7,True
ORD004708,CUST03398,2025-05-07,Niacinamide Serum,1,0,19.0,True
ORD004709,CUST03400,2024-12-08,SPF 50 Sunscreen,1,0,24.0,True
ORD004710,CUST03401,2024-03-13,Hydrating Moisturizer,3,25,63.0,True
ORD004711,CUST03401,2024-04-10,Hydrating Moisturizer,2,0,56.0,False
ORD004712,CUST03402,2024-03-29,Niacinamide Serum,1,0,19.0,True
ORD004713,CUST03402,2024-04-12,SPF 50 Sunscreen,1,20,19.2,False
ORD004714,CUST03403,2025-08-01,Hydrating Moisturizer,1,0,28.0,True
ORD004715,CUST03404,2024-08-10,Hydrating Moisturizer,1,15,23.8,True
ORD004716,CUST03404,2024-08-24,Hydrating Moisturizer,1,0,28.0,False
ORD004717,CUST03404,2024-10-21,Vitamin C Serum,1,10,19.8,False
ORD004718,CUST03405,2025-03-09,Niacinamide Serum,1,0,19.0,True
ORD004719,CUST03406,2025-04-13,Face Mask Set,2,0,40.0,True
ORD004720,CUST03407,2025-05-15,Eye Cream,3,0,78.0,True
ORD004721,CUST03408,2025-07-31,Eye Cream,1,0,26.0,True
ORD004722,CUST03409,2024-06-22,Retinol Night Cream,1,10,28.8,True
ORD004723,CUST03409,2024-07-06,Retinol Night Cream,1,0,32.0,False
ORD004724,CUST03409,2024-08-05,Hydrating Moisturizer,1,0,28.0,False
ORD004725,CUST03409,2025-01-12,Vitamin C Serum,2,0,44.0,False
ORD004726,CUST03410,2024-02-26,Eye Cream,1,25,19.5,True
ORD004727,CUST03411,2024-10-07,Hydrating Moisturizer,1,0,28.0,True
ORD004728,CUST03411,2025-01-23,Niacinamide Serum,2,0,38.0,False
ORD004729,CUST03411,2025-02-28,Face Mask Set,2,0,40.0,False
ORD004730,CUST03411,2025-03-14,Eye Cream,2,0,52.0,False
ORD004731,CUST03411,2025-04-01,Face Mask Set,3,0,60.0,False
ORD004732,CUST03413,2024-02-16,Face Mask Set,1,0,20.0,True
ORD004733,CUST03414,2024-09-06,Face Mask Set,1,0,20.0,True
ORD004734,CUST03415,2025-03-30,Vitamin C Serum,2,0,44.0,True
ORD004735,CUST03415,2025-07-25,Niacinamide Serum,1,0,19.0,False
ORD004736,CUST03416,2024-12-02,SPF 50 Sunscreen,1,20,19.2,True
ORD004737,CUST03417,2024-08-01,Eye Cream,2,0,52.0,True
ORD004738,CUST03418,2025-01-08,Gentle Cleanser,1,0,16.0,True
ORD004739,CUST03418,2025-04-01,SPF 50 Sunscreen,1,10,21.6,False
ORD004740,CUST03418,2025-06-10,Gentle Cleanser,1,0,16.0,False
ORD004741,CUST03419,2024-06-17,Vitamin C Serum,3,0,66.0,True
ORD004742,CUST03420,2024-02-10,Gentle Cleanser,1,0,16.0,True
ORD004743,CUST03421,2025-03-21,SPF 50 Sunscreen,1,15,20.4,True
ORD004744,CUST03422,2024-12-23,Hydrating Moisturizer,2,0,56.0,True
ORD004745,CUST03423,2025-03-17,SPF 50 Sunscreen,2,0,48.0,True
ORD004746,CUST03424,2024-02-26,Face Mask Set,1,0,20.0,True
ORD004747,CUST03424,2024-03-20,Vitamin C Serum,1,0,22.0,False
ORD004748,CUST03424,2024-04-03,Retinol Night Cream,1,0,32.0,False
ORD004749,CUST03425,2025-05-04,Niacinamide Serum,1,0,19.0,True
ORD004750,CUST03426,2024-12-24,Vitamin C Serum,3,25,49.5,True
ORD004751,CUST03426,2025-05-08,Niacinamide Serum,1,0,19.0,False
ORD004752,CUST03426,2025-07-24,Eye Cream,3,10,70.2,False
ORD004753,CUST03427,2024-12-03,Vitamin C Serum,1,0,22.0,True
ORD004754,CUST03427,2024-12-19,Niacinamide Serum,2,25,28.5,False
ORD004755,CUST03428,2024-12-23,Hydrating Moisturizer,1,10,25.2,True
ORD004756,CUST03428,2025-06-03,Vitamin C Serum,1,15,18.7,False
ORD004757,CUST03429,2025-05-18,Hydrating Moisturizer,3,0,84.0,True
ORD004758,CUST03429,2025-07-12,Vitamin C Serum,1,10,19.8,False
ORD004759,CUST03431,2024-12-10,Eye Cream,1,0,26.0,True
ORD004760,CUST03431,2024-12-24,Hydrating Moisturizer,1,25,21.0,False
ORD004761,CUST03431,2025-02-27,Retinol Night Cream,3,20,76.8,False
ORD004762,CUST03432,2025-07-27,Hydrating Moisturizer,2,15,47.6,True
ORD004763,CUST03433,2025-03-15,Retinol Night Cream,2,25,48.0,True
ORD004764,CUST03433,2025-04-19,Eye Cream,1,0,26.0,False
ORD004765,CUST03433,2025-05-23,Eye Cream,1,0,26.0,False
ORD004766,CUST03434,2024-10-26,Vitamin C Serum,1,15,18.7,True
ORD004767,CUST03435,2025-02-13,Vitamin C Serum,1,0,22.0,True
ORD004768,CUST03436,2024-09-21,Face Mask Set,1,0,20.0,True
ORD004769,CUST03437,2024-06-18,Face Mask Set,1,0,20.0,True
ORD004770,CUST03438,2024-12-14,Retinol Night Cream,2,20,51.2,True
ORD004771,CUST03438,2025-04-14,Eye Cream,1,0,26.0,False
ORD004772,CUST03439,2025-06-22,Vitamin C Serum,2,20,35.2,True
ORD004773,CUST03439,2025-07-08,Hydrating Moisturizer,2,25,42.0,False
ORD004774,CUST03441,2024-08-23,Eye Cream,1,0,26.0,True
ORD004775,CUST03442,2024-11-23,Hydrating Moisturizer,2,20,44.8,True
ORD004776,CUST03442,2024-12-07,SPF 50 Sunscreen,3,25,54.0,False
ORD004777,CUST03442,2024-12-21,Vitamin C Serum,2,0,44.0,False
ORD004778,CUST03443,2024-06-08,Gentle Cleanser,1,0,16.0,True
ORD004779,CUST03445,2025-07-20,Niacinamide Serum,2,0,38.0,True
ORD004780,CUST03446,2025-01-04,SPF 50 Sunscreen,1,0,24.0,True
ORD004781,CUST03446,2025-01-18,Gentle Cleanser,1,0,16.0,False
ORD004782,CUST03447,2025-04-12,Hydrating Moisturizer,1,0,28.0,True
ORD004783,CUST03448,2025-02-17,Niacinamide Serum,2,0,38.0,True
ORD004784,CUST03448,2025-04-05,Hydrating Moisturizer,1,0,28.0,False
ORD004785,CUST03448,2025-06-17,Niacinamide Serum,1,25,14.25,False
ORD004786,CUST03449,2024-12-14,Eye Cream,1,0,26.0,True
ORD004787,CUST03449,2025-01-25,Hydrating Moisturizer,1,15,23.8,False
ORD004788,CUST03449,2025-04-04,SPF 50 Sunscreen,1,0,24.0,False
ORD004789,CUST03450,2024-03-04,SPF 50 Sunscreen,1,25,18.0,True
ORD004790,CUST03450,2024-05-18,Niacinamide Serum,2,0,38.0,False
ORD004791,CUST03450,2024-06-15,Vitamin C Serum,2,0,44.0,False
ORD004792,CUST03450,2024-08-16,Vitamin C Serum,1,25,16.5,False
ORD004793,CUST03451,2024-10-30,Eye Cream,1,15,22.1,True
ORD004794,CUST03452,2025-01-22,Retinol Night Cream,1,0,32.0,True
ORD004795,CUST03453,2025-01-23,Eye Cream,1,15,22.1,True
ORD004796,CUST03454,2024-09-12,Face Mask Set,2,15,34.0,True
ORD004797,CUST03455,2025-06-27,Retinol Night Cream,1,0,32.0,True
ORD004798,CUST03456,2024-05-13,Hydrating Moisturizer,1,20,22.4,True
ORD004799,CUST03457,2024-11-14,Face Mask Set,3,0,60.0,True
ORD004800,CUST03458,2025-02-01,Hydrating Moisturizer,1,20,22.4,True
ORD004801,CUST03458,2025-02-15,Retinol Night Cream,1,20,25.6,False
ORD004802,CUST03459,2025-02-05,SPF 50 Sunscreen,1,15,20.4,True
ORD004803,CUST03459,2025-02-19,Retinol Night Cream,1,15,27.2,False
ORD004804,CUST03459,2025-05-03,Retinol Night Cream,2,20,51.2,False
ORD004805,CUST03460,2025-01-02,Face Mask Set,1,0,20.0,True
ORD004806,CUST03461,2024-07-09,Hydrating Moisturizer,2,0,56.0,True
ORD004807,CUST03462,2024-05-09,Hydrating Moisturizer,2,0,56.0,True
ORD004808,CUST03462,2024-07-08,Niacinamide Serum,1,25,14.25,False
ORD004809,CUST03462,2024-09-04,Face Mask Set,3,0,60.0,False
ORD004810,CUST03463,2024-12-30,Niacinamide Serum,1,15,16.15,True
ORD004811,CUST03463,2025-04-08,Vitamin C Serum,1,15,18.7,False
ORD004812,CUST03464,2024-12-14,Vitamin C Serum,2,0,44.0,True
ORD004813,CUST03465,2024-05-21,Gentle Cleanser,1,20,12.8,True
ORD004814,CUST03465,2024-06-04,Niacinamide Serum,1,0,19.0,False
ORD004815,CUST03465,2024-07-22,Retinol Night Cream,1,10,28.8,False
ORD004816,CUST03466,2025-02-13,Niacinamide Serum,1,0,19.0,True
ORD004817,CUST03467,2024-11-01,Niacinamide Serum,1,0,19.0,True
ORD004818,CUST03467,2025-01-19,Niacinamide Serum,2,0,38.0,False
ORD004819,CUST03467,2025-04-04,SPF 50 Sunscreen,1,0,24.0,False
ORD004820,CUST03468,2025-01-18,Niacinamide Serum,1,15,16.15,True
ORD004821,CUST03469,2025-05-03,Vitamin C Serum,2,0,44.0,True
ORD004822,CUST03469,2025-05-30,Vitamin C Serum,1,0,22.0,False
ORD004823,CUST03470,2024-05-17,Eye Cream,1,25,19.5,True
ORD004824,CUST03470,2024-10-03,Vitamin C Serum,1,0,22.0,False
ORD004825,CUST03471,2024-02-14,Niacinamide Serum,3,20,45.6,True
ORD004826,CUST03472,2025-03-29,Eye Cream,3,0,78.0,True
ORD004827,CUST03472,2025-05-17,Vitamin C Serum,3,0,66.0,False
ORD004828,CUST03472,2025-07-28,Face Mask Set,3,20,48.0,False
ORD004829,CUST03473,2024-12-17,Hydrating Moisturizer,1,0,28.0,True
ORD004830,CUST03474,2025-02-09,Face Mask Set,1,20,16.0,True
ORD004831,CUST03475,2025-05-02,Niacinamide Serum,1,0,19.0,True
ORD004832,CUST03476,2025-04-11,Niacinamide Serum,3,0,57.0,True
ORD004833,CUST03477,2025-07-10,Hydrating Moisturizer,1,0,28.0,True
ORD004834,CUST03479,2024-11-11,Gentle Cleanser,2,20,25.6,True
ORD004835,CUST03480,2024-10-01,Hydrating Moisturizer,1,10,25.2,True
ORD004836,CUST03480,2024-12-10,SPF 50 Sunscreen,1,15,20.4,False
ORD004837,CUST03481,2024-05-05,Niacinamide Serum,1,20,15.2,True
ORD004838,CUST03481,2024-05-19,Hydrating Moisturizer,1,25,21.0,False
ORD004839,CUST03482,2024-12-03,Retinol Night Cream,2,10,57.6,True
ORD004840,CUST03483,2024-07-09,Hydrating Moisturizer,1,0,28.0,True
ORD004841,CUST03483,2024-07-23,Gentle Cleanser,1,0,16.0,False
ORD004842,CUST03483,2024-09-20,Hydrating Moisturizer,1,0,28.0,False
ORD004843,CUST03484,2025-06-19,Hydrating Moisturizer,1,25,21.0,True
ORD004844,CUST03485,2024-12-07,Retinol Night Cream,1,0,32.0,True
ORD004845,CUST03485,2025-02-19,Vitamin C Serum,2,0,44.0,False
ORD004846,CUST03485,2025-04-28,Vitamin C Serum,2,0,44.0,False
ORD004847,CUST03486,2024-12-14,Niacinamide Serum,1,0,19.0,True
ORD004848,CUST03486,2025-02-17,Gentle Cleanser,1,0,16.0,False
ORD004849,CUST03486,2025-07-10,Hydrating Moisturizer,1,0,28.0,False
ORD004850,CUST03487,2024-09-01,Hydrating Moisturizer,3,0,84.0,True
ORD004851,CUST03488,2024-03-04,Vitamin C Serum,2,0,44.0,True
ORD004852,CUST03488,2024-03-18,Retinol Night Cream,1,0,32.0,False
ORD004853,CUST03489,2024-02-21,Retinol Night Cream,1,10,28.8,True
ORD004854,CUST03489,2024-03-06,Vitamin C Serum,3,20,52.8,False
ORD004855,CUST03490,2024-10-11,SPF 50 Sunscreen,1,0,24.0,True
ORD004856,CUST03491,2024-03-23,Niacinamide Serum,1,0,19.0,True
ORD004857,CUST03492,2024-12-17,Face Mask Set,1,10,18.0,True
ORD004858,CUST03493,2025-05-31,Hydrating Moisturizer,1,10,25.2,True
ORD004859,CUST03494,2025-06-01,Gentle Cleanser,1,0,16.0,True
ORD004860,CUST03496,2024-06-06,Gentle Cleanser,1,20,12.8,True
ORD004861,CUST03497,2025-05-19,SPF 50 Sunscreen,1,20,19.2,True
ORD004862,CUST03498,2025-06-03,Gentle Cleanser,1,0,16.0,True
ORD004863,CUST03499,2024-06-02,Hydrating Moisturizer,2,0,56.0,True
ORD004864,CUST03500,2025-03-02,Eye Cream,3,0,78.0,True
ORD004865,CUST03500,2025-05-17,SPF 50 Sunscreen,1,25,18.0,False
ORD004866,CUST03501,2024-07-16,Hydrating Moisturizer,1,0,28.0,True
ORD004867,CUST03501,2024-07-30,SPF 50 Sunscreen,3,20,57.6,False
ORD004868,CUST03502,2025-04-10,Hydrating Moisturizer,1,0,28.0,True
ORD004869,CUST03502,2025-04-24,Eye Cream,1,0,26.0,False
ORD004870,CUST03503,2025-07-29,Face Mask Set,3,0,60.0,True
ORD004871,CUST03504,2024-02-21,Vitamin C Serum,1,0,22.0,True
ORD004872,CUST03504,2024-06-14,Niacinamide Serum,2,25,28.5,False
ORD004873,CUST03505,2025-06-07,Niacinamide Serum,1,20,15.2,True
ORD004874,CUST03506,2024-12-25,Gentle Cleanser,1,20,12.8,True
ORD004875,CUST03507,2025-07-14,Hydrating Moisturizer,3,0,84.0,True
ORD004876,CUST03508,2024-11-03,Retinol Night Cream,1,0,32.0,True
ORD004877,CUST03508,2024-12-25,Niacinamide Serum,1,0,19.0,False
ORD004878,CUST03509,2025-05-08,SPF 50 Sunscreen,1,0,24.0,True
ORD004879,CUST03509,2025-07-01,Face Mask Set,2,0,40.0,False
ORD004880,CUST03510,2024-03-10,Eye Cream,1,0,26.0,True
ORD004881,CUST03511,2024-08-17,Retinol Night Cream,1,0,32.0,True
ORD004882,CUST03512,2024-03-14,Vitamin C Serum,1,0,22.0,True
ORD004883,CUST03512,2024-05-04,Hydrating Moisturizer,1,20,22.4,False
ORD004884,CUST03513,2025-07-18,Face Mask Set,1,20,16.0,True
ORD004885,CUST03514,2025-04-22,Vitamin C Serum,2,0,44.0,True
ORD004886,CUST03516,2025-06-28,Eye Cream,1,0,26.0,True
ORD004887,CUST03517,2024-03-24,Eye Cream,1,0,26.0,True
ORD004888,CUST03518,2024-09-21,SPF 50 Sunscreen,1,0,24.0,True
ORD004889,CUST03518,2025-01-24,Hydrating Moisturizer,1,0,28.0,False
ORD004890,CUST03518,2025-02-07,Retinol Night Cream,3,0,96.0,False
ORD004891,CUST03518,2025-02-22,Vitamin C Serum,1,0,22.0,False
ORD004892,CUST03518,2025-04-06,Niacinamide Serum,1,0,19.0,False
ORD004893,CUST03519,2024-03-15,SPF 50 Sunscreen,1,0,24.0,True
ORD004894,CUST03519,2024-04-17,Eye Cream,1,0,26.0,False
ORD004895,CUST03519,2024-05-11,Face Mask Set,1,0,20.0,False
ORD004896,CUST03521,2024-06-16,Gentle Cleanser,1,0,16.0,True
ORD004897,CUST03521,2024-09-10,SPF 50 Sunscreen,1,25,18.0,False
ORD004898,CUST03522,2024-11-04,Retinol Night Cream,1,0,32.0,True
ORD004899,CUST03523,2024-07-07,Niacinamide Serum,1,25,14.25,True
ORD004900,CUST03524,2024-04-05,Eye Cream,1,0,26.0,True
ORD004901,CUST03525,2024-05-13,Vitamin C Serum,1,15,18.7,True
ORD004902,CUST03525,2024-06-26,Hydrating Moisturizer,2,0,56.0,False
ORD004903,CUST03525,2024-07-10,Gentle Cleanser,1,10,14.4,False
ORD004904,CUST03525,2024-09-13,Niacinamide Serum,3,0,57.0,False
ORD004905,CUST03526,2024-04-30,SPF 50 Sunscreen,1,0,24.0,True
ORD004906,CUST03526,2024-05-14,Hydrating Moisturizer,1,0,28.0,False
ORD004907,CUST03526,2024-06-04,Retinol Night Cream,1,0,32.0,False
ORD004908,CUST03527,2025-07-16,Face Mask Set,2,0,40.0,True
ORD004909,CUST03529,2025-07-14,Niacinamide Serum,1,10,17.1,True
ORD004910,CUST03530,2024-10-21,Vitamin C Serum,1,0,22.0,True
ORD004911,CUST03531,2024-07-13,Hydrating Moisturizer,1,0,28.0,True
ORD004912,CUST03532,2025-04-10,Niacinamide Serum,1,15,16.15,True
ORD004913,CUST03533,2024-08-11,Face Mask Set,1,0,20.0,True
ORD004914,CUST03533,2024-08-25,Retinol Night Cream,1,0,32.0,False
ORD004915,CUST03534,2024-07-25,Face Mask Set,1,10,18.0,True
ORD004916,CUST03535,2024-06-18,Niacinamide Serum,1,0,19.0,True
ORD004917,CUST03535,2024-07-27,SPF 50 Sunscreen,2,0,48.0,False
ORD004918,CUST03536,2024-04-22,Hydrating Moisturizer,2,15,47.6,True
ORD004919,CUST03536,2024-05-06,Hydrating Moisturizer,1,10,25.2,False
ORD004920,CUST03537,2024-06-30,Vitamin C Serum,1,0,22.0,True
ORD004921,CUST03537,2024-07-14,Eye Cream,2,0,52.0,False
ORD004922,CUST03537,2024-08-08,Eye Cream,2,15,44.2,False
ORD004923,CUST03537,2024-08-22,Gentle Cleanser,1,0,16.0,False
ORD004924,CUST03538,2024-09-02,SPF 50 Sunscreen,2,0,48.0,True
ORD004925,CUST03539,2025-01-20,Niacinamide Serum,1,0,19.0,True
ORD004926,CUST03539,2025-02-18,Vitamin C Serum,1,0,22.0,False
ORD004927,CUST03540,2024-03-13,Niacinamide Serum,1,25,14.25,True
ORD004928,CUST03540,2024-03-30,SPF 50 Sunscreen,2,20,38.4,False
ORD004929,CUST03540,2024-07-13,Gentle Cleanser,2,0,32.0,False
ORD004930,CUST03540,2024-08-28,Retinol Night Cream,1,0,32.0,False
ORD004931,CUST03540,2024-09-30,Hydrating Moisturizer,3,0,84.0,False
ORD004932,CUST03541,2024-06-08,Face Mask Set,1,0,20.0,True
ORD004933,CUST03542,2025-04-15,Retinol Night Cream,2,0,64.0,True
ORD004934,CUST03543,2024-05-02,Retinol Night Cream,1,25,24.0,True
ORD004935,CUST03544,2024-08-23,Niacinamide Serum,1,0,19.0,True
ORD004936,CUST03544,2024-09-21,Niacinamide Serum,1,0,19.0,False
ORD004937,CUST03544,2025-01-14,Retinol Night Cream,1,0,32.0,False
ORD004938,CUST03545,2025-05-19,Retinol Night Cream,1,0,32.0,True
ORD004939,CUST03545,2025-06-02,Face Mask Set,1,0,20.0,False
ORD004940,CUST03546,2024-05-06,Gentle Cleanser,1,0,16.0,True
ORD004941,CUST03546,2024-06-09,Niacinamide Serum,2,0,38.0,False
ORD004942,CUST03547,2024-03-23,Vitamin C Serum,2,0,44.0,True
ORD004943,CUST03548,2024-11-09,Face Mask Set,1,15,17.0,True
ORD004944,CUST03548,2024-12-19,Retinol Night Cream,1,10,28.8,False
ORD004945,CUST03549,2024-07-27,SPF 50 Sunscreen,1,0,24.0,True
ORD004946,CUST03550,2024-12-01,Hydrating Moisturizer,1,0,28.0,True
ORD004947,CUST03550,2024-12-15,Gentle Cleanser,1,20,12.8,False
ORD004948,CUST03550,2025-02-01,Gentle Cleanser,1,0,16.0,False
ORD004949,CUST03551,2025-04-11,Hydrating Moisturizer,1,20,22.4,True
ORD004950,CUST03552,2024-04-27,Eye Cream,3,0,78.0,True
ORD004951,CUST03552,2024-05-22,Niacinamide Serum,1,0,19.0,False
ORD004952,CUST03553,2024-12-08,Gentle Cleanser,1,0,16.0,True
ORD004953,CUST03553,2025-01-08,Retinol Night Cream,1,15,27.2,False
ORD004954,CUST03554,2024-11-14,Retinol Night Cream,1,15,27.2,True
ORD004955,CUST03554,2024-12-28,Niacinamide Serum,1,0,19.0,False
ORD004956,CUST03554,2025-02-02,Retinol Night Cream,1,15,27.2,False
ORD004957,CUST03554,2025-02-16,Vitamin C Serum,3,0,66.0,False
ORD004958,CUST03554,2025-03-02,SPF 50 Sunscreen,1,0,24.0,False
ORD004959,CUST03554,2025-03-24,SPF 50 Sunscreen,1,0,24.0,False
ORD004960,CUST03555,2024-04-29,Retinol Night Cream,2,0,64.0,True
ORD004961,CUST03555,2024-06-27,Eye Cream,1,0,26.0,False
ORD004962,CUST03555,2024-08-06,Face Mask Set,1,0,20.0,False
ORD004963,CUST03556,2024-12-26,SPF 50 Sunscreen,2,15,40.8,True
ORD004964,CUST03557,2024-07-10,Vitamin C Serum,2,10,39.6,True
ORD004965,CUST03558,2024-11-12,Gentle Cleanser,2,25,24.0,True
ORD004966,CUST03559,2024-03-24,Hydrating Moisturizer,1,20,22.4,True
ORD004967,CUST03560,2024-11-01,SPF 50 Sunscreen,1,25,18.0,True
ORD004968,CUST03560,2025-02-28,SPF 50 Sunscreen,1,20,19.2,False
ORD004969,CUST03560,2025-03-17,Eye Cream,1,10,23.4,False
ORD004970,CUST03560,2025-03-31,Retinol Night Cream,1,10,28.8,False
ORD004971,CUST03561,2024-07-29,Gentle Cleanser,3,0,48.0,True
ORD004972,CUST03562,2025-04-22,Gentle Cleanser,1,0,16.0,True
ORD004973,CUST03563,2024-03-09,Gentle Cleanser,2,10,28.8,True
ORD004974,CUST03564,2024-10-10,Vitamin C Serum,1,0,22.0,True
ORD004975,CUST03565,2024-11-04,Retinol Night Cream,2,0,64.0,True
ORD004976,CUST03565,2024-12-18,Niacinamide Serum,2,0,38.0,False
ORD004977,CUST03565,2025-06-24,Eye Cream,2,10,46.8,False
ORD004978,CUST03566,2025-02-25,Gentle Cleanser,3,0,48.0,True
ORD004979,CUST03567,2024-12-06,Eye Cream,1,0,26.0,True
ORD004980,CUST03567,2024-12-20,Hydrating Moisturizer,1,0,28.0,False
ORD004981,CUST03567,2025-01-27,SPF 50 Sunscreen,2,15,40.8,False
ORD004982,CUST03567,2025-05-19,Face Mask Set,3,0,60.0,False
ORD004983,CUST03567,2025-06-02,Vitamin C Serum,1,0,22.0,False
ORD004984,CUST03568,2025-01-17,Retinol Night Cream,2,25,48.0,True
ORD004985,CUST03568,2025-02-16,SPF 50 Sunscreen,1,0,24.0,False
ORD004986,CUST03569,2025-03-26,Hydrating Moisturizer,3,0,84.0,True
ORD004987,CUST03569,2025-05-19,Vitamin C Serum,2,0,44.0,False
ORD004988,CUST03570,2025-05-19,Face Mask Set,1,0,20.0,True
ORD004989,CUST03571,2024-08-03,Hydrating Moisturizer,1,0,28.0,True
ORD004990,CUST03572,2024-11-26,Gentle Cleanser,2,25,24.0,True
ORD004991,CUST03573,2025-05-04,SPF 50 Sunscreen,1,0,24.0,True
ORD004992,CUST03573,2025-06-17,Vitamin C Serum,1,20,17.6,False
ORD004993,CUST03573,2025-07-01,Vitamin C Serum,1,0,22.0,False
ORD004994,CUST03574,2025-07-25,SPF 50 Sunscreen,1,0,24.0,True
ORD004995,CUST03576,2024-09-12,Hydrating Moisturizer,1,0,28.0,True
ORD004996,CUST03577,2024-05-30,Retinol Night Cream,1,0,32.0,True
ORD004997,CUST03579,2025-03-07,SPF 50 Sunscreen,2,25,36.0,True
ORD004998,CUST03579,2025-05-23,Eye Cream,2,20,41.6,False
ORD004999,CUST03580,2024-11-11,Hydrating Moisturizer,1,10,25.2,True
ORD005000,CUST03581,2024-11-08,Gentle Cleanser,1,15,13.6,True
ORD005001,CUST03581,2024-11-22,Retinol Night Cream,1,25,24.0,False
ORD005002,CUST03582,2025-05-04,Face Mask Set,1,0,20.0,True
ORD005003,CUST03583,2024-09-05,SPF 50 Sunscreen,1,10,21.6,True
ORD005004,CUST03584,2025-05-15,SPF 50 Sunscreen,2,0,48.0,True
ORD005005,CUST03584,2025-07-06,Hydrating Moisturizer,1,10,25.2,False
ORD005006,CUST03585,2024-10-01,Face Mask Set,2,0,40.0,True
ORD005007,CUST03586,2024-08-11,Face Mask Set,1,20,16.0,True
ORD005008,CUST03587,2024-10-31,Vitamin C Serum,1,20,17.6,True
ORD005009,CUST03588,2025-03-18,Retinol Night Cream,2,10,57.6,True
ORD005010,CUST03589,2024-04-17,Vitamin C Serum,1,20,17.6,True
ORD005011,CUST03590,2024-05-31,Retinol Night Cream,1,20,25.6,True
ORD005012,CUST03591,2025-07-01,Niacinamide Serum,1,0,19.0,True
ORD005013,CUST03592,2024-05-19,Eye Cream,1,10,23.4,True
ORD005014,CUST03593,2024-12-02,Niacinamide Serum,1,0,19.0,True
ORD005015,CUST03594,2024-12-06,Face Mask Set,3,0,60.0,True
ORD005016,CUST03595,2024-11-11,Retinol Night Cream,1,0,32.0,True
ORD005017,CUST03595,2024-11-25,Gentle Cleanser,2,15,27.2,False
ORD005018,CUST03596,2024-12-31,Gentle Cleanser,1,0,16.0,True
ORD005019,CUST03597,2024-06-16,Retinol Night Cream,1,0,32.0,True
ORD005020,CUST03598,2024-11-28,Niacinamide Serum,2,0,38.0,True
ORD005021,CUST03599,2024-09-12,Retinol Night Cream,1,0,32.0,True
ORD005022,CUST03600,2025-01-14,Retinol Night Cream,1,0,32.0,True
ORD005023,CUST03601,2024-04-30,Niacinamide Serum,1,0,19.0,True
ORD005024,CUST03602,2024-12-06,Niacinamide Serum,1,10,17.1,True
ORD005025,CUST03602,2025-07-15,Vitamin C Serum,1,0,22.0,False
ORD005026,CUST03603,2024-05-23,Face Mask Set,2,0,40.0,True
ORD005027,CUST03604,2024-07-13,Eye Cream,1,20,20.8,True
ORD005028,CUST03604,2024-08-05,SPF 50 Sunscreen,2,0,48.0,False
ORD005029,CUST03604,2024-12-14,Niacinamide Serum,1,0,19.0,False
ORD005030,CUST03604,2025-05-22,SPF 50 Sunscreen,1,10,21.6,False
ORD005031,CUST03604,2025-06-05,Eye Cream,2,0,52.0,False
ORD005032,CUST03604,2025-07-09,Hydrating Moisturizer,1,0,28.0,False
ORD005033,CUST03604,2025-07-23,Retinol Night Cream,1,0,32.0,False
ORD005034,CUST03606,2024-05-23,Eye Cream,2,0,52.0,True
ORD005035,CUST03606,2024-06-18,Hydrating Moisturizer,1,0,28.0,False
ORD005036,CUST03606,2024-11-19,Hydrating Moisturizer,1,0,28.0,False
ORD005037,CUST03607,2025-04-27,Hydrating Moisturizer,1,20,22.4,True
ORD005038,CUST03607,2025-05-22,Niacinamide Serum,1,20,15.2,False
ORD005039,CUST03608,2024-07-17,Niacinamide Serum,1,0,19.0,True
ORD005040,CUST03609,2025-06-22,Retinol Night Cream,2,15,54.4,True
ORD005041,CUST03610,2025-07-15,SPF 50 Sunscreen,1,0,24.0,True
ORD005042,CUST03611,2024-12-03,Face Mask Set,2,0,40.0,True
ORD005043,CUST03612,2024-04-28,Vitamin C Serum,1,15,18.7,True
ORD005044,CUST03613,2024-09-14,Eye Cream,2,0,52.0,True
ORD005045,CUST03613,2024-09-28,Gentle Cleanser,3,0,48.0,False
ORD005046,CUST03614,2025-04-10,Gentle Cleanser,1,15,13.6,True
ORD005047,CUST03615,2024-09-08,Face Mask Set,2,0,40.0,True
ORD005048,CUST03616,2024-03-26,Retinol Night Cream,2,25,48.0,True
ORD005049,CUST03617,2024-11-30,Face Mask Set,1,15,17.0,True
ORD005050,CUST03618,2025-05-06,Vitamin C Serum,1,0,22.0,True
ORD005051,CUST03618,2025-06-30,Niacinamide Serum,1,20,15.2,False
ORD005052,CUST03619,2025-04-08,Face Mask Set,1,25,15.0,True
ORD005053,CUST03620,2024-05-20,Vitamin C Serum,1,0,22.0,True
ORD005054,CUST03620,2024-07-06,Gentle Cleanser,1,0,16.0,False
ORD005055,CUST03620,2024-10-24,Face Mask Set,2,0,40.0,False
ORD005056,CUST03621,2025-01-19,Face Mask Set,2,0,40.0,True
ORD005057,CUST03622,2024-06-11,Face Mask Set,3,0,60.0,True
ORD005058,CUST03623,2024-06-13,Vitamin C Serum,1,0,22.0,True
ORD005059,CUST03626,2024-07-02,Vitamin C Serum,3,15,56.1,True
ORD005060,CUST03626,2024-07-16,SPF 50 Sunscreen,1,0,24.0,False
ORD005061,CUST03627,2024-02-01,Gentle Cleanser,2,15,27.2,True
ORD005062,CUST03628,2025-05-23,Vitamin C Serum,1,15,18.7,True
ORD005063,CUST03628,2025-06-16,Hydrating Moisturizer,2,15,47.6,False
ORD005064,CUST03629,2025-04-06,Vitamin C Serum,2,10,39.6,True
ORD005065,CUST03630,2024-12-27,Face Mask Set,1,0,20.0,True
ORD005066,CUST03631,2025-03-10,Face Mask Set,1,0,20.0,True
ORD005067,CUST03632,2024-05-04,Eye Cream,1,0,26.0,True
ORD005068,CUST03633,2024-11-04,SPF 50 Sunscreen,3,0,72.0,True
ORD005069,CUST03633,2025-04-21,Hydrating Moisturizer,2,0,56.0,False
ORD005070,CUST03633,2025-07-30,Retinol Night Cream,1,0,32.0,False
ORD005071,CUST03634,2024-08-31,Eye Cream,2,0,52.0,True
ORD005072,CUST03635,2024-03-31,Hydrating Moisturizer,1,10,25.2,True
ORD005073,CUST03636,2024-11-10,Gentle Cleanser,1,0,16.0,True
ORD005074,CUST03636,2024-12-20,Vitamin C Serum,2,0,44.0,False
ORD005075,CUST03637,2025-06-19,Niacinamide Serum,1,15,16.15,True
ORD005076,CUST03638,2024-02-26,Face Mask Set,3,0,60.0,True
ORD005077,CUST03639,2024-07-20,Gentle Cleanser,2,15,27.2,True
ORD005078,CUST03639,2024-08-03,SPF 50 Sunscreen,1,20,19.2,False
ORD005079,CUST03640,2024-06-05,Eye Cream,3,0,78.0,True
ORD005080,CUST03641,2024-06-22,Niacinamide Serum,1,0,19.0,True
ORD005081,CUST03641,2024-07-09,Retinol Night Cream,1,0,32.0,False
ORD005082,CUST03641,2024-10-04,Retinol Night Cream,3,0,96.0,False
ORD005083,CUST03642,2025-06-14,Vitamin C Serum,1,0,22.0,True
ORD005084,CUST03643,2024-11-07,Face Mask Set,1,0,20.0,True
ORD005085,CUST03644,2024-11-06,Niacinamide Serum,1,0,19.0,True
ORD005086,CUST03645,2025-03-17,SPF 50 Sunscreen,2,0,48.0,True
ORD005087,CUST03645,2025-05-17,Hydrating Moisturizer,1,10,25.2,False
ORD005088,CUST03645,2025-06-14,Face Mask Set,2,0,40.0,False
ORD005089,CUST03646,2024-05-05,Niacinamide Serum,2,20,30.4,True
ORD005090,CUST03647,2024-11-12,Vitamin C Serum,1,20,17.6,True
ORD005091,CUST03648,2024-10-15,SPF 50 Sunscreen,1,25,18.0,True
ORD005092,CUST03650,2025-08-01,Gentle Cleanser,1,0,16.0,True
ORD005093,CUST03651,2025-03-23,Retinol Night Cream,3,0,96.0,True
ORD005094,CUST03652,2024-09-29,Niacinamide Serum,1,0,19.0,True
ORD005095,CUST03653,2025-04-28,Hydrating Moisturizer,1,25,21.0,True
ORD005096,CUST03654,2024-05-18,Retinol Night Cream,1,25,24.0,True
ORD005097,CUST03655,2024-02-22,Niacinamide Serum,1,0,19.0,True
ORD005098,CUST03655,2024-03-10,Niacinamide Serum,1,0,19.0,False
ORD005099,CUST03656,2024-06-04,Face Mask Set,1,0,20.0,True
ORD005100,CUST03657,2024-08-20,Niacinamide Serum,3,0,57.0,True
ORD005101,CUST03657,2024-09-03,Eye Cream,1,0,26.0,False
ORD005102,CUST03659,2024-12-20,Face Mask Set,1,25,15.0,True
ORD005103,CUST03660,2025-06-14,Hydrating Moisturizer,1,25,21.0,True
ORD005104,CUST03661,2024-11-17,Face Mask Set,2,0,40.0,True
ORD005105,CUST03662,2024-11-15,Niacinamide Serum,1,0,19.0,True
ORD005106,CUST03662,2024-11-29,Vitamin C Serum,1,10,19.8,False
ORD005107,CUST03663,2024-03-02,Hydrating Moisturizer,1,25,21.0,True
ORD005108,CUST03664,2024-02-25,Face Mask Set,1,10,18.0,True
ORD005109,CUST03665,2024-11-29,Face Mask Set,1,0,20.0,True
ORD005110,CUST03666,2024-10-22,Retinol Night Cream,2,25,48.0,True
ORD005111,CUST03667,2025-05-03,Gentle Cleanser,1,20,12.8,True
ORD005112,CUST03669,2024-02-18,Vitamin C Serum,1,0,22.0,True
ORD005113,CUST03669,2024-03-03,Retinol Night Cream,2,0,64.0,False
ORD005114,CUST03669,2024-05-23,SPF 50 Sunscreen,2,10,43.2,False
ORD005115,CUST03669,2024-07-30,Vitamin C Serum,2,0,44.0,False
ORD005116,CUST03670,2024-10-30,Face Mask Set,1,0,20.0,True
ORD005117,CUST03671,2024-06-22,Gentle Cleanser,1,0,16.0,True
ORD005118,CUST03672,2024-03-03,Hydrating Moisturizer,2,0,56.0,True
ORD005119,CUST03673,2025-02-25,Niacinamide Serum,1,0,19.0,True
ORD005120,CUST03674,2024-04-10,Vitamin C Serum,1,20,17.6,True
ORD005121,CUST03675,2024-12-19,Face Mask Set,1,0,20.0,True
ORD005122,CUST03675,2025-01-02,Face Mask Set,2,10,36.0,False
ORD005123,CUST03677,2024-05-16,Vitamin C Serum,1,25,16.5,True
ORD005124,CUST03678,2024-09-17,Vitamin C Serum,1,15,18.7,True
ORD005125,CUST03678,2024-10-09,Niacinamide Serum,1,0,19.0,False
ORD005126,CUST03679,2025-04-12,SPF 50 Sunscreen,1,0,24.0,True
ORD005127,CUST03680,2024-09-24,Hydrating Moisturizer,3,0,84.0,True
ORD005128,CUST03680,2024-10-08,Eye Cream,1,0,26.0,False
ORD005129,CUST03680,2024-10-22,Gentle Cleanser,2,0,32.0,False
ORD005130,CUST03681,2025-03-12,Niacinamide Serum,1,0,19.0,True
ORD005131,CUST03682,2024-04-17,Niacinamide Serum,2,0,38.0,True
ORD005132,CUST03683,2025-03-23,Retinol Night Cream,2,0,64.0,True
ORD005133,CUST03683,2025-05-07,Eye Cream,1,0,26.0,False
ORD005134,CUST03685,2025-01-25,Eye Cream,3,20,62.4,True
ORD005135,CUST03686,2024-12-01,SPF 50 Sunscreen,1,10,21.6,True
ORD005136,CUST03687,2025-06-20,Retinol Night Cream,1,10,28.8,True
ORD005137,CUST03688,2024-09-21,Eye Cream,1,20,20.8,True
ORD005138,CUST03689,2024-03-15,SPF 50 Sunscreen,2,0,48.0,True
ORD005139,CUST03689,2024-12-31,Face Mask Set,3,0,60.0,False
ORD005140,CUST03689,2025-06-01,Hydrating Moisturizer,1,0,28.0,False
ORD005141,CUST03690,2024-02-15,Face Mask Set,1,0,20.0,True
ORD005142,CUST03690,2024-08-01,Face Mask Set,1,25,15.0,False
ORD005143,CUST03690,2024-08-19,Face Mask Set,3,0,60.0,False
ORD005144,CUST03691,2025-04-28,Face Mask Set,1,20,16.0,True
ORD005145,CUST03691,2025-05-12,Gentle Cleanser,1,0,16.0,False
ORD005146,CUST03692,2024-11-21,Retinol Night Cream,2,0,64.0,True
ORD005147,CUST03694,2024-06-19,Hydrating Moisturizer,2,20,44.8,True
ORD005148,CUST03694,2024-08-27,Niacinamide Serum,1,10,17.1,False
ORD005149,CUST03696,2024-02-22,Hydrating Moisturizer,1,0,28.0,True
ORD005150,CUST03696,2024-03-07,Niacinamide Serum,1,0,19.0,False
ORD005151,CUST03696,2024-03-30,Niacinamide Serum,1,0,19.0,False
ORD005152,CUST03697,2025-07-08,Eye Cream,2,0,52.0,True
ORD005153,CUST03700,2024-07-05,SPF 50 Sunscreen,2,20,38.4,True
ORD005154,CUST03701,2024-12-19,SPF 50 Sunscreen,2,10,43.2,True
ORD005155,CUST03702,2025-01-24,Gentle Cleanser,2,0,32.0,True
ORD005156,CUST03704,2025-05-09,Vitamin C Serum,3,0,66.0,True
ORD005157,CUST03705,2025-07-01,Face Mask Set,1,0,20.0,True
ORD005158,CUST03706,2025-05-30,Vitamin C Serum,1,0,22.0,True
ORD005159,CUST03707,2025-03-03,Eye Cream,1,0,26.0,True
ORD005160,CUST03707,2025-03-17,Face Mask Set,1,0,20.0,False
ORD005161,CUST03708,2024-07-13,Retinol Night Cream,2,0,64.0,True
ORD005162,CUST03709,2024-07-12,Face Mask Set,2,0,40.0,True
ORD005163,CUST03709,2024-09-14,Gentle Cleanser,1,0,16.0,False
ORD005164,CUST03710,2025-07-10,Niacinamide Serum,1,0,19.0,True
ORD005165,CUST03711,2024-02-07,SPF 50 Sunscreen,1,15,20.4,True
ORD005166,CUST03713,2025-02-14,Eye Cream,3,0,78.0,True
ORD005167,CUST03714,2024-12-23,Vitamin C Serum,2,0,44.0,True
ORD005168,CUST03714,2025-03-10,Vitamin C Serum,1,0,22.0,False
ORD005169,CUST03714,2025-04-08,Retinol Night Cream,1,15,27.2,False
ORD005170,CUST03715,2025-07-27,Retinol Night Cream,1,20,25.6,True
ORD005171,CUST03716,2024-08-01,Retinol Night Cream,1,10,28.8,True
ORD005172,CUST03716,2024-11-13,Face Mask Set,1,0,20.0,False
ORD005173,CUST03716,2024-11-27,SPF 50 Sunscreen,1,10,21.6,False
ORD005174,CUST03716,2025-04-26,Eye Cream,1,0,26.0,False
ORD005175,CUST03717,2024-08-22,Niacinamide Serum,3,25,42.75,True
ORD005176,CUST03718,2024-03-21,Niacinamide Serum,1,0,19.0,True
ORD005177,CUST03719,2024-10-25,Eye Cream,1,0,26.0,True
ORD005178,CUST03721,2024-08-22,Hydrating Moisturizer,1,0,28.0,True
ORD005179,CUST03721,2024-12-04,Gentle Cleanser,1,20,12.8,False
ORD005180,CUST03722,2025-05-01,Hydrating Moisturizer,2,20,44.8,True
ORD005181,CUST03723,2025-06-26,Retinol Night Cream,3,0,96.0,True
ORD005182,CUST03723,2025-07-10,Hydrating Moisturizer,1,10,25.2,False
ORD005183,CUST03724,2024-05-24,SPF 50 Sunscreen,1,0,24.0,True
ORD005184,CUST03725,2024-09-13,Eye Cream,1,15,22.1,True
ORD005185,CUST03725,2024-10-21,Hydrating Moisturizer,1,0,28.0,False
ORD005186,CUST03726,2025-06-20,Vitamin C Serum,1,0,22.0,True
ORD005187,CUST03727,2024-03-11,Eye Cream,3,0,78.0,True
ORD005188,CUST03727,2024-03-25,Niacinamide Serum,1,0,19.0,False
ORD005189,CUST03727,2024-04-28,Gentle Cleanser,2,0,32.0,False
ORD005190,CUST03727,2024-05-18,Hydrating Moisturizer,1,25,21.0,False
ORD005191,CUST03727,2024-07-17,Face Mask Set,1,0,20.0,False
ORD005192,CUST03727,2024-10-25,SPF 50 Sunscreen,2,0,48.0,False
ORD005193,CUST03727,2024-11-18,Eye Cream,2,0,52.0,False
ORD005194,CUST03727,2024-12-18,Face Mask Set,3,0,60.0,False
ORD005195,CUST03728,2024-03-31,SPF 50 Sunscreen,3,0,72.0,True
ORD005196,CUST03728,2024-05-01,Gentle Cleanser,1,0,16.0,False
ORD005197,CUST03728,2024-05-15,Niacinamide Serum,1,0,19.0,False
ORD005198,CUST03729,2024-05-12,Face Mask Set,1,0,20.0,True
ORD005199,CUST03729,2024-05-26,SPF 50 Sunscreen,2,0,48.0,False
ORD005200,CUST03730,2024-12-13,SPF 50 Sunscreen,1,25,18.0,True
ORD005201,CUST03730,2025-01-13,Niacinamide Serum,2,0,38.0,False
ORD005202,CUST03731,2024-05-03,SPF 50 Sunscreen,1,0,24.0,True
ORD005203,CUST03732,2025-07-12,SPF 50 Sunscreen,2,25,36.0,True
ORD005204,CUST03733,2024-10-28,Vitamin C Serum,1,20,17.6,True
ORD005205,CUST03733,2024-11-11,Retinol Night Cream,2,20,51.2,False
ORD005206,CUST03734,2024-11-13,Face Mask Set,1,10,18.0,True
ORD005207,CUST03734,2025-05-12,Vitamin C Serum,1,15,18.7,False
ORD005208,CUST03735,2024-06-23,Vitamin C Serum,2,0,44.0,True
ORD005209,CUST03736,2024-11-06,Eye Cream,2,25,39.0,True
ORD005210,CUST03736,2025-01-11,Eye Cream,1,0,26.0,False
ORD005211,CUST03737,2025-01-14,Retinol Night Cream,1,25,24.0,True
ORD005212,CUST03738,2025-03-12,Gentle Cleanser,2,0,32.0,True
ORD005213,CUST03739,2025-03-14,Niacinamide Serum,1,0,19.0,True
ORD005214,CUST03740,2024-12-06,Face Mask Set,1,15,17.0,True
ORD005215,CUST03740,2025-02-15,Niacinamide Serum,1,20,15.2,False
ORD005216,CUST03740,2025-03-19,Niacinamide Serum,1,0,19.0,False
ORD005217,CUST03742,2025-04-22,Vitamin C Serum,2,0,44.0,True
ORD005218,CUST03742,2025-05-06,Gentle Cleanser,1,15,13.6,False
ORD005219,CUST03743,2025-03-15,Eye Cream,2,15,44.2,True
ORD005220,CUST03743,2025-04-07,SPF 50 Sunscreen,3,0,72.0,False
ORD005221,CUST03744,2024-03-07,SPF 50 Sunscreen,1,0,24.0,True
ORD005222,CUST03744,2024-05-21,Face Mask Set,2,0,40.0,False
ORD005223,CUST03745,2024-02-08,Gentle Cleanser,1,0,16.0,True
ORD005224,CUST03745,2024-02-22,Eye Cream,2,0,52.0,False
ORD005225,CUST03745,2024-05-05,Hydrating Moisturizer,1,0,28.0,False
ORD005226,CUST03745,2024-10-27,Face Mask Set,1,15,17.0,False
ORD005227,CUST03745,2025-02-13,Face Mask Set,2,0,40.0,False
ORD005228,CUST03748,2024-10-06,Niacinamide Serum,3,15,48.45,True
ORD005229,CUST03749,2024-10-01,Vitamin C Serum,1,25,16.5,True
ORD005230,CUST03750,2025-06-01,Gentle Cleanser,1,25,12.0,True
ORD005231,CUST03752,2025-06-11,Eye Cream,2,0,52.0,True
ORD005232,CUST03753,2024-08-01,Vitamin C Serum,1,25,16.5,True
ORD005233,CUST03753,2024-09-12,Niacinamide Serum,1,0,19.0,False
ORD005234,CUST03754,2025-02-02,SPF 50 Sunscreen,1,25,18.0,True
ORD005235,CUST03755,2024-07-08,Gentle Cleanser,1,0,16.0,True
ORD005236,CUST03755,2024-09-27,Hydrating Moisturizer,1,0,28.0,False
ORD005237,CUST03756,2024-05-27,Eye Cream,2,0,52.0,True
ORD005238,CUST03756,2024-07-10,Hydrating Moisturizer,1,0,28.0,False
ORD005239,CUST03756,2024-12-29,Face Mask Set,1,0,20.0,False
ORD005240,CUST03757,2024-05-24,Vitamin C Serum,3,0,66.0,True
ORD005241,CUST03757,2024-06-11,SPF 50 Sunscreen,1,0,24.0,False
ORD005242,CUST03758,2024-08-22,SPF 50 Sunscreen,2,0,48.0,True
ORD005243,CUST03758,2024-10-04,Vitamin C Serum,1,0,22.0,False
ORD005244,CUST03758,2024-10-18,SPF 50 Sunscreen,3,0,72.0,False
ORD005245,CUST03759,2024-10-15,Retinol Night Cream,2,10,57.6,True
ORD005246,CUST03760,2025-04-30,Face Mask Set,2,0,40.0,True
ORD005247,CUST03761,2024-04-17,SPF 50 Sunscreen,1,0,24.0,True
ORD005248,CUST03762,2025-03-02,SPF 50 Sunscreen,3,20,57.6,True
ORD005249,CUST03762,2025-04-11,Face Mask Set,1,0,20.0,False
ORD005250,CUST03762,2025-04-25,Face Mask Set,1,0,20.0,False
ORD005251,CUST03763,2024-11-21,Retinol Night Cream,2,25,48.0,True
ORD005252,CUST03764,2024-07-19,Eye Cream,2,0,52.0,True
ORD005253,CUST03764,2024-09-12,Retinol Night Cream,1,10,28.8,False
ORD005254,CUST03765,2024-11-12,SPF 50 Sunscreen,2,10,43.2,True
ORD005255,CUST03766,2024-07-24,Face Mask Set,2,0,40.0,True
ORD005256,CUST03767,2024-12-14,Retinol Night Cream,1,15,27.2,True
ORD005257,CUST03768,2024-10-20,Eye Cream,2,10,46.8,True
ORD005258,CUST03769,2024-05-14,Niacinamide Serum,1,15,16.15,True
ORD005259,CUST03770,2024-04-14,Hydrating Moisturizer,2,0,56.0,True
ORD005260,CUST03770,2024-05-22,Eye Cream,1,0,26.0,False
ORD005261,CUST03770,2024-06-05,Niacinamide Serum,1,0,19.0,False
ORD005262,CUST03771,2024-11-26,Face Mask Set,1,0,20.0,True
ORD005263,CUST03771,2024-12-18,Retinol Night Cream,1,0,32.0,False
ORD005264,CUST03771,2025-02-02,Gentle Cleanser,3,15,40.8,False
ORD005265,CUST03771,2025-03-06,Face Mask Set,3,20,48.0,False
ORD005266,CUST03771,2025-05-04,Face Mask Set,1,25,15.0,False
ORD005267,CUST03772,2025-06-09,SPF 50 Sunscreen,1,15,20.4,True
ORD005268,CUST03772,2025-06-28,Face Mask Set,3,25,45.0,False
ORD005269,CUST03773,2024-08-22,Face Mask Set,2,25,30.0,True
ORD005270,CUST03773,2024-09-05,Vitamin C Serum,1,0,22.0,False
ORD005271,CUST03774,2025-03-02,Niacinamide Serum,1,0,19.0,True
ORD005272,CUST03775,2025-01-10,Vitamin C Serum,1,0,22.0,True
ORD005273,CUST03776,2025-06-22,Retinol Night Cream,1,0,32.0,True
ORD005274,CUST03777,2025-04-22,Face Mask Set,1,0,20.0,True
ORD005275,CUST03778,2024-12-02,Eye Cream,1,25,19.5,True
ORD005276,CUST03778,2025-03-10,Eye Cream,1,0,26.0,False
ORD005277,CUST03778,2025-03-24,SPF 50 Sunscreen,1,0,24.0,False
ORD005278,CUST03778,2025-04-13,Eye Cream,2,0,52.0,False
ORD005279,CUST03778,2025-06-14,Hydrating Moisturizer,1,0,28.0,False
ORD005280,CUST03779,2025-01-10,Hydrating Moisturizer,2,0,56.0,True
ORD005281,CUST03780,2025-06-08,Gentle Cleanser,1,25,12.0,True
ORD005282,CUST03781,2024-09-28,Gentle Cleanser,1,0,16.0,True
ORD005283,CUST03782,2024-08-11,Eye Cream,1,0,26.0,True
ORD005284,CUST03782,2024-09-18,Eye Cream,1,0,26.0,False
ORD005285,CUST03783,2024-02-07,Hydrating Moisturizer,1,0,28.0,True
ORD005286,CUST03784,2025-04-26,Face Mask Set,1,0,20.0,True
ORD005287,CUST03785,2025-04-11,Hydrating Moisturizer,1,0,28.0,True
ORD005288,CUST03786,2024-04-04,Eye Cream,1,0,26.0,True
ORD005289,CUST03787,2024-12-07,Face Mask Set,2,0,40.0,True
ORD005290,CUST03788,2024-11-02,SPF 50 Sunscreen,1,15,20.4,True
ORD005291,CUST03789,2024-04-15,SPF 50 Sunscreen,1,0,24.0,True
ORD005292,CUST03789,2024-05-11,Gentle Cleanser,1,0,16.0,False
ORD005293,CUST03790,2025-07-20,Niacinamide Serum,2,0,38.0,True
ORD005294,CUST03791,2024-06-10,Face Mask Set,1,0,20.0,True
ORD005295,CUST03791,2024-06-24,Gentle Cleanser,2,0,32.0,False
ORD005296,CUST03791,2024-10-04,Niacinamide Serum,1,0,19.0,False
ORD005297,CUST03792,2024-03-13,Retinol Night Cream,1,0,32.0,True
ORD005298,CUST03793,2024-12-15,SPF 50 Sunscreen,1,15,20.4,True
ORD005299,CUST03794,2025-03-02,SPF 50 Sunscreen,3,0,72.0,True
ORD005300,CUST03795,2024-02-21,SPF 50 Sunscreen,1,0,24.0,True
ORD005301,CUST03796,2025-01-12,Face Mask Set,1,0,20.0,True
ORD005302,CUST03796,2025-02-27,Face Mask Set,1,10,18.0,False
ORD005303,CUST03796,2025-07-03,Hydrating Moisturizer,3,0,84.0,False
ORD005304,CUST03797,2024-11-21,Niacinamide Serum,1,0,19.0,True
ORD005305,CUST03799,2024-05-19,Hydrating Moisturizer,1,0,28.0,True
ORD005306,CUST03800,2024-12-05,Gentle Cleanser,2,10,28.8,True
ORD005307,CUST03800,2024-12-19,Retinol Night Cream,2,0,64.0,False
ORD005308,CUST03801,2024-07-23,Hydrating Moisturizer,2,0,56.0,True
ORD005309,CUST03802,2025-06-28,Niacinamide Serum,1,0,19.0,True
ORD005310,CUST03802,2025-07-18,Vitamin C Serum,1,15,18.7,False
ORD005311,CUST03803,2025-04-22,SPF 50 Sunscreen,1,10,21.6,True
ORD005312,CUST03804,2025-07-21,Gentle Cleanser,1,10,14.4,True
ORD005313,CUST03805,2024-06-29,Niacinamide Serum,1,10,17.1,True
ORD005314,CUST03805,2024-07-21,Niacinamide Serum,1,0,19.0,False
ORD005315,CUST03805,2024-08-04,Face Mask Set,3,0,60.0,False
ORD005316,CUST03806,2025-07-12,Gentle Cleanser,1,25,12.0,True
ORD005317,CUST03807,2024-10-16,Niacinamide Serum,2,0,38.0,True
ORD005318,CUST03807,2024-11-28,Face Mask Set,1,0,20.0,False
ORD005319,CUST03808,2024-08-25,Eye Cream,1,0,26.0,True
ORD005320,CUST03809,2024-03-03,Retinol Night Cream,2,0,64.0,True
ORD005321,CUST03810,2024-03-04,Eye Cream,1,0,26.0,True
ORD005322,CUST03811,2025-02-04,Hydrating Moisturizer,3,15,71.4,True
ORD005323,CUST03812,2024-11-04,SPF 50 Sunscreen,2,25,36.0,True
ORD005324,CUST03812,2024-12-08,Niacinamide Serum,1,15,16.15,False
ORD005325,CUST03813,2024-06-15,Face Mask Set,1,0,20.0,True
ORD005326,CUST03813,2024-10-10,Hydrating Moisturizer,2,0,56.0,False
ORD005327,CUST03813,2024-10-24,Retinol Night Cream,1,0,32.0,False
ORD005328,CUST03814,2024-12-22,Vitamin C Serum,1,10,19.8,True
ORD005329,CUST03815,2024-06-28,Gentle Cleanser,1,25,12.0,True
ORD005330,CUST03816,2024-12-07,Eye Cream,1,0,26.0,True
ORD005331,CUST03817,2024-09-04,Gentle Cleanser,2,0,32.0,True
ORD005332,CUST03817,2024-10-07,Vitamin C Serum,1,10,19.8,False
ORD005333,CUST03817,2024-10-21,SPF 50 Sunscreen,1,0,24.0,False
ORD005334,CUST03818,2025-04-26,Hydrating Moisturizer,1,0,28.0,True
ORD005335,CUST03819,2025-04-23,Niacinamide Serum,2,0,38.0,True
ORD005336,CUST03820,2024-11-09,Face Mask Set,2,15,34.0,True
ORD005337,CUST03821,2024-08-30,Vitamin C Serum,1,0,22.0,True
ORD005338,CUST03821,2024-12-07,Hydrating Moisturizer,2,25,42.0,False
ORD005339,CUST03822,2024-09-06,Eye Cream,1,0,26.0,True
ORD005340,CUST03823,2025-04-13,Eye Cream,1,0,26.0,True
ORD005341,CUST03824,2024-08-11,Niacinamide Serum,2,10,34.2,True
ORD005342,CUST03824,2024-10-31,Retinol Night Cream,3,10,86.4,False
ORD005343,CUST03825,2024-06-06,Retinol Night Cream,1,0,32.0,True
ORD005344,CUST03827,2024-11-06,Hydrating Moisturizer,1,25,21.0,True
ORD005345,CUST03828,2024-11-09,Face Mask Set,2,10,36.0,True
ORD005346,CUST03829,2025-05-05,Niacinamide Serum,1,0,19.0,True
ORD005347,CUST03830,2024-06-12,Retinol Night Cream,1,0,32.0,True
ORD005348,CUST03831,2024-09-15,Gentle Cleanser,1,0,16.0,True
ORD005349,CUST03832,2025-04-16,Hydrating Moisturizer,3,15,71.4,True
ORD005350,CUST03833,2025-04-24,SPF 50 Sunscreen,2,0,48.0,True
ORD005351,CUST03834,2024-09-19,Niacinamide Serum,2,0,38.0,True
ORD005352,CUST03835,2024-11-01,SPF 50 Sunscreen,3,0,72.0,True
ORD005353,CUST03836,2024-07-28,SPF 50 Sunscreen,3,0,72.0,True
ORD005354,CUST03837,2025-06-22,Eye Cream,1,20,20.8,True
ORD005355,CUST03838,2024-04-16,Gentle Cleanser,1,10,14.4,True
ORD005356,CUST03838,2024-08-28,Vitamin C Serum,1,0,22.0,False
ORD005357,CUST03839,2025-06-24,Niacinamide Serum,1,25,14.25,True
ORD005358,CUST03840,2025-01-29,SPF 50 Sunscreen,1,10,21.6,True
ORD005359,CUST03841,2024-11-21,Hydrating Moisturizer,3,0,84.0,True
ORD005360,CUST03842,2024-02-21,Face Mask Set,1,0,20.0,True
ORD005361,CUST03843,2024-11-06,Retinol Night Cream,1,15,27.2,True
ORD005362,CUST03843,2024-11-20,Retinol Night Cream,2,0,64.0,False
ORD005363,CUST03844,2024-10-03,Retinol Night Cream,1,0,32.0,True
ORD005364,CUST03844,2024-10-17,Gentle Cleanser,1,0,16.0,False
ORD005365,CUST03844,2024-11-16,Face Mask Set,1,15,17.0,False
ORD005366,CUST03845,2024-05-10,Gentle Cleanser,1,10,14.4,True
ORD005367,CUST03845,2024-05-24,Vitamin C Serum,1,25,16.5,False
ORD005368,CUST03846,2025-01-09,SPF 50 Sunscreen,3,0,72.0,True
ORD005369,CUST03847,2025-07-14,Retinol Night Cream,1,25,24.0,True
ORD005370,CUST03848,2024-11-30,Niacinamide Serum,1,0,19.0,True
ORD005371,CUST03849,2025-02-16,Face Mask Set,2,0,40.0,True
ORD005372,CUST03850,2024-03-16,Eye Cream,1,0,26.0,True
ORD005373,CUST03850,2024-06-25,Retinol Night Cream,1,0,32.0,False
ORD005374,CUST03850,2024-07-09,Gentle Cleanser,2,0,32.0,False
ORD005375,CUST03850,2024-08-10,Hydrating Moisturizer,1,20,22.4,False
ORD005376,CUST03850,2024-08-24,Hydrating Moisturizer,1,15,23.8,False
ORD005377,CUST03851,2024-10-09,Hydrating Moisturizer,1,15,23.8,True
ORD005378,CUST03851,2024-10-31,Gentle Cleanser,2,15,27.2,False
ORD005379,CUST03852,2024-04-11,Retinol Night Cream,1,0,32.0,True
ORD005380,CUST03853,2024-12-21,Gentle Cleanser,2,0,32.0,True
ORD005381,CUST03853,2025-02-22,Gentle Cleanser,2,10,28.8,False
ORD005382,CUST03854,2025-06-26,Retinol Night Cream,1,0,32.0,True
ORD005383,CUST03855,2025-01-14,Face Mask Set,1,15,17.0,True
ORD005384,CUST03856,2024-03-20,Gentle Cleanser,1,15,13.6,True
ORD005385,CUST03856,2024-04-03,Hydrating Moisturizer,1,0,28.0,False
ORD005386,CUST03856,2024-06-25,Face Mask Set,1,15,17.0,False
ORD005387,CUST03857,2024-08-31,Vitamin C Serum,1,0,22.0,True
ORD005388,CUST03857,2024-11-02,Hydrating Moisturizer,2,0,56.0,False
ORD005389,CUST03858,2024-11-26,SPF 50 Sunscreen,1,0,24.0,True
ORD005390,CUST03859,2024-10-01,SPF 50 Sunscreen,2,10,43.2,True
ORD005391,CUST03859,2024-11-02,Niacinamide Serum,2,0,38.0,False
ORD005392,CUST03859,2025-01-09,Gentle Cleanser,1,25,12.0,False
ORD005393,CUST03859,2025-02-03,Retinol Night Cream,2,15,54.4,False
ORD005394,CUST03860,2025-04-29,SPF 50 Sunscreen,3,20,57.6,True
ORD005395,CUST03861,2025-04-18,Gentle Cleanser,2,0,32.0,True
ORD005396,CUST03862,2024-12-18,Eye Cream,1,10,23.4,True
ORD005397,CUST03863,2024-09-13,Retinol Night Cream,2,15,54.4,True
ORD005398,CUST03864,2024-06-27,SPF 50 Sunscreen,2,20,38.4,True
ORD005399,CUST03864,2024-07-11,Gentle Cleanser,1,0,16.0,False
ORD005400,CUST03865,2024-04-05,Niacinamide Serum,1,0,19.0,True
ORD005401,CUST03866,2024-09-01,Niacinamide Serum,1,15,16.15,True
ORD005402,CUST03867,2024-10-07,Gentle Cleanser,2,0,32.0,True
ORD005403,CUST03867,2024-11-25,Retinol Night Cream,1,0,32.0,False
ORD005404,CUST03867,2025-01-01,Vitamin C Serum,1,0,22.0,False
ORD005405,CUST03867,2025-06-10,Face Mask Set,1,0,20.0,False
ORD005406,CUST03868,2025-01-21,Hydrating Moisturizer,2,0,56.0,True
ORD005407,CUST03868,2025-02-04,Vitamin C Serum,1,15,18.7,False
ORD005408,CUST03869,2025-01-12,Retinol Night Cream,2,0,64.0,True
ORD005409,CUST03870,2024-03-15,SPF 50 Sunscreen,2,0,48.0,True
ORD005410,CUST03870,2024-04-01,Gentle Cleanser,1,0,16.0,False
ORD005411,CUST03870,2024-04-30,Gentle Cleanser,1,0,16.0,False
ORD005412,CUST03871,2024-09-27,Retinol Night Cream,3,0,96.0,True
ORD005413,CUST03871,2024-11-10,Vitamin C Serum,1,15,18.7,False
ORD005414,CUST03871,2025-02-26,Face Mask Set,2,10,36.0,False
ORD005415,CUST03872,2024-05-23,Retinol Night Cream,1,0,32.0,True
ORD005416,CUST03872,2024-10-05,Face Mask Set,1,0,20.0,False
ORD005417,CUST03872,2024-11-02,Retinol Night Cream,2,0,64.0,False
ORD005418,CUST03872,2024-11-29,Gentle Cleanser,1,0,16.0,False
ORD005419,CUST03873,2024-05-07,Retinol Night Cream,1,0,32.0,True
ORD005420,CUST03874,2025-04-27,Retinol Night Cream,2,0,64.0,True
ORD005421,CUST03874,2025-05-22,Niacinamide Serum,1,0,19.0,False
ORD005422,CUST03875,2024-02-27,Niacinamide Serum,1,0,19.0,True
ORD005423,CUST03876,2024-10-11,Face Mask Set,1,20,16.0,True
ORD005424,CUST03877,2024-05-14,SPF 50 Sunscreen,1,20,19.2,True
ORD005425,CUST03878,2025-05-29,Niacinamide Serum,2,20,30.4,True
ORD005426,CUST03879,2024-11-29,SPF 50 Sunscreen,1,10,21.6,True
ORD005427,CUST03880,2024-06-16,Vitamin C Serum,1,10,19.8,True
ORD005428,CUST03880,2024-08-17,Retinol Night Cream,1,25,24.0,False
ORD005429,CUST03880,2024-10-04,Eye Cream,1,0,26.0,False
ORD005430,CUST03881,2024-11-15,Retinol Night Cream,1,15,27.2,True
ORD005431,CUST03881,2024-11-29,Retinol Night Cream,3,0,96.0,False
ORD005432,CUST03882,2025-03-01,Gentle Cleanser,1,0,16.0,True
ORD005433,CUST03883,2025-07-06,Hydrating Moisturizer,3,25,63.0,True
ORD005434,CUST03884,2024-06-13,Vitamin C Serum,1,0,22.0,True
ORD005435,CUST03885,2025-06-03,Eye Cream,1,15,22.1,True
ORD005436,CUST03885,2025-07-01,Retinol Night Cream,1,0,32.0,False
ORD005437,CUST03886,2025-06-26,SPF 50 Sunscreen,3,15,61.2,True
ORD005438,CUST03886,2025-07-10,Niacinamide Serum,2,0,38.0,False
ORD005439,CUST03887,2025-06-16,Niacinamide Serum,1,0,19.0,True
ORD005440,CUST03887,2025-07-10,Vitamin C Serum,1,20,17.6,False
ORD005441,CUST03888,2024-12-29,Niacinamide Serum,1,0,19.0,True
ORD005442,CUST03888,2025-01-26,Hydrating Moisturizer,1,20,22.4,False
ORD005443,CUST03889,2024-12-25,Hydrating Moisturizer,1,0,28.0,True
ORD005444,CUST03890,2024-09-30,Face Mask Set,1,0,20.0,True
ORD005445,CUST03891,2025-03-11,Retinol Night Cream,2,0,64.0,True
ORD005446,CUST03892,2024-11-21,Niacinamide Serum,1,15,16.15,True
ORD005447,CUST03893,2025-01-25,Hydrating Moisturizer,1,25,21.0,True
ORD005448,CUST03894,2024-10-15,Niacinamide Serum,2,20,30.4,True
ORD005449,CUST03895,2025-03-01,Hydrating Moisturizer,3,20,67.2,True
ORD005450,CUST03895,2025-04-11,Face Mask Set,3,0,60.0,False
ORD005451,CUST03897,2024-05-03,Niacinamide Serum,1,0,19.0,True
ORD005452,CUST03899,2024-11-27,Niacinamide Serum,1,0,19.0,True
ORD005453,CUST03900,2025-05-08,Niacinamide Serum,2,0,38.0,True
ORD005454,CUST03900,2025-07-08,Gentle Cleanser,2,0,32.0,False
ORD005455,CUST03900,2025-07-22,Eye Cream,1,0,26.0,False
ORD005456,CUST03901,2024-10-17,Vitamin C Serum,1,0,22.0,True
ORD005457,CUST03903,2025-06-15,SPF 50 Sunscreen,1,0,24.0,True
ORD005458,CUST03904,2024-06-26,Vitamin C Serum,1,0,22.0,True
ORD005459,CUST03904,2024-07-10,Vitamin C Serum,1,15,18.7,False
ORD005460,CUST03905,2025-05-08,Niacinamide Serum,2,0,38.0,True
ORD005461,CUST03907,2024-11-17,Gentle Cleanser,3,25,36.0,True
ORD005462,CUST03907,2024-12-01,Retinol Night Cream,2,0,64.0,False
ORD005463,CUST03907,2024-12-31,Eye Cream,1,15,22.1,False
ORD005464,CUST03908,2024-07-28,Retinol Night Cream,1,0,32.0,True
ORD005465,CUST03909,2024-12-07,Vitamin C Serum,1,0,22.0,True
ORD005466,CUST03910,2024-08-10,Eye Cream,1,0,26.0,True
ORD005467,CUST03910,2024-09-23,SPF 50 Sunscreen,1,0,24.0,False
ORD005468,CUST03911,2024-02-26,Niacinamide Serum,2,0,38.0,True
ORD005469,CUST03912,2024-07-09,Niacinamide Serum,3,0,57.0,True
ORD005470,CUST03912,2024-07-23,Vitamin C Serum,1,0,22.0,False
ORD005471,CUST03912,2024-08-27,Hydrating Moisturizer,1,0,28.0,False
ORD005472,CUST03913,2024-02-05,Face Mask Set,1,0,20.0,True
ORD005473,CUST03913,2024-02-19,Gentle Cleanser,1,0,16.0,False
ORD005474,CUST03914,2025-07-20,Face Mask Set,2,20,32.0,True
ORD005475,CUST03915,2025-07-11,Face Mask Set,2,0,40.0,True
ORD005476,CUST03916,2024-09-27,Eye Cream,1,0,26.0,True
ORD005477,CUST03917,2025-02-26,Vitamin C Serum,2,10,39.6,True
ORD005478,CUST03917,2025-06-26,Face Mask Set,1,0,20.0,False
ORD005479,CUST03918,2024-08-25,Hydrating Moisturizer,1,0,28.0,True
ORD005480,CUST03919,2025-01-20,SPF 50 Sunscreen,1,25,18.0,True
ORD005481,CUST03920,2025-04-12,Niacinamide Serum,1,0,19.0,True
ORD005482,CUST03921,2025-07-02,Face Mask Set,1,0,20.0,True
ORD005483,CUST03922,2024-09-27,Face Mask Set,1,0,20.0,True
ORD005484,CUST03922,2024-10-11,Eye Cream,1,0,26.0,False
ORD005485,CUST03923,2025-03-31,Face Mask Set,2,0,40.0,True
ORD005486,CUST03923,2025-04-19,Niacinamide Serum,1,0,19.0,False
ORD005487,CUST03924,2024-07-03,Vitamin C Serum,1,0,22.0,True
ORD005488,CUST03924,2024-08-09,Niacinamide Serum,1,0,19.0,False
ORD005489,CUST03924,2024-08-23,Eye Cream,1,0,26.0,False
ORD005490,CUST03924,2024-12-23,Eye Cream,2,0,52.0,False
ORD005491,CUST03925,2025-07-26,Eye Cream,1,0,26.0,True
ORD005492,CUST03926,2024-02-17,Gentle Cleanser,1,0,16.0,True
ORD005493,CUST03926,2024-04-16,Retinol Night Cream,1,15,27.2,False
ORD005494,CUST03926,2024-06-14,Vitamin C Serum,1,0,22.0,False
ORD005495,CUST03927,2024-12-16,Face Mask Set,1,0,20.0,True
ORD005496,CUST03927,2025-01-17,Face Mask Set,2,0,40.0,False
ORD005497,CUST03928,2025-01-13,Gentle Cleanser,1,25,12.0,True
ORD005498,CUST03928,2025-02-21,Retinol Night Cream,1,10,28.8,False
ORD005499,CUST03929,2025-01-30,Niacinamide Serum,2,25,28.5,True
ORD005500,CUST03929,2025-03-15,Eye Cream,1,0,26.0,False
ORD005501,CUST03930,2024-04-17,Gentle Cleanser,1,0,16.0,True
ORD005502,CUST03932,2024-05-23,Vitamin C Serum,1,0,22.0,True
ORD005503,CUST03933,2024-12-23,SPF 50 Sunscreen,3,0,72.0,True
ORD005504,CUST03933,2025-02-01,Retinol Night Cream,1,0,32.0,False
ORD005505,CUST03934,2024-06-15,Hydrating Moisturizer,1,0,28.0,True
ORD005506,CUST03935,2024-07-30,Retinol Night Cream,1,20,25.6,True
ORD005507,CUST03936,2024-11-27,Face Mask Set,1,0,20.0,True
ORD005508,CUST03937,2024-10-10,Niacinamide Serum,1,0,19.0,True
ORD005509,CUST03937,2024-11-28,Eye Cream,2,0,52.0,False
ORD005510,CUST03938,2024-05-11,Retinol Night Cream,3,10,86.4,True
ORD005511,CUST03939,2024-05-18,Face Mask Set,1,0,20.0,True
ORD005512,CUST03940,2024-10-08,Vitamin C Serum,1,10,19.8,True
ORD005513,CUST03940,2024-12-11,SPF 50 Sunscreen,2,0,48.0,False
ORD005514,CUST03940,2025-01-15,Niacinamide Serum,1,15,16.15,False
ORD005515,CUST03940,2025-05-09,Gentle Cleanser,1,20,12.8,False
ORD005516,CUST03940,2025-06-10,Hydrating Moisturizer,1,0,28.0,False
ORD005517,CUST03940,2025-06-28,Gentle Cleanser,2,0,32.0,False
ORD005518,CUST03941,2025-03-14,Vitamin C Serum,1,10,19.8,True
ORD005519,CUST03941,2025-03-28,Retinol Night Cream,1,0,32.0,False
ORD005520,CUST03942,2025-06-09,Gentle Cleanser,1,0,16.0,True
ORD005521,CUST03942,2025-07-23,Gentle Cleanser,1,0,16.0,False
ORD005522,CUST03943,2024-03-25,Gentle Cleanser,1,0,16.0,True
ORD005523,CUST03944,2024-09-26,Face Mask Set,1,0,20.0,True
ORD005524,CUST03944,2025-02-28,Niacinamide Serum,1,0,19.0,False
ORD005525,CUST03945,2024-04-02,SPF 50 Sunscreen,2,20,38.4,True
ORD005526,CUST03946,2024-02-12,Gentle Cleanser,3,0,48.0,True
ORD005527,CUST03947,2025-01-11,Vitamin C Serum,1,0,22.0,True
ORD005528,CUST03948,2024-12-15,Niacinamide Serum,1,0,19.0,True
ORD005529,CUST03949,2024-05-12,Retinol Night Cream,1,0,32.0,True
ORD005530,CUST03949,2024-06-18,Vitamin C Serum,2,25,33.0,False
ORD005531,CUST03949,2024-07-02,Gentle Cleanser,1,10,14.4,False
ORD005532,CUST03949,2024-09-19,Niacinamide Serum,1,0,19.0,False
ORD005533,CUST03949,2024-10-03,Face Mask Set,1,15,17.0,False
ORD005534,CUST03951,2024-02-18,Gentle Cleanser,1,0,16.0,True
ORD005535,CUST03954,2024-04-23,Face Mask Set,2,0,40.0,True
ORD005536,CUST03954,2024-05-11,SPF 50 Sunscreen,1,10,21.6,False
ORD005537,CUST03955,2024-06-16,SPF 50 Sunscreen,1,0,24.0,True
ORD005538,CUST03955,2024-11-23,Eye Cream,2,0,52.0,False
ORD005539,CUST03956,2025-05-22,Hydrating Moisturizer,2,0,56.0,True
ORD005540,CUST03957,2025-06-20,Niacinamide Serum,3,25,42.75,True
ORD005541,CUST03958,2024-10-12,SPF 50 Sunscreen,3,25,54.0,True
ORD005542,CUST03958,2024-10-26,Hydrating Moisturizer,1,15,23.8,False
ORD005543,CUST03959,2024-03-02,Face Mask Set,1,0,20.0,True
ORD005544,CUST03960,2024-02-28,Hydrating Moisturizer,2,20,44.8,True
ORD005545,CUST03960,2024-05-25,Eye Cream,1,0,26.0,False
ORD005546,CUST03961,2024-12-05,Face Mask Set,1,25,15.0,True
ORD005547,CUST03961,2024-12-19,Eye Cream,3,0,78.0,False
ORD005548,CUST03961,2025-01-02,Vitamin C Serum,1,0,22.0,False
ORD005549,CUST03962,2024-09-23,Hydrating Moisturizer,2,15,47.6,True
ORD005550,CUST03962,2024-10-07,Retinol Night Cream,1,0,32.0,False
ORD005551,CUST03962,2024-11-10,Face Mask Set,2,0,40.0,False
ORD005552,CUST03962,2025-01-24,SPF 50 Sunscreen,3,15,61.2,False
ORD005553,CUST03963,2024-02-18,Hydrating Moisturizer,2,0,56.0,True
ORD005554,CUST03965,2024-02-08,Vitamin C Serum,1,15,18.7,True
ORD005555,CUST03965,2024-07-26,SPF 50 Sunscreen,2,20,38.4,False
ORD005556,CUST03966,2025-04-01,SPF 50 Sunscreen,1,0,24.0,True
ORD005557,CUST03968,2024-02-27,Face Mask Set,1,10,18.0,True
ORD005558,CUST03968,2024-03-12,Niacinamide Serum,1,0,19.0,False
ORD005559,CUST03969,2024-12-10,Gentle Cleanser,1,15,13.6,True
ORD005560,CUST03970,2024-09-25,Niacinamide Serum,1,20,15.2,True
ORD005561,CUST03971,2025-07-18,Eye Cream,2,0,52.0,True
ORD005562,CUST03972,2024-11-25,Eye Cream,1,0,26.0,True
ORD005563,CUST03972,2024-12-09,Gentle Cleanser,2,10,28.8,False
ORD005564,CUST03973,2024-07-10,Hydrating Moisturizer,1,0,28.0,True
ORD005565,CUST03973,2024-07-24,Face Mask Set,2,0,40.0,False
ORD005566,CUST03974,2025-02-12,Niacinamide Serum,1,0,19.0,True
ORD005567,CUST03974,2025-04-11,Hydrating Moisturizer,1,15,23.8,False
ORD005568,CUST03974,2025-06-08,Gentle Cleanser,1,25,12.0,False
ORD005569,CUST03975,2024-07-08,Gentle Cleanser,1,20,12.8,True
ORD005570,CUST03976,2025-06-11,Vitamin C Serum,1,15,18.7,True
ORD005571,CUST03977,2024-09-14,Retinol Night Cream,1,0,32.0,True
ORD005572,CUST03978,2024-11-28,Vitamin C Serum,1,25,16.5,True
ORD005573,CUST03979,2024-03-02,Gentle Cleanser,1,15,13.6,True
ORD005574,CUST03980,2024-10-13,Face Mask Set,1,10,18.0,True
ORD005575,CUST03980,2024-10-28,Gentle Cleanser,1,15,13.6,False
ORD005576,CUST03980,2024-11-11,SPF 50 Sunscreen,1,0,24.0,False
ORD005577,CUST03981,2025-05-01,Niacinamide Serum,1,0,19.0,True
ORD005578,CUST03982,2025-04-13,Face Mask Set,1,15,17.0,True
ORD005579,CUST03983,2024-06-14,Niacinamide Serum,2,20,30.4,True
ORD005580,CUST03984,2024-06-13,Hydrating Moisturizer,1,15,23.8,True
ORD005581,CUST03985,2025-04-20,Hydrating Moisturizer,1,0,28.0,True
ORD005582,CUST03986,2025-06-23,Retinol Night Cream,1,0,32.0,True
ORD005583,CUST03987,2024-03-30,Hydrating Moisturizer,1,0,28.0,True
ORD005584,CUST03987,2024-06-16,Eye Cream,2,10,46.8,False
ORD005585,CUST03987,2024-06-30,Face Mask Set,1,0,20.0,False
ORD005586,CUST03988,2024-10-30,Gentle Cleanser,3,0,48.0,True
ORD005587,CUST03988,2025-01-18,Eye Cream,1,25,19.5,False
ORD005588,CUST03989,2024-08-20,Retinol Night Cream,1,10,28.8,True
ORD005589,CUST03989,2025-01-19,Hydrating Moisturizer,1,20,22.4,False
ORD005590,CUST03993,2025-03-12,Retinol Night Cream,1,20,25.6,True
ORD005591,CUST03994,2024-03-03,Retinol Night Cream,1,0,32.0,True
ORD005592,CUST03994,2024-05-07,Eye Cream,1,0,26.0,False
ORD005593,CUST03995,2024-11-12,Eye Cream,1,0,26.0,True
ORD005594,CUST03997,2024-08-17,Vitamin C Serum,1,0,22.0,True
ORD005595,CUST03997,2024-09-02,Hydrating Moisturizer,1,0,28.0,False
ORD005596,CUST03997,2024-09-16,SPF 50 Sunscreen,1,0,24.0,False
ORD005597,CUST03998,2024-09-24,Face Mask Set,3,0,60.0,True
ORD005598,CUST03999,2024-11-23,Face Mask Set,2,15,34.0,True
ORD005599,CUST04000,2024-05-10,Niacinamide Serum,1,15,16.15,True
ORD005600,CUST04001,2024-12-06,Niacinamide Serum,1,0,19.0,True
ORD005601,CUST04001,2025-02-22,SPF 50 Sunscreen,1,0,24.0,False
ORD005602,CUST04001,2025-06-17,Eye Cream,2,0,52.0,False
ORD005603,CUST04003,2025-03-18,SPF 50 Sunscreen,3,0,72.0,True
ORD005604,CUST04004,2024-05-05,Hydrating Moisturizer,1,10,25.2,True
ORD005605,CUST04006,2024-07-07,Retinol Night Cream,1,0,32.0,True
ORD005606,CUST04007,2024-09-04,Retinol Night Cream,3,20,76.8,True
ORD005607,CUST04008,2024-10-05,Niacinamide Serum,1,0,19.0,True
ORD005608,CUST04009,2025-01-24,SPF 50 Sunscreen,1,10,21.6,True
ORD005609,CUST04009,2025-02-28,Niacinamide Serum,2,0,38.0,False
ORD005610,CUST04010,2024-03-08,Niacinamide Serum,1,0,19.0,True
ORD005611,CUST04011,2024-02-22,Eye Cream,1,10,23.4,True
ORD005612,CUST04011,2024-03-07,Eye Cream,1,0,26.0,False
ORD005613,CUST04011,2024-03-27,SPF 50 Sunscreen,1,0,24.0,False
ORD005614,CUST04011,2024-04-10,Face Mask Set,1,0,20.0,False
ORD005615,CUST04011,2024-05-28,Eye Cream,2,0,52.0,False
ORD005616,CUST04011,2024-06-13,Vitamin C Serum,3,0,66.0,False
ORD005617,CUST04012,2024-09-22,Face Mask Set,2,0,40.0,True
ORD005618,CUST04013,2025-02-08,SPF 50 Sunscreen,1,0,24.0,True
ORD005619,CUST04013,2025-02-22,Niacinamide Serum,1,0,19.0,False
ORD005620,CUST04014,2024-05-29,Retinol Night Cream,2,25,48.0,True
ORD005621,CUST04015,2024-12-30,Niacinamide Serum,1,20,15.2,True
ORD005622,CUST04015,2025-01-26,Face Mask Set,1,0,20.0,False
ORD005623,CUST04016,2024-06-29,Vitamin C Serum,1,0,22.0,True
ORD005624,CUST04017,2025-06-03,Vitamin C Serum,1,25,16.5,True
ORD005625,CUST04017,2025-06-17,Face Mask Set,2,20,32.0,False
ORD005626,CUST04018,2025-06-08,Retinol Night Cream,1,15,27.2,True
ORD005627,CUST04019,2024-07-22,Eye Cream,1,15,22.1,True
ORD005628,CUST04020,2024-06-18,Hydrating Moisturizer,3,20,67.2,True
ORD005629,CUST04021,2024-10-05,Face Mask Set,1,0,20.0,True
ORD005630,CUST04022,2024-06-23,Niacinamide Serum,3,0,57.0,True
ORD005631,CUST04022,2024-08-15,Niacinamide Serum,2,15,32.3,False
ORD005632,CUST04022,2025-02-12,Face Mask Set,3,0,60.0,False
ORD005633,CUST04023,2025-01-19,Gentle Cleanser,3,0,48.0,True
ORD005634,CUST04023,2025-02-02,SPF 50 Sunscreen,1,0,24.0,False
ORD005635,CUST04023,2025-03-13,Gentle Cleanser,1,10,14.4,False
ORD005636,CUST04024,2025-04-28,Gentle Cleanser,1,0,16.0,True
ORD005637,CUST04024,2025-05-28,Vitamin C Serum,1,20,17.6,False
ORD005638,CUST04025,2025-01-20,Vitamin C Serum,2,0,44.0,True
ORD005639,CUST04026,2025-04-23,Vitamin C Serum,1,0,22.0,True
ORD005640,CUST04027,2024-09-26,Hydrating Moisturizer,1,15,23.8,True
ORD005641,CUST04028,2024-05-08,Vitamin C Serum,1,25,16.5,True
ORD005642,CUST04029,2025-03-02,Niacinamide Serum,1,0,19.0,True
ORD005643,CUST04029,2025-04-19,Retinol Night Cream,1,0,32.0,False
ORD005644,CUST04030,2024-09-06,Hydrating Moisturizer,2,10,50.4,True
ORD005645,CUST04035,2024-05-07,Hydrating Moisturizer,2,15,47.6,True
ORD005646,CUST04036,2025-07-24,Eye Cream,1,0,26.0,True
ORD005647,CUST04037,2025-07-19,SPF 50 Sunscreen,1,0,24.0,True
ORD005648,CUST04038,2025-04-06,Niacinamide Serum,1,0,19.0,True
ORD005649,CUST04038,2025-05-16,Retinol Night Cream,2,0,64.0,False
ORD005650,CUST04039,2025-01-10,Hydrating Moisturizer,2,0,56.0,True
ORD005651,CUST04039,2025-01-30,Eye Cream,1,25,19.5,False
ORD005652,CUST04039,2025-05-28,Face Mask Set,2,0,40.0,False
ORD005653,CUST04040,2024-12-05,Eye Cream,2,0,52.0,True
ORD005654,CUST04040,2024-12-21,Retinol Night Cream,2,0,64.0,False
ORD005655,CUST04040,2025-02-11,Vitamin C Serum,1,0,22.0,False
ORD005656,CUST04041,2025-05-20,Face Mask Set,2,0,40.0,True
ORD005657,CUST04043,2024-11-05,Eye Cream,1,0,26.0,True
ORD005658,CUST04043,2024-12-31,Retinol Night Cream,1,15,27.2,False
ORD005659,CUST04044,2024-12-23,Eye Cream,1,0,26.0,True
ORD005660,CUST04045,2024-10-06,Retinol Night Cream,2,0,64.0,True
ORD005661,CUST04045,2024-11-14,Vitamin C Serum,2,0,44.0,False
ORD005662,CUST04046,2024-10-16,Gentle Cleanser,3,0,48.0,True
ORD005663,CUST04046,2025-03-30,Face Mask Set,1,0,20.0,False
ORD005664,CUST04047,2024-08-16,Face Mask Set,1,20,16.0,True
ORD005665,CUST04049,2025-05-09,SPF 50 Sunscreen,2,0,48.0,True
ORD005666,CUST04049,2025-05-23,Eye Cream,1,0,26.0,False
ORD005667,CUST04050,2024-06-04,Face Mask Set,1,0,20.0,True
ORD005668,CUST04051,2025-06-26,Face Mask Set,2,25,30.0,True
ORD005669,CUST04052,2025-02-03,Hydrating Moisturizer,2,15,47.6,True
ORD005670,CUST04052,2025-02-17,Retinol Night Cream,1,25,24.0,False
ORD005671,CUST04053,2025-04-25,Face Mask Set,1,0,20.0,True
ORD005672,CUST04054,2024-11-30,Vitamin C Serum,1,10,19.8,True
ORD005673,CUST04055,2025-03-30,Niacinamide Serum,1,0,19.0,True
ORD005674,CUST04058,2024-02-28,SPF 50 Sunscreen,1,0,24.0,True
ORD005675,CUST04059,2025-06-03,Face Mask Set,1,0,20.0,True
ORD005676,CUST04060,2025-07-27,Retinol Night Cream,1,0,32.0,True
ORD005677,CUST04062,2024-06-06,Face Mask Set,1,20,16.0,True
ORD005678,CUST04062,2024-06-20,Eye Cream,1,0,26.0,False
ORD005679,CUST04063,2025-03-22,Vitamin C Serum,1,0,22.0,True
ORD005680,CUST04065,2025-05-21,Gentle Cleanser,1,0,16.0,True
ORD005681,CUST04066,2024-04-06,Gentle Cleanser,1,25,12.0,True
ORD005682,CUST04066,2024-05-15,Gentle Cleanser,3,0,48.0,False
ORD005683,CUST04067,2024-04-17,Eye Cream,1,0,26.0,True
ORD005684,CUST04067,2024-08-01,Niacinamide Serum,1,0,19.0,False
ORD005685,CUST04067,2024-08-15,Vitamin C Serum,1,0,22.0,False
ORD005686,CUST04068,2025-07-21,Face Mask Set,1,20,16.0,True
ORD005687,CUST04069,2025-01-20,Vitamin C Serum,1,15,18.7,True
ORD005688,CUST04069,2025-05-20,Vitamin C Serum,2,0,44.0,False
ORD005689,CUST04071,2024-08-09,Retinol Night Cream,2,0,64.0,True
ORD005690,CUST04071,2024-11-06,Face Mask Set,1,10,18.0,False
ORD005691,CUST04072,2025-01-25,Hydrating Moisturizer,3,0,84.0,True
ORD005692,CUST04072,2025-02-26,Niacinamide Serum,1,0,19.0,False
ORD005693,CUST04073,2024-12-13,Eye Cream,2,0,52.0,True
ORD005694,CUST04074,2024-12-15,Hydrating Moisturizer,2,0,56.0,True
ORD005695,CUST04074,2025-01-28,Eye Cream,2,15,44.2,False
ORD005696,CUST04074,2025-02-11,Vitamin C Serum,1,0,22.0,False
ORD005697,CUST04075,2025-01-27,Gentle Cleanser,1,0,16.0,True
ORD005698,CUST04075,2025-05-04,Eye Cream,2,0,52.0,False
ORD005699,CUST04076,2024-12-05,Hydrating Moisturizer,2,15,47.6,True
ORD005700,CUST04077,2024-10-18,Face Mask Set,1,0,20.0,True
ORD005701,CUST04077,2024-11-01,SPF 50 Sunscreen,1,10,21.6,False
ORD005702,CUST04078,2024-07-12,Eye Cream,1,0,26.0,True
ORD005703,CUST04079,2025-03-23,SPF 50 Sunscreen,1,20,19.2,True
ORD005704,CUST04079,2025-06-10,Vitamin C Serum,1,0,22.0,False
ORD005705,CUST04079,2025-07-10,Face Mask Set,2,15,34.0,False
ORD005706,CUST04080,2024-06-13,Vitamin C Serum,3,25,49.5,True
ORD005707,CUST04081,2025-02-02,Gentle Cleanser,2,0,32.0,True
ORD005708,CUST04082,2024-06-18,Vitamin C Serum,1,10,19.8,True
ORD005709,CUST04083,2024-12-26,Hydrating Moisturizer,1,20,22.4,True
ORD005710,CUST04084,2025-03-07,Vitamin C Serum,2,15,37.4,True
ORD005711,CUST04084,2025-07-22,Hydrating Moisturizer,1,0,28.0,False
ORD005712,CUST04085,2024-06-12,Face Mask Set,3,10,54.0,True
ORD005713,CUST04086,2024-03-11,Vitamin C Serum,2,0,44.0,True
ORD005714,CUST04087,2024-04-20,Gentle Cleanser,2,0,32.0,True
ORD005715,CUST04087,2025-03-20,Niacinamide Serum,1,15,16.15,False
ORD005716,CUST04088,2024-12-18,Retinol Night Cream,1,0,32.0,True
ORD005717,CUST04088,2025-03-13,Eye Cream,3,0,78.0,False
ORD005718,CUST04089,2025-05-10,Niacinamide Serum,1,0,19.0,True
ORD005719,CUST04090,2024-03-02,Retinol Night Cream,2,15,54.4,True
ORD005720,CUST04091,2025-03-01,Hydrating Moisturizer,1,10,25.2,True
ORD005721,CUST04091,2025-04-27,Hydrating Moisturizer,2,20,44.8,False
ORD005722,CUST04092,2024-08-20,Hydrating Moisturizer,1,10,25.2,True
ORD005723,CUST04093,2024-11-07,Face Mask Set,3,25,45.0,True
ORD005724,CUST04094,2025-06-21,Gentle Cleanser,1,0,16.0,True
ORD005725,CUST04095,2024-08-15,Gentle Cleanser,1,0,16.0,True
ORD005726,CUST04095,2024-10-24,Eye Cream,1,0,26.0,False
ORD005727,CUST04095,2025-04-24,Niacinamide Serum,1,15,16.15,False
ORD005728,CUST04096,2024-11-06,Niacinamide Serum,1,0,19.0,True
ORD005729,CUST04097,2024-02-09,Hydrating Moisturizer,2,10,50.4,True
ORD005730,CUST04098,2024-03-22,Niacinamide Serum,2,0,38.0,True
ORD005731,CUST04099,2024-06-29,Face Mask Set,1,0,20.0,True
ORD005732,CUST04100,2024-02-19,Eye Cream,1,15,22.1,True
ORD005733,CUST04100,2024-06-22,Vitamin C Serum,1,0,22.0,False
ORD005734,CUST04101,2024-12-26,Retinol Night Cream,2,0,64.0,True
ORD005735,CUST04101,2025-01-09,SPF 50 Sunscreen,3,0,72.0,False
ORD005736,CUST04101,2025-01-23,Niacinamide Serum,1,0,19.0,False
ORD005737,CUST04101,2025-02-06,SPF 50 Sunscreen,1,0,24.0,False
ORD005738,CUST04102,2024-10-16,Face Mask Set,3,10,54.0,True
ORD005739,CUST04103,2024-11-27,Eye Cream,1,10,23.4,True
ORD005740,CUST04104,2024-05-20,Face Mask Set,1,0,20.0,True
ORD005741,CUST04105,2024-07-24,Face Mask Set,1,0,20.0,True
ORD005742,CUST04106,2025-01-13,Retinol Night Cream,3,25,72.0,True
ORD005743,CUST04106,2025-01-31,Retinol Night Cream,1,0,32.0,False
ORD005744,CUST04107,2025-07-09,Gentle Cleanser,1,0,16.0,True
ORD005745,CUST04108,2024-03-03,Gentle Cleanser,2,0,32.0,True
ORD005746,CUST04108,2024-03-17,Vitamin C Serum,1,0,22.0,False
ORD005747,CUST04108,2024-04-10,Hydrating Moisturizer,1,0,28.0,False
ORD005748,CUST04109,2025-06-05,Retinol Night Cream,1,20,25.6,True
ORD005749,CUST04110,2024-12-08,Eye Cream,2,0,52.0,True
ORD005750,CUST04111,2024-12-01,Gentle Cleanser,1,0,16.0,True
ORD005751,CUST04113,2024-03-14,Eye Cream,1,0,26.0,True
ORD005752,CUST04114,2024-03-29,Hydrating Moisturizer,1,0,28.0,True
ORD005753,CUST04116,2024-08-21,Face Mask Set,1,0,20.0,True
ORD005754,CUST04116,2024-09-04,Eye Cream,1,0,26.0,False
ORD005755,CUST04117,2025-06-15,Gentle Cleanser,2,20,25.6,True
ORD005756,CUST04118,2024-10-01,Retinol Night Cream,3,25,72.0,True
ORD005757,CUST04119,2024-04-29,Eye Cream,1,0,26.0,True
ORD005758,CUST04119,2024-06-17,Vitamin C Serum,1,0,22.0,False
ORD005759,CUST04119,2024-07-25,Retinol Night Cream,1,20,25.6,False
ORD005760,CUST04120,2025-02-19,Hydrating Moisturizer,1,20,22.4,True
ORD005761,CUST04121,2024-07-22,Vitamin C Serum,2,0,44.0,True
ORD005762,CUST04122,2024-11-21,Gentle Cleanser,3,0,48.0,True
ORD005763,CUST04122,2024-12-05,Hydrating Moisturizer,1,25,21.0,False
ORD005764,CUST04122,2025-05-12,Gentle Cleanser,3,15,40.8,False
ORD005765,CUST04122,2025-05-26,Niacinamide Serum,1,0,19.0,False
ORD005766,CUST04123,2025-02-05,Eye Cream,1,0,26.0,True
ORD005767,CUST04124,2025-06-10,Face Mask Set,1,10,18.0,True
ORD005768,CUST04125,2025-04-07,Retinol Night Cream,1,0,32.0,True
ORD005769,CUST04126,2025-01-25,Retinol Night Cream,3,15,81.6,True
ORD005770,CUST04127,2025-01-25,Vitamin C Serum,2,0,44.0,True
ORD005771,CUST04128,2025-07-01,Gentle Cleanser,2,0,32.0,True
ORD005772,CUST04129,2024-07-24,Retinol Night Cream,1,15,27.2,True
ORD005773,CUST04129,2024-09-20,Eye Cream,1,10,23.4,False
ORD005774,CUST04130,2024-02-04,SPF 50 Sunscreen,2,0,48.0,True
ORD005775,CUST04130,2024-02-18,Vitamin C Serum,2,0,44.0,False
ORD005776,CUST04132,2024-06-12,Niacinamide Serum,2,10,34.2,True
ORD005777,CUST04133,2025-01-11,Eye Cream,1,15,22.1,True
ORD005778,CUST04133,2025-01-26,Eye Cream,2,0,52.0,False
ORD005779,CUST04134,2024-12-29,Vitamin C Serum,2,0,44.0,True
ORD005780,CUST04135,2024-12-13,Face Mask Set,1,10,18.0,True
ORD005781,CUST04135,2025-01-10,Retinol Night Cream,1,0,32.0,False
ORD005782,CUST04136,2024-02-11,Gentle Cleanser,1,0,16.0,True
ORD005783,CUST04136,2024-02-25,SPF 50 Sunscreen,2,25,36.0,False
ORD005784,CUST04137,2025-02-24,Niacinamide Serum,1,10,17.1,True
ORD005785,CUST04138,2024-08-09,Hydrating Moisturizer,1,0,28.0,True
ORD005786,CUST04140,2024-11-29,Hydrating Moisturizer,1,0,28.0,True
ORD005787,CUST04140,2024-12-21,Vitamin C Serum,1,0,22.0,False
ORD005788,CUST04141,2024-08-24,Eye Cream,2,0,52.0,True
ORD005789,CUST04142,2024-04-23,SPF 50 Sunscreen,1,25,18.0,True
ORD005790,CUST04143,2024-03-31,SPF 50 Sunscreen,1,0,24.0,True
ORD005791,CUST04144,2025-04-30,Gentle Cleanser,1,0,16.0,True
ORD005792,CUST04144,2025-06-30,Face Mask Set,1,0,20.0,False
ORD005793,CUST04145,2025-06-16,Retinol Night Cream,1,25,24.0,True
ORD005794,CUST04146,2025-01-04,Niacinamide Serum,1,0,19.0,True
ORD005795,CUST04146,2025-04-09,Vitamin C Serum,3,0,66.0,False
ORD005796,CUST04147,2024-04-04,Vitamin C Serum,2,15,37.4,True
ORD005797,CUST04148,2024-09-29,Hydrating Moisturizer,1,0,28.0,True
ORD005798,CUST04148,2025-04-02,Retinol Night Cream,1,25,24.0,False
ORD005799,CUST04149,2025-02-25,SPF 50 Sunscreen,1,0,24.0,True
ORD005800,CUST04149,2025-06-21,Face Mask Set,2,15,34.0,False
ORD005801,CUST04150,2025-03-28,Gentle Cleanser,2,0,32.0,True
ORD005802,CUST04151,2024-04-14,Retinol Night Cream,1,0,32.0,True
ORD005803,CUST04152,2024-02-01,Retinol Night Cream,2,0,64.0,True
ORD005804,CUST04153,2025-02-14,Eye Cream,1,10,23.4,True
ORD005805,CUST04154,2024-09-02,Gentle Cleanser,1,0,16.0,True
ORD005806,CUST04154,2025-01-27,Vitamin C Serum,1,0,22.0,False
ORD005807,CUST04156,2024-02-10,Retinol Night Cream,1,20,25.6,True
ORD005808,CUST04157,2024-11-26,Face Mask Set,3,25,45.0,True
ORD005809,CUST04158,2025-05-10,Vitamin C Serum,3,0,66.0,True
ORD005810,CUST04158,2025-06-24,Gentle Cleanser,1,0,16.0,False
ORD005811,CUST04158,2025-07-08,Retinol Night Cream,1,10,28.8,False
ORD005812,CUST04159,2025-07-06,Retinol Night Cream,1,10,28.8,True
ORD005813,CUST04160,2024-12-02,Niacinamide Serum,1,0,19.0,True
ORD005814,CUST04160,2025-02-15,Retinol Night Cream,3,0,96.0,False
ORD005815,CUST04160,2025-03-05,Gentle Cleanser,1,0,16.0,False
ORD005816,CUST04160,2025-03-19,Face Mask Set,1,15,17.0,False
ORD005817,CUST04162,2024-03-23,Face Mask Set,1,0,20.0,True
ORD005818,CUST04163,2024-11-29,Face Mask Set,1,0,20.0,True
ORD005819,CUST04164,2024-09-17,Gentle Cleanser,3,20,38.4,True
ORD005820,CUST04164,2025-03-26,SPF 50 Sunscreen,2,20,38.4,False
ORD005821,CUST04165,2024-12-18,Vitamin C Serum,1,0,22.0,True
ORD005822,CUST04165,2025-07-08,Niacinamide Serum,2,20,30.4,False
ORD005823,CUST04166,2024-09-23,Eye Cream,2,0,52.0,True
ORD005824,CUST04168,2024-03-30,Vitamin C Serum,1,0,22.0,True
ORD005825,CUST04168,2024-04-17,SPF 50 Sunscreen,1,0,24.0,False
ORD005826,CUST04169,2024-08-02,Vitamin C Serum,1,25,16.5,True
ORD005827,CUST04169,2024-08-21,SPF 50 Sunscreen,1,0,24.0,False
ORD005828,CUST04170,2024-04-01,Niacinamide Serum,3,0,57.0,True
ORD005829,CUST04170,2024-04-15,Gentle Cleanser,1,20,12.8,False
ORD005830,CUST04170,2024-07-21,Face Mask Set,1,0,20.0,False
ORD005831,CUST04171,2024-05-20,Eye Cream,1,0,26.0,True
ORD005832,CUST04172,2025-07-23,SPF 50 Sunscreen,1,0,24.0,True
ORD005833,CUST04173,2024-10-26,Face Mask Set,2,20,32.0,True
ORD005834,CUST04174,2024-11-23,Eye Cream,1,0,26.0,True
ORD005835,CUST04174,2024-12-16,SPF 50 Sunscreen,1,10,21.6,False
ORD005836,CUST04175,2025-05-25,Vitamin C Serum,1,0,22.0,True
ORD005837,CUST04175,2025-06-08,Retinol Night Cream,1,15,27.2,False
ORD005838,CUST04176,2025-07-29,Vitamin C Serum,1,25,16.5,True
ORD005839,CUST04177,2024-12-08,Vitamin C Serum,1,25,16.5,True
ORD005840,CUST04177,2025-02-07,SPF 50 Sunscreen,2,0,48.0,False
ORD005841,CUST04177,2025-04-19,Retinol Night Cream,1,0,32.0,False
ORD005842,CUST04178,2025-04-17,SPF 50 Sunscreen,1,0,24.0,True
ORD005843,CUST04180,2024-07-28,Vitamin C Serum,1,10,19.8,True
ORD005844,CUST04181,2024-10-02,Vitamin C Serum,2,0,44.0,True
ORD005845,CUST04182,2025-01-19,Eye Cream,1,0,26.0,True
ORD005846,CUST04183,2025-01-29,Eye Cream,1,15,22.1,True
ORD005847,CUST04184,2024-08-02,Vitamin C Serum,1,10,19.8,True
ORD005848,CUST04185,2024-04-25,Vitamin C Serum,1,0,22.0,True
ORD005849,CUST04185,2024-07-01,Vitamin C Serum,1,15,18.7,False
ORD005850,CUST04186,2024-12-28,SPF 50 Sunscreen,1,20,19.2,True
ORD005851,CUST04187,2024-04-22,Hydrating Moisturizer,2,0,56.0,True
ORD005852,CUST04187,2024-06-07,SPF 50 Sunscreen,2,0,48.0,False
ORD005853,CUST04187,2024-06-30,Retinol Night Cream,1,10,28.8,False
ORD005854,CUST04188,2024-12-07,Vitamin C Serum,1,15,18.7,True
ORD005855,CUST04189,2025-02-06,Gentle Cleanser,1,10,14.4,True
ORD005856,CUST04189,2025-02-24,Hydrating Moisturizer,2,0,56.0,False
ORD005857,CUST04189,2025-03-10,Face Mask Set,2,0,40.0,False
ORD005858,CUST04189,2025-03-24,Hydrating Moisturizer,1,0,28.0,False
ORD005859,CUST04189,2025-05-19,Eye Cream,1,0,26.0,False
ORD005860,CUST04190,2025-02-10,Vitamin C Serum,2,0,44.0,True
ORD005861,CUST04191,2025-03-11,Niacinamide Serum,1,20,15.2,True
ORD005862,CUST04191,2025-06-17,Hydrating Moisturizer,1,25,21.0,False
ORD005863,CUST04192,2025-05-25,Retinol Night Cream,1,20,25.6,True
ORD005864,CUST04193,2024-11-12,Hydrating Moisturizer,1,0,28.0,True
ORD005865,CUST04194,2025-02-27,Face Mask Set,1,0,20.0,True
ORD005866,CUST04194,2025-05-06,Retinol Night Cream,1,0,32.0,False
ORD005867,CUST04194,2025-05-20,Vitamin C Serum,1,0,22.0,False
ORD005868,CUST04195,2024-12-21,Hydrating Moisturizer,2,0,56.0,True
ORD005869,CUST04195,2025-04-12,Eye Cream,2,0,52.0,False
ORD005870,CUST04195,2025-04-26,Eye Cream,3,20,62.4,False
ORD005871,CUST04197,2024-02-19,Retinol Night Cream,1,0,32.0,True
ORD005872,CUST04197,2024-05-22,Niacinamide Serum,3,0,57.0,False
ORD005873,CUST04197,2024-10-17,Niacinamide Serum,1,0,19.0,False
ORD005874,CUST04197,2025-02-08,Retinol Night Cream,1,0,32.0,False
ORD005875,CUST04198,2024-07-17,Hydrating Moisturizer,1,25,21.0,True
ORD005876,CUST04199,2024-10-26,Retinol Night Cream,2,0,64.0,True
ORD005877,CUST04200,2024-12-20,Eye Cream,2,0,52.0,True
ORD005878,CUST04201,2025-05-10,Retinol Night Cream,1,20,25.6,True
ORD005879,CUST04202,2024-06-02,SPF 50 Sunscreen,2,0,48.0,True
ORD005880,CUST04202,2024-09-24,Face Mask Set,1,0,20.0,False
ORD005881,CUST04203,2024-04-19,Gentle Cleanser,2,0,32.0,True
ORD005882,CUST04204,2025-07-11,SPF 50 Sunscreen,1,0,24.0,True
ORD005883,CUST04206,2024-11-07,Retinol Night Cream,1,0,32.0,True
ORD005884,CUST04207,2024-12-10,SPF 50 Sunscreen,1,20,19.2,True
ORD005885,CUST04208,2024-11-25,Hydrating Moisturizer,1,0,28.0,True
ORD005886,CUST04209,2024-03-24,Eye Cream,1,0,26.0,True
ORD005887,CUST04209,2024-04-07,Niacinamide Serum,1,20,15.2,False
ORD005888,CUST04209,2024-05-13,Hydrating Moisturizer,1,0,28.0,False
ORD005889,CUST04210,2024-03-07,Retinol Night Cream,1,10,28.8,True
ORD005890,CUST04210,2024-03-21,Face Mask Set,1,0,20.0,False
ORD005891,CUST04211,2024-04-05,SPF 50 Sunscreen,2,10,43.2,True
ORD005892,CUST04212,2024-12-09,SPF 50 Sunscreen,1,20,19.2,True
ORD005893,CUST04212,2025-02-27,Gentle Cleanser,2,0,32.0,False
ORD005894,CUST04212,2025-05-29,Gentle Cleanser,2,25,24.0,False
ORD005895,CUST04213,2024-11-26,SPF 50 Sunscreen,1,0,24.0,True
ORD005896,CUST04214,2024-06-19,Face Mask Set,1,10,18.0,True
ORD005897,CUST04216,2025-04-21,Eye Cream,1,0,26.0,True
ORD005898,CUST04217,2024-02-28,Hydrating Moisturizer,2,25,42.0,True
ORD005899,CUST04217,2024-03-13,Retinol Night Cream,1,0,32.0,False
ORD005900,CUST04218,2024-11-12,Hydrating Moisturizer,1,0,28.0,True
ORD005901,CUST04219,2025-02-01,Niacinamide Serum,1,0,19.0,True
ORD005902,CUST04220,2024-06-28,Eye Cream,2,0,52.0,True
ORD005903,CUST04220,2024-07-12,Eye Cream,1,0,26.0,False
ORD005904,CUST04221,2024-07-28,Retinol Night Cream,2,20,51.2,True
ORD005905,CUST04222,2024-12-19,Retinol Night Cream,2,25,48.0,True
ORD005906,CUST04223,2025-06-09,Vitamin C Serum,2,0,44.0,True
ORD005907,CUST04224,2025-04-18,Hydrating Moisturizer,1,25,21.0,True
ORD005908,CUST04225,2024-12-10,Hydrating Moisturizer,1,0,28.0,True
ORD005909,CUST04226,2025-02-25,Eye Cream,2,20,41.6,True
ORD005910,CUST04227,2024-09-05,Eye Cream,1,0,26.0,True
ORD005911,CUST04228,2024-12-31,Niacinamide Serum,1,0,19.0,True
ORD005912,CUST04228,2025-02-11,Gentle Cleanser,1,25,12.0,False
ORD005913,CUST04229,2024-11-03,Retinol Night Cream,3,20,76.8,True
ORD005914,CUST04229,2024-11-17,Vitamin C Serum,1,0,22.0,False
ORD005915,CUST04230,2024-05-26,Hydrating Moisturizer,1,0,28.0,True
ORD005916,CUST04230,2024-08-01,Face Mask Set,3,0,60.0,False
ORD005917,CUST04231,2025-02-08,Gentle Cleanser,1,25,12.0,True
ORD005918,CUST04232,2024-12-01,Hydrating Moisturizer,2,0,56.0,True
ORD005919,CUST04232,2025-06-23,Gentle Cleanser,1,10,14.4,False
ORD005920,CUST04235,2024-02-15,Eye Cream,1,0,26.0,True
ORD005921,CUST04236,2024-08-05,Gentle Cleanser,1,0,16.0,True
ORD005922,CUST04237,2024-03-08,Gentle Cleanser,1,20,12.8,True
ORD005923,CUST04237,2024-06-20,Vitamin C Serum,1,0,22.0,False
ORD005924,CUST04237,2024-07-21,Face Mask Set,2,0,40.0,False
ORD005925,CUST04237,2024-10-07,SPF 50 Sunscreen,1,0,24.0,False
ORD005926,CUST04238,2025-03-22,Retinol Night Cream,1,0,32.0,True
ORD005927,CUST04238,2025-06-06,Niacinamide Serum,2,0,38.0,False
ORD005928,CUST04239,2025-02-09,Gentle Cleanser,1,10,14.4,True
ORD005929,CUST04239,2025-02-23,Vitamin C Serum,2,20,35.2,False
ORD005930,CUST04240,2024-08-16,Vitamin C Serum,1,0,22.0,True
ORD005931,CUST04240,2024-11-20,Retinol Night Cream,2,0,64.0,False
ORD005932,CUST04241,2025-01-24,Vitamin C Serum,1,15,18.7,True
ORD005933,CUST04241,2025-02-12,Face Mask Set,2,10,36.0,False
ORD005934,CUST04243,2025-03-14,Vitamin C Serum,2,0,44.0,True
ORD005935,CUST04244,2024-11-01,Vitamin C Serum,1,0,22.0,True
ORD005936,CUST04244,2024-12-02,Eye Cream,1,0,26.0,False
ORD005937,CUST04245,2024-10-04,Hydrating Moisturizer,1,0,28.0,True
ORD005938,CUST04247,2024-06-25,Face Mask Set,1,15,17.0,True
ORD005939,CUST04247,2024-09-04,SPF 50 Sunscreen,1,0,24.0,False
ORD005940,CUST04248,2024-04-17,Face Mask Set,1,0,20.0,True
ORD005941,CUST04248,2024-05-01,Gentle Cleanser,2,0,32.0,False
ORD005942,CUST04249,2024-12-09,Retinol Night Cream,1,15,27.2,True
ORD005943,CUST04250,2025-07-13,Niacinamide Serum,1,0,19.0,True
ORD005944,CUST04252,2024-03-11,Vitamin C Serum,1,0,22.0,True
ORD005945,CUST04253,2024-08-21,SPF 50 Sunscreen,1,0,24.0,True
ORD005946,CUST04253,2024-09-04,Hydrating Moisturizer,3,20,67.2,False
ORD005947,CUST04253,2024-09-18,SPF 50 Sunscreen,1,0,24.0,False
ORD005948,CUST04254,2024-11-15,Gentle Cleanser,2,10,28.8,True
ORD005949,CUST04255,2024-05-10,Gentle Cleanser,2,0,32.0,True
ORD005950,CUST04256,2025-01-12,Hydrating Moisturizer,1,0,28.0,True
ORD005951,CUST04256,2025-05-15,Retinol Night Cream,1,0,32.0,False
ORD005952,CUST04257,2025-07-30,Niacinamide Serum,1,0,19.0,True
ORD005953,CUST04258,2024-10-30,Retinol Night Cream,1,0,32.0,True
ORD005954,CUST04258,2024-12-01,Hydrating Moisturizer,3,0,84.0,False
ORD005955,CUST04259,2024-09-02,Retinol Night Cream,3,0,96.0,True
ORD005956,CUST04259,2024-12-19,Eye Cream,1,15,22.1,False
ORD005957,CUST04260,2024-09-27,Vitamin C Serum,2,20,35.2,True
ORD005958,CUST04260,2024-12-16,Hydrating Moisturizer,2,25,42.0,False
ORD005959,CUST04261,2024-04-14,Eye Cream,1,0,26.0,True
ORD005960,CUST04261,2024-07-06,Niacinamide Serum,1,25,14.25,False
ORD005961,CUST04261,2024-09-21,Retinol Night Cream,1,0,32.0,False
ORD005962,CUST04262,2025-06-01,SPF 50 Sunscreen,1,0,24.0,True
ORD005963,CUST04263,2024-10-07,Retinol Night Cream,1,25,24.0,True
ORD005964,CUST04263,2024-10-21,Eye Cream,1,0,26.0,False
ORD005965,CUST04263,2024-12-17,Eye Cream,2,0,52.0,False
ORD005966,CUST04264,2024-09-21,Face Mask Set,3,25,45.0,True
ORD005967,CUST04265,2025-01-10,Face Mask Set,1,0,20.0,True
ORD005968,CUST04266,2024-10-25,Eye Cream,2,15,44.2,True
ORD005969,CUST04266,2024-11-21,Hydrating Moisturizer,1,0,28.0,False
ORD005970,CUST04266,2025-01-18,Hydrating Moisturizer,1,0,28.0,False
ORD005971,CUST04266,2025-02-18,Hydrating Moisturizer,2,0,56.0,False
ORD005972,CUST04266,2025-05-11,Eye Cream,2,0,52.0,False
ORD005973,CUST04266,2025-07-19,Vitamin C Serum,1,15,18.7,False
ORD005974,CUST04267,2025-01-04,Retinol Night Cream,1,0,32.0,True
ORD005975,CUST04267,2025-01-18,Eye Cream,2,0,52.0,False
ORD005976,CUST04267,2025-02-01,Niacinamide Serum,1,25,14.25,False
ORD005977,CUST04268,2024-03-09,Retinol Night Cream,1,20,25.6,True
ORD005978,CUST04269,2025-04-19,SPF 50 Sunscreen,1,0,24.0,True
ORD005979,CUST04270,2025-06-28,Eye Cream,3,25,58.5,True
ORD005980,CUST04271,2025-01-02,Niacinamide Serum,2,15,32.3,True
ORD005981,CUST04272,2025-07-06,Face Mask Set,1,0,20.0,True
ORD005982,CUST04272,2025-07-20,Gentle Cleanser,2,0,32.0,False
ORD005983,CUST04273,2024-05-06,Face Mask Set,1,0,20.0,True
ORD005984,CUST04274,2024-11-06,Hydrating Moisturizer,1,0,28.0,True
ORD005985,CUST04274,2024-11-26,Retinol Night Cream,3,20,76.8,False
ORD005986,CUST04275,2024-12-15,Retinol Night Cream,2,15,54.4,True
ORD005987,CUST04276,2024-12-09,Retinol Night Cream,2,20,51.2,True
ORD005988,CUST04277,2024-09-28,SPF 50 Sunscreen,1,0,24.0,True
ORD005989,CUST04277,2024-10-12,Vitamin C Serum,1,0,22.0,False
ORD005990,CUST04278,2024-08-19,Retinol Night Cream,1,10,28.8,True
ORD005991,CUST04278,2024-09-02,SPF 50 Sunscreen,1,0,24.0,False
ORD005992,CUST04278,2024-09-16,Face Mask Set,1,20,16.0,False
ORD005993,CUST04279,2024-04-19,Hydrating Moisturizer,1,20,22.4,True
ORD005994,CUST04280,2024-09-24,SPF 50 Sunscreen,3,0,72.0,True
ORD005995,CUST04280,2024-10-08,Gentle Cleanser,1,0,16.0,False
ORD005996,CUST04282,2025-03-02,Vitamin C Serum,2,0,44.0,True
ORD005997,CUST04282,2025-03-25,Gentle Cleanser,1,10,14.4,False
ORD005998,CUST04283,2024-06-05,Gentle Cleanser,1,0,16.0,True
ORD005999,CUST04284,2024-03-08,Hydrating Moisturizer,1,0,28.0,True
ORD006000,CUST04285,2024-11-29,SPF 50 Sunscreen,1,10,21.6,True
ORD006001,CUST04285,2025-03-24,Hydrating Moisturizer,1,0,28.0,False
ORD006002,CUST04286,2024-12-12,Niacinamide Serum,2,15,32.3,True
ORD006003,CUST04287,2025-05-24,Retinol Night Cream,3,0,96.0,True
ORD006004,CUST04288,2024-12-08,Hydrating Moisturizer,2,20,44.8,True
ORD006005,CUST04289,2024-08-23,Hydrating Moisturizer,2,0,56.0,True
ORD006006,CUST04290,2025-04-13,Niacinamide Serum,1,15,16.15,True
ORD006007,CUST04291,2024-11-25,Retinol Night Cream,1,0,32.0,True
ORD006008,CUST04291,2025-02-13,Gentle Cleanser,1,0,16.0,False
ORD006009,CUST04292,2024-03-23,Hydrating Moisturizer,3,0,84.0,True
ORD006010,CUST04292,2024-08-11,Niacinamide Serum,1,25,14.25,False
ORD006011,CUST04292,2024-11-14,Eye Cream,2,10,46.8,False
ORD006012,CUST04292,2025-02-24,SPF 50 Sunscreen,3,0,72.0,False
ORD006013,CUST04292,2025-04-26,Niacinamide Serum,1,20,15.2,False
ORD006014,CUST04294,2025-06-13,Retinol Night Cream,1,15,27.2,True
ORD006015,CUST04295,2024-09-27,Retinol Night Cream,1,0,32.0,True
ORD006016,CUST04296,2024-07-22,Vitamin C Serum,1,10,19.8,True
ORD006017,CUST04298,2024-05-04,SPF 50 Sunscreen,3,25,54.0,True
ORD006018,CUST04299,2024-10-19,Hydrating Moisturizer,1,0,28.0,True
ORD006019,CUST04299,2025-01-19,Face Mask Set,2,15,34.0,False
ORD006020,CUST04300,2024-12-14,Eye Cream,1,0,26.0,True
ORD006021,CUST04300,2025-01-02,Eye Cream,1,20,20.8,False
ORD006022,CUST04301,2024-03-24,Gentle Cleanser,1,0,16.0,True
ORD006023,CUST04302,2025-06-25,Face Mask Set,2,0,40.0,True
ORD006024,CUST04304,2024-12-11,Eye Cream,1,0,26.0,True
ORD006025,CUST04304,2025-01-18,Hydrating Moisturizer,3,0,84.0,False
ORD006026,CUST04305,2025-04-29,Eye Cream,1,25,19.5,True
ORD006027,CUST04306,2024-03-23,Niacinamide Serum,1,20,15.2,True
ORD006028,CUST04306,2024-06-12,SPF 50 Sunscreen,2,0,48.0,False
ORD006029,CUST04307,2024-11-09,Niacinamide Serum,3,0,57.0,True
ORD006030,CUST04308,2024-12-27,Gentle Cleanser,2,0,32.0,True
ORD006031,CUST04309,2025-04-28,Face Mask Set,1,10,18.0,True
ORD006032,CUST04309,2025-07-22,Eye Cream,1,15,22.1,False
ORD006033,CUST04310,2025-03-31,Niacinamide Serum,1,0,19.0,True
ORD006034,CUST04312,2025-06-28,Eye Cream,1,15,22.1,True
ORD006035,CUST04313,2024-04-17,Eye Cream,1,0,26.0,True
ORD006036,CUST04314,2025-05-25,Niacinamide Serum,1,15,16.15,True
ORD006037,CUST04314,2025-06-25,Retinol Night Cream,1,0,32.0,False
ORD006038,CUST04315,2025-07-16,Retinol Night Cream,1,0,32.0,True
ORD006039,CUST04316,2024-05-18,Hydrating Moisturizer,1,0,28.0,True
ORD006040,CUST04317,2025-02-23,Retinol Night Cream,3,15,81.6,True
ORD006041,CUST04317,2025-04-18,Eye Cream,1,0,26.0,False
ORD006042,CUST04317,2025-06-29,Retinol Night Cream,1,0,32.0,False
ORD006043,CUST04318,2024-02-28,Gentle Cleanser,1,0,16.0,True
ORD006044,CUST04318,2024-03-13,Hydrating Moisturizer,1,0,28.0,False
ORD006045,CUST04319,2024-10-01,Hydrating Moisturizer,1,0,28.0,True
ORD006046,CUST04319,2024-12-20,Retinol Night Cream,2,10,57.6,False
ORD006047,CUST04319,2025-02-25,Retinol Night Cream,1,0,32.0,False
ORD006048,CUST04319,2025-03-11,Niacinamide Serum,3,25,42.75,False
ORD006049,CUST04319,2025-04-23,Hydrating Moisturizer,1,15,23.8,False
ORD006050,CUST04320,2024-11-19,Niacinamide Serum,3,0,57.0,True
ORD006051,CUST04321,2024-12-06,Retinol Night Cream,1,0,32.0,True
ORD006052,CUST04322,2025-06-25,Gentle Cleanser,1,25,12.0,True
ORD006053,CUST04323,2025-01-21,Gentle Cleanser,3,0,48.0,True
ORD006054,CUST04324,2024-11-10,SPF 50 Sunscreen,2,0,48.0,True
ORD006055,CUST04324,2024-12-03,Retinol Night Cream,1,0,32.0,False
ORD006056,CUST04325,2025-04-18,Niacinamide Serum,1,0,19.0,True
ORD006057,CUST04326,2025-06-30,Niacinamide Serum,1,0,19.0,True
ORD006058,CUST04329,2024-03-25,Face Mask Set,3,0,60.0,True
ORD006059,CUST04330,2025-04-20,Retinol Night Cream,1,0,32.0,True
ORD006060,CUST04331,2024-07-14,Gentle Cleanser,1,0,16.0,True
ORD006061,CUST04331,2024-07-28,Gentle Cleanser,2,0,32.0,False
ORD006062,CUST04332,2024-04-22,Face Mask Set,2,20,32.0,True
ORD006063,CUST04333,2024-10-23,Retinol Night Cream,1,0,32.0,True
ORD006064,CUST04334,2025-01-03,Hydrating Moisturizer,1,25,21.0,True
ORD006065,CUST04335,2024-09-16,SPF 50 Sunscreen,1,0,24.0,True
ORD006066,CUST04336,2024-03-06,Face Mask Set,1,0,20.0,True
ORD006067,CUST04336,2024-07-03,Gentle Cleanser,3,25,36.0,False
ORD006068,CUST04336,2024-07-17,Eye Cream,1,0,26.0,False
ORD006069,CUST04337,2024-12-14,Eye Cream,1,0,26.0,True
ORD006070,CUST04338,2025-06-11,Retinol Night Cream,2,0,64.0,True
ORD006071,CUST04339,2024-09-19,Vitamin C Serum,1,25,16.5,True
ORD006072,CUST04340,2024-06-12,Vitamin C Serum,1,0,22.0,True
ORD006073,CUST04341,2024-10-23,Gentle Cleanser,3,10,43.2,True
ORD006074,CUST04342,2024-03-01,Eye Cream,1,15,22.1,True
ORD006075,CUST04343,2025-04-24,Hydrating Moisturizer,1,0,28.0,True
ORD006076,CUST04344,2025-04-25,Hydrating Moisturizer,1,0,28.0,True
ORD006077,CUST04344,2025-05-09,Niacinamide Serum,2,0,38.0,False
ORD006078,CUST04345,2024-12-11,Hydrating Moisturizer,1,0,28.0,True
ORD006079,CUST04345,2024-12-31,Face Mask Set,1,10,18.0,False
ORD006080,CUST04346,2024-08-29,Retinol Night Cream,1,0,32.0,True
ORD006081,CUST04347,2025-04-09,Gentle Cleanser,1,25,12.0,True
ORD006082,CUST04348,2024-11-30,Gentle Cleanser,1,20,12.8,True
ORD006083,CUST04349,2025-04-25,Face Mask Set,1,0,20.0,True
ORD006084,CUST04350,2024-12-26,Gentle Cleanser,1,10,14.4,True
ORD006085,CUST04351,2025-03-31,SPF 50 Sunscreen,1,0,24.0,True
ORD006086,CUST04352,2024-12-15,Hydrating Moisturizer,1,15,23.8,True
ORD006087,CUST04353,2024-10-05,Eye Cream,1,0,26.0,True
ORD006088,CUST04354,2025-07-05,SPF 50 Sunscreen,1,0,24.0,True
ORD006089,CUST04355,2024-11-27,Vitamin C Serum,1,10,19.8,True
ORD006090,CUST04355,2024-12-13,Gentle Cleanser,2,25,24.0,False
ORD006091,CUST04356,2024-12-18,Niacinamide Serum,1,10,17.1,True
ORD006092,CUST04356,2025-02-01,Retinol Night Cream,2,10,57.6,False
ORD006093,CUST04357,2024-06-12,Gentle Cleanser,1,10,14.4,True
ORD006094,CUST04357,2024-07-03,Hydrating Moisturizer,1,20,22.4,False
ORD006095,CUST04357,2024-10-23,Hydrating Moisturizer,1,0,28.0,False
ORD006096,CUST04357,2025-01-06,Niacinamide Serum,2,0,38.0,False
ORD006097,CUST04357,2025-01-20,SPF 50 Sunscreen,1,0,24.0,False
ORD006098,CUST04357,2025-02-03,Face Mask Set,1,25,15.0,False
ORD006099,CUST04357,2025-04-13,Gentle Cleanser,1,0,16.0,False
ORD006100,CUST04358,2024-12-26,Retinol Night Cream,1,0,32.0,True
ORD006101,CUST04358,2025-01-18,SPF 50 Sunscreen,2,0,48.0,False
ORD006102,CUST04358,2025-02-20,Face Mask Set,1,0,20.0,False
ORD006103,CUST04359,2024-12-03,Retinol Night Cream,2,0,64.0,True
ORD006104,CUST04359,2024-12-17,Retinol Night Cream,1,20,25.6,False
ORD006105,CUST04360,2024-05-25,Vitamin C Serum,2,15,37.4,True
ORD006106,CUST04360,2024-06-28,Vitamin C Serum,1,0,22.0,False
ORD006107,CUST04361,2024-03-10,Gentle Cleanser,3,15,40.8,True
ORD006108,CUST04362,2024-12-15,Hydrating Moisturizer,1,10,25.2,True
ORD006109,CUST04363,2025-03-18,Hydrating Moisturizer,2,0,56.0,True
ORD006110,CUST04364,2024-11-19,Face Mask Set,1,0,20.0,True
ORD006111,CUST04364,2024-12-03,Retinol Night Cream,1,0,32.0,False
ORD006112,CUST04364,2024-12-17,Retinol Night Cream,1,0,32.0,False
ORD006113,CUST04365,2024-06-15,Face Mask Set,1,0,20.0,True
ORD006114,CUST04366,2025-01-15,Gentle Cleanser,1,0,16.0,True
ORD006115,CUST04367,2024-03-22,Niacinamide Serum,1,0,19.0,True
ORD006116,CUST04368,2024-10-23,Eye Cream,1,0,26.0,True
ORD006117,CUST04368,2025-03-28,Vitamin C Serum,2,25,33.0,False
ORD006118,CUST04368,2025-07-21,Eye Cream,1,0,26.0,False
ORD006119,CUST04369,2024-05-13,Niacinamide Serum,1,0,19.0,True
ORD006120,CUST04370,2024-05-26,SPF 50 Sunscreen,1,0,24.0,True
ORD006121,CUST04371,2024-06-04,Vitamin C Serum,2,0,44.0,True
ORD006122,CUST04371,2024-09-08,Niacinamide Serum,1,0,19.0,False
ORD006123,CUST04373,2024-03-03,Face Mask Set,1,15,17.0,True
ORD006124,CUST04373,2024-10-11,Gentle Cleanser,2,25,24.0,False
ORD006125,CUST04375,2024-11-17,Gentle Cleanser,1,0,16.0,True
ORD006126,CUST04375,2025-02-06,Hydrating Moisturizer,1,0,28.0,False
ORD006127,CUST04376,2024-11-08,Eye Cream,2,15,44.2,True
ORD006128,CUST04377,2024-09-16,Niacinamide Serum,1,0,19.0,True
ORD006129,CUST04377,2025-01-05,Vitamin C Serum,1,0,22.0,False
ORD006130,CUST04378,2025-05-02,Gentle Cleanser,2,25,24.0,True
ORD006131,CUST04380,2024-11-15,Face Mask Set,1,0,20.0,True
ORD006132,CUST04380,2024-11-29,Eye Cream,1,20,20.8,False
ORD006133,CUST04381,2024-03-12,Face Mask Set,2,25,30.0,True
ORD006134,CUST04381,2024-04-05,SPF 50 Sunscreen,3,0,72.0,False
ORD006135,CUST04382,2024-03-16,Gentle Cleanser,1,0,16.0,True
ORD006136,CUST04383,2024-12-07,Eye Cream,1,0,26.0,True
ORD006137,CUST04383,2025-02-03,Niacinamide Serum,1,10,17.1,False
ORD006138,CUST04384,2024-12-03,Retinol Night Cream,1,0,32.0,True
ORD006139,CUST04384,2025-03-17,Eye Cream,3,0,78.0,False
ORD006140,CUST04384,2025-04-02,Gentle Cleanser,3,0,48.0,False
ORD006141,CUST04385,2025-05-27,Hydrating Moisturizer,1,0,28.0,True
ORD006142,CUST04386,2024-11-29,Gentle Cleanser,3,20,38.4,True
ORD006143,CUST04386,2024-12-13,Eye Cream,1,10,23.4,False
ORD006144,CUST04386,2025-01-16,Retinol Night Cream,1,10,28.8,False
ORD006145,CUST04386,2025-04-22,Retinol Night Cream,2,0,64.0,False
ORD006146,CUST04386,2025-05-25,Retinol Night Cream,3,15,81.6,False
ORD006147,CUST04387,2025-07-09,Retinol Night Cream,2,0,64.0,True
ORD006148,CUST04388,2024-03-02,Retinol Night Cream,3,0,96.0,True
ORD006149,CUST04388,2024-05-22,Retinol Night Cream,2,10,57.6,False
ORD006150,CUST04389,2024-04-03,Vitamin C Serum,2,20,35.2,True
ORD006151,CUST04389,2024-09-06,Eye Cream,1,15,22.1,False
ORD006152,CUST04390,2024-02-27,Vitamin C Serum,1,10,19.8,True
ORD006153,CUST04391,2024-05-24,Face Mask Set,1,25,15.0,True
ORD006154,CUST04391,2024-06-15,Face Mask Set,1,25,15.0,False
ORD006155,CUST04392,2024-11-27,SPF 50 Sunscreen,1,25,18.0,True
ORD006156,CUST04394,2024-03-01,Vitamin C Serum,1,0,22.0,True
ORD006157,CUST04395,2025-06-30,Retinol Night Cream,2,25,48.0,True
ORD006158,CUST04396,2025-05-05,Niacinamide Serum,1,0,19.0,True
ORD006159,CUST04398,2024-03-22,Vitamin C Serum,2,15,37.4,True
ORD006160,CUST04398,2024-04-20,Face Mask Set,1,10,18.0,False
ORD006161,CUST04398,2024-07-12,Eye Cream,1,0,26.0,False
ORD006162,CUST04399,2024-05-16,SPF 50 Sunscreen,1,0,24.0,True
ORD006163,CUST04400,2024-04-21,Hydrating Moisturizer,1,0,28.0,True
ORD006164,CUST04400,2024-06-09,Retinol Night Cream,2,0,64.0,False
ORD006165,CUST04401,2024-04-17,Eye Cream,1,0,26.0,True
ORD006166,CUST04402,2024-11-19,Hydrating Moisturizer,3,25,63.0,True
ORD006167,CUST04402,2025-02-21,Niacinamide Serum,3,25,42.75,False
ORD006168,CUST04403,2024-06-23,Vitamin C Serum,1,0,22.0,True
ORD006169,CUST04405,2025-07-26,Hydrating Moisturizer,2,15,47.6,True
ORD006170,CUST04406,2025-01-31,Eye Cream,3,0,78.0,True
ORD006171,CUST04407,2025-06-30,Hydrating Moisturizer,1,0,28.0,True
ORD006172,CUST04408,2024-04-28,Retinol Night Cream,2,10,57.6,True
ORD006173,CUST04409,2024-09-16,Eye Cream,2,0,52.0,True
ORD006174,CUST04409,2024-09-30,Hydrating Moisturizer,1,15,23.8,False
ORD006175,CUST04410,2024-11-28,SPF 50 Sunscreen,2,25,36.0,True
ORD006176,CUST04411,2024-03-18,Vitamin C Serum,2,0,44.0,True
ORD006177,CUST04412,2024-02-06,Gentle Cleanser,3,25,36.0,True
ORD006178,CUST04413,2025-01-20,Vitamin C Serum,1,0,22.0,True
ORD006179,CUST04414,2024-12-30,Gentle Cleanser,1,0,16.0,True
ORD006180,CUST04414,2025-03-07,Vitamin C Serum,1,0,22.0,False
ORD006181,CUST04415,2024-10-03,Retinol Night Cream,2,0,64.0,True
ORD006182,CUST04415,2024-11-14,Niacinamide Serum,2,0,38.0,False
ORD006183,CUST04415,2025-03-13,Retinol Night Cream,2,20,51.2,False
ORD006184,CUST04415,2025-03-28,Hydrating Moisturizer,1,0,28.0,False
ORD006185,CUST04416,2024-11-11,Eye Cream,2,15,44.2,True
ORD006186,CUST04416,2024-12-18,SPF 50 Sunscreen,1,0,24.0,False
ORD006187,CUST04417,2024-10-07,SPF 50 Sunscreen,1,0,24.0,True
ORD006188,CUST04417,2025-02-04,Eye Cream,1,0,26.0,False
ORD006189,CUST04417,2025-03-10,Vitamin C Serum,1,0,22.0,False
ORD006190,CUST04418,2024-02-16,Gentle Cleanser,2,15,27.2,True
ORD006191,CUST04419,2024-08-16,Vitamin C Serum,3,0,66.0,True
ORD006192,CUST04419,2024-10-13,Vitamin C Serum,1,0,22.0,False
ORD006193,CUST04420,2024-05-19,Hydrating Moisturizer,1,0,28.0,True
ORD006194,CUST04420,2024-08-10,Hydrating Moisturizer,1,0,28.0,False
ORD006195,CUST04422,2025-07-04,Niacinamide Serum,1,0,19.0,True
ORD006196,CUST04423,2024-12-14,Retinol Night Cream,1,0,32.0,True
ORD006197,CUST04425,2024-08-05,Gentle Cleanser,1,0,16.0,True
ORD006198,CUST04425,2024-10-10,Gentle Cleanser,3,25,36.0,False
ORD006199,CUST04426,2024-09-26,Face Mask Set,1,0,20.0,True
ORD006200,CUST04427,2024-06-20,Eye Cream,1,15,22.1,True
ORD006201,CUST04427,2024-10-15,Face Mask Set,1,10,18.0,False
ORD006202,CUST04427,2024-12-06,Face Mask Set,3,15,51.0,False
ORD006203,CUST04427,2025-03-11,Niacinamide Serum,3,0,57.0,False
ORD006204,CUST04427,2025-04-23,Vitamin C Serum,1,0,22.0,False
ORD006205,CUST04427,2025-05-07,SPF 50 Sunscreen,2,10,43.2,False
ORD006206,CUST04428,2024-04-03,Eye Cream,1,0,26.0,True
ORD006207,CUST04430,2025-04-08,Retinol Night Cream,2,0,64.0,True
ORD006208,CUST04431,2025-01-26,SPF 50 Sunscreen,2,25,36.0,True
ORD006209,CUST04431,2025-05-05,SPF 50 Sunscreen,1,0,24.0,False
ORD006210,CUST04432,2024-11-25,Eye Cream,1,20,20.8,True
ORD006211,CUST04432,2024-12-09,Retinol Night Cream,2,20,51.2,False
ORD006212,CUST04434,2025-06-19,Face Mask Set,1,25,15.0,True
ORD006213,CUST04435,2024-03-18,Niacinamide Serum,1,20,15.2,True
ORD006214,CUST04436,2024-07-14,Gentle Cleanser,2,20,25.6,True
ORD006215,CUST04436,2024-08-25,Vitamin C Serum,1,15,18.7,False
ORD006216,CUST04437,2024-08-29,Retinol Night Cream,1,0,32.0,True
ORD006217,CUST04438,2025-03-29,Face Mask Set,1,20,16.0,True
ORD006218,CUST04439,2025-07-27,Eye Cream,2,0,52.0,True
ORD006219,CUST04440,2024-06-20,Face Mask Set,3,0,60.0,True
ORD006220,CUST04441,2025-05-24,Gentle Cleanser,3,0,48.0,True
ORD006221,CUST04441,2025-06-30,Vitamin C Serum,1,25,16.5,False
ORD006222,CUST04442,2025-04-29,SPF 50 Sunscreen,1,0,24.0,True
ORD006223,CUST04443,2024-06-16,Hydrating Moisturizer,2,0,56.0,True
ORD006224,CUST04443,2024-06-30,SPF 50 Sunscreen,1,0,24.0,False
ORD006225,CUST04443,2024-07-14,Retinol Night Cream,2,0,64.0,False
ORD006226,CUST04444,2024-09-29,Face Mask Set,2,0,40.0,True
ORD006227,CUST04445,2024-10-04,Gentle Cleanser,1,15,13.6,True
ORD006228,CUST04445,2024-11-13,Eye Cream,2,0,52.0,False
ORD006229,CUST04446,2025-07-19,Gentle Cleanser,3,15,40.8,True
ORD006230,CUST04447,2024-05-22,Vitamin C Serum,1,0,22.0,True
ORD006231,CUST04448,2025-04-10,Retinol Night Cream,1,0,32.0,True
ORD006232,CUST04449,2024-08-17,Hydrating Moisturizer,1,0,28.0,True
ORD006233,CUST04449,2024-09-09,Niacinamide Serum,1,0,19.0,False
ORD006234,CUST04450,2025-02-26,Hydrating Moisturizer,1,25,21.0,True
ORD006235,CUST04450,2025-03-23,Retinol Night Cream,1,0,32.0,False
ORD006236,CUST04451,2024-10-10,Hydrating Moisturizer,2,0,56.0,True
ORD006237,CUST04451,2025-01-08,Retinol Night Cream,1,0,32.0,False
ORD006238,CUST04452,2024-12-07,SPF 50 Sunscreen,1,0,24.0,True
ORD006239,CUST04453,2025-04-30,Eye Cream,1,0,26.0,True
ORD006240,CUST04453,2025-05-14,Gentle Cleanser,3,0,48.0,False
ORD006241,CUST04454,2025-04-14,Retinol Night Cream,2,0,64.0,True
ORD006242,CUST04454,2025-06-09,Face Mask Set,1,25,15.0,False
ORD006243,CUST04455,2025-05-20,Hydrating Moisturizer,2,0,56.0,True
ORD006244,CUST04456,2024-03-08,Niacinamide Serum,2,0,38.0,True
ORD006245,CUST04456,2024-04-05,Face Mask Set,1,0,20.0,False
ORD006246,CUST04456,2024-04-19,Vitamin C Serum,1,20,17.6,False
ORD006247,CUST04456,2024-06-01,Eye Cream,1,0,26.0,False
ORD006248,CUST04456,2024-06-21,SPF 50 Sunscreen,1,0,24.0,False
ORD006249,CUST04456,2024-08-01,Vitamin C Serum,1,25,16.5,False
ORD006250,CUST04456,2024-08-15,Face Mask Set,1,0,20.0,False
ORD006251,CUST04456,2025-01-10,Retinol Night Cream,2,0,64.0,False
ORD006252,CUST04456,2025-05-13,Vitamin C Serum,2,0,44.0,False
ORD006253,CUST04457,2025-02-02,Face Mask Set,1,20,16.0,True
ORD006254,CUST04458,2024-04-26,Eye Cream,3,0,78.0,True
ORD006255,CUST04458,2024-05-10,Face Mask Set,1,0,20.0,False
ORD006256,CUST04459,2024-10-08,SPF 50 Sunscreen,1,0,24.0,True
ORD006257,CUST04460,2024-11-29,Vitamin C Serum,2,0,44.0,True
ORD006258,CUST04461,2024-09-30,Face Mask Set,2,0,40.0,True
ORD006259,CUST04462,2024-11-19,SPF 50 Sunscreen,1,0,24.0,True
ORD006260,CUST04463,2025-07-29,Eye Cream,2,15,44.2,True
ORD006261,CUST04464,2024-04-25,Niacinamide Serum,2,0,38.0,True
ORD006262,CUST04465,2025-01-24,Retinol Night Cream,3,15,81.6,True
ORD006263,CUST04466,2024-09-25,Gentle Cleanser,1,0,16.0,True
ORD006264,CUST04466,2024-10-09,Eye Cream,1,0,26.0,False
ORD006265,CUST04467,2024-04-24,Vitamin C Serum,2,0,44.0,True
ORD006266,CUST04468,2024-05-09,Niacinamide Serum,1,15,16.15,True
ORD006267,CUST04469,2025-07-01,Face Mask Set,2,20,32.0,True
ORD006268,CUST04470,2025-05-29,Vitamin C Serum,2,25,33.0,True
ORD006269,CUST04471,2025-06-11,Retinol Night Cream,1,0,32.0,True
ORD006270,CUST04472,2025-07-25,Eye Cream,1,25,19.5,True
ORD006271,CUST04473,2024-06-07,Hydrating Moisturizer,1,25,21.0,True
ORD006272,CUST04473,2024-09-05,Niacinamide Serum,1,0,19.0,False
ORD006273,CUST04474,2024-08-31,Vitamin C Serum,1,20,17.6,True
ORD006274,CUST04475,2025-01-17,Hydrating Moisturizer,1,0,28.0,True
ORD006275,CUST04475,2025-02-19,SPF 50 Sunscreen,1,0,24.0,False
ORD006276,CUST04476,2024-11-11,Vitamin C Serum,1,0,22.0,True
ORD006277,CUST04478,2024-09-02,Gentle Cleanser,1,15,13.6,True
ORD006278,CUST04479,2024-12-11,Vitamin C Serum,2,0,44.0,True
ORD006279,CUST04480,2024-12-05,Retinol Night Cream,1,0,32.0,True
ORD006280,CUST04481,2024-05-10,Hydrating Moisturizer,1,25,21.0,True
ORD006281,CUST04481,2024-06-21,Vitamin C Serum,1,0,22.0,False
ORD006282,CUST04482,2024-11-05,Eye Cream,1,10,23.4,True
ORD006283,CUST04484,2024-12-03,SPF 50 Sunscreen,2,0,48.0,True
ORD006284,CUST04484,2025-01-23,Gentle Cleanser,1,15,13.6,False
ORD006285,CUST04485,2024-06-07,Hydrating Moisturizer,1,0,28.0,True
ORD006286,CUST04486,2025-03-06,Hydrating Moisturizer,1,15,23.8,True
ORD006287,CUST04487,2024-02-17,Hydrating Moisturizer,1,10,25.2,True
ORD006288,CUST04487,2024-03-02,Gentle Cleanser,1,10,14.4,False
ORD006289,CUST04488,2024-09-02,Retinol Night Cream,3,0,96.0,True
ORD006290,CUST04489,2025-03-28,Retinol Night Cream,3,0,96.0,True
ORD006291,CUST04490,2024-11-30,Retinol Night Cream,2,25,48.0,True
ORD006292,CUST04492,2025-02-04,SPF 50 Sunscreen,1,10,21.6,True
ORD006293,CUST04493,2024-12-03,SPF 50 Sunscreen,2,0,48.0,True
ORD006294,CUST04494,2025-04-06,Vitamin C Serum,3,0,66.0,True
ORD006295,CUST04494,2025-07-26,Niacinamide Serum,2,0,38.0,False
ORD006296,CUST04495,2025-03-03,Vitamin C Serum,1,0,22.0,True
ORD006297,CUST04496,2024-12-19,SPF 50 Sunscreen,1,15,20.4,True
ORD006298,CUST04497,2024-11-10,Niacinamide Serum,1,0,19.0,True
ORD006299,CUST04498,2024-04-24,Face Mask Set,1,25,15.0,True
ORD006300,CUST04499,2024-06-30,Niacinamide Serum,1,0,19.0,True
ORD006301,CUST04500,2024-10-11,Vitamin C Serum,1,25,16.5,True
ORD006302,CUST04501,2024-12-15,Niacinamide Serum,1,0,19.0,True
ORD006303,CUST04501,2025-06-05,Face Mask Set,2,0,40.0,False
ORD006304,CUST04502,2024-11-19,Face Mask Set,3,0,60.0,True
ORD006305,CUST04503,2024-07-17,Vitamin C Serum,2,0,44.0,True
ORD006306,CUST04504,2024-02-05,Retinol Night Cream,1,20,25.6,True
ORD006307,CUST04504,2024-02-29,Eye Cream,2,20,41.6,False
ORD006308,CUST04504,2024-04-23,Retinol Night Cream,1,0,32.0,False
ORD006309,CUST04504,2024-06-23,Vitamin C Serum,1,0,22.0,False
ORD006310,CUST04504,2024-07-07,Niacinamide Serum,2,0,38.0,False
ORD006311,CUST04504,2024-10-14,Retinol Night Cream,3,0,96.0,False
ORD006312,CUST04504,2024-11-01,Gentle Cleanser,2,0,32.0,False
ORD006313,CUST04505,2024-11-14,Face Mask Set,1,25,15.0,True
ORD006314,CUST04506,2024-07-15,SPF 50 Sunscreen,1,0,24.0,True
ORD006315,CUST04506,2024-12-17,SPF 50 Sunscreen,1,0,24.0,False
ORD006316,CUST04506,2024-12-31,Eye Cream,1,0,26.0,False
ORD006317,CUST04506,2025-01-14,SPF 50 Sunscreen,1,15,20.4,False
ORD006318,CUST04507,2025-02-28,Niacinamide Serum,1,0,19.0,True
ORD006319,CUST04508,2024-02-15,Retinol Night Cream,1,20,25.6,True
ORD006320,CUST04509,2024-12-10,Retinol Night Cream,2,0,64.0,True
ORD006321,CUST04509,2025-06-22,Gentle Cleanser,3,0,48.0,False
ORD006322,CUST04510,2025-06-28,Niacinamide Serum,2,20,30.4,True
ORD006323,CUST04511,2024-05-19,Niacinamide Serum,2,10,34.2,True
ORD006324,CUST04511,2024-06-03,Face Mask Set,2,0,40.0,False
ORD006325,CUST04512,2024-11-07,Niacinamide Serum,1,15,16.15,True
ORD006326,CUST04513,2024-03-29,Face Mask Set,3,25,45.0,True
ORD006327,CUST04515,2024-11-29,Vitamin C Serum,2,0,44.0,True
ORD006328,CUST04516,2024-10-03,Retinol Night Cream,3,25,72.0,True
ORD006329,CUST04516,2024-11-12,Retinol Night Cream,1,15,27.2,False
ORD006330,CUST04517,2024-11-18,Gentle Cleanser,2,0,32.0,True
ORD006331,CUST04517,2024-12-08,Niacinamide Serum,1,10,17.1,False
ORD006332,CUST04518,2025-06-07,SPF 50 Sunscreen,3,0,72.0,True
ORD006333,CUST04519,2024-06-02,Gentle Cleanser,1,0,16.0,True
ORD006334,CUST04520,2024-02-15,Retinol Night Cream,2,0,64.0,True
ORD006335,CUST04520,2024-04-19,SPF 50 Sunscreen,1,0,24.0,False
ORD006336,CUST04521,2025-05-18,Retinol Night Cream,1,0,32.0,True
ORD006337,CUST04521,2025-06-20,Gentle Cleanser,2,0,32.0,False
ORD006338,CUST04522,2024-12-07,Retinol Night Cream,3,0,96.0,True
ORD006339,CUST04523,2025-06-03,Gentle Cleanser,1,0,16.0,True
ORD006340,CUST04524,2024-12-14,Eye Cream,2,25,39.0,True
ORD006341,CUST04525,2025-04-17,Eye Cream,1,0,26.0,True
ORD006342,CUST04526,2024-10-17,Eye Cream,2,0,52.0,True
ORD006343,CUST04527,2025-03-09,SPF 50 Sunscreen,1,25,18.0,True
ORD006344,CUST04528,2025-06-13,Hydrating Moisturizer,1,0,28.0,True
ORD006345,CUST04529,2024-12-06,Niacinamide Serum,1,0,19.0,True
ORD006346,CUST04530,2024-05-22,Eye Cream,1,20,20.8,True
ORD006347,CUST04530,2024-06-15,Hydrating Moisturizer,1,15,23.8,False
ORD006348,CUST04532,2024-06-03,Hydrating Moisturizer,1,0,28.0,True
ORD006349,CUST04532,2024-08-30,SPF 50 Sunscreen,1,0,24.0,False
ORD006350,CUST04533,2024-06-26,Eye Cream,1,0,26.0,True
ORD006351,CUST04534,2024-07-28,Vitamin C Serum,1,0,22.0,True
ORD006352,CUST04534,2024-09-15,Hydrating Moisturizer,1,0,28.0,False
ORD006353,CUST04535,2024-11-30,Vitamin C Serum,1,0,22.0,True
ORD006354,CUST04536,2024-12-11,Face Mask Set,1,0,20.0,True
ORD006355,CUST04537,2024-10-15,Eye Cream,1,0,26.0,True
ORD006356,CUST04538,2024-12-23,SPF 50 Sunscreen,2,0,48.0,True
ORD006357,CUST04539,2024-03-24,Niacinamide Serum,1,25,14.25,True
ORD006358,CUST04539,2024-05-26,Gentle Cleanser,3,0,48.0,False
ORD006359,CUST04539,2024-07-13,SPF 50 Sunscreen,3,10,64.8,False
ORD006360,CUST04539,2024-10-22,Face Mask Set,3,0,60.0,False
ORD006361,CUST04540,2024-03-26,SPF 50 Sunscreen,1,0,24.0,True
ORD006362,CUST04541,2024-05-17,Face Mask Set,1,0,20.0,True
ORD006363,CUST04541,2024-05-31,Vitamin C Serum,2,10,39.6,False
ORD006364,CUST04541,2024-07-31,Niacinamide Serum,2,0,38.0,False
ORD006365,CUST04541,2024-08-29,Retinol Night Cream,2,0,64.0,False
ORD006366,CUST04542,2024-11-19,Hydrating Moisturizer,1,15,23.8,True
ORD006367,CUST04543,2024-06-10,Hydrating Moisturizer,1,0,28.0,True
ORD006368,CUST04545,2024-09-30,Hydrating Moisturizer,3,10,75.6,True
ORD006369,CUST04546,2025-04-16,Hydrating Moisturizer,1,0,28.0,True
ORD006370,CUST04546,2025-07-06,Face Mask Set,1,15,17.0,False
ORD006371,CUST04547,2024-02-09,Gentle Cleanser,1,0,16.0,True
ORD006372,CUST04548,2025-01-06,Eye Cream,2,20,41.6,True
ORD006373,CUST04548,2025-01-20,Eye Cream,2,10,46.8,False
ORD006374,CUST04549,2025-01-16,Face Mask Set,2,15,34.0,True
ORD006375,CUST04550,2025-04-08,Vitamin C Serum,2,0,44.0,True
ORD006376,CUST04551,2025-06-25,Hydrating Moisturizer,1,0,28.0,True
ORD006377,CUST04553,2024-05-04,Hydrating Moisturizer,1,0,28.0,True
ORD006378,CUST04553,2024-10-12,Vitamin C Serum,1,0,22.0,False
ORD006379,CUST04553,2025-02-28,Vitamin C Serum,1,0,22.0,False
ORD006380,CUST04553,2025-05-02,Gentle Cleanser,2,0,32.0,False
ORD006381,CUST04553,2025-06-05,Retinol Night Cream,3,0,96.0,False
ORD006382,CUST04554,2025-06-03,Retinol Night Cream,2,0,64.0,True
ORD006383,CUST04555,2024-11-02,Hydrating Moisturizer,2,0,56.0,True
ORD006384,CUST04556,2024-12-01,SPF 50 Sunscreen,1,20,19.2,True
ORD006385,CUST04557,2025-01-14,Vitamin C Serum,1,0,22.0,True
ORD006386,CUST04558,2025-01-25,Hydrating Moisturizer,1,0,28.0,True
ORD006387,CUST04559,2025-06-22,Gentle Cleanser,2,0,32.0,True
ORD006388,CUST04560,2025-07-31,Gentle Cleanser,2,15,27.2,True
ORD006389,CUST04561,2025-02-19,Eye Cream,1,25,19.5,True
ORD006390,CUST04561,2025-03-05,SPF 50 Sunscreen,2,0,48.0,False
ORD006391,CUST04561,2025-03-19,SPF 50 Sunscreen,1,0,24.0,False
ORD006392,CUST04563,2025-05-29,Eye Cream,1,0,26.0,True
ORD006393,CUST04564,2024-03-03,Vitamin C Serum,2,0,44.0,True
ORD006394,CUST04564,2024-04-10,Vitamin C Serum,2,0,44.0,False
ORD006395,CUST04565,2024-06-19,Eye Cream,1,0,26.0,True
ORD006396,CUST04565,2024-08-01,Retinol Night Cream,2,25,48.0,False
ORD006397,CUST04565,2024-10-13,Hydrating Moisturizer,2,20,44.8,False
ORD006398,CUST04566,2025-06-06,SPF 50 Sunscreen,1,0,24.0,True
ORD006399,CUST04567,2024-06-28,Face Mask Set,2,0,40.0,True
ORD006400,CUST04568,2024-06-14,Gentle Cleanser,1,0,16.0,True
ORD006401,CUST04568,2024-07-08,Gentle Cleanser,2,10,28.8,False
ORD006402,CUST04569,2024-04-25,Vitamin C Serum,1,25,16.5,True
ORD006403,CUST04570,2025-05-18,Retinol Night Cream,1,0,32.0,True
ORD006404,CUST04572,2025-01-22,Face Mask Set,3,0,60.0,True
ORD006405,CUST04572,2025-06-10,Hydrating Moisturizer,3,0,84.0,False
ORD006406,CUST04573,2024-06-22,Eye Cream,2,10,46.8,True
ORD006407,CUST04573,2024-07-08,SPF 50 Sunscreen,2,15,40.8,False
ORD006408,CUST04574,2025-03-15,Eye Cream,1,0,26.0,True
ORD006409,CUST04575,2025-03-16,Vitamin C Serum,1,0,22.0,True
ORD006410,CUST04577,2024-10-03,Niacinamide Serum,1,20,15.2,True
ORD006411,CUST04577,2024-10-17,Vitamin C Serum,1,20,17.6,False
ORD006412,CUST04578,2024-06-06,Eye Cream,1,0,26.0,True
ORD006413,CUST04579,2025-07-17,Hydrating Moisturizer,2,0,56.0,True
ORD006414,CUST04580,2025-01-03,Gentle Cleanser,1,20,12.8,True
ORD006415,CUST04581,2025-06-26,Eye Cream,1,0,26.0,True
ORD006416,CUST04582,2024-07-25,SPF 50 Sunscreen,1,0,24.0,True
ORD006417,CUST04583,2025-04-01,Retinol Night Cream,2,0,64.0,True
ORD006418,CUST04584,2025-03-21,Niacinamide Serum,1,0,19.0,True
ORD006419,CUST04584,2025-04-04,Retinol Night Cream,1,0,32.0,False
ORD006420,CUST04585,2025-02-04,Gentle Cleanser,1,25,12.0,True
ORD006421,CUST04585,2025-02-18,Retinol Night Cream,1,20,25.6,False
ORD006422,CUST04586,2025-07-10,Gentle Cleanser,2,0,32.0,True
ORD006423,CUST04587,2024-09-25,SPF 50 Sunscreen,1,25,18.0,True
ORD006424,CUST04588,2024-04-20,Face Mask Set,1,0,20.0,True
ORD006425,CUST04589,2025-01-20,Gentle Cleanser,2,0,32.0,True
ORD006426,CUST04590,2025-02-28,Vitamin C Serum,2,0,44.0,True
ORD006427,CUST04591,2024-12-04,SPF 50 Sunscreen,1,20,19.2,True
ORD006428,CUST04592,2024-06-06,SPF 50 Sunscreen,2,10,43.2,True
ORD006429,CUST04593,2024-11-16,SPF 50 Sunscreen,1,0,24.0,True
ORD006430,CUST04593,2025-01-04,Hydrating Moisturizer,3,0,84.0,False
ORD006431,CUST04594,2024-07-31,Face Mask Set,2,0,40.0,True
ORD006432,CUST04594,2024-11-07,Vitamin C Serum,1,0,22.0,False
ORD006433,CUST04595,2024-10-16,Retinol Night Cream,1,10,28.8,True
ORD006434,CUST04595,2025-02-08,Face Mask Set,1,0,20.0,False
ORD006435,CUST04595,2025-02-22,Hydrating Moisturizer,2,0,56.0,False
ORD006436,CUST04595,2025-03-20,Hydrating Moisturizer,2,25,42.0,False
ORD006437,CUST04596,2025-01-03,Retinol Night Cream,2,20,51.2,True
ORD006438,CUST04597,2025-03-09,Face Mask Set,1,25,15.0,True
ORD006439,CUST04598,2024-06-19,Hydrating Moisturizer,1,15,23.8,True
ORD006440,CUST04599,2024-10-03,Retinol Night Cream,1,0,32.0,True
ORD006441,CUST04600,2024-07-07,Face Mask Set,1,0,20.0,True
ORD006442,CUST04601,2024-06-03,Face Mask Set,1,0,20.0,True
ORD006443,CUST04602,2025-03-31,SPF 50 Sunscreen,3,0,72.0,True
ORD006444,CUST04602,2025-04-14,Hydrating Moisturizer,1,0,28.0,False
ORD006445,CUST04603,2025-06-14,Retinol Night Cream,1,0,32.0,True
ORD006446,CUST04603,2025-07-27,Retinol Night Cream,2,0,64.0,False
ORD006447,CUST04604,2024-09-11,SPF 50 Sunscreen,2,0,48.0,True
ORD006448,CUST04604,2024-11-24,Eye Cream,3,0,78.0,False
ORD006449,CUST04605,2025-03-10,Face Mask Set,1,0,20.0,True
ORD006450,CUST04606,2025-06-06,Vitamin C Serum,1,0,22.0,True
ORD006451,CUST04606,2025-07-09,SPF 50 Sunscreen,1,0,24.0,False
ORD006452,CUST04608,2024-05-23,Face Mask Set,3,0,60.0,True
ORD006453,CUST04609,2025-07-04,Hydrating Moisturizer,1,25,21.0,True
ORD006454,CUST04610,2024-09-16,Gentle Cleanser,1,25,12.0,True
ORD006455,CUST04611,2024-08-19,Vitamin C Serum,1,0,22.0,True
ORD006456,CUST04611,2024-09-15,Face Mask Set,1,0,20.0,False
ORD006457,CUST04611,2024-12-02,Hydrating Moisturizer,1,0,28.0,False
ORD006458,CUST04611,2025-01-28,Hydrating Moisturizer,1,0,28.0,False
ORD006459,CUST04612,2024-03-12,Retinol Night Cream,1,10,28.8,True
ORD006460,CUST04613,2024-11-10,Face Mask Set,1,0,20.0,True
ORD006461,CUST04613,2024-11-25,Gentle Cleanser,1,20,12.8,False
ORD006462,CUST04614,2024-04-09,Gentle Cleanser,1,0,16.0,True
ORD006463,CUST04614,2024-04-23,Niacinamide Serum,1,0,19.0,False
ORD006464,CUST04614,2024-05-07,Face Mask Set,2,0,40.0,False
ORD006465,CUST04615,2024-06-27,Hydrating Moisturizer,1,15,23.8,True
ORD006466,CUST04616,2024-08-04,Hydrating Moisturizer,3,0,84.0,True
ORD006467,CUST04617,2025-04-15,SPF 50 Sunscreen,2,0,48.0,True
ORD006468,CUST04618,2025-05-25,Retinol Night Cream,1,0,32.0,True
ORD006469,CUST04620,2025-05-15,SPF 50 Sunscreen,1,0,24.0,True
ORD006470,CUST04621,2025-05-15,Face Mask Set,3,0,60.0,True
ORD006471,CUST04622,2025-03-20,Niacinamide Serum,1,0,19.0,True
ORD006472,CUST04623,2024-04-30,Gentle Cleanser,1,0,16.0,True
ORD006473,CUST04624,2025-02-01,Retinol Night Cream,1,0,32.0,True
ORD006474,CUST04624,2025-02-15,Niacinamide Serum,3,15,48.45,False
ORD006475,CUST04624,2025-05-07,Niacinamide Serum,1,20,15.2,False
ORD006476,CUST04624,2025-05-21,SPF 50 Sunscreen,1,0,24.0,False
ORD006477,CUST04625,2025-06-29,Vitamin C Serum,1,0,22.0,True
ORD006478,CUST04626,2025-01-29,Eye Cream,2,15,44.2,True
ORD006479,CUST04627,2024-08-14,Hydrating Moisturizer,2,0,56.0,True
ORD006480,CUST04628,2024-11-15,Gentle Cleanser,1,0,16.0,True
ORD006481,CUST04629,2025-01-01,Face Mask Set,1,0,20.0,True
ORD006482,CUST04630,2024-11-15,Hydrating Moisturizer,2,0,56.0,True
ORD006483,CUST04632,2024-08-03,Hydrating Moisturizer,2,0,56.0,True
ORD006484,CUST04633,2025-04-10,Face Mask Set,2,0,40.0,True
ORD006485,CUST04634,2025-05-16,Gentle Cleanser,1,0,16.0,True
ORD006486,CUST04635,2024-04-27,Face Mask Set,1,25,15.0,True
ORD006487,CUST04635,2024-05-23,Hydrating Moisturizer,1,0,28.0,False
ORD006488,CUST04636,2025-07-04,Niacinamide Serum,2,10,34.2,True
ORD006489,CUST04637,2024-08-14,Hydrating Moisturizer,2,0,56.0,True
ORD006490,CUST04638,2025-01-14,Gentle Cleanser,2,10,28.8,True
ORD006491,CUST04639,2025-03-13,Eye Cream,3,0,78.0,True
ORD006492,CUST04641,2025-06-29,Vitamin C Serum,1,0,22.0,True
ORD006493,CUST04642,2024-08-01,SPF 50 Sunscreen,1,0,24.0,True
ORD006494,CUST04642,2024-10-09,Niacinamide Serum,3,20,45.6,False
ORD006495,CUST04643,2025-05-14,Eye Cream,2,0,52.0,True
ORD006496,CUST04644,2024-04-22,Niacinamide Serum,1,0,19.0,True
ORD006497,CUST04645,2025-02-13,SPF 50 Sunscreen,1,0,24.0,True
ORD006498,CUST04645,2025-03-22,Retinol Night Cream,2,0,64.0,False
ORD006499,CUST04646,2025-03-04,Eye Cream,3,0,78.0,True
ORD006500,CUST04646,2025-03-18,Hydrating Moisturizer,1,10,25.2,False
ORD006501,CUST04647,2025-01-25,SPF 50 Sunscreen,2,0,48.0,True
ORD006502,CUST04647,2025-04-09,Niacinamide Serum,2,20,30.4,False
ORD006503,CUST04648,2024-06-27,Hydrating Moisturizer,1,0,28.0,True
ORD006504,CUST04648,2024-07-11,Hydrating Moisturizer,2,10,50.4,False
ORD006505,CUST04649,2025-05-24,SPF 50 Sunscreen,1,0,24.0,True
ORD006506,CUST04649,2025-06-07,Face Mask Set,1,15,17.0,False
ORD006507,CUST04649,2025-06-22,Face Mask Set,1,0,20.0,False
ORD006508,CUST04650,2024-05-15,Retinol Night Cream,1,0,32.0,True
ORD006509,CUST04650,2024-05-29,Niacinamide Serum,1,15,16.15,False
ORD006510,CUST04651,2024-03-04,Vitamin C Serum,2,20,35.2,True
ORD006511,CUST04652,2025-02-17,Hydrating Moisturizer,1,10,25.2,True
ORD006512,CUST04652,2025-07-15,Face Mask Set,2,25,30.0,False
ORD006513,CUST04653,2024-11-08,Eye Cream,3,20,62.4,True
ORD006514,CUST04654,2025-05-11,Niacinamide Serum,1,0,19.0,True
ORD006515,CUST04655,2024-09-20,Gentle Cleanser,1,20,12.8,True
ORD006516,CUST04655,2024-10-13,Retinol Night Cream,1,0,32.0,False
ORD006517,CUST04657,2025-05-02,Hydrating Moisturizer,1,0,28.0,True
ORD006518,CUST04657,2025-07-01,SPF 50 Sunscreen,1,10,21.6,False
ORD006519,CUST04658,2024-11-26,Gentle Cleanser,2,15,27.2,True
ORD006520,CUST04659,2024-05-26,Vitamin C Serum,1,0,22.0,True
ORD006521,CUST04659,2024-06-10,SPF 50 Sunscreen,1,0,24.0,False
ORD006522,CUST04660,2025-02-19,Retinol Night Cream,1,25,24.0,True
ORD006523,CUST04661,2024-11-19,Niacinamide Serum,1,0,19.0,True
ORD006524,CUST04662,2024-12-16,SPF 50 Sunscreen,1,0,24.0,True
ORD006525,CUST04662,2024-12-30,Retinol Night Cream,2,0,64.0,False
ORD006526,CUST04662,2025-02-24,Retinol Night Cream,3,20,76.8,False
ORD006527,CUST04663,2024-11-04,Vitamin C Serum,1,20,17.6,True
ORD006528,CUST04664,2025-04-27,Vitamin C Serum,2,20,35.2,True
ORD006529,CUST04665,2025-04-27,Hydrating Moisturizer,3,0,84.0,True
ORD006530,CUST04666,2025-02-15,Face Mask Set,1,0,20.0,True
ORD006531,CUST04666,2025-04-01,Vitamin C Serum,1,0,22.0,False
ORD006532,CUST04667,2024-04-08,SPF 50 Sunscreen,1,0,24.0,True
ORD006533,CUST04668,2025-05-04,Hydrating Moisturizer,1,15,23.8,True
ORD006534,CUST04669,2025-01-19,SPF 50 Sunscreen,1,0,24.0,True
ORD006535,CUST04670,2025-02-05,Hydrating Moisturizer,2,0,56.0,True
ORD006536,CUST04670,2025-03-22,Eye Cream,1,25,19.5,False
ORD006537,CUST04671,2024-09-07,Face Mask Set,2,0,40.0,True
ORD006538,CUST04672,2025-05-27,Face Mask Set,1,0,20.0,True
ORD006539,CUST04673,2025-02-25,Hydrating Moisturizer,1,0,28.0,True
ORD006540,CUST04674,2024-04-10,Vitamin C Serum,2,0,44.0,True
ORD006541,CUST04676,2025-06-03,Niacinamide Serum,1,0,19.0,True
ORD006542,CUST04677,2024-03-01,Hydrating Moisturizer,1,10,25.2,True
ORD006543,CUST04678,2025-07-07,Niacinamide Serum,2,0,38.0,True
ORD006544,CUST04679,2025-01-25,SPF 50 Sunscreen,2,0,48.0,True
ORD006545,CUST04680,2024-12-29,Niacinamide Serum,2,0,38.0,True
ORD006546,CUST04681,2024-07-05,Niacinamide Serum,1,10,17.1,True
ORD006547,CUST04682,2024-06-27,Niacinamide Serum,1,25,14.25,True
ORD006548,CUST04683,2025-06-29,Hydrating Moisturizer,1,15,23.8,True
ORD006549,CUST04684,2024-07-24,Niacinamide Serum,3,10,51.3,True
ORD006550,CUST04684,2024-09-13,Face Mask Set,1,10,18.0,False
ORD006551,CUST04684,2024-09-27,Hydrating Moisturizer,1,15,23.8,False
ORD006552,CUST04684,2024-10-14,Retinol Night Cream,1,0,32.0,False
ORD006553,CUST04684,2024-12-09,Eye Cream,1,10,23.4,False
ORD006554,CUST04685,2025-03-25,Retinol Night Cream,1,0,32.0,True
ORD006555,CUST04685,2025-04-17,Vitamin C Serum,2,0,44.0,False
ORD006556,CUST04686,2024-09-23,Face Mask Set,1,0,20.0,True
ORD006557,CUST04686,2025-02-03,Gentle Cleanser,1,10,14.4,False
ORD006558,CUST04687,2024-04-27,Hydrating Moisturizer,1,20,22.4,True
ORD006559,CUST04687,2024-05-11,Vitamin C Serum,2,15,37.4,False
ORD006560,CUST04688,2024-02-10,Gentle Cleanser,1,25,12.0,True
ORD006561,CUST04689,2024-11-25,Vitamin C Serum,1,0,22.0,True
ORD006562,CUST04689,2025-02-01,Retinol Night Cream,1,10,28.8,False
ORD006563,CUST04690,2025-07-16,Retinol Night Cream,1,20,25.6,True
ORD006564,CUST04691,2024-09-08,Gentle Cleanser,2,20,25.6,True
ORD006565,CUST04692,2024-09-03,SPF 50 Sunscreen,1,0,24.0,True
ORD006566,CUST04693,2024-08-25,Gentle Cleanser,2,0,32.0,True
ORD006567,CUST04694,2024-11-20,Face Mask Set,1,0,20.0,True
ORD006568,CUST04695,2024-10-23,SPF 50 Sunscreen,3,0,72.0,True
ORD006569,CUST04696,2025-05-29,Vitamin C Serum,2,0,44.0,True
ORD006570,CUST04697,2024-11-14,SPF 50 Sunscreen,1,0,24.0,True
ORD006571,CUST04698,2024-11-18,Retinol Night Cream,2,0,64.0,True
ORD006572,CUST04700,2025-07-22,Hydrating Moisturizer,1,0,28.0,True
ORD006573,CUST04701,2024-06-25,Vitamin C Serum,1,25,16.5,True
ORD006574,CUST04702,2024-03-19,Face Mask Set,1,0,20.0,True
ORD006575,CUST04703,2025-01-12,Retinol Night Cream,1,0,32.0,True
ORD006576,CUST04704,2024-12-15,Gentle Cleanser,1,15,13.6,True
ORD006577,CUST04704,2025-02-03,Hydrating Moisturizer,1,0,28.0,False
ORD006578,CUST04705,2024-10-06,Eye Cream,2,0,52.0,True
ORD006579,CUST04705,2024-11-07,Eye Cream,1,20,20.8,False
ORD006580,CUST04706,2024-10-13,Hydrating Moisturizer,1,0,28.0,True
ORD006581,CUST04706,2024-11-01,SPF 50 Sunscreen,2,25,36.0,False
ORD006582,CUST04706,2024-11-15,Niacinamide Serum,1,15,16.15,False
ORD006583,CUST04707,2025-04-02,Hydrating Moisturizer,2,15,47.6,True
ORD006584,CUST04707,2025-05-19,SPF 50 Sunscreen,1,0,24.0,False
ORD006585,CUST04708,2024-06-01,Gentle Cleanser,3,0,48.0,True
ORD006586,CUST04709,2025-04-22,Face Mask Set,3,15,51.0,True
ORD006587,CUST04710,2025-01-05,Vitamin C Serum,1,0,22.0,True
ORD006588,CUST04710,2025-01-25,Hydrating Moisturizer,1,0,28.0,False
ORD006589,CUST04711,2024-10-11,Hydrating Moisturizer,2,0,56.0,True
ORD006590,CUST04712,2024-11-04,Niacinamide Serum,1,0,19.0,True
ORD006591,CUST04713,2024-07-01,Niacinamide Serum,2,0,38.0,True
ORD006592,CUST04714,2025-03-10,Vitamin C Serum,2,0,44.0,True
ORD006593,CUST04715,2024-11-16,Retinol Night Cream,1,25,24.0,True
ORD006594,CUST04716,2024-08-06,Niacinamide Serum,2,0,38.0,True
ORD006595,CUST04716,2024-08-20,Niacinamide Serum,2,0,38.0,False
ORD006596,CUST04717,2024-12-15,Retinol Night Cream,1,0,32.0,True
ORD006597,CUST04717,2024-12-29,Retinol Night Cream,2,0,64.0,False
ORD006598,CUST04718,2025-07-30,Hydrating Moisturizer,1,0,28.0,True
ORD006599,CUST04720,2025-06-17,Face Mask Set,1,0,20.0,True
ORD006600,CUST04720,2025-07-01,SPF 50 Sunscreen,1,0,24.0,False
ORD006601,CUST04721,2024-08-24,SPF 50 Sunscreen,2,15,40.8,True
ORD006602,CUST04722,2024-03-08,Vitamin C Serum,1,20,17.6,True
ORD006603,CUST04723,2024-06-04,Retinol Night Cream,2,0,64.0,True
ORD006604,CUST04723,2024-06-19,Hydrating Moisturizer,2,0,56.0,False
ORD006605,CUST04724,2024-10-09,Hydrating Moisturizer,1,0,28.0,True
ORD006606,CUST04725,2024-06-10,SPF 50 Sunscreen,2,15,40.8,True
ORD006607,CUST04726,2024-02-01,Hydrating Moisturizer,3,0,84.0,True
ORD006608,CUST04726,2024-03-15,Eye Cream,3,25,58.5,False
ORD006609,CUST04726,2024-05-09,Eye Cream,2,0,52.0,False
ORD006610,CUST04727,2025-06-17,Face Mask Set,1,0,20.0,True
ORD006611,CUST04727,2025-07-01,Eye Cream,2,0,52.0,False
ORD006612,CUST04728,2025-05-07,Face Mask Set,1,0,20.0,True
ORD006613,CUST04728,2025-07-25,Face Mask Set,2,0,40.0,False
ORD006614,CUST04729,2025-03-05,SPF 50 Sunscreen,1,10,21.6,True
ORD006615,CUST04730,2024-05-13,SPF 50 Sunscreen,1,25,18.0,True
ORD006616,CUST04731,2024-04-14,SPF 50 Sunscreen,2,10,43.2,True
ORD006617,CUST04732,2024-03-16,Hydrating Moisturizer,1,0,28.0,True
ORD006618,CUST04733,2025-02-22,Eye Cream,3,25,58.5,True
ORD006619,CUST04734,2025-06-22,Gentle Cleanser,2,0,32.0,True
ORD006620,CUST04735,2024-10-17,Hydrating Moisturizer,2,0,56.0,True
ORD006621,CUST04736,2024-04-16,SPF 50 Sunscreen,1,0,24.0,True
ORD006622,CUST04736,2024-05-14,Retinol Night Cream,1,20,25.6,False
ORD006623,CUST04736,2024-09-01,Gentle Cleanser,1,0,16.0,False
ORD006624,CUST04737,2024-11-19,Face Mask Set,1,0,20.0,True
ORD006625,CUST04737,2025-05-13,SPF 50 Sunscreen,1,0,24.0,False
ORD006626,CUST04738,2024-08-26,SPF 50 Sunscreen,1,15,20.4,True
ORD006627,CUST04739,2024-09-15,Retinol Night Cream,1,10,28.8,True
ORD006628,CUST04740,2024-12-25,Niacinamide Serum,1,0,19.0,True
ORD006629,CUST04741,2025-02-20,Face Mask Set,1,0,20.0,True
ORD006630,CUST04742,2024-04-09,Face Mask Set,1,0,20.0,True
ORD006631,CUST04742,2024-04-23,Hydrating Moisturizer,1,25,21.0,False
ORD006632,CUST04743,2024-02-24,Gentle Cleanser,2,15,27.2,True
ORD006633,CUST04743,2024-03-29,Eye Cream,1,25,19.5,False
ORD006634,CUST04744,2025-07-27,Eye Cream,1,25,19.5,True
ORD006635,CUST04745,2024-06-20,Retinol Night Cream,1,10,28.8,True
ORD006636,CUST04746,2024-03-05,Retinol Night Cream,1,0,32.0,True
ORD006637,CUST04747,2024-05-28,Hydrating Moisturizer,1,15,23.8,True
ORD006638,CUST04748,2024-02-27,Retinol Night Cream,1,15,27.2,True
ORD006639,CUST04749,2024-09-23,Hydrating Moisturizer,2,0,56.0,True
ORD006640,CUST04750,2025-04-13,SPF 50 Sunscreen,2,0,48.0,True
ORD006641,CUST04751,2024-08-21,Niacinamide Serum,1,15,16.15,True
ORD006642,CUST04752,2024-10-24,Hydrating Moisturizer,2,0,56.0,True
ORD006643,CUST04753,2025-01-23,SPF 50 Sunscreen,1,20,19.2,True
ORD006644,CUST04753,2025-02-06,Retinol Night Cream,1,15,27.2,False
ORD006645,CUST04754,2024-11-18,Niacinamide Serum,3,10,51.3,True
ORD006646,CUST04754,2025-02-14,Gentle Cleanser,3,0,48.0,False
ORD006647,CUST04755,2025-05-19,Face Mask Set,1,0,20.0,True
ORD006648,CUST04756,2025-05-21,Hydrating Moisturizer,1,10,25.2,True
ORD006649,CUST04756,2025-06-04,Eye Cream,3,0,78.0,False
ORD006650,CUST04757,2024-02-09,SPF 50 Sunscreen,1,15,20.4,True
ORD006651,CUST04757,2024-05-03,Retinol Night Cream,1,0,32.0,False
ORD006652,CUST04757,2024-05-17,Retinol Night Cream,1,0,32.0,False
ORD006653,CUST04761,2024-11-10,Face Mask Set,3,10,54.0,True
ORD006654,CUST04762,2025-07-23,Eye Cream,1,0,26.0,True
ORD006655,CUST04763,2025-03-13,SPF 50 Sunscreen,1,0,24.0,True
ORD006656,CUST04763,2025-04-28,Face Mask Set,1,0,20.0,False
ORD006657,CUST04764,2024-06-25,SPF 50 Sunscreen,1,0,24.0,True
ORD006658,CUST04765,2024-11-25,Vitamin C Serum,1,0,22.0,True
ORD006659,CUST04767,2025-05-16,Retinol Night Cream,1,0,32.0,True
ORD006660,CUST04768,2024-03-31,Vitamin C Serum,2,0,44.0,True
ORD006661,CUST04768,2024-04-14,Eye Cream,1,0,26.0,False
ORD006662,CUST04769,2025-02-14,Retinol Night Cream,1,0,32.0,True
ORD006663,CUST04770,2024-08-27,Face Mask Set,1,0,20.0,True
ORD006664,CUST04770,2024-09-20,Vitamin C Serum,1,10,19.8,False
ORD006665,CUST04771,2024-02-07,Vitamin C Serum,2,0,44.0,True
ORD006666,CUST04771,2024-08-07,Niacinamide Serum,2,10,34.2,False
ORD006667,CUST04771,2025-01-05,Hydrating Moisturizer,1,0,28.0,False
ORD006668,CUST04771,2025-04-18,Retinol Night Cream,1,25,24.0,False
ORD006669,CUST04772,2024-10-01,Face Mask Set,1,0,20.0,True
ORD006670,CUST04772,2024-12-14,Gentle Cleanser,1,0,16.0,False
ORD006671,CUST04773,2024-06-18,SPF 50 Sunscreen,2,10,43.2,True
ORD006672,CUST04774,2025-04-21,Hydrating Moisturizer,2,25,42.0,True
ORD006673,CUST04775,2024-08-18,Face Mask Set,1,0,20.0,True
ORD006674,CUST04775,2024-09-10,Eye Cream,1,0,26.0,False
ORD006675,CUST04776,2025-04-26,Niacinamide Serum,3,0,57.0,True
ORD006676,CUST04777,2024-02-02,Face Mask Set,3,0,60.0,True
ORD006677,CUST04778,2024-07-29,Niacinamide Serum,3,0,57.0,True
ORD006678,CUST04778,2024-12-02,Face Mask Set,1,0,20.0,False
ORD006679,CUST04778,2024-12-16,SPF 50 Sunscreen,1,0,24.0,False
ORD006680,CUST04779,2024-06-23,SPF 50 Sunscreen,1,25,18.0,True
ORD006681,CUST04779,2025-02-28,Gentle Cleanser,1,0,16.0,False
ORD006682,CUST04780,2024-06-19,Retinol Night Cream,2,0,64.0,True
ORD006683,CUST04781,2024-03-16,Hydrating Moisturizer,2,10,50.4,True
ORD006684,CUST04781,2024-05-13,Niacinamide Serum,1,0,19.0,False
ORD006685,CUST04782,2024-05-27,Eye Cream,3,25,58.5,True
ORD006686,CUST04782,2024-10-21,Gentle Cleanser,1,15,13.6,False
ORD006687,CUST04783,2024-11-29,Retinol Night Cream,1,10,28.8,True
ORD006688,CUST04784,2024-07-19,Eye Cream,1,0,26.0,True
ORD006689,CUST04785,2024-10-09,Gentle Cleanser,1,0,16.0,True
ORD006690,CUST04786,2024-09-15,Niacinamide Serum,2,0,38.0,True
ORD006691,CUST04787,2025-05-26,Eye Cream,1,15,22.1,True
ORD006692,CUST04788,2025-06-11,SPF 50 Sunscreen,1,25,18.0,True
ORD006693,CUST04789,2024-11-12,Gentle Cleanser,1,0,16.0,True
ORD006694,CUST04790,2024-08-12,Eye Cream,1,25,19.5,True
ORD006695,CUST04790,2024-08-26,Retinol Night Cream,1,0,32.0,False
ORD006696,CUST04791,2024-04-09,Hydrating Moisturizer,1,0,28.0,True
ORD006697,CUST04791,2024-04-23,SPF 50 Sunscreen,3,0,72.0,False
ORD006698,CUST04791,2024-06-06,SPF 50 Sunscreen,1,0,24.0,False
ORD006699,CUST04791,2024-08-01,Gentle Cleanser,1,20,12.8,False
ORD006700,CUST04791,2024-08-15,Retinol Night Cream,1,0,32.0,False
ORD006701,CUST04791,2025-03-08,SPF 50 Sunscreen,2,15,40.8,False
ORD006702,CUST04792,2025-07-03,Vitamin C Serum,3,0,66.0,True
ORD006703,CUST04793,2024-03-08,SPF 50 Sunscreen,3,15,61.2,True
ORD006704,CUST04793,2024-04-25,Niacinamide Serum,1,0,19.0,False
ORD006705,CUST04794,2024-07-25,Eye Cream,1,25,19.5,True
ORD006706,CUST04794,2024-11-01,Vitamin C Serum,1,0,22.0,False
ORD006707,CUST04795,2024-07-25,Face Mask Set,1,10,18.0,True
ORD006708,CUST04796,2024-08-07,Hydrating Moisturizer,1,20,22.4,True
ORD006709,CUST04797,2024-05-12,SPF 50 Sunscreen,1,0,24.0,True
ORD006710,CUST04798,2025-04-01,Niacinamide Serum,1,20,15.2,True
ORD006711,CUST04799,2024-04-18,Niacinamide Serum,1,0,19.0,True
ORD006712,CUST04799,2024-05-05,SPF 50 Sunscreen,2,0,48.0,False
ORD006713,CUST04800,2024-12-29,SPF 50 Sunscreen,1,0,24.0,True
ORD006714,CUST04802,2024-03-14,Eye Cream,1,0,26.0,True
ORD006715,CUST04803,2025-06-11,Gentle Cleanser,1,0,16.0,True
ORD006716,CUST04804,2024-05-28,Gentle Cleanser,1,25,12.0,True
ORD006717,CUST04805,2025-04-25,Eye Cream,1,10,23.4,True
ORD006718,CUST04806,2024-11-28,Vitamin C Serum,2,0,44.0,True
ORD006719,CUST04806,2025-01-03,Retinol Night Cream,2,0,64.0,False
ORD006720,CUST04806,2025-02-28,Hydrating Moisturizer,1,0,28.0,False
ORD006721,CUST04807,2024-03-20,Vitamin C Serum,3,15,56.1,True
ORD006722,CUST04807,2024-06-07,Hydrating Moisturizer,2,0,56.0,False
ORD006723,CUST04808,2025-07-05,Niacinamide Serum,1,0,19.0,True
ORD006724,CUST04809,2024-06-26,Face Mask Set,1,0,20.0,True
ORD006725,CUST04809,2024-07-10,SPF 50 Sunscreen,2,15,40.8,False
ORD006726,CUST04809,2024-07-24,Hydrating Moisturizer,1,0,28.0,False
ORD006727,CUST04809,2024-08-07,Hydrating Moisturizer,1,0,28.0,False
ORD006728,CUST04810,2025-05-18,Retinol Night Cream,1,0,32.0,True
ORD006729,CUST04811,2024-05-14,Face Mask Set,2,0,40.0,True
ORD006730,CUST04812,2025-05-15,Eye Cream,2,10,46.8,True
ORD006731,CUST04813,2024-02-11,Hydrating Moisturizer,1,0,28.0,True
ORD006732,CUST04814,2024-11-18,Eye Cream,1,0,26.0,True
ORD006733,CUST04814,2024-12-02,Niacinamide Serum,1,25,14.25,False
ORD006734,CUST04815,2025-03-22,Gentle Cleanser,1,0,16.0,True
ORD006735,CUST04816,2025-06-24,SPF 50 Sunscreen,2,0,48.0,True
ORD006736,CUST04817,2025-06-13,Retinol Night Cream,3,0,96.0,True
ORD006737,CUST04819,2025-06-01,Face Mask Set,3,0,60.0,True
ORD006738,CUST04822,2024-07-18,Vitamin C Serum,2,10,39.6,True
ORD006739,CUST04823,2024-09-16,Eye Cream,1,25,19.5,True
ORD006740,CUST04824,2024-09-24,Gentle Cleanser,1,15,13.6,True
ORD006741,CUST04824,2024-10-15,Eye Cream,1,10,23.4,False
ORD006742,CUST04825,2024-11-26,Hydrating Moisturizer,1,0,28.0,True
ORD006743,CUST04826,2024-05-09,SPF 50 Sunscreen,2,0,48.0,True
ORD006744,CUST04826,2024-07-06,Gentle Cleanser,1,20,12.8,False
ORD006745,CUST04828,2024-05-14,Niacinamide Serum,1,10,17.1,True
ORD006746,CUST04828,2024-09-16,Retinol Night Cream,1,0,32.0,False
ORD006747,CUST04828,2024-09-30,Niacinamide Serum,1,25,14.25,False
ORD006748,CUST04829,2024-08-01,Face Mask Set,1,0,20.0,True
ORD006749,CUST04830,2024-11-14,Hydrating Moisturizer,1,15,23.8,True
ORD006750,CUST04831,2025-04-08,SPF 50 Sunscreen,2,0,48.0,True
ORD006751,CUST04831,2025-05-08,SPF 50 Sunscreen,2,25,36.0,False
ORD006752,CUST04832,2025-03-06,Vitamin C Serum,2,25,33.0,True
ORD006753,CUST04833,2025-01-03,Hydrating Moisturizer,1,25,21.0,True
ORD006754,CUST04833,2025-03-07,Eye Cream,1,25,19.5,False
ORD006755,CUST04836,2024-03-28,Retinol Night Cream,2,0,64.0,True
ORD006756,CUST04837,2024-09-15,Vitamin C Serum,1,0,22.0,True
ORD006757,CUST04838,2024-10-08,Eye Cream,1,0,26.0,True
ORD006758,CUST04840,2024-07-09,Gentle Cleanser,1,20,12.8,True
ORD006759,CUST04841,2025-07-04,Vitamin C Serum,1,25,16.5,True
ORD006760,CUST04842,2025-07-04,Niacinamide Serum,3,0,57.0,True
ORD006761,CUST04843,2024-08-29,Retinol Night Cream,1,0,32.0,True
ORD006762,CUST04845,2024-05-22,Niacinamide Serum,1,10,17.1,True
ORD006763,CUST04845,2024-06-11,Gentle Cleanser,2,0,32.0,False
ORD006764,CUST04846,2024-09-25,Vitamin C Serum,2,10,39.6,True
ORD006765,CUST04846,2025-01-20,SPF 50 Sunscreen,1,10,21.6,False
ORD006766,CUST04848,2024-04-27,Hydrating Moisturizer,1,20,22.4,True
ORD006767,CUST04849,2025-03-18,Retinol Night Cream,1,0,32.0,True
ORD006768,CUST04849,2025-04-01,Gentle Cleanser,1,25,12.0,False
ORD006769,CUST04850,2024-04-10,Hydrating Moisturizer,1,0,28.0,True
ORD006770,CUST04850,2024-05-01,Retinol Night Cream,2,25,48.0,False
ORD006771,CUST04850,2024-07-03,Face Mask Set,2,0,40.0,False
ORD006772,CUST04851,2025-07-22,Niacinamide Serum,1,0,19.0,True
ORD006773,CUST04853,2025-03-28,Eye Cream,1,25,19.5,True
ORD006774,CUST04853,2025-05-12,Gentle Cleanser,2,0,32.0,False
ORD006775,CUST04854,2024-08-22,Retinol Night Cream,1,0,32.0,True
ORD006776,CUST04855,2024-12-24,Face Mask Set,2,0,40.0,True
ORD006777,CUST04855,2025-07-24,Vitamin C Serum,1,0,22.0,False
ORD006778,CUST04856,2024-05-27,SPF 50 Sunscreen,2,0,48.0,True
ORD006779,CUST04857,2024-04-30,Hydrating Moisturizer,1,0,28.0,True
ORD006780,CUST04858,2025-06-26,SPF 50 Sunscreen,1,0,24.0,True
ORD006781,CUST04859,2025-06-16,Face Mask Set,3,10,54.0,True
ORD006782,CUST04860,2025-06-01,Face Mask Set,1,0,20.0,True
ORD006783,CUST04860,2025-06-15,Vitamin C Serum,1,0,22.0,False
ORD006784,CUST04861,2024-12-26,Face Mask Set,2,25,30.0,True
ORD006785,CUST04862,2025-04-14,Hydrating Moisturizer,1,15,23.8,True
ORD006786,CUST04862,2025-05-17,Retinol Night Cream,1,0,32.0,False
ORD006787,CUST04862,2025-06-08,Hydrating Moisturizer,2,0,56.0,False
ORD006788,CUST04863,2024-03-14,Niacinamide Serum,1,20,15.2,True
ORD006789,CUST04863,2024-04-14,Gentle Cleanser,3,20,38.4,False
ORD006790,CUST04864,2024-08-16,Retinol Night Cream,2,0,64.0,True
ORD006791,CUST04866,2024-12-27,Eye Cream,1,10,23.4,True
ORD006792,CUST04866,2025-02-03,Eye Cream,2,25,39.0,False
ORD006793,CUST04866,2025-02-17,SPF 50 Sunscreen,1,0,24.0,False
ORD006794,CUST04867,2024-09-01,Retinol Night Cream,1,0,32.0,True
ORD006795,CUST04868,2024-05-03,SPF 50 Sunscreen,1,0,24.0,True
ORD006796,CUST04869,2024-12-14,Hydrating Moisturizer,1,0,28.0,True
ORD006797,CUST04870,2025-04-17,Niacinamide Serum,1,10,17.1,True
ORD006798,CUST04871,2024-09-16,Face Mask Set,1,0,20.0,True
ORD006799,CUST04872,2024-04-23,Face Mask Set,2,0,40.0,True
ORD006800,CUST04874,2024-06-19,Hydrating Moisturizer,1,0,28.0,True
ORD006801,CUST04875,2024-07-23,Niacinamide Serum,3,25,42.75,True
ORD006802,CUST04875,2024-10-27,Hydrating Moisturizer,1,25,21.0,False
ORD006803,CUST04876,2025-01-02,Vitamin C Serum,3,0,66.0,True
ORD006804,CUST04877,2024-12-14,Face Mask Set,1,0,20.0,True
ORD006805,CUST04877,2025-03-23,Eye Cream,1,0,26.0,False
ORD006806,CUST04877,2025-04-06,Vitamin C Serum,2,0,44.0,False
ORD006807,CUST04878,2025-02-04,Retinol Night Cream,1,25,24.0,True
ORD006808,CUST04878,2025-02-18,Gentle Cleanser,1,0,16.0,False
ORD006809,CUST04878,2025-05-02,Hydrating Moisturizer,1,0,28.0,False
ORD006810,CUST04878,2025-06-14,Niacinamide Serum,1,0,19.0,False
ORD006811,CUST04879,2024-09-04,Retinol Night Cream,1,20,25.6,True
ORD006812,CUST04880,2025-04-26,Gentle Cleanser,2,10,28.8,True
ORD006813,CUST04881,2024-06-03,Retinol Night Cream,2,20,51.2,True
ORD006814,CUST04882,2024-11-04,Niacinamide Serum,3,0,57.0,True
ORD006815,CUST04883,2025-04-09,Retinol Night Cream,1,15,27.2,True
ORD006816,CUST04884,2024-05-22,Retinol Night Cream,1,0,32.0,True
ORD006817,CUST04886,2025-05-31,Eye Cream,1,0,26.0,True
ORD006818,CUST04887,2024-08-23,Retinol Night Cream,1,25,24.0,True
ORD006819,CUST04888,2025-01-28,Niacinamide Serum,1,0,19.0,True
ORD006820,CUST04889,2024-02-18,Hydrating Moisturizer,3,15,71.4,True
ORD006821,CUST04889,2024-03-26,SPF 50 Sunscreen,1,20,19.2,False
ORD006822,CUST04889,2024-04-09,Face Mask Set,2,0,40.0,False
ORD006823,CUST04890,2025-02-01,SPF 50 Sunscreen,1,0,24.0,True
ORD006824,CUST04890,2025-02-28,Niacinamide Serum,1,0,19.0,False
ORD006825,CUST04891,2024-08-03,Retinol Night Cream,1,0,32.0,True
ORD006826,CUST04892,2024-03-07,Niacinamide Serum,2,0,38.0,True
ORD006827,CUST04892,2024-03-21,SPF 50 Sunscreen,1,0,24.0,False
ORD006828,CUST04894,2024-06-20,Retinol Night Cream,3,0,96.0,True
ORD006829,CUST04894,2024-07-14,Eye Cream,2,15,44.2,False
ORD006830,CUST04894,2024-12-14,Vitamin C Serum,2,0,44.0,False
ORD006831,CUST04895,2024-09-19,Face Mask Set,1,0,20.0,True
ORD006832,CUST04896,2024-03-22,Retinol Night Cream,1,15,27.2,True
ORD006833,CUST04896,2024-04-17,Vitamin C Serum,1,0,22.0,False
ORD006834,CUST04897,2024-05-03,Face Mask Set,2,0,40.0,True
ORD006835,CUST04897,2024-07-24,Vitamin C Serum,1,10,19.8,False
ORD006836,CUST04897,2024-11-24,Eye Cream,1,0,26.0,False
ORD006837,CUST04898,2024-07-24,Gentle Cleanser,1,0,16.0,True
ORD006838,CUST04900,2025-06-13,Hydrating Moisturizer,1,0,28.0,True
ORD006839,CUST04900,2025-06-27,Face Mask Set,1,0,20.0,False
ORD006840,CUST04901,2024-02-06,Eye Cream,1,25,19.5,True
ORD006841,CUST04901,2024-10-14,Hydrating Moisturizer,2,0,56.0,False
ORD006842,CUST04901,2024-11-07,Niacinamide Serum,2,20,30.4,False
ORD006843,CUST04901,2025-02-18,Niacinamide Serum,1,10,17.1,False
ORD006844,CUST04902,2024-11-10,Niacinamide Serum,3,25,42.75,True
ORD006845,CUST04903,2024-04-16,Eye Cream,2,20,41.6,True
ORD006846,CUST04904,2024-07-28,Vitamin C Serum,3,0,66.0,True
ORD006847,CUST04904,2024-09-05,SPF 50 Sunscreen,1,0,24.0,False
ORD006848,CUST04904,2024-09-19,Eye Cream,1,25,19.5,False
ORD006849,CUST04905,2025-06-21,Gentle Cleanser,1,0,16.0,True
ORD006850,CUST04906,2024-05-09,Eye Cream,2,25,39.0,True
ORD006851,CUST04909,2025-03-05,Niacinamide Serum,2,10,34.2,True
ORD006852,CUST04910,2024-11-26,Hydrating Moisturizer,1,20,22.4,True
ORD006853,CUST04910,2024-12-14,Hydrating Moisturizer,2,10,50.4,False
ORD006854,CUST04911,2025-05-31,Retinol Night Cream,1,0,32.0,True
ORD006855,CUST04912,2024-11-27,Vitamin C Serum,1,0,22.0,True
ORD006856,CUST04912,2024-12-16,Hydrating Moisturizer,1,0,28.0,False
ORD006857,CUST04912,2024-12-30,Niacinamide Serum,1,0,19.0,False
ORD006858,CUST04913,2024-11-23,Eye Cream,1,0,26.0,True
ORD006859,CUST04913,2025-01-23,Gentle Cleanser,1,0,16.0,False
ORD006860,CUST04914,2024-05-30,Eye Cream,1,10,23.4,True
ORD006861,CUST04915,2024-05-15,Gentle Cleanser,1,0,16.0,True
ORD006862,CUST04915,2024-06-21,Vitamin C Serum,1,10,19.8,False
ORD006863,CUST04915,2024-07-11,Face Mask Set,1,0,20.0,False
ORD006864,CUST04916,2025-06-17,Eye Cream,1,0,26.0,True
ORD006865,CUST04917,2024-08-14,Gentle Cleanser,3,0,48.0,True
ORD006866,CUST04917,2024-11-11,SPF 50 Sunscreen,1,0,24.0,False
ORD006867,CUST04920,2024-08-22,Niacinamide Serum,1,10,17.1,True
ORD006868,CUST04921,2025-07-01,Niacinamide Serum,3,0,57.0,True
ORD006869,CUST04922,2025-03-05,Face Mask Set,1,20,16.0,True
ORD006870,CUST04923,2024-12-15,Eye Cream,2,0,52.0,True
ORD006871,CUST04924,2025-05-30,Niacinamide Serum,1,20,15.2,True
ORD006872,CUST04925,2024-03-03,SPF 50 Sunscreen,2,0,48.0,True
ORD006873,CUST04926,2024-06-30,SPF 50 Sunscreen,1,10,21.6,True
ORD006874,CUST04926,2024-07-17,Niacinamide Serum,1,0,19.0,False
ORD006875,CUST04927,2024-11-04,Hydrating Moisturizer,3,0,84.0,True
ORD006876,CUST04929,2025-03-06,SPF 50 Sunscreen,1,15,20.4,True
ORD006877,CUST04930,2025-06-16,Vitamin C Serum,1,0,22.0,True
ORD006878,CUST04930,2025-07-19,Retinol Night Cream,1,0,32.0,False
ORD006879,CUST04931,2024-10-12,Hydrating Moisturizer,1,0,28.0,True
ORD006880,CUST04931,2025-02-04,Eye Cream,2,0,52.0,False
ORD006881,CUST04932,2024-08-22,Hydrating Moisturizer,1,15,23.8,True
ORD006882,CUST04933,2025-07-10,Face Mask Set,1,25,15.0,True
ORD006883,CUST04934,2024-10-27,Niacinamide Serum,1,0,19.0,True
ORD006884,CUST04934,2025-01-11,Face Mask Set,2,15,34.0,False
ORD006885,CUST04934,2025-06-16,Face Mask Set,1,10,18.0,False
ORD006886,CUST04934,2025-07-13,Eye Cream,2,0,52.0,False
ORD006887,CUST04936,2024-08-29,SPF 50 Sunscreen,1,0,24.0,True
ORD006888,CUST04938,2024-12-04,Face Mask Set,1,15,17.0,True
ORD006889,CUST04939,2025-03-18,Eye Cream,1,20,20.8,True
ORD006890,CUST04940,2025-04-17,Gentle Cleanser,3,25,36.0,True
ORD006891,CUST04940,2025-05-01,Niacinamide Serum,1,15,16.15,False
ORD006892,CUST04940,2025-05-15,Vitamin C Serum,2,0,44.0,False
ORD006893,CUST04941,2024-08-23,Face Mask Set,3,15,51.0,True
ORD006894,CUST04942,2024-10-17,Hydrating Moisturizer,1,0,28.0,True
ORD006895,CUST04943,2025-05-08,Face Mask Set,3,0,60.0,True
ORD006896,CUST04944,2024-09-06,Gentle Cleanser,3,0,48.0,True
ORD006897,CUST04945,2025-04-05,Niacinamide Serum,1,0,19.0,True
ORD006898,CUST04945,2025-04-19,Face Mask Set,1,0,20.0,False
ORD006899,CUST04947,2024-12-24,Eye Cream,2,0,52.0,True
ORD006900,CUST04947,2025-01-15,Niacinamide Serum,1,10,17.1,False
ORD006901,CUST04947,2025-07-20,Face Mask Set,1,0,20.0,False
ORD006902,CUST04948,2025-03-04,SPF 50 Sunscreen,1,25,18.0,True
ORD006903,CUST04949,2025-04-15,Hydrating Moisturizer,1,0,28.0,True
ORD006904,CUST04951,2024-09-27,Eye Cream,1,0,26.0,True
ORD006905,CUST04952,2024-03-05,Niacinamide Serum,1,0,19.0,True
ORD006906,CUST04952,2024-05-07,Face Mask Set,1,0,20.0,False
ORD006907,CUST04955,2024-10-29,Niacinamide Serum,1,0,19.0,True
ORD006908,CUST04955,2024-12-13,Face Mask Set,2,0,40.0,False
ORD006909,CUST04956,2025-03-12,Face Mask Set,1,0,20.0,True
ORD006910,CUST04957,2024-09-03,Niacinamide Serum,1,25,14.25,True
ORD006911,CUST04958,2024-12-30,Face Mask Set,1,20,16.0,True
ORD006912,CUST04959,2024-05-26,Hydrating Moisturizer,1,0,28.0,True
ORD006913,CUST04960,2025-03-12,Vitamin C Serum,1,0,22.0,True
ORD006914,CUST04960,2025-04-12,Face Mask Set,1,0,20.0,False
ORD006915,CUST04960,2025-05-12,Gentle Cleanser,1,0,16.0,False
ORD006916,CUST04961,2024-11-26,Face Mask Set,1,15,17.0,True
ORD006917,CUST04962,2024-06-04,Hydrating Moisturizer,1,0,28.0,True
ORD006918,CUST04962,2024-06-25,SPF 50 Sunscreen,1,0,24.0,False
ORD006919,CUST04963,2024-07-19,Niacinamide Serum,2,0,38.0,True
ORD006920,CUST04963,2024-08-02,Vitamin C Serum,1,15,18.7,False
ORD006921,CUST04963,2024-09-01,Niacinamide Serum,1,0,19.0,False
ORD006922,CUST04964,2025-03-10,SPF 50 Sunscreen,3,0,72.0,True
ORD006923,CUST04964,2025-05-11,Face Mask Set,1,0,20.0,False
ORD006924,CUST04965,2024-11-10,Niacinamide Serum,1,0,19.0,True
ORD006925,CUST04966,2024-06-10,Face Mask Set,2,0,40.0,True
ORD006926,CUST04966,2024-07-13,SPF 50 Sunscreen,1,0,24.0,False
ORD006927,CUST04966,2024-08-12,Face Mask Set,1,0,20.0,False
ORD006928,CUST04966,2024-12-15,Eye Cream,1,0,26.0,False
ORD006929,CUST04966,2025-01-02,Eye Cream,1,20,20.8,False
ORD006930,CUST04967,2025-07-11,Eye Cream,1,0,26.0,True
ORD006931,CUST04968,2025-02-16,Eye Cream,3,15,66.3,True
ORD006932,CUST04968,2025-05-21,Face Mask Set,1,0,20.0,False
ORD006933,CUST04969,2025-07-06,Vitamin C Serum,1,20,17.6,True
ORD006934,CUST04970,2024-10-13,Gentle Cleanser,2,0,32.0,True
ORD006935,CUST04970,2025-01-02,Gentle Cleanser,2,0,32.0,False
ORD006936,CUST04970,2025-01-17,Eye Cream,2,0,52.0,False
ORD006937,CUST04971,2024-11-07,Face Mask Set,1,20,16.0,True
ORD006938,CUST04972,2025-06-07,Vitamin C Serum,3,0,66.0,True
ORD006939,CUST04973,2024-11-22,Niacinamide Serum,1,15,16.15,True
ORD006940,CUST04975,2024-06-28,Face Mask Set,2,15,34.0,True
ORD006941,CUST04976,2024-10-25,Vitamin C Serum,2,0,44.0,True
ORD006942,CUST04976,2024-11-13,Vitamin C Serum,2,0,44.0,False
ORD006943,CUST04978,2024-06-07,Gentle Cleanser,2,10,28.8,True
ORD006944,CUST04979,2024-02-04,Hydrating Moisturizer,1,0,28.0,True
ORD006945,CUST04981,2025-07-17,Face Mask Set,1,0,20.0,True
ORD006946,CUST04982,2024-06-24,Niacinamide Serum,1,0,19.0,True
ORD006947,CUST04983,2025-01-16,Vitamin C Serum,2,0,44.0,True
ORD006948,CUST04983,2025-01-30,Eye Cream,1,0,26.0,False
ORD006949,CUST04984,2025-05-02,Eye Cream,1,0,26.0,True
ORD006950,CUST04985,2024-11-27,Gentle Cleanser,3,0,48.0,True
ORD006951,CUST04985,2025-01-29,Niacinamide Serum,1,15,16.15,False
ORD006952,CUST04986,2024-05-04,Hydrating Moisturizer,2,0,56.0,True
ORD006953,CUST04987,2025-02-27,Eye Cream,1,15,22.1,True
ORD006954,CUST04988,2024-12-14,SPF 50 Sunscreen,2,25,36.0,True
ORD006955,CUST04989,2025-03-01,Niacinamide Serum,2,25,28.5,True
ORD006956,CUST04989,2025-07-14,Vitamin C Serum,2,25,33.0,False
ORD006957,CUST04990,2025-03-24,Hydrating Moisturizer,1,0,28.0,True
ORD006958,CUST04991,2025-07-16,Eye Cream,1,0,26.0,True
ORD006959,CUST04992,2024-12-05,Face Mask Set,1,10,18.0,True
ORD006960,CUST04992,2025-02-21,SPF 50 Sunscreen,3,0,72.0,False
ORD006961,CUST04993,2024-08-21,Gentle Cleanser,1,15,13.6,True
ORD006962,CUST04993,2024-09-04,Retinol Night Cream,1,0,32.0,False
ORD006963,CUST04994,2025-01-03,Vitamin C Serum,1,0,22.0,True
ORD006964,CUST04995,2024-03-13,Vitamin C Serum,2,0,44.0,True
ORD006965,CUST04996,2025-06-07,Hydrating Moisturizer,2,0,56.0,True
ORD006966,CUST04996,2025-07-18,Vitamin C Serum,1,25,16.5,False
ORD006967,CUST04997,2024-04-15,Niacinamide Serum,1,0,19.0,True
ORD006968,CUST04997,2024-05-25,Face Mask Set,2,20,32.0,False
ORD006969,CUST04998,2024-08-11,Face Mask Set,1,0,20.0,True
ORD006970,CUST04998,2024-09-17,Vitamin C Serum,2,0,44.0,False
ORD006971,CUST04998,2024-10-06,Vitamin C Serum,2,0,44.0,False
ORD006972,CUST04999,2025-04-20,Hydrating Moisturizer,3,0,84.0,True
ORD006973,CUST04999,2025-05-04,Gentle Cleanser,2,0,32.0,False
ORD006974,CUST04999,2025-06-04,Eye Cream,1,15,22.1,False
ORD006975,CUST05000,2024-12-13,SPF 50 Sunscreen,1,15,20.4,True
ORD006976,CUST05000,2025-05-19,Gentle Cleanser,1,0,16.0,False
ORD006977,CUST05000,2025-06-02,Gentle Cleanser,2,0,32.0,False
ORD006978,CUST05001,2024-09-26,Niacinamide Serum,2,0,38.0,True
ORD006979,CUST05001,2024-10-10,Face Mask Set,1,25,15.0,False
ORD006980,CUST05002,2024-11-07,Niacinamide Serum,1,10,17.1,True
ORD006981,CUST05002,2025-01-19,Hydrating Moisturizer,1,0,28.0,False
ORD006982,CUST05003,2025-05-15,Gentle Cleanser,2,0,32.0,True
ORD006983,CUST05004,2024-08-20,Vitamin C Serum,3,25,49.5,True
ORD006984,CUST05004,2024-09-24,Retinol Night Cream,1,0,32.0,False
ORD006985,CUST05004,2024-12-03,Niacinamide Serum,1,10,17.1,False
ORD006986,CUST05005,2025-05-24,Face Mask Set,1,0,20.0,True
ORD006987,CUST05006,2024-03-25,Gentle Cleanser,1,0,16.0,True
ORD006988,CUST05007,2025-03-28,Face Mask Set,1,0,20.0,True
ORD006989,CUST05008,2025-05-08,Gentle Cleanser,1,0,16.0,True
ORD006990,CUST05009,2024-05-21,Hydrating Moisturizer,1,0,28.0,True
ORD006991,CUST05010,2024-10-17,Vitamin C Serum,1,15,18.7,True
ORD006992,CUST05011,2024-05-14,Eye Cream,2,20,41.6,True
ORD006993,CUST05012,2025-02-11,SPF 50 Sunscreen,1,10,21.6,True
ORD006994,CUST05012,2025-03-13,SPF 50 Sunscreen,1,0,24.0,False
ORD006995,CUST05013,2024-11-25,Face Mask Set,1,0,20.0,True
ORD006996,CUST05014,2024-12-30,Eye Cream,3,10,70.2,True
ORD006997,CUST05016,2024-06-07,Eye Cream,1,20,20.8,True
ORD006998,CUST05016,2024-07-12,Gentle Cleanser,1,0,16.0,False
ORD006999,CUST05017,2024-02-27,Hydrating Moisturizer,1,0,28.0,True
ORD007000,CUST05017,2024-03-12,Vitamin C Serum,1,0,22.0,False
ORD007001,CUST05019,2024-11-29,SPF 50 Sunscreen,3,0,72.0,True
ORD007002,CUST05019,2025-01-01,Retinol Night Cream,2,0,64.0,False
ORD007003,CUST05020,2025-05-17,Retinol Night Cream,1,15,27.2,True
ORD007004,CUST05021,2025-01-17,Niacinamide Serum,1,0,19.0,True
ORD007005,CUST05021,2025-05-29,Eye Cream,3,0,78.0,False
ORD007006,CUST05022,2024-10-19,Hydrating Moisturizer,2,25,42.0,True
ORD007007,CUST05022,2024-11-05,Retinol Night Cream,2,0,64.0,False
ORD007008,CUST05023,2025-07-02,SPF 50 Sunscreen,2,0,48.0,True
ORD007009,CUST05023,2025-07-16,Vitamin C Serum,1,25,16.5,False
ORD007010,CUST05024,2025-02-20,Eye Cream,2,0,52.0,True
ORD007011,CUST05024,2025-03-06,Face Mask Set,1,0,20.0,False
ORD007012,CUST05026,2024-11-21,Niacinamide Serum,2,10,34.2,True
ORD007013,CUST05026,2025-01-14,Hydrating Moisturizer,1,20,22.4,False
ORD007014,CUST05027,2024-07-02,SPF 50 Sunscreen,1,20,19.2,True
ORD007015,CUST05029,2025-02-23,Niacinamide Serum,2,0,38.0,True
ORD007016,CUST05029,2025-03-09,SPF 50 Sunscreen,1,0,24.0,False
ORD007017,CUST05029,2025-03-23,Face Mask Set,1,20,16.0,False
ORD007018,CUST05030,2024-04-15,Eye Cream,2,0,52.0,True
ORD007019,CUST05030,2024-06-11,Eye Cream,1,0,26.0,False
ORD007020,CUST05031,2024-07-26,Gentle Cleanser,1,0,16.0,True
ORD007021,CUST05031,2024-08-09,Gentle Cleanser,1,0,16.0,False
ORD007022,CUST05032,2024-11-24,Retinol Night Cream,3,25,72.0,True
ORD007023,CUST05033,2024-12-02,Hydrating Moisturizer,1,15,23.8,True
ORD007024,CUST05033,2025-01-02,Hydrating Moisturizer,1,0,28.0,False
ORD007025,CUST05033,2025-01-17,Vitamin C Serum,1,0,22.0,False
ORD007026,CUST05033,2025-02-08,Retinol Night Cream,1,20,25.6,False
ORD007027,CUST05033,2025-03-02,Niacinamide Serum,1,15,16.15,False
ORD007028,CUST05034,2024-12-17,Niacinamide Serum,3,20,45.6,True
ORD007029,CUST05034,2025-01-19,Retinol Night Cream,1,25,24.0,False
ORD007030,CUST05035,2024-05-15,SPF 50 Sunscreen,3,0,72.0,True
ORD007031,CUST05036,2024-09-17,Hydrating Moisturizer,3,0,84.0,True
ORD007032,CUST05036,2025-01-11,Vitamin C Serum,2,0,44.0,False
ORD007033,CUST05036,2025-01-25,Vitamin C Serum,2,0,44.0,False
ORD007034,CUST05036,2025-02-08,SPF 50 Sunscreen,2,0,48.0,False
ORD007035,CUST05037,2024-12-20,Hydrating Moisturizer,3,0,84.0,True
ORD007036,CUST05038,2025-07-14,Face Mask Set,3,0,60.0,True
ORD007037,CUST05039,2025-02-24,Hydrating Moisturizer,3,0,84.0,True
ORD007038,CUST05039,2025-03-10,Niacinamide Serum,1,0,19.0,False
ORD007039,CUST05039,2025-03-24,Retinol Night Cream,1,15,27.2,False
ORD007040,CUST05040,2025-06-19,Retinol Night Cream,2,0,64.0,True
ORD007041,CUST05041,2025-03-17,SPF 50 Sunscreen,1,0,24.0,True
ORD007042,CUST05042,2024-12-14,Gentle Cleanser,1,0,16.0,True
ORD007043,CUST05043,2024-05-29,Retinol Night Cream,2,25,48.0,True
ORD007044,CUST05043,2024-07-19,Face Mask Set,1,20,16.0,False
ORD007045,CUST05044,2025-01-17,Eye Cream,1,20,20.8,True
ORD007046,CUST05044,2025-06-16,SPF 50 Sunscreen,1,0,24.0,False
ORD007047,CUST05044,2025-06-30,Gentle Cleanser,1,0,16.0,False
ORD007048,CUST05044,2025-07-14,Hydrating Moisturizer,2,0,56.0,False
ORD007049,CUST05045,2024-12-23,Retinol Night Cream,1,0,32.0,True
ORD007050,CUST05045,2025-01-06,Gentle Cleanser,2,0,32.0,False
ORD007051,CUST05045,2025-01-23,Gentle Cleanser,1,0,16.0,False
ORD007052,CUST05045,2025-02-11,Hydrating Moisturizer,1,0,28.0,False
ORD007053,CUST05046,2024-12-16,SPF 50 Sunscreen,1,0,24.0,True
ORD007054,CUST05047,2024-11-11,Eye Cream,1,0,26.0,True
ORD007055,CUST05047,2025-01-22,Face Mask Set,1,0,20.0,False
ORD007056,CUST05048,2024-11-23,Vitamin C Serum,1,0,22.0,True
ORD007057,CUST05048,2024-12-07,SPF 50 Sunscreen,1,25,18.0,False
ORD007058,CUST05049,2024-08-17,Hydrating Moisturizer,1,25,21.0,True
ORD007059,CUST05050,2024-11-21,Retinol Night Cream,1,0,32.0,True
ORD007060,CUST05050,2025-03-23,Vitamin C Serum,1,0,22.0,False
ORD007061,CUST05050,2025-05-09,Eye Cream,1,0,26.0,False
ORD007062,CUST05051,2024-06-02,SPF 50 Sunscreen,3,0,72.0,True
ORD007063,CUST05052,2025-04-13,SPF 50 Sunscreen,1,0,24.0,True
ORD007064,CUST05053,2024-05-26,Retinol Night Cream,1,0,32.0,True
ORD007065,CUST05055,2024-10-20,Gentle Cleanser,1,0,16.0,True
ORD007066,CUST05055,2024-11-03,Niacinamide Serum,1,0,19.0,False
ORD007067,CUST05055,2024-12-05,Eye Cream,1,0,26.0,False
ORD007068,CUST05056,2025-01-12,Niacinamide Serum,1,15,16.15,True
ORD007069,CUST05057,2024-10-21,Eye Cream,1,15,22.1,True
ORD007070,CUST05057,2025-02-26,Gentle Cleanser,2,10,28.8,False
ORD007071,CUST05058,2024-07-09,Niacinamide Serum,1,0,19.0,True
ORD007072,CUST05058,2024-08-15,Retinol Night Cream,1,0,32.0,False
ORD007073,CUST05058,2024-08-29,SPF 50 Sunscreen,2,0,48.0,False
ORD007074,CUST05058,2025-04-18,Gentle Cleanser,1,0,16.0,False
ORD007075,CUST05058,2025-06-05,Face Mask Set,1,20,16.0,False
ORD007076,CUST05059,2024-12-02,Eye Cream,1,0,26.0,True
ORD007077,CUST05060,2024-08-28,SPF 50 Sunscreen,1,0,24.0,True
ORD007078,CUST05062,2025-06-17,Face Mask Set,2,0,40.0,True
ORD007079,CUST05063,2024-11-15,Gentle Cleanser,2,15,27.2,True
ORD007080,CUST05065,2025-03-02,SPF 50 Sunscreen,1,0,24.0,True
ORD007081,CUST05066,2024-02-26,SPF 50 Sunscreen,1,0,24.0,True
ORD007082,CUST05067,2024-11-07,Eye Cream,1,25,19.5,True
ORD007083,CUST05068,2024-08-20,Retinol Night Cream,1,0,32.0,True
ORD007084,CUST05069,2025-06-17,Vitamin C Serum,1,0,22.0,True
ORD007085,CUST05071,2024-11-27,SPF 50 Sunscreen,1,0,24.0,True
ORD007086,CUST05072,2025-03-05,Hydrating Moisturizer,1,0,28.0,True
ORD007087,CUST05073,2024-11-09,SPF 50 Sunscreen,1,15,20.4,True
ORD007088,CUST05074,2024-03-26,Vitamin C Serum,3,0,66.0,True
ORD007089,CUST05074,2024-04-09,SPF 50 Sunscreen,1,0,24.0,False
ORD007090,CUST05075,2025-07-15,Face Mask Set,2,15,34.0,True
ORD007091,CUST05076,2024-11-20,Niacinamide Serum,2,20,30.4,True
ORD007092,CUST05076,2025-02-04,SPF 50 Sunscreen,1,15,20.4,False
ORD007093,CUST05076,2025-02-18,Niacinamide Serum,1,0,19.0,False
ORD007094,CUST05077,2024-12-22,Retinol Night Cream,1,0,32.0,True
ORD007095,CUST05078,2024-06-19,Hydrating Moisturizer,3,20,67.2,True
ORD007096,CUST05078,2024-07-03,Vitamin C Serum,1,0,22.0,False
ORD007097,CUST05078,2024-08-10,Retinol Night Cream,2,10,57.6,False
ORD007098,CUST05079,2024-11-08,Eye Cream,2,0,52.0,True
ORD007099,CUST05080,2024-10-16,Niacinamide Serum,1,15,16.15,True
ORD007100,CUST05080,2024-12-17,Vitamin C Serum,1,25,16.5,False
ORD007101,CUST05080,2025-04-17,SPF 50 Sunscreen,1,25,18.0,False
ORD007102,CUST05081,2024-03-17,Face Mask Set,1,0,20.0,True
ORD007103,CUST05082,2024-04-08,Retinol Night Cream,1,0,32.0,True
ORD007104,CUST05083,2025-05-03,Niacinamide Serum,1,0,19.0,True
ORD007105,CUST05084,2024-06-21,Retinol Night Cream,1,10,28.8,True
ORD007106,CUST05085,2024-05-31,Niacinamide Serum,1,0,19.0,True
ORD007107,CUST05086,2024-11-15,Vitamin C Serum,1,0,22.0,True
ORD007108,CUST05086,2024-11-29,Retinol Night Cream,1,0,32.0,False
ORD007109,CUST05087,2025-03-23,Hydrating Moisturizer,2,0,56.0,True
ORD007110,CUST05089,2024-12-08,Vitamin C Serum,1,15,18.7,True
ORD007111,CUST05089,2024-12-23,Vitamin C Serum,3,0,66.0,False
ORD007112,CUST05090,2024-04-13,SPF 50 Sunscreen,1,15,20.4,True
ORD007113,CUST05091,2024-02-23,SPF 50 Sunscreen,1,0,24.0,True
ORD007114,CUST05092,2024-03-07,Retinol Night Cream,1,0,32.0,True
ORD007115,CUST05092,2024-06-14,Eye Cream,1,0,26.0,False
ORD007116,CUST05093,2025-05-02,Hydrating Moisturizer,2,15,47.6,True
ORD007117,CUST05094,2024-04-12,Vitamin C Serum,2,15,37.4,True
ORD007118,CUST05095,2024-03-01,Hydrating Moisturizer,3,10,75.6,True
ORD007119,CUST05096,2024-10-20,Vitamin C Serum,2,25,33.0,True
ORD007120,CUST05096,2025-02-18,Eye Cream,1,0,26.0,False
ORD007121,CUST05097,2025-05-05,Niacinamide Serum,2,0,38.0,True
ORD007122,CUST05098,2024-07-01,Niacinamide Serum,2,0,38.0,True
ORD007123,CUST05098,2024-10-25,SPF 50 Sunscreen,2,25,36.0,False
ORD007124,CUST05098,2024-11-08,Face Mask Set,1,0,20.0,False
ORD007125,CUST05099,2024-10-10,Niacinamide Serum,1,25,14.25,True
ORD007126,CUST05100,2024-02-25,Hydrating Moisturizer,1,0,28.0,True
ORD007127,CUST05100,2024-03-17,Vitamin C Serum,2,15,37.4,False
ORD007128,CUST05100,2024-07-15,Hydrating Moisturizer,3,0,84.0,False
ORD007129,CUST05101,2024-10-29,Vitamin C Serum,2,20,35.2,True
ORD007130,CUST05102,2024-12-06,Retinol Night Cream,2,0,64.0,True
ORD007131,CUST05102,2024-12-31,Retinol Night Cream,1,10,28.8,False
ORD007132,CUST05104,2024-08-17,Face Mask Set,1,25,15.0,True
ORD007133,CUST05105,2024-08-03,Niacinamide Serum,1,15,16.15,True
ORD007134,CUST05106,2024-04-08,Vitamin C Serum,1,0,22.0,True
ORD007135,CUST05107,2024-09-09,Gentle Cleanser,2,10,28.8,True
ORD007136,CUST05108,2024-04-03,Hydrating Moisturizer,2,20,44.8,True
ORD007137,CUST05112,2025-05-19,Face Mask Set,1,10,18.0,True
ORD007138,CUST05113,2024-12-14,Hydrating Moisturizer,1,0,28.0,True
ORD007139,CUST05114,2025-02-07,Eye Cream,1,0,26.0,True
ORD007140,CUST05115,2024-07-14,Hydrating Moisturizer,1,0,28.0,True
ORD007141,CUST05116,2024-12-28,Eye Cream,2,0,52.0,True
ORD007142,CUST05117,2024-10-31,SPF 50 Sunscreen,1,0,24.0,True
ORD007143,CUST05117,2025-01-20,SPF 50 Sunscreen,2,15,40.8,False
ORD007144,CUST05118,2024-11-10,Vitamin C Serum,1,25,16.5,True
ORD007145,CUST05119,2025-03-17,Retinol Night Cream,1,0,32.0,True
ORD007146,CUST05119,2025-04-07,Retinol Night Cream,1,20,25.6,False
ORD007147,CUST05120,2024-07-15,Hydrating Moisturizer,1,0,28.0,True
ORD007148,CUST05120,2024-10-01,Eye Cream,1,0,26.0,False
ORD007149,CUST05121,2024-08-05,Retinol Night Cream,1,0,32.0,True
ORD007150,CUST05122,2025-06-18,Niacinamide Serum,1,20,15.2,True
ORD007151,CUST05123,2024-03-09,Hydrating Moisturizer,1,0,28.0,True
ORD007152,CUST05124,2024-11-11,Retinol Night Cream,2,15,54.4,True
ORD007153,CUST05124,2024-11-27,Gentle Cleanser,1,0,16.0,False
ORD007154,CUST05124,2025-01-26,Eye Cream,2,0,52.0,False
ORD007155,CUST05125,2025-06-13,Eye Cream,1,0,26.0,True
ORD007156,CUST05125,2025-07-19,Hydrating Moisturizer,3,0,84.0,False
ORD007157,CUST05126,2024-12-20,SPF 50 Sunscreen,1,20,19.2,True
ORD007158,CUST05126,2025-01-03,Face Mask Set,2,0,40.0,False
ORD007159,CUST05126,2025-06-01,Eye Cream,2,0,52.0,False
ORD007160,CUST05127,2024-11-28,Retinol Night Cream,3,0,96.0,True
ORD007161,CUST05127,2025-03-14,Niacinamide Serum,3,0,57.0,False
ORD007162,CUST05128,2024-06-26,Niacinamide Serum,1,0,19.0,True
ORD007163,CUST05128,2024-07-10,Vitamin C Serum,2,0,44.0,False
ORD007164,CUST05129,2024-08-22,Eye Cream,1,15,22.1,True
ORD007165,CUST05130,2025-05-11,Face Mask Set,1,10,18.0,True
ORD007166,CUST05131,2024-12-01,Retinol Night Cream,2,0,64.0,True
ORD007167,CUST05132,2024-11-17,Hydrating Moisturizer,1,10,25.2,True
ORD007168,CUST05133,2024-04-02,Eye Cream,1,0,26.0,True
ORD007169,CUST05134,2024-02-11,Retinol Night Cream,3,10,86.4,True
ORD007170,CUST05135,2025-07-11,Face Mask Set,1,10,18.0,True
ORD007171,CUST05136,2024-09-14,Gentle Cleanser,1,0,16.0,True
ORD007172,CUST05137,2024-12-17,Gentle Cleanser,3,0,48.0,True
ORD007173,CUST05137,2025-01-13,Hydrating Moisturizer,1,0,28.0,False
ORD007174,CUST05138,2024-03-20,Eye Cream,2,0,52.0,True
ORD007175,CUST05139,2025-01-28,Retinol Night Cream,1,0,32.0,True
ORD007176,CUST05139,2025-02-11,Retinol Night Cream,1,0,32.0,False
ORD007177,CUST05140,2025-06-25,Niacinamide Serum,2,10,34.2,True
ORD007178,CUST05141,2024-12-07,SPF 50 Sunscreen,1,0,24.0,True
ORD007179,CUST05142,2024-04-19,Retinol Night Cream,1,0,32.0,True
ORD007180,CUST05142,2024-05-03,SPF 50 Sunscreen,2,0,48.0,False
ORD007181,CUST05143,2024-12-10,Face Mask Set,1,10,18.0,True
ORD007182,CUST05143,2024-12-24,Eye Cream,1,0,26.0,False
ORD007183,CUST05144,2025-03-20,Gentle Cleanser,2,20,25.6,True
ORD007184,CUST05146,2025-05-27,Vitamin C Serum,2,0,44.0,True
ORD007185,CUST05146,2025-06-10,Retinol Night Cream,2,0,64.0,False
ORD007186,CUST05147,2025-01-05,Retinol Night Cream,2,0,64.0,True
ORD007187,CUST05148,2025-06-07,Face Mask Set,1,15,17.0,True
ORD007188,CUST05149,2024-12-25,Niacinamide Serum,1,20,15.2,True
ORD007189,CUST05149,2025-01-21,Vitamin C Serum,2,0,44.0,False
ORD007190,CUST05150,2024-04-21,SPF 50 Sunscreen,1,25,18.0,True
ORD007191,CUST05151,2024-08-01,Gentle Cleanser,2,15,27.2,True
ORD007192,CUST05151,2025-03-29,Gentle Cleanser,1,0,16.0,False
ORD007193,CUST05152,2024-06-02,Hydrating Moisturizer,1,0,28.0,True
ORD007194,CUST05152,2024-12-08,Retinol Night Cream,1,15,27.2,False
ORD007195,CUST05153,2025-06-11,SPF 50 Sunscreen,1,0,24.0,True
ORD007196,CUST05153,2025-06-25,Retinol Night Cream,2,0,64.0,False
ORD007197,CUST05154,2025-03-17,Vitamin C Serum,3,0,66.0,True
ORD007198,CUST05155,2025-01-22,Retinol Night Cream,3,0,96.0,True
ORD007199,CUST05156,2024-07-25,Face Mask Set,1,0,20.0,True
ORD007200,CUST05157,2024-05-23,Face Mask Set,2,10,36.0,True
ORD007201,CUST05158,2025-03-16,Vitamin C Serum,3,0,66.0,True
ORD007202,CUST05159,2024-11-05,Face Mask Set,1,25,15.0,True
ORD007203,CUST05160,2024-06-13,Niacinamide Serum,1,15,16.15,True
ORD007204,CUST05162,2024-02-26,Gentle Cleanser,1,10,14.4,True
ORD007205,CUST05163,2024-08-11,Eye Cream,1,0,26.0,True
ORD007206,CUST05163,2024-10-26,Hydrating Moisturizer,1,0,28.0,False
ORD007207,CUST05163,2024-12-08,Vitamin C Serum,2,20,35.2,False
ORD007208,CUST05164,2024-11-06,Face Mask Set,1,0,20.0,True
ORD007209,CUST05166,2025-07-23,Gentle Cleanser,2,0,32.0,True
ORD007210,CUST05167,2024-06-05,Gentle Cleanser,1,0,16.0,True
ORD007211,CUST05168,2024-04-21,Retinol Night Cream,1,0,32.0,True
ORD007212,CUST05169,2024-06-04,Vitamin C Serum,1,0,22.0,True
ORD007213,CUST05169,2024-06-18,SPF 50 Sunscreen,1,0,24.0,False
ORD007214,CUST05170,2025-03-22,Vitamin C Serum,2,0,44.0,True
ORD007215,CUST05171,2024-10-15,Gentle Cleanser,2,0,32.0,True
ORD007216,CUST05172,2024-12-02,Hydrating Moisturizer,1,0,28.0,True
ORD007217,CUST05172,2024-12-16,Vitamin C Serum,2,0,44.0,False
ORD007218,CUST05173,2024-02-15,Niacinamide Serum,2,0,38.0,True
ORD007219,CUST05173,2024-04-08,SPF 50 Sunscreen,3,0,72.0,False
ORD007220,CUST05173,2024-06-24,Eye Cream,1,0,26.0,False
ORD007221,CUST05173,2024-10-03,Hydrating Moisturizer,1,15,23.8,False
ORD007222,CUST05174,2024-02-21,Hydrating Moisturizer,1,20,22.4,True
ORD007223,CUST05175,2024-10-27,Gentle Cleanser,1,0,16.0,True
ORD007224,CUST05175,2024-11-27,SPF 50 Sunscreen,1,10,21.6,False
ORD007225,CUST05177,2025-06-02,Hydrating Moisturizer,1,0,28.0,True
ORD007226,CUST05177,2025-06-16,Vitamin C Serum,1,0,22.0,False
ORD007227,CUST05178,2024-03-26,Niacinamide Serum,1,0,19.0,True
ORD007228,CUST05178,2024-04-09,Hydrating Moisturizer,1,0,28.0,False
ORD007229,CUST05179,2024-11-25,Vitamin C Serum,1,0,22.0,True
ORD007230,CUST05179,2024-12-09,Vitamin C Serum,1,0,22.0,False
ORD007231,CUST05179,2024-12-26,Eye Cream,2,0,52.0,False
ORD007232,CUST05179,2025-02-10,SPF 50 Sunscreen,1,0,24.0,False
ORD007233,CUST05180,2025-06-15,Niacinamide Serum,1,0,19.0,True
ORD007234,CUST05181,2024-09-20,Retinol Night Cream,1,0,32.0,True
ORD007235,CUST05181,2024-10-04,Hydrating Moisturizer,1,0,28.0,False
ORD007236,CUST05182,2025-04-27,SPF 50 Sunscreen,1,10,21.6,True
ORD007237,CUST05183,2024-04-25,Niacinamide Serum,1,0,19.0,True
ORD007238,CUST05183,2024-06-08,Eye Cream,1,15,22.1,False
ORD007239,CUST05183,2024-06-23,Hydrating Moisturizer,2,0,56.0,False
ORD007240,CUST05184,2025-06-26,Gentle Cleanser,3,20,38.4,True
ORD007241,CUST05185,2025-03-13,Eye Cream,1,0,26.0,True
ORD007242,CUST05186,2025-06-29,Face Mask Set,1,0,20.0,True
ORD007243,CUST05187,2025-01-24,Face Mask Set,1,10,18.0,True
ORD007244,CUST05188,2024-09-07,Gentle Cleanser,1,0,16.0,True
ORD007245,CUST05188,2024-10-04,Eye Cream,2,0,52.0,False
ORD007246,CUST05188,2025-01-28,Hydrating Moisturizer,1,25,21.0,False
ORD007247,CUST05189,2025-06-25,Eye Cream,1,10,23.4,True
ORD007248,CUST05190,2024-07-08,Hydrating Moisturizer,2,10,50.4,True
ORD007249,CUST05191,2024-08-17,Gentle Cleanser,1,0,16.0,True
ORD007250,CUST05191,2024-10-13,Vitamin C Serum,1,0,22.0,False
ORD007251,CUST05192,2025-02-07,Hydrating Moisturizer,3,0,84.0,True
ORD007252,CUST05192,2025-02-21,Vitamin C Serum,1,10,19.8,False
ORD007253,CUST05193,2025-03-21,Eye Cream,1,0,26.0,True
ORD007254,CUST05194,2025-06-20,Face Mask Set,1,0,20.0,True
ORD007255,CUST05195,2024-06-04,SPF 50 Sunscreen,2,15,40.8,True
ORD007256,CUST05195,2024-06-18,Face Mask Set,1,20,16.0,False
ORD007257,CUST05196,2025-04-08,Gentle Cleanser,2,0,32.0,True
ORD007258,CUST05197,2025-03-03,Gentle Cleanser,3,0,48.0,True
ORD007259,CUST05198,2024-03-11,SPF 50 Sunscreen,1,20,19.2,True
ORD007260,CUST05199,2024-09-21,Vitamin C Serum,3,20,52.8,True
ORD007261,CUST05199,2024-12-25,Retinol Night Cream,1,0,32.0,False
ORD007262,CUST05200,2024-07-13,Niacinamide Serum,3,15,48.45,True
ORD007263,CUST05200,2024-08-04,SPF 50 Sunscreen,2,10,43.2,False
ORD007264,CUST05201,2024-07-27,Niacinamide Serum,1,0,19.0,True
ORD007265,CUST05202,2025-07-23,Vitamin C Serum,2,0,44.0,True
ORD007266,CUST05203,2024-12-30,Vitamin C Serum,1,0,22.0,True
ORD007267,CUST05203,2025-01-13,Vitamin C Serum,2,10,39.6,False
ORD007268,CUST05204,2025-02-20,Face Mask Set,1,0,20.0,True
ORD007269,CUST05205,2025-07-17,SPF 50 Sunscreen,1,25,18.0,True
ORD007270,CUST05206,2024-09-16,Niacinamide Serum,1,25,14.25,True
ORD007271,CUST05207,2025-04-11,Vitamin C Serum,2,15,37.4,True
ORD007272,CUST05208,2024-10-18,Retinol Night Cream,3,15,81.6,True
ORD007273,CUST05209,2025-05-21,Eye Cream,1,10,23.4,True
ORD007274,CUST05210,2024-05-21,Retinol Night Cream,1,0,32.0,True
ORD007275,CUST05211,2025-07-01,SPF 50 Sunscreen,1,10,21.6,True
ORD007276,CUST05212,2024-06-10,Niacinamide Serum,2,25,28.5,True
ORD007277,CUST05213,2024-08-13,Face Mask Set,1,15,17.0,True
ORD007278,CUST05213,2024-09-13,Hydrating Moisturizer,2,0,56.0,False
ORD007279,CUST05213,2024-11-08,Eye Cream,2,0,52.0,False
ORD007280,CUST05213,2025-04-16,SPF 50 Sunscreen,1,10,21.6,False
ORD007281,CUST05214,2025-03-16,Hydrating Moisturizer,1,10,25.2,True
ORD007282,CUST05214,2025-03-30,Gentle Cleanser,3,20,38.4,False
ORD007283,CUST05215,2024-09-25,Vitamin C Serum,2,0,44.0,True
ORD007284,CUST05215,2024-10-30,Hydrating Moisturizer,2,0,56.0,False
ORD007285,CUST05216,2024-12-19,Vitamin C Serum,2,0,44.0,True
ORD007286,CUST05216,2025-02-22,Niacinamide Serum,1,0,19.0,False
ORD007287,CUST05217,2024-10-27,Vitamin C Serum,2,0,44.0,True
ORD007288,CUST05217,2024-12-10,Eye Cream,1,0,26.0,False
ORD007289,CUST05217,2025-01-24,Vitamin C Serum,2,0,44.0,False
ORD007290,CUST05218,2025-03-08,SPF 50 Sunscreen,1,0,24.0,True
ORD007291,CUST05219,2024-06-16,Hydrating Moisturizer,3,20,67.2,True
ORD007292,CUST05219,2024-07-05,SPF 50 Sunscreen,1,0,24.0,False
ORD007293,CUST05220,2024-03-09,Face Mask Set,1,15,17.0,True
ORD007294,CUST05221,2024-07-23,SPF 50 Sunscreen,2,15,40.8,True
ORD007295,CUST05222,2024-11-07,Vitamin C Serum,1,0,22.0,True
ORD007296,CUST05222,2024-12-27,Gentle Cleanser,3,25,36.0,False
ORD007297,CUST05223,2024-05-14,Face Mask Set,2,25,30.0,True
ORD007298,CUST05225,2024-09-30,Vitamin C Serum,2,20,35.2,True
ORD007299,CUST05226,2024-03-09,Vitamin C Serum,1,10,19.8,True
ORD007300,CUST05227,2024-12-09,Eye Cream,1,15,22.1,True
ORD007301,CUST05227,2025-01-09,Hydrating Moisturizer,1,0,28.0,False
ORD007302,CUST05227,2025-03-07,Retinol Night Cream,2,10,57.6,False
ORD007303,CUST05228,2025-06-02,Face Mask Set,1,0,20.0,True
ORD007304,CUST05229,2024-05-05,SPF 50 Sunscreen,1,0,24.0,True
ORD007305,CUST05230,2024-12-16,Face Mask Set,2,0,40.0,True
ORD007306,CUST05231,2025-01-17,Eye Cream,1,0,26.0,True
ORD007307,CUST05232,2024-10-12,Hydrating Moisturizer,1,0,28.0,True
ORD007308,CUST05233,2025-02-09,Face Mask Set,1,0,20.0,True
ORD007309,CUST05234,2024-10-05,Vitamin C Serum,1,0,22.0,True
ORD007310,CUST05234,2024-11-19,Niacinamide Serum,1,10,17.1,False
ORD007311,CUST05235,2024-11-16,Niacinamide Serum,1,10,17.1,True
ORD007312,CUST05235,2025-03-28,SPF 50 Sunscreen,1,0,24.0,False
ORD007313,CUST05236,2024-02-07,Face Mask Set,3,15,51.0,True
ORD007314,CUST05237,2025-02-04,Vitamin C Serum,1,0,22.0,True
ORD007315,CUST05238,2025-01-12,Eye Cream,1,0,26.0,True
ORD007316,CUST05239,2024-02-24,Vitamin C Serum,1,0,22.0,True
ORD007317,CUST05239,2024-07-05,Face Mask Set,1,0,20.0,False
ORD007318,CUST05240,2024-09-08,Hydrating Moisturizer,1,0,28.0,True
ORD007319,CUST05240,2024-10-23,Eye Cream,1,0,26.0,False
ORD007320,CUST05241,2025-07-20,Niacinamide Serum,2,0,38.0,True
ORD007321,CUST05242,2024-10-12,Face Mask Set,1,20,16.0,True
ORD007322,CUST05243,2024-11-15,Face Mask Set,2,20,32.0,True
ORD007323,CUST05244,2025-06-11,Hydrating Moisturizer,2,15,47.6,True
ORD007324,CUST05245,2025-02-19,Eye Cream,2,0,52.0,True
ORD007325,CUST05245,2025-03-05,Eye Cream,2,25,39.0,False
ORD007326,CUST05246,2024-12-10,SPF 50 Sunscreen,1,15,20.4,True
ORD007327,CUST05247,2025-04-07,Retinol Night Cream,1,15,27.2,True
ORD007328,CUST05248,2025-05-21,Face Mask Set,1,0,20.0,True
ORD007329,CUST05249,2024-11-04,Retinol Night Cream,1,0,32.0,True
ORD007330,CUST05250,2024-11-09,Vitamin C Serum,1,0,22.0,True
ORD007331,CUST05251,2024-09-19,Hydrating Moisturizer,1,0,28.0,True
ORD007332,CUST05251,2024-11-22,Face Mask Set,3,0,60.0,False
ORD007333,CUST05252,2025-07-13,Face Mask Set,2,20,32.0,True
ORD007334,CUST05253,2025-02-08,Vitamin C Serum,2,15,37.4,True
ORD007335,CUST05254,2024-03-22,Face Mask Set,1,0,20.0,True
ORD007336,CUST05256,2024-11-10,SPF 50 Sunscreen,1,0,24.0,True
ORD007337,CUST05256,2025-02-07,Niacinamide Serum,2,0,38.0,False
ORD007338,CUST05256,2025-05-26,Vitamin C Serum,1,0,22.0,False
ORD007339,CUST05256,2025-06-19,Eye Cream,2,0,52.0,False
ORD007340,CUST05256,2025-07-10,Eye Cream,1,0,26.0,False
ORD007341,CUST05257,2024-03-15,Niacinamide Serum,2,0,38.0,True
ORD007342,CUST05257,2024-03-29,Hydrating Moisturizer,2,0,56.0,False
ORD007343,CUST05258,2024-11-29,Gentle Cleanser,1,15,13.6,True
ORD007344,CUST05259,2024-10-07,SPF 50 Sunscreen,1,20,19.2,True
ORD007345,CUST05260,2025-05-27,SPF 50 Sunscreen,1,20,19.2,True
ORD007346,CUST05261,2024-06-05,Eye Cream,1,0,26.0,True
ORD007347,CUST05261,2024-08-13,Niacinamide Serum,1,20,15.2,False
ORD007348,CUST05262,2025-04-28,Eye Cream,2,15,44.2,True
ORD007349,CUST05263,2024-11-30,Gentle Cleanser,2,0,32.0,True
ORD007350,CUST05263,2025-01-02,Eye Cream,1,25,19.5,False
ORD007351,CUST05263,2025-03-15,SPF 50 Sunscreen,3,0,72.0,False
ORD007352,CUST05263,2025-04-22,Retinol Night Cream,1,0,32.0,False
ORD007353,CUST05264,2024-03-07,Vitamin C Serum,1,0,22.0,True
ORD007354,CUST05265,2025-07-13,Retinol Night Cream,2,25,48.0,True
ORD007355,CUST05267,2024-07-18,Vitamin C Serum,1,20,17.6,True
ORD007356,CUST05267,2024-08-18,Face Mask Set,2,0,40.0,False
ORD007357,CUST05268,2024-11-05,Niacinamide Serum,2,0,38.0,True
ORD007358,CUST05268,2025-01-08,Niacinamide Serum,1,0,19.0,False
ORD007359,CUST05269,2025-05-17,Hydrating Moisturizer,2,15,47.6,True
ORD007360,CUST05269,2025-05-31,Eye Cream,3,10,70.2,False
ORD007361,CUST05269,2025-06-14,Gentle Cleanser,3,0,48.0,False
ORD007362,CUST05270,2024-07-27,SPF 50 Sunscreen,1,25,18.0,True
ORD007363,CUST05271,2024-05-29,Vitamin C Serum,1,0,22.0,True
ORD007364,CUST05271,2024-08-06,Face Mask Set,1,15,17.0,False
ORD007365,CUST05271,2024-09-06,Vitamin C Serum,2,25,33.0,False
ORD007366,CUST05271,2024-11-30,Niacinamide Serum,1,0,19.0,False
ORD007367,CUST05273,2024-07-22,SPF 50 Sunscreen,3,0,72.0,True
ORD007368,CUST05274,2025-03-28,Vitamin C Serum,1,25,16.5,True
ORD007369,CUST05275,2024-11-07,Eye Cream,2,0,52.0,True
ORD007370,CUST05275,2024-12-03,Niacinamide Serum,1,0,19.0,False
ORD007371,CUST05275,2025-02-13,Eye Cream,3,0,78.0,False
ORD007372,CUST05276,2024-06-14,Face Mask Set,1,0,20.0,True
ORD007373,CUST05277,2024-05-13,Hydrating Moisturizer,1,0,28.0,True
ORD007374,CUST05279,2025-06-26,Face Mask Set,1,0,20.0,True
ORD007375,CUST05280,2024-08-25,SPF 50 Sunscreen,1,15,20.4,True
ORD007376,CUST05280,2024-10-05,SPF 50 Sunscreen,1,15,20.4,False
ORD007377,CUST05281,2025-07-23,Retinol Night Cream,1,0,32.0,True
ORD007378,CUST05282,2024-11-11,Gentle Cleanser,1,0,16.0,True
ORD007379,CUST05282,2025-02-09,Gentle Cleanser,1,0,16.0,False
ORD007380,CUST05282,2025-03-15,Gentle Cleanser,1,0,16.0,False
ORD007381,CUST05283,2024-05-23,SPF 50 Sunscreen,1,0,24.0,True
ORD007382,CUST05284,2025-06-06,Vitamin C Serum,1,0,22.0,True
ORD007383,CUST05285,2024-11-03,Eye Cream,1,0,26.0,True
ORD007384,CUST05286,2025-02-13,SPF 50 Sunscreen,1,0,24.0,True
ORD007385,CUST05287,2025-07-22,Niacinamide Serum,2,0,38.0,True
ORD007386,CUST05288,2024-03-02,Hydrating Moisturizer,1,0,28.0,True
ORD007387,CUST05288,2024-03-16,SPF 50 Sunscreen,1,10,21.6,False
ORD007388,CUST05289,2024-03-30,Eye Cream,1,0,26.0,True
ORD007389,CUST05290,2025-02-19,SPF 50 Sunscreen,1,0,24.0,True
ORD007390,CUST05291,2024-07-12,Eye Cream,1,25,19.5,True
ORD007391,CUST05292,2024-05-26,Niacinamide Serum,1,0,19.0,True
ORD007392,CUST05292,2024-10-04,Eye Cream,1,0,26.0,False
ORD007393,CUST05293,2024-02-25,SPF 50 Sunscreen,1,0,24.0,True
ORD007394,CUST05293,2024-03-25,Face Mask Set,2,0,40.0,False
ORD007395,CUST05294,2024-02-16,Niacinamide Serum,1,0,19.0,True
ORD007396,CUST05295,2025-03-25,Niacinamide Serum,2,0,38.0,True
ORD007397,CUST05295,2025-05-19,SPF 50 Sunscreen,2,0,48.0,False
ORD007398,CUST05296,2024-04-24,Niacinamide Serum,2,0,38.0,True
ORD007399,CUST05296,2024-05-08,Gentle Cleanser,1,25,12.0,False
ORD007400,CUST05297,2024-11-06,Niacinamide Serum,1,25,14.25,True
ORD007401,CUST05298,2024-12-17,Vitamin C Serum,1,0,22.0,True
ORD007402,CUST05300,2024-02-20,Retinol Night Cream,1,0,32.0,True
ORD007403,CUST05300,2024-03-05,Vitamin C Serum,2,10,39.6,False
ORD007404,CUST05302,2024-02-09,Face Mask Set,1,25,15.0,True
ORD007405,CUST05302,2024-03-18,Niacinamide Serum,1,25,14.25,False
ORD007406,CUST05303,2025-03-17,Gentle Cleanser,1,0,16.0,True
ORD007407,CUST05305,2024-10-19,Hydrating Moisturizer,1,15,23.8,True
ORD007408,CUST05306,2024-11-25,Retinol Night Cream,1,0,32.0,True
ORD007409,CUST05306,2025-05-19,Hydrating Moisturizer,1,0,28.0,False
ORD007410,CUST05307,2024-11-09,Eye Cream,3,20,62.4,True
ORD007411,CUST05308,2024-09-22,Hydrating Moisturizer,2,15,47.6,True
ORD007412,CUST05308,2024-10-06,Niacinamide Serum,1,0,19.0,False
ORD007413,CUST05309,2025-06-03,Face Mask Set,1,0,20.0,True
ORD007414,CUST05310,2025-06-07,Niacinamide Serum,1,0,19.0,True
ORD007415,CUST05311,2024-08-18,Niacinamide Serum,2,0,38.0,True
ORD007416,CUST05312,2024-12-21,Hydrating Moisturizer,1,0,28.0,True
ORD007417,CUST05313,2025-06-19,Niacinamide Serum,1,15,16.15,True
ORD007418,CUST05314,2025-07-07,Retinol Night Cream,1,0,32.0,True
ORD007419,CUST05315,2024-11-15,Niacinamide Serum,2,25,28.5,True
ORD007420,CUST05316,2024-10-29,Face Mask Set,2,0,40.0,True
ORD007421,CUST05317,2024-07-10,Hydrating Moisturizer,1,15,23.8,True
ORD007422,CUST05319,2024-04-28,Niacinamide Serum,1,0,19.0,True
ORD007423,CUST05320,2024-12-09,Niacinamide Serum,2,0,38.0,True
ORD007424,CUST05320,2024-12-23,SPF 50 Sunscreen,3,0,72.0,False
ORD007425,CUST05321,2024-07-15,Gentle Cleanser,1,0,16.0,True
ORD007426,CUST05321,2024-08-24,Face Mask Set,2,0,40.0,False
ORD007427,CUST05321,2024-09-17,Hydrating Moisturizer,1,20,22.4,False
ORD007428,CUST05321,2024-10-01,Retinol Night Cream,2,15,54.4,False
ORD007429,CUST05322,2024-07-10,SPF 50 Sunscreen,1,0,24.0,True
ORD007430,CUST05322,2024-07-24,Niacinamide Serum,1,0,19.0,False
ORD007431,CUST05323,2024-10-03,Vitamin C Serum,1,0,22.0,True
ORD007432,CUST05324,2025-08-02,Hydrating Moisturizer,1,25,21.0,True
ORD007433,CUST05325,2024-03-05,Eye Cream,1,0,26.0,True
ORD007434,CUST05326,2024-12-08,Vitamin C Serum,1,0,22.0,True
ORD007435,CUST05327,2024-03-22,Retinol Night Cream,3,15,81.6,True
ORD007436,CUST05328,2024-05-06,Niacinamide Serum,1,0,19.0,True
ORD007437,CUST05329,2024-10-21,Retinol Night Cream,2,0,64.0,True
ORD007438,CUST05329,2025-01-31,Niacinamide Serum,2,0,38.0,False
ORD007439,CUST05329,2025-02-24,SPF 50 Sunscreen,2,0,48.0,False
ORD007440,CUST05330,2024-11-18,Hydrating Moisturizer,2,0,56.0,True
ORD007441,CUST05330,2024-12-13,SPF 50 Sunscreen,3,0,72.0,False
ORD007442,CUST05331,2024-06-30,SPF 50 Sunscreen,1,25,18.0,True
ORD007443,CUST05331,2024-07-16,Hydrating Moisturizer,1,0,28.0,False
ORD007444,CUST05331,2024-08-16,Face Mask Set,2,0,40.0,False
ORD007445,CUST05332,2024-08-04,Niacinamide Serum,1,0,19.0,True
ORD007446,CUST05333,2024-03-24,Gentle Cleanser,1,0,16.0,True
ORD007447,CUST05334,2024-07-25,Eye Cream,3,25,58.5,True
ORD007448,CUST05334,2024-08-08,Vitamin C Serum,1,0,22.0,False
ORD007449,CUST05334,2024-09-13,Retinol Night Cream,3,0,96.0,False
ORD007450,CUST05334,2024-10-24,Niacinamide Serum,2,20,30.4,False
ORD007451,CUST05334,2025-04-05,Gentle Cleanser,2,25,24.0,False
ORD007452,CUST05335,2025-07-10,SPF 50 Sunscreen,2,0,48.0,True
ORD007453,CUST05336,2025-06-29,Eye Cream,3,0,78.0,True
ORD007454,CUST05337,2024-08-18,Gentle Cleanser,3,0,48.0,True
ORD007455,CUST05338,2024-12-06,Hydrating Moisturizer,1,0,28.0,True
ORD007456,CUST05339,2025-06-13,Eye Cream,1,25,19.5,True
ORD007457,CUST05340,2024-02-06,Hydrating Moisturizer,2,25,42.0,True
ORD007458,CUST05340,2024-04-07,Retinol Night Cream,2,15,54.4,False
ORD007459,CUST05342,2025-06-30,Niacinamide Serum,3,0,57.0,True
ORD007460,CUST05343,2024-03-28,Vitamin C Serum,1,0,22.0,True
ORD007461,CUST05344,2024-05-12,SPF 50 Sunscreen,1,25,18.0,True
ORD007462,CUST05344,2024-07-03,Hydrating Moisturizer,1,0,28.0,False
ORD007463,CUST05345,2025-07-08,Retinol Night Cream,1,25,24.0,True
ORD007464,CUST05346,2024-11-23,Vitamin C Serum,1,0,22.0,True
ORD007465,CUST05347,2024-02-09,Face Mask Set,3,0,60.0,True
ORD007466,CUST05347,2024-08-27,Vitamin C Serum,1,0,22.0,False
ORD007467,CUST05348,2024-06-29,Eye Cream,1,25,19.5,True
ORD007468,CUST05348,2024-08-15,Retinol Night Cream,1,0,32.0,False
ORD007469,CUST05349,2024-10-28,Niacinamide Serum,2,0,38.0,True
ORD007470,CUST05350,2025-02-05,Eye Cream,2,0,52.0,True
ORD007471,CUST05350,2025-06-09,Niacinamide Serum,1,0,19.0,False
ORD007472,CUST05350,2025-06-23,Vitamin C Serum,1,0,22.0,False
ORD007473,CUST05351,2025-02-27,Eye Cream,2,10,46.8,True
ORD007474,CUST05352,2025-07-29,Hydrating Moisturizer,1,15,23.8,True
ORD007475,CUST05353,2024-07-19,Retinol Night Cream,2,0,64.0,True
ORD007476,CUST05354,2024-11-26,Retinol Night Cream,1,25,24.0,True
ORD007477,CUST05355,2024-11-23,Hydrating Moisturizer,1,0,28.0,True
ORD007478,CUST05356,2024-09-30,Vitamin C Serum,2,0,44.0,True
ORD007479,CUST05357,2024-05-15,Face Mask Set,1,0,20.0,True
ORD007480,CUST05357,2024-06-12,Retinol Night Cream,1,0,32.0,False
ORD007481,CUST05358,2025-07-19,SPF 50 Sunscreen,2,15,40.8,True
ORD007482,CUST05359,2025-05-13,SPF 50 Sunscreen,1,0,24.0,True
ORD007483,CUST05359,2025-06-05,Hydrating Moisturizer,1,0,28.0,False
ORD007484,CUST05360,2024-11-12,Hydrating Moisturizer,1,15,23.8,True
ORD007485,CUST05360,2025-01-19,Retinol Night Cream,1,0,32.0,False
ORD007486,CUST05360,2025-02-28,Gentle Cleanser,3,0,48.0,False
ORD007487,CUST05361,2024-12-16,Retinol Night Cream,1,0,32.0,True
ORD007488,CUST05361,2025-01-03,Eye Cream,1,0,26.0,False
ORD007489,CUST05361,2025-03-13,Hydrating Moisturizer,1,0,28.0,False
ORD007490,CUST05361,2025-06-11,Niacinamide Serum,2,0,38.0,False
ORD007491,CUST05361,2025-06-27,Hydrating Moisturizer,2,0,56.0,False
ORD007492,CUST05362,2024-06-17,Eye Cream,2,0,52.0,True
ORD007493,CUST05363,2024-11-26,Gentle Cleanser,1,15,13.6,True
ORD007494,CUST05364,2025-02-05,Eye Cream,3,0,78.0,True
ORD007495,CUST05364,2025-03-04,Face Mask Set,1,10,18.0,False
ORD007496,CUST05364,2025-03-31,Retinol Night Cream,3,0,96.0,False
ORD007497,CUST05365,2024-11-17,SPF 50 Sunscreen,1,10,21.6,True
ORD007498,CUST05365,2024-12-01,Retinol Night Cream,2,0,64.0,False
ORD007499,CUST05365,2025-05-02,Eye Cream,2,10,46.8,False
ORD007500,CUST05366,2025-07-27,Retinol Night Cream,1,20,25.6,True
ORD007501,CUST05367,2024-12-18,Niacinamide Serum,1,0,19.0,True
ORD007502,CUST05368,2024-09-12,Retinol Night Cream,2,0,64.0,True
ORD007503,CUST05368,2024-12-24,Retinol Night Cream,2,0,64.0,False
ORD007504,CUST05369,2025-03-25,Hydrating Moisturizer,1,0,28.0,True
ORD007505,CUST05371,2024-09-18,Hydrating Moisturizer,1,0,28.0,True
ORD007506,CUST05371,2024-10-02,Niacinamide Serum,1,0,19.0,False
ORD007507,CUST05372,2024-08-25,Eye Cream,1,15,22.1,True
ORD007508,CUST05373,2024-10-16,Retinol Night Cream,2,25,48.0,True
ORD007509,CUST05374,2025-03-29,Vitamin C Serum,1,25,16.5,True
ORD007510,CUST05375,2024-11-08,Retinol Night Cream,2,0,64.0,True
ORD007511,CUST05375,2024-11-22,Niacinamide Serum,2,0,38.0,False
ORD007512,CUST05376,2025-04-05,SPF 50 Sunscreen,1,0,24.0,True
ORD007513,CUST05377,2024-12-05,Retinol Night Cream,1,0,32.0,True
ORD007514,CUST05378,2024-08-23,Hydrating Moisturizer,1,0,28.0,True
ORD007515,CUST05379,2025-04-18,Retinol Night Cream,2,0,64.0,True
ORD007516,CUST05379,2025-06-28,Hydrating Moisturizer,1,10,25.2,False
ORD007517,CUST05379,2025-07-12,Face Mask Set,1,0,20.0,False
ORD007518,CUST05380,2024-06-22,Eye Cream,1,0,26.0,True
ORD007519,CUST05380,2024-07-18,Vitamin C Serum,3,20,52.8,False
ORD007520,CUST05381,2024-06-16,Gentle Cleanser,1,0,16.0,True
ORD007521,CUST05382,2024-11-14,Vitamin C Serum,1,25,16.5,True
ORD007522,CUST05382,2024-12-05,Eye Cream,1,10,23.4,False
ORD007523,CUST05383,2024-07-02,SPF 50 Sunscreen,3,0,72.0,True
ORD007524,CUST05383,2024-08-02,Hydrating Moisturizer,2,0,56.0,False
ORD007525,CUST05383,2024-08-28,SPF 50 Sunscreen,1,20,19.2,False
ORD007526,CUST05383,2024-10-24,Gentle Cleanser,1,10,14.4,False
ORD007527,CUST05383,2025-04-28,Eye Cream,2,0,52.0,False
ORD007528,CUST05384,2024-02-09,Face Mask Set,2,0,40.0,True
ORD007529,CUST05385,2025-01-03,Niacinamide Serum,2,0,38.0,True
ORD007530,CUST05386,2024-11-19,Retinol Night Cream,2,15,54.4,True
ORD007531,CUST05387,2024-10-25,Eye Cream,1,0,26.0,True
ORD007532,CUST05387,2024-11-21,Niacinamide Serum,2,0,38.0,False
ORD007533,CUST05388,2025-07-11,Eye Cream,1,0,26.0,True
ORD007534,CUST05389,2024-12-04,Eye Cream,1,15,22.1,True
ORD007535,CUST05389,2024-12-26,Face Mask Set,2,20,32.0,False
ORD007536,CUST05390,2025-05-19,Eye Cream,1,0,26.0,True
ORD007537,CUST05391,2024-04-25,Face Mask Set,1,0,20.0,True
ORD007538,CUST05391,2024-05-14,Retinol Night Cream,1,0,32.0,False
ORD007539,CUST05392,2024-12-05,Retinol Night Cream,1,25,24.0,True
ORD007540,CUST05392,2025-01-04,Vitamin C Serum,1,0,22.0,False
ORD007541,CUST05393,2025-05-20,SPF 50 Sunscreen,1,0,24.0,True
ORD007542,CUST05393,2025-07-08,Niacinamide Serum,1,15,16.15,False
ORD007543,CUST05394,2024-12-07,Hydrating Moisturizer,1,0,28.0,True
ORD007544,CUST05395,2025-02-18,Eye Cream,1,25,19.5,True
ORD007545,CUST05396,2024-09-12,SPF 50 Sunscreen,1,25,18.0,True
ORD007546,CUST05396,2024-10-13,Vitamin C Serum,1,0,22.0,False
ORD007547,CUST05397,2024-03-29,Hydrating Moisturizer,1,0,28.0,True
ORD007548,CUST05398,2024-11-04,Vitamin C Serum,1,0,22.0,True
ORD007549,CUST05399,2024-09-25,Vitamin C Serum,3,25,49.5,True
ORD007550,CUST05399,2024-10-31,Hydrating Moisturizer,1,15,23.8,False
ORD007551,CUST05400,2025-05-19,SPF 50 Sunscreen,1,0,24.0,True
ORD007552,CUST05401,2024-06-22,Face Mask Set,1,0,20.0,True
ORD007553,CUST05401,2024-09-15,Eye Cream,1,0,26.0,False
ORD007554,CUST05401,2024-12-23,SPF 50 Sunscreen,1,10,21.6,False
ORD007555,CUST05402,2025-07-11,Face Mask Set,1,20,16.0,True
ORD007556,CUST05403,2025-07-06,Face Mask Set,1,0,20.0,True
ORD007557,CUST05404,2024-06-26,Niacinamide Serum,1,0,19.0,True
ORD007558,CUST05405,2024-08-26,Gentle Cleanser,1,25,12.0,True
ORD007559,CUST05405,2024-09-09,SPF 50 Sunscreen,1,10,21.6,False
ORD007560,CUST05406,2025-06-07,Hydrating Moisturizer,2,25,42.0,True
ORD007561,CUST05407,2025-07-13,Gentle Cleanser,1,0,16.0,True
ORD007562,CUST05408,2024-10-23,Face Mask Set,1,15,17.0,True
ORD007563,CUST05408,2024-11-06,Retinol Night Cream,1,0,32.0,False
ORD007564,CUST05409,2024-08-08,Retinol Night Cream,1,0,32.0,True
ORD007565,CUST05409,2024-10-02,Face Mask Set,1,0,20.0,False
ORD007566,CUST05410,2024-11-22,Face Mask Set,1,0,20.0,True
ORD007567,CUST05411,2025-01-30,Niacinamide Serum,3,0,57.0,True
ORD007568,CUST05411,2025-02-13,SPF 50 Sunscreen,3,0,72.0,False
ORD007569,CUST05412,2024-07-08,Eye Cream,1,0,26.0,True
ORD007570,CUST05412,2024-08-20,Gentle Cleanser,1,0,16.0,False
ORD007571,CUST05413,2025-03-01,Gentle Cleanser,1,0,16.0,True
ORD007572,CUST05414,2024-03-03,SPF 50 Sunscreen,1,0,24.0,True
ORD007573,CUST05414,2024-03-17,Hydrating Moisturizer,2,0,56.0,False
ORD007574,CUST05415,2024-03-02,Vitamin C Serum,1,0,22.0,True
ORD007575,CUST05417,2024-08-30,SPF 50 Sunscreen,3,20,57.6,True
ORD007576,CUST05418,2024-08-03,Vitamin C Serum,3,15,56.1,True
ORD007577,CUST05419,2024-11-11,Niacinamide Serum,2,0,38.0,True
ORD007578,CUST05420,2024-08-06,Face Mask Set,2,10,36.0,True
ORD007579,CUST05420,2025-01-14,Hydrating Moisturizer,2,10,50.4,False
ORD007580,CUST05421,2024-05-28,Vitamin C Serum,1,0,22.0,True
ORD007581,CUST05421,2024-08-28,Hydrating Moisturizer,1,0,28.0,False
ORD007582,CUST05421,2024-10-21,Vitamin C Serum,1,0,22.0,False
ORD007583,CUST05422,2024-07-29,Vitamin C Serum,2,20,35.2,True
ORD007584,CUST05425,2024-10-24,Face Mask Set,3,0,60.0,True
ORD007585,CUST05426,2024-12-05,Niacinamide Serum,1,0,19.0,True
ORD007586,CUST05427,2025-07-21,Gentle Cleanser,1,15,13.6,True
ORD007587,CUST05428,2024-06-23,SPF 50 Sunscreen,1,0,24.0,True
ORD007588,CUST05430,2025-02-17,Niacinamide Serum,1,0,19.0,True
ORD007589,CUST05431,2024-12-18,SPF 50 Sunscreen,1,15,20.4,True
ORD007590,CUST05432,2024-03-28,Vitamin C Serum,2,0,44.0,True
ORD007591,CUST05433,2025-01-25,Retinol Night Cream,1,0,32.0,True
ORD007592,CUST05434,2024-03-11,Hydrating Moisturizer,1,25,21.0,True
ORD007593,CUST05435,2024-12-12,Face Mask Set,1,0,20.0,True
ORD007594,CUST05436,2025-03-05,Retinol Night Cream,1,15,27.2,True
ORD007595,CUST05436,2025-05-19,Gentle Cleanser,2,20,25.6,False
ORD007596,CUST05437,2024-06-06,Hydrating Moisturizer,1,0,28.0,True
ORD007597,CUST05438,2025-05-05,Eye Cream,2,15,44.2,True
ORD007598,CUST05439,2024-02-21,Gentle Cleanser,1,0,16.0,True
ORD007599,CUST05439,2024-04-04,Hydrating Moisturizer,1,0,28.0,False
ORD007600,CUST05439,2024-06-03,Face Mask Set,1,0,20.0,False
ORD007601,CUST05439,2024-09-04,Retinol Night Cream,3,25,72.0,False
ORD007602,CUST05439,2024-09-29,SPF 50 Sunscreen,1,0,24.0,False
ORD007603,CUST05440,2025-05-06,Vitamin C Serum,1,0,22.0,True
ORD007604,CUST05441,2024-11-04,Vitamin C Serum,1,0,22.0,True
ORD007605,CUST05442,2024-06-10,Niacinamide Serum,3,25,42.75,True
ORD007606,CUST05443,2024-04-23,Vitamin C Serum,1,0,22.0,True
ORD007607,CUST05444,2025-07-02,Niacinamide Serum,1,0,19.0,True
ORD007608,CUST05445,2024-03-18,Eye Cream,1,0,26.0,True
ORD007609,CUST05446,2024-06-03,Retinol Night Cream,2,10,57.6,True
ORD007610,CUST05447,2024-08-28,Vitamin C Serum,1,0,22.0,True
ORD007611,CUST05447,2024-09-11,Niacinamide Serum,2,0,38.0,False
ORD007612,CUST05448,2024-12-22,SPF 50 Sunscreen,1,15,20.4,True
ORD007613,CUST05448,2025-03-13,SPF 50 Sunscreen,2,0,48.0,False
ORD007614,CUST05449,2024-11-27,Niacinamide Serum,1,15,16.15,True
ORD007615,CUST05450,2024-04-18,Vitamin C Serum,1,0,22.0,True
ORD007616,CUST05451,2024-07-18,Niacinamide Serum,1,0,19.0,True
ORD007617,CUST05451,2024-08-31,Niacinamide Serum,1,15,16.15,False
ORD007618,CUST05451,2024-10-20,Hydrating Moisturizer,1,25,21.0,False
ORD007619,CUST05452,2024-06-20,Hydrating Moisturizer,1,20,22.4,True
ORD007620,CUST05453,2024-06-11,Vitamin C Serum,1,0,22.0,True
ORD007621,CUST05454,2024-10-05,Eye Cream,1,25,19.5,True
ORD007622,CUST05455,2025-02-10,Niacinamide Serum,1,15,16.15,True
ORD007623,CUST05456,2024-06-12,Hydrating Moisturizer,1,0,28.0,True
ORD007624,CUST05456,2024-06-26,Retinol Night Cream,1,25,24.0,False
ORD007625,CUST05457,2024-09-10,Retinol Night Cream,1,10,28.8,True
ORD007626,CUST05458,2024-09-21,Face Mask Set,2,20,32.0,True
ORD007627,CUST05458,2024-10-12,SPF 50 Sunscreen,2,25,36.0,False
ORD007628,CUST05459,2025-07-18,Niacinamide Serum,1,20,15.2,True
ORD007629,CUST05460,2025-07-04,Vitamin C Serum,1,20,17.6,True
ORD007630,CUST05461,2025-04-10,Vitamin C Serum,2,0,44.0,True
ORD007631,CUST05462,2024-06-23,Gentle Cleanser,1,0,16.0,True
ORD007632,CUST05463,2024-03-16,SPF 50 Sunscreen,2,10,43.2,True
ORD007633,CUST05464,2024-08-03,Vitamin C Serum,2,0,44.0,True
ORD007634,CUST05464,2024-09-18,Retinol Night Cream,1,20,25.6,False
ORD007635,CUST05465,2024-07-03,Eye Cream,1,0,26.0,True
ORD007636,CUST05465,2024-08-17,Eye Cream,1,25,19.5,False
ORD007637,CUST05466,2024-11-17,Niacinamide Serum,1,15,16.15,True
ORD007638,CUST05468,2025-05-17,Face Mask Set,1,0,20.0,True
ORD007639,CUST05468,2025-06-22,SPF 50 Sunscreen,1,10,21.6,False
ORD007640,CUST05470,2024-09-04,Retinol Night Cream,1,0,32.0,True
ORD007641,CUST05471,2025-01-30,Retinol Night Cream,3,0,96.0,True
ORD007642,CUST05472,2024-08-03,Retinol Night Cream,3,0,96.0,True
ORD007643,CUST05472,2024-11-06,Vitamin C Serum,1,0,22.0,False
ORD007644,CUST05472,2025-01-02,Retinol Night Cream,1,0,32.0,False
ORD007645,CUST05472,2025-01-20,Niacinamide Serum,1,25,14.25,False
ORD007646,CUST05473,2024-03-09,Face Mask Set,2,25,30.0,True
ORD007647,CUST05473,2024-04-15,Retinol Night Cream,1,0,32.0,False
ORD007648,CUST05474,2025-02-09,Niacinamide Serum,3,0,57.0,True
ORD007649,CUST05475,2024-02-06,Hydrating Moisturizer,1,20,22.4,True
ORD007650,CUST05475,2024-02-20,Eye Cream,2,0,52.0,False
ORD007651,CUST05476,2024-10-02,Niacinamide Serum,3,0,57.0,True
ORD007652,CUST05476,2024-10-16,Vitamin C Serum,1,0,22.0,False
ORD007653,CUST05477,2024-08-13,Hydrating Moisturizer,1,20,22.4,True
ORD007654,CUST05478,2025-02-03,Eye Cream,1,0,26.0,True
ORD007655,CUST05479,2025-03-22,Eye Cream,2,20,41.6,True
ORD007656,CUST05480,2024-07-29,Gentle Cleanser,1,0,16.0,True
ORD007657,CUST05480,2024-08-12,Hydrating Moisturizer,2,0,56.0,False
ORD007658,CUST05481,2025-04-19,Retinol Night Cream,2,0,64.0,True
ORD007659,CUST05482,2024-07-23,Face Mask Set,1,0,20.0,True
ORD007660,CUST05482,2024-09-17,Eye Cream,2,0,52.0,False
ORD007661,CUST05482,2024-10-01,SPF 50 Sunscreen,1,0,24.0,False
ORD007662,CUST05482,2024-10-15,Hydrating Moisturizer,1,15,23.8,False
ORD007663,CUST05483,2024-10-25,Eye Cream,1,0,26.0,True
ORD007664,CUST05484,2025-02-24,Niacinamide Serum,3,0,57.0,True
ORD007665,CUST05485,2025-02-04,Eye Cream,1,0,26.0,True
ORD007666,CUST05486,2025-07-24,Niacinamide Serum,1,0,19.0,True
ORD007667,CUST05487,2024-06-14,Retinol Night Cream,2,15,54.4,True
ORD007668,CUST05487,2025-07-07,Hydrating Moisturizer,2,0,56.0,False
ORD007669,CUST05488,2025-01-14,Gentle Cleanser,2,0,32.0,True
ORD007670,CUST05489,2024-12-18,Niacinamide Serum,1,25,14.25,True
ORD007671,CUST05489,2025-02-08,Niacinamide Serum,3,10,51.3,False
ORD007672,CUST05490,2025-06-14,Retinol Night Cream,2,0,64.0,True
ORD007673,CUST05491,2024-05-07,SPF 50 Sunscreen,1,15,20.4,True
ORD007674,CUST05492,2025-03-11,Eye Cream,1,0,26.0,True
ORD007675,CUST05492,2025-05-04,Hydrating Moisturizer,1,0,28.0,False
ORD007676,CUST05493,2024-12-03,Hydrating Moisturizer,1,0,28.0,True
ORD007677,CUST05493,2024-12-20,Vitamin C Serum,1,0,22.0,False
ORD007678,CUST05494,2024-07-09,Face Mask Set,1,0,20.0,True
ORD007679,CUST05494,2024-08-21,Niacinamide Serum,2,0,38.0,False
ORD007680,CUST05494,2024-09-27,Hydrating Moisturizer,1,15,23.8,False
ORD007681,CUST05495,2024-11-08,Hydrating Moisturizer,1,0,28.0,True
ORD007682,CUST05495,2025-01-06,Retinol Night Cream,3,10,86.4,False
ORD007683,CUST05495,2025-03-10,Retinol Night Cream,1,15,27.2,False
ORD007684,CUST05495,2025-04-15,Hydrating Moisturizer,1,0,28.0,False
ORD007685,CUST05495,2025-06-14,Face Mask Set,1,0,20.0,False
ORD007686,CUST05496,2024-08-16,Eye Cream,2,25,39.0,True
ORD007687,CUST05496,2024-08-30,SPF 50 Sunscreen,1,0,24.0,False
ORD007688,CUST05497,2024-12-09,Gentle Cleanser,1,20,12.8,True
ORD007689,CUST05498,2025-06-05,Eye Cream,3,20,62.4,True
ORD007690,CUST05498,2025-06-19,SPF 50 Sunscreen,1,0,24.0,False
ORD007691,CUST05499,2024-12-05,Niacinamide Serum,1,0,19.0,True
ORD007692,CUST05500,2024-12-29,Hydrating Moisturizer,2,25,42.0,True
ORD007693,CUST05501,2024-11-20,Face Mask Set,2,20,32.0,True
ORD007694,CUST05501,2025-04-05,Gentle Cleanser,1,0,16.0,False
ORD007695,CUST05502,2024-03-04,Vitamin C Serum,1,0,22.0,True
ORD007696,CUST05503,2024-06-17,Hydrating Moisturizer,1,0,28.0,True
ORD007697,CUST05503,2024-07-07,Gentle Cleanser,2,25,24.0,False
ORD007698,CUST05503,2024-08-01,Eye Cream,1,0,26.0,False
ORD007699,CUST05503,2024-09-23,Retinol Night Cream,1,15,27.2,False
ORD007700,CUST05504,2024-11-12,Eye Cream,2,0,52.0,True
ORD007701,CUST05505,2024-07-30,Eye Cream,1,0,26.0,True
ORD007702,CUST05505,2024-08-13,Niacinamide Serum,1,0,19.0,False
ORD007703,CUST05507,2024-11-16,Retinol Night Cream,1,15,27.2,True
ORD007704,CUST05507,2024-12-27,Gentle Cleanser,1,15,13.6,False
ORD007705,CUST05508,2024-08-09,Eye Cream,1,10,23.4,True
ORD007706,CUST05510,2024-11-02,Vitamin C Serum,1,0,22.0,True
ORD007707,CUST05511,2024-04-22,Vitamin C Serum,1,20,17.6,True
ORD007708,CUST05513,2025-05-22,Eye Cream,1,20,20.8,True
ORD007709,CUST05514,2025-02-14,Vitamin C Serum,1,0,22.0,True
ORD007710,CUST05514,2025-05-23,SPF 50 Sunscreen,1,0,24.0,False
ORD007711,CUST05515,2024-04-06,Hydrating Moisturizer,1,0,28.0,True
ORD007712,CUST05515,2024-08-13,Niacinamide Serum,1,0,19.0,False
ORD007713,CUST05516,2025-03-25,Retinol Night Cream,1,15,27.2,True
ORD007714,CUST05517,2025-04-15,Eye Cream,1,0,26.0,True
ORD007715,CUST05518,2025-03-20,SPF 50 Sunscreen,2,15,40.8,True
ORD007716,CUST05518,2025-06-29,Niacinamide Serum,2,15,32.3,False
ORD007717,CUST05519,2024-04-12,Niacinamide Serum,1,15,16.15,True
ORD007718,CUST05519,2024-07-11,Gentle Cleanser,1,25,12.0,False
ORD007719,CUST05519,2024-09-01,Niacinamide Serum,1,0,19.0,False
ORD007720,CUST05520,2025-01-02,Face Mask Set,3,0,60.0,True
ORD007721,CUST05521,2025-05-03,Vitamin C Serum,1,15,18.7,True
ORD007722,CUST05521,2025-06-27,Face Mask Set,1,0,20.0,False
ORD007723,CUST05522,2024-12-08,Eye Cream,1,0,26.0,True
ORD007724,CUST05522,2025-01-17,Eye Cream,1,0,26.0,False
ORD007725,CUST05524,2024-11-02,Vitamin C Serum,1,25,16.5,True
ORD007726,CUST05525,2024-11-20,Retinol Night Cream,1,10,28.8,True
ORD007727,CUST05525,2024-12-04,Hydrating Moisturizer,1,20,22.4,False
ORD007728,CUST05527,2024-12-31,SPF 50 Sunscreen,1,20,19.2,True
ORD007729,CUST05528,2024-03-23,Gentle Cleanser,1,10,14.4,True
ORD007730,CUST05530,2024-07-21,Face Mask Set,1,15,17.0,True
ORD007731,CUST05530,2024-08-05,Niacinamide Serum,2,0,38.0,False
ORD007732,CUST05531,2024-11-25,Eye Cream,1,0,26.0,True
ORD007733,CUST05532,2024-04-24,Eye Cream,2,0,52.0,True
ORD007734,CUST05532,2024-08-25,Eye Cream,1,0,26.0,False
ORD007735,CUST05533,2025-02-02,Vitamin C Serum,1,0,22.0,True
ORD007736,CUST05533,2025-03-17,Gentle Cleanser,2,0,32.0,False
ORD007737,CUST05534,2025-04-08,Retinol Night Cream,2,20,51.2,True
ORD007738,CUST05534,2025-05-07,SPF 50 Sunscreen,1,20,19.2,False
ORD007739,CUST05534,2025-05-27,Hydrating Moisturizer,1,25,21.0,False
ORD007740,CUST05535,2024-05-12,SPF 50 Sunscreen,2,0,48.0,True
ORD007741,CUST05535,2024-05-26,Niacinamide Serum,1,15,16.15,False
ORD007742,CUST05536,2024-04-06,Vitamin C Serum,2,10,39.6,True
ORD007743,CUST05536,2024-05-24,Hydrating Moisturizer,1,0,28.0,False
ORD007744,CUST05537,2024-05-02,Retinol Night Cream,2,20,51.2,True
ORD007745,CUST05537,2024-08-25,Niacinamide Serum,1,0,19.0,False
ORD007746,CUST05538,2025-05-26,Niacinamide Serum,2,0,38.0,True
ORD007747,CUST05539,2024-11-22,Gentle Cleanser,3,15,40.8,True
ORD007748,CUST05540,2024-11-05,Vitamin C Serum,1,0,22.0,True
ORD007749,CUST05540,2025-01-11,Niacinamide Serum,3,0,57.0,False
ORD007750,CUST05541,2024-04-08,Hydrating Moisturizer,1,0,28.0,True
ORD007751,CUST05542,2025-01-04,Gentle Cleanser,1,0,16.0,True
ORD007752,CUST05543,2025-05-22,Hydrating Moisturizer,1,10,25.2,True
ORD007753,CUST05544,2025-04-27,Face Mask Set,1,0,20.0,True
ORD007754,CUST05545,2024-12-25,Vitamin C Serum,1,0,22.0,True
ORD007755,CUST05545,2025-03-01,Niacinamide Serum,1,0,19.0,False
ORD007756,CUST05545,2025-06-05,SPF 50 Sunscreen,1,0,24.0,False
ORD007757,CUST05546,2024-03-17,Vitamin C Serum,1,0,22.0,True
ORD007758,CUST05546,2024-05-26,Retinol Night Cream,1,0,32.0,False
ORD007759,CUST05546,2024-06-09,Vitamin C Serum,2,20,35.2,False
ORD007760,CUST05546,2024-08-10,Face Mask Set,1,0,20.0,False
ORD007761,CUST05546,2024-10-12,Face Mask Set,1,15,17.0,False
ORD007762,CUST05547,2024-04-10,Vitamin C Serum,3,15,56.1,True
ORD007763,CUST05549,2024-06-28,Gentle Cleanser,1,20,12.8,True
ORD007764,CUST05550,2024-04-23,Hydrating Moisturizer,1,0,28.0,True
ORD007765,CUST05551,2024-07-02,Gentle Cleanser,2,0,32.0,True
ORD007766,CUST05552,2024-09-18,SPF 50 Sunscreen,1,25,18.0,True
ORD007767,CUST05553,2025-06-29,Niacinamide Serum,2,0,38.0,True
ORD007768,CUST05555,2025-05-02,SPF 50 Sunscreen,1,0,24.0,True
ORD007769,CUST05555,2025-05-16,Vitamin C Serum,2,0,44.0,False
ORD007770,CUST05555,2025-06-24,Hydrating Moisturizer,1,0,28.0,False
ORD007771,CUST05556,2025-02-13,Hydrating Moisturizer,1,0,28.0,True
ORD007772,CUST05557,2024-04-12,Vitamin C Serum,2,10,39.6,True
ORD007773,CUST05558,2025-03-04,Vitamin C Serum,1,0,22.0,True
ORD007774,CUST05558,2025-04-22,Face Mask Set,1,20,16.0,False
ORD007775,CUST05558,2025-05-06,Vitamin C Serum,3,0,66.0,False
ORD007776,CUST05559,2024-07-09,Vitamin C Serum,2,0,44.0,True
ORD007777,CUST05560,2025-01-01,Vitamin C Serum,1,20,17.6,True
ORD007778,CUST05561,2024-08-23,Niacinamide Serum,1,0,19.0,True
ORD007779,CUST05562,2025-07-30,Hydrating Moisturizer,2,20,44.8,True
ORD007780,CUST05563,2024-07-02,Face Mask Set,2,15,34.0,True
ORD007781,CUST05563,2024-07-16,Retinol Night Cream,2,10,57.6,False
ORD007782,CUST05564,2024-07-14,Vitamin C Serum,2,0,44.0,True
ORD007783,CUST05564,2024-09-27,Face Mask Set,1,20,16.0,False
ORD007784,CUST05564,2024-11-21,Vitamin C Serum,2,25,33.0,False
ORD007785,CUST05564,2025-01-22,Retinol Night Cream,1,10,28.8,False
ORD007786,CUST05565,2025-06-21,Eye Cream,1,20,20.8,True
ORD007787,CUST05566,2024-02-16,Niacinamide Serum,2,0,38.0,True
ORD007788,CUST05566,2024-06-20,Gentle Cleanser,1,0,16.0,False
ORD007789,CUST05566,2024-07-04,Eye Cream,1,10,23.4,False
ORD007790,CUST05567,2025-02-06,SPF 50 Sunscreen,2,10,43.2,True
ORD007791,CUST05567,2025-04-14,Eye Cream,2,15,44.2,False
ORD007792,CUST05568,2025-02-23,Retinol Night Cream,1,10,28.8,True
ORD007793,CUST05569,2025-05-04,Face Mask Set,3,0,60.0,True
ORD007794,CUST05570,2025-07-16,Eye Cream,1,15,22.1,True
ORD007795,CUST05571,2025-07-19,Niacinamide Serum,1,10,17.1,True
ORD007796,CUST05572,2024-03-13,Gentle Cleanser,1,25,12.0,True
ORD007797,CUST05573,2025-04-24,Eye Cream,1,0,26.0,True
ORD007798,CUST05573,2025-05-20,Face Mask Set,1,20,16.0,False
ORD007799,CUST05574,2025-01-01,Niacinamide Serum,3,10,51.3,True
ORD007800,CUST05574,2025-03-02,Gentle Cleanser,2,20,25.6,False
ORD007801,CUST05574,2025-05-02,Hydrating Moisturizer,2,0,56.0,False
ORD007802,CUST05575,2025-01-03,Vitamin C Serum,1,0,22.0,True
ORD007803,CUST05576,2024-04-20,Retinol Night Cream,1,0,32.0,True
ORD007804,CUST05577,2025-01-06,Hydrating Moisturizer,2,0,56.0,True
ORD007805,CUST05578,2025-07-20,Vitamin C Serum,1,0,22.0,True
ORD007806,CUST05579,2025-06-12,Vitamin C Serum,1,15,18.7,True
ORD007807,CUST05579,2025-06-28,Hydrating Moisturizer,1,0,28.0,False
ORD007808,CUST05580,2024-10-23,Eye Cream,1,0,26.0,True
ORD007809,CUST05580,2024-12-11,Niacinamide Serum,1,0,19.0,False
ORD007810,CUST05581,2024-02-27,Vitamin C Serum,1,0,22.0,True
ORD007811,CUST05582,2024-09-04,Gentle Cleanser,1,0,16.0,True
ORD007812,CUST05583,2025-04-28,Gentle Cleanser,3,0,48.0,True
ORD007813,CUST05584,2025-02-10,Vitamin C Serum,1,0,22.0,True
ORD007814,CUST05584,2025-02-24,Niacinamide Serum,1,15,16.15,False
ORD007815,CUST05586,2024-03-06,Vitamin C Serum,1,15,18.7,True
ORD007816,CUST05588,2024-11-05,Hydrating Moisturizer,2,10,50.4,True
ORD007817,CUST05589,2025-06-20,SPF 50 Sunscreen,2,20,38.4,True
ORD007818,CUST05590,2025-01-01,Eye Cream,1,0,26.0,True
ORD007819,CUST05590,2025-03-01,SPF 50 Sunscreen,2,20,38.4,False
ORD007820,CUST05591,2024-07-31,Eye Cream,2,0,52.0,True
ORD007821,CUST05591,2024-08-18,Gentle Cleanser,2,10,28.8,False
ORD007822,CUST05591,2024-09-01,Face Mask Set,1,25,15.0,False
ORD007823,CUST05591,2024-10-03,Face Mask Set,2,0,40.0,False
ORD007824,CUST05592,2024-11-20,Eye Cream,1,15,22.1,True
ORD007825,CUST05594,2025-07-17,Hydrating Moisturizer,1,15,23.8,True
ORD007826,CUST05595,2024-09-05,Vitamin C Serum,2,25,33.0,True
ORD007827,CUST05595,2025-01-08,Gentle Cleanser,1,25,12.0,False
ORD007828,CUST05595,2025-01-22,SPF 50 Sunscreen,3,10,64.8,False
ORD007829,CUST05596,2024-11-06,Vitamin C Serum,1,10,19.8,True
ORD007830,CUST05596,2025-04-11,Face Mask Set,1,15,17.0,False
ORD007831,CUST05597,2024-09-02,Hydrating Moisturizer,1,25,21.0,True
ORD007832,CUST05598,2025-01-29,Eye Cream,1,25,19.5,True
ORD007833,CUST05599,2025-01-14,Retinol Night Cream,1,0,32.0,True
ORD007834,CUST05600,2025-02-19,Face Mask Set,2,15,34.0,True
ORD007835,CUST05601,2024-07-04,Hydrating Moisturizer,1,10,25.2,True
ORD007836,CUST05601,2024-10-07,Niacinamide Serum,1,20,15.2,False
ORD007837,CUST05602,2024-08-04,SPF 50 Sunscreen,1,10,21.6,True
ORD007838,CUST05603,2024-04-17,Retinol Night Cream,2,0,64.0,True
ORD007839,CUST05604,2025-01-07,Gentle Cleanser,1,20,12.8,True
ORD007840,CUST05604,2025-02-06,Gentle Cleanser,1,15,13.6,False
ORD007841,CUST05605,2024-02-26,SPF 50 Sunscreen,1,20,19.2,True
ORD007842,CUST05606,2024-12-15,Niacinamide Serum,1,25,14.25,True
ORD007843,CUST05607,2025-05-21,Hydrating Moisturizer,1,0,28.0,True
ORD007844,CUST05608,2025-06-02,Niacinamide Serum,2,25,28.5,True
ORD007845,CUST05609,2024-10-29,Gentle Cleanser,2,25,24.0,True
ORD007846,CUST05610,2024-11-02,SPF 50 Sunscreen,1,0,24.0,True
ORD007847,CUST05610,2024-11-17,Face Mask Set,1,10,18.0,False
ORD007848,CUST05610,2024-12-03,Face Mask Set,2,0,40.0,False
ORD007849,CUST05610,2025-03-27,Hydrating Moisturizer,1,0,28.0,False
ORD007850,CUST05610,2025-05-05,Retinol Night Cream,1,0,32.0,False
ORD007851,CUST05610,2025-07-15,Face Mask Set,3,10,54.0,False
ORD007852,CUST05611,2024-03-19,Gentle Cleanser,1,0,16.0,True
ORD007853,CUST05611,2024-04-23,Retinol Night Cream,1,0,32.0,False
ORD007854,CUST05612,2025-01-21,Hydrating Moisturizer,1,25,21.0,True
ORD007855,CUST05613,2025-04-24,Eye Cream,2,20,41.6,True
ORD007856,CUST05614,2024-06-22,Vitamin C Serum,1,0,22.0,True
ORD007857,CUST05615,2024-10-10,Hydrating Moisturizer,1,0,28.0,True
ORD007858,CUST05615,2025-04-02,Retinol Night Cream,2,0,64.0,False
ORD007859,CUST05615,2025-04-16,Face Mask Set,1,0,20.0,False
ORD007860,CUST05616,2025-05-03,Face Mask Set,2,25,30.0,True
ORD007861,CUST05617,2025-05-29,Vitamin C Serum,1,0,22.0,True
ORD007862,CUST05618,2024-06-21,Gentle Cleanser,1,10,14.4,True
ORD007863,CUST05619,2024-11-29,Eye Cream,2,0,52.0,True
ORD007864,CUST05620,2024-05-30,Vitamin C Serum,1,0,22.0,True
ORD007865,CUST05620,2024-07-20,Retinol Night Cream,2,0,64.0,False
ORD007866,CUST05621,2024-04-04,Eye Cream,1,0,26.0,True
ORD007867,CUST05621,2024-06-06,Eye Cream,1,0,26.0,False
ORD007868,CUST05621,2024-07-17,Retinol Night Cream,1,20,25.6,False
ORD007869,CUST05621,2024-07-31,Niacinamide Serum,1,0,19.0,False
ORD007870,CUST05623,2025-04-22,Gentle Cleanser,1,20,12.8,True
ORD007871,CUST05624,2025-03-18,SPF 50 Sunscreen,3,15,61.2,True
ORD007872,CUST05625,2024-03-01,Gentle Cleanser,1,0,16.0,True
ORD007873,CUST05626,2025-05-07,Gentle Cleanser,1,0,16.0,True
ORD007874,CUST05627,2024-10-23,Eye Cream,1,0,26.0,True
ORD007875,CUST05627,2024-11-06,Niacinamide Serum,1,0,19.0,False
ORD007876,CUST05628,2024-08-23,Niacinamide Serum,1,25,14.25,True
ORD007877,CUST05628,2024-12-29,Vitamin C Serum,3,20,52.8,False
ORD007878,CUST05629,2024-11-26,Face Mask Set,3,0,60.0,True
ORD007879,CUST05630,2024-03-30,Retinol Night Cream,3,0,96.0,True
ORD007880,CUST05630,2024-04-18,Face Mask Set,1,0,20.0,False
ORD007881,CUST05630,2024-05-02,Gentle Cleanser,1,10,14.4,False
ORD007882,CUST05630,2024-05-21,Niacinamide Serum,1,0,19.0,False
ORD007883,CUST05630,2024-06-08,Niacinamide Serum,1,0,19.0,False
ORD007884,CUST05631,2025-03-14,Vitamin C Serum,1,15,18.7,True
ORD007885,CUST05632,2024-12-09,Face Mask Set,2,0,40.0,True
ORD007886,CUST05633,2024-05-24,SPF 50 Sunscreen,1,15,20.4,True
ORD007887,CUST05633,2024-07-06,Gentle Cleanser,2,0,32.0,False
ORD007888,CUST05634,2024-05-28,Retinol Night Cream,1,10,28.8,True
ORD007889,CUST05634,2024-06-17,Eye Cream,2,0,52.0,False
ORD007890,CUST05635,2024-05-25,Eye Cream,1,0,26.0,True
ORD007891,CUST05636,2024-03-06,Retinol Night Cream,1,10,28.8,True
ORD007892,CUST05637,2024-12-09,Retinol Night Cream,1,0,32.0,True
ORD007893,CUST05637,2025-04-08,SPF 50 Sunscreen,1,0,24.0,False
ORD007894,CUST05637,2025-05-10,Gentle Cleanser,1,0,16.0,False
ORD007895,CUST05638,2025-05-05,SPF 50 Sunscreen,1,0,24.0,True
ORD007896,CUST05639,2024-02-13,Retinol Night Cream,2,15,54.4,True
ORD007897,CUST05639,2024-07-10,Face Mask Set,1,10,18.0,False
ORD007898,CUST05640,2024-03-02,Face Mask Set,2,10,36.0,True
ORD007899,CUST05643,2024-08-13,Vitamin C Serum,1,0,22.0,True
ORD007900,CUST05644,2024-08-29,Gentle Cleanser,1,20,12.8,True
ORD007901,CUST05644,2024-09-16,Gentle Cleanser,1,20,12.8,False
ORD007902,CUST05644,2025-03-25,Niacinamide Serum,1,0,19.0,False
ORD007903,CUST05646,2024-07-08,Gentle Cleanser,1,0,16.0,True
ORD007904,CUST05647,2024-02-18,Hydrating Moisturizer,2,20,44.8,True
ORD007905,CUST05647,2024-04-30,Retinol Night Cream,2,15,54.4,False
ORD007906,CUST05648,2025-03-03,Retinol Night Cream,1,0,32.0,True
ORD007907,CUST05649,2024-12-24,Eye Cream,1,20,20.8,True
ORD007908,CUST05649,2025-01-07,SPF 50 Sunscreen,3,10,64.8,False
ORD007909,CUST05650,2024-12-07,Eye Cream,2,0,52.0,True
ORD007910,CUST05650,2025-03-22,Retinol Night Cream,1,0,32.0,False
ORD007911,CUST05651,2025-03-06,Eye Cream,2,0,52.0,True
ORD007912,CUST05652,2025-01-23,Niacinamide Serum,1,20,15.2,True
ORD007913,CUST05652,2025-03-03,Retinol Night Cream,1,0,32.0,False
ORD007914,CUST05653,2024-06-04,Vitamin C Serum,1,0,22.0,True
ORD007915,CUST05653,2024-09-15,Retinol Night Cream,1,25,24.0,False
ORD007916,CUST05654,2024-08-30,Face Mask Set,2,20,32.0,True
ORD007917,CUST05654,2024-09-13,Eye Cream,1,0,26.0,False
ORD007918,CUST05655,2024-04-18,Gentle Cleanser,3,20,38.4,True
ORD007919,CUST05656,2024-04-23,Retinol Night Cream,1,15,27.2,True
ORD007920,CUST05657,2025-01-22,Face Mask Set,1,15,17.0,True
ORD007921,CUST05658,2025-05-17,Gentle Cleanser,2,0,32.0,True
ORD007922,CUST05659,2025-07-09,Face Mask Set,1,0,20.0,True
ORD007923,CUST05660,2024-12-25,Niacinamide Serum,1,15,16.15,True
ORD007924,CUST05661,2024-05-26,Eye Cream,1,0,26.0,True
ORD007925,CUST05661,2024-10-08,SPF 50 Sunscreen,3,10,64.8,False
ORD007926,CUST05661,2024-11-18,SPF 50 Sunscreen,1,0,24.0,False
ORD007927,CUST05661,2024-12-02,SPF 50 Sunscreen,1,0,24.0,False
ORD007928,CUST05662,2024-04-05,SPF 50 Sunscreen,1,10,21.6,True
ORD007929,CUST05663,2025-04-19,Gentle Cleanser,1,0,16.0,True
ORD007930,CUST05663,2025-05-03,Face Mask Set,1,20,16.0,False
ORD007931,CUST05664,2024-12-07,Eye Cream,2,0,52.0,True
ORD007932,CUST05664,2025-01-10,Hydrating Moisturizer,1,20,22.4,False
ORD007933,CUST05665,2024-12-22,SPF 50 Sunscreen,1,0,24.0,True
ORD007934,CUST05665,2025-01-05,Eye Cream,1,0,26.0,False
ORD007935,CUST05666,2025-03-30,SPF 50 Sunscreen,1,0,24.0,True
ORD007936,CUST05667,2025-02-12,SPF 50 Sunscreen,2,25,36.0,True
ORD007937,CUST05668,2025-04-30,SPF 50 Sunscreen,1,0,24.0,True
ORD007938,CUST05669,2024-03-09,Hydrating Moisturizer,1,15,23.8,True
ORD007939,CUST05670,2025-03-08,Niacinamide Serum,1,0,19.0,True
ORD007940,CUST05671,2025-05-12,Retinol Night Cream,1,20,25.6,True
ORD007941,CUST05672,2024-07-18,Retinol Night Cream,1,25,24.0,True
ORD007942,CUST05672,2024-08-31,Hydrating Moisturizer,2,20,44.8,False
ORD007943,CUST05673,2024-12-30,SPF 50 Sunscreen,1,0,24.0,True
ORD007944,CUST05673,2025-01-13,Hydrating Moisturizer,2,20,44.8,False
ORD007945,CUST05673,2025-01-27,Face Mask Set,1,0,20.0,False
ORD007946,CUST05674,2024-08-04,Hydrating Moisturizer,1,10,25.2,True
ORD007947,CUST05675,2025-07-05,Eye Cream,3,0,78.0,True
ORD007948,CUST05676,2024-02-21,Gentle Cleanser,1,0,16.0,True
ORD007949,CUST05677,2024-12-07,SPF 50 Sunscreen,1,0,24.0,True
ORD007950,CUST05678,2024-05-12,Vitamin C Serum,1,0,22.0,True
ORD007951,CUST05680,2024-05-21,Eye Cream,3,25,58.5,True
ORD007952,CUST05682,2024-11-14,Hydrating Moisturizer,1,20,22.4,True
ORD007953,CUST05682,2025-02-05,Face Mask Set,2,0,40.0,False
ORD007954,CUST05683,2025-06-14,Face Mask Set,1,0,20.0,True
ORD007955,CUST05684,2024-06-10,Face Mask Set,1,0,20.0,True
ORD007956,CUST05685,2024-04-29,SPF 50 Sunscreen,1,0,24.0,True
ORD007957,CUST05686,2025-03-17,Face Mask Set,1,15,17.0,True
ORD007958,CUST05687,2024-11-14,Hydrating Moisturizer,1,0,28.0,True
ORD007959,CUST05687,2024-12-03,Eye Cream,1,15,22.1,False
ORD007960,CUST05687,2025-03-21,SPF 50 Sunscreen,1,0,24.0,False
ORD007961,CUST05688,2025-06-14,Niacinamide Serum,1,15,16.15,True
ORD007962,CUST05689,2024-05-01,Hydrating Moisturizer,1,25,21.0,True
ORD007963,CUST05690,2025-01-02,Hydrating Moisturizer,2,10,50.4,True
ORD007964,CUST05692,2024-05-06,Vitamin C Serum,2,25,33.0,True
ORD007965,CUST05693,2025-01-30,Vitamin C Serum,1,15,18.7,True
ORD007966,CUST05693,2025-03-26,Hydrating Moisturizer,1,0,28.0,False
ORD007967,CUST05693,2025-04-18,Niacinamide Serum,1,0,19.0,False
ORD007968,CUST05694,2024-12-12,Retinol Night Cream,1,10,28.8,True
ORD007969,CUST05694,2025-04-25,Hydrating Moisturizer,2,25,42.0,False
ORD007970,CUST05694,2025-07-06,Retinol Night Cream,3,10,86.4,False
ORD007971,CUST05695,2025-03-14,Gentle Cleanser,1,0,16.0,True
ORD007972,CUST05696,2024-07-30,Hydrating Moisturizer,1,15,23.8,True
ORD007973,CUST05696,2024-08-13,Niacinamide Serum,2,25,28.5,False
ORD007974,CUST05696,2024-08-31,SPF 50 Sunscreen,1,0,24.0,False
ORD007975,CUST05696,2024-10-13,Niacinamide Serum,2,0,38.0,False
ORD007976,CUST05696,2024-10-30,Retinol Night Cream,2,15,54.4,False
ORD007977,CUST05696,2024-11-13,Hydrating Moisturizer,1,0,28.0,False
ORD007978,CUST05697,2024-10-29,SPF 50 Sunscreen,1,0,24.0,True
ORD007979,CUST05698,2024-10-02,SPF 50 Sunscreen,1,10,21.6,True
ORD007980,CUST05699,2025-07-22,Gentle Cleanser,2,0,32.0,True
ORD007981,CUST05700,2024-07-21,Eye Cream,2,20,41.6,True
ORD007982,CUST05702,2024-09-02,Gentle Cleanser,2,10,28.8,True
ORD007983,CUST05704,2024-06-29,Vitamin C Serum,1,0,22.0,True
ORD007984,CUST05704,2024-07-13,Gentle Cleanser,1,15,13.6,False
ORD007985,CUST05704,2024-09-03,Retinol Night Cream,3,15,81.6,False
ORD007986,CUST05704,2024-09-18,Niacinamide Serum,3,0,57.0,False
ORD007987,CUST05704,2025-05-20,Retinol Night Cream,1,20,25.6,False
ORD007988,CUST05705,2025-06-17,SPF 50 Sunscreen,1,0,24.0,True
ORD007989,CUST05706,2024-07-02,Gentle Cleanser,1,0,16.0,True
ORD007990,CUST05707,2025-06-07,Vitamin C Serum,3,0,66.0,True
ORD007991,CUST05708,2024-04-06,Hydrating Moisturizer,1,15,23.8,True
ORD007992,CUST05708,2024-06-11,SPF 50 Sunscreen,3,15,61.2,False
ORD007993,CUST05709,2025-01-09,Retinol Night Cream,1,0,32.0,True
ORD007994,CUST05710,2025-06-12,Gentle Cleanser,1,0,16.0,True
ORD007995,CUST05711,2024-05-15,Niacinamide Serum,2,0,38.0,True
ORD007996,CUST05712,2025-07-11,SPF 50 Sunscreen,2,0,48.0,True
ORD007997,CUST05713,2024-10-31,Gentle Cleanser,1,0,16.0,True
ORD007998,CUST05713,2024-11-14,Face Mask Set,1,25,15.0,False
ORD007999,CUST05713,2024-12-22,Retinol Night Cream,3,0,96.0,False
ORD008000,CUST05713,2025-01-24,Retinol Night Cream,1,0,32.0,False
ORD008001,CUST05714,2025-06-28,Eye Cream,1,0,26.0,True
ORD008002,CUST05715,2025-01-23,Eye Cream,1,0,26.0,True
ORD008003,CUST05716,2024-07-25,Gentle Cleanser,1,0,16.0,True
ORD008004,CUST05717,2024-05-27,Niacinamide Serum,2,0,38.0,True
ORD008005,CUST05718,2024-07-28,Eye Cream,1,0,26.0,True
ORD008006,CUST05718,2024-10-01,Face Mask Set,1,0,20.0,False
ORD008007,CUST05719,2024-03-30,Vitamin C Serum,1,0,22.0,True
ORD008008,CUST05720,2024-05-01,Niacinamide Serum,1,15,16.15,True
ORD008009,CUST05721,2024-04-06,Vitamin C Serum,2,10,39.6,True
ORD008010,CUST05722,2024-10-12,Face Mask Set,2,0,40.0,True
ORD008011,CUST05722,2025-02-14,Face Mask Set,3,0,60.0,False
ORD008012,CUST05723,2025-04-06,Face Mask Set,1,0,20.0,True
ORD008013,CUST05724,2024-04-28,Niacinamide Serum,1,10,17.1,True
ORD008014,CUST05725,2024-04-22,Niacinamide Serum,1,15,16.15,True
ORD008015,CUST05726,2025-01-02,Hydrating Moisturizer,1,15,23.8,True
ORD008016,CUST05727,2024-06-01,Hydrating Moisturizer,1,20,22.4,True
ORD008017,CUST05727,2024-06-15,SPF 50 Sunscreen,2,0,48.0,False
ORD008018,CUST05728,2024-04-03,Gentle Cleanser,1,0,16.0,True
ORD008019,CUST05728,2024-04-17,Niacinamide Serum,1,15,16.15,False
ORD008020,CUST05729,2024-05-13,Retinol Night Cream,1,0,32.0,True
ORD008021,CUST05730,2025-06-20,SPF 50 Sunscreen,1,0,24.0,True
ORD008022,CUST05731,2025-04-23,Vitamin C Serum,1,15,18.7,True
ORD008023,CUST05731,2025-07-30,Face Mask Set,1,0,20.0,False
ORD008024,CUST05732,2024-08-30,Retinol Night Cream,1,0,32.0,True
ORD008025,CUST05733,2025-01-08,Hydrating Moisturizer,3,0,84.0,True
ORD008026,CUST05733,2025-01-28,Face Mask Set,2,0,40.0,False
ORD008027,CUST05734,2024-11-25,Gentle Cleanser,3,25,36.0,True
ORD008028,CUST05737,2024-12-26,Gentle Cleanser,1,15,13.6,True
ORD008029,CUST05738,2024-07-03,Vitamin C Serum,1,10,19.8,True
ORD008030,CUST05739,2024-02-25,SPF 50 Sunscreen,1,0,24.0,True
ORD008031,CUST05740,2024-11-02,Gentle Cleanser,1,0,16.0,True
ORD008032,CUST05741,2025-06-04,Eye Cream,1,0,26.0,True
ORD008033,CUST05742,2024-12-04,Vitamin C Serum,1,0,22.0,True
ORD008034,CUST05743,2025-05-01,Eye Cream,1,10,23.4,True
ORD008035,CUST05744,2025-07-25,Hydrating Moisturizer,2,15,47.6,True
ORD008036,CUST05745,2024-05-10,Niacinamide Serum,1,0,19.0,True
ORD008037,CUST05745,2024-05-24,SPF 50 Sunscreen,1,20,19.2,False
ORD008038,CUST05745,2024-08-17,Gentle Cleanser,1,20,12.8,False
ORD008039,CUST05746,2025-02-03,Hydrating Moisturizer,2,25,42.0,True
ORD008040,CUST05746,2025-03-04,SPF 50 Sunscreen,3,20,57.6,False
ORD008041,CUST05747,2025-01-23,Niacinamide Serum,3,25,42.75,True
ORD008042,CUST05748,2025-07-20,SPF 50 Sunscreen,1,0,24.0,True
ORD008043,CUST05749,2025-07-22,Eye Cream,2,0,52.0,True
ORD008044,CUST05750,2025-01-29,Gentle Cleanser,1,0,16.0,True
ORD008045,CUST05750,2025-04-13,Hydrating Moisturizer,1,10,25.2,False
ORD008046,CUST05751,2024-06-24,Gentle Cleanser,2,20,25.6,True
ORD008047,CUST05751,2024-07-08,SPF 50 Sunscreen,1,15,20.4,False
ORD008048,CUST05752,2025-04-10,Retinol Night Cream,1,10,28.8,True
ORD008049,CUST05752,2025-05-06,Gentle Cleanser,3,10,43.2,False
ORD008050,CUST05752,2025-05-20,Vitamin C Serum,2,0,44.0,False
ORD008051,CUST05753,2024-04-09,Face Mask Set,2,0,40.0,True
ORD008052,CUST05753,2024-05-03,SPF 50 Sunscreen,3,0,72.0,False
ORD008053,CUST05754,2025-03-31,Niacinamide Serum,3,0,57.0,True
ORD008054,CUST05755,2025-06-14,Hydrating Moisturizer,1,0,28.0,True
ORD008055,CUST05756,2024-09-17,Vitamin C Serum,1,20,17.6,True
ORD008056,CUST05758,2024-10-17,Retinol Night Cream,1,0,32.0,True
ORD008057,CUST05759,2024-10-20,SPF 50 Sunscreen,1,0,24.0,True
ORD008058,CUST05760,2024-08-02,Hydrating Moisturizer,1,0,28.0,True
ORD008059,CUST05760,2024-10-29,Face Mask Set,1,0,20.0,False
ORD008060,CUST05761,2025-03-18,Vitamin C Serum,1,0,22.0,True
ORD008061,CUST05762,2025-06-25,SPF 50 Sunscreen,1,10,21.6,True
ORD008062,CUST05763,2025-06-27,Retinol Night Cream,2,10,57.6,True
ORD008063,CUST05764,2024-05-18,Hydrating Moisturizer,2,25,42.0,True
ORD008064,CUST05765,2025-05-27,Face Mask Set,1,0,20.0,True
ORD008065,CUST05766,2025-03-04,Face Mask Set,2,15,34.0,True
ORD008066,CUST05766,2025-05-02,Vitamin C Serum,2,0,44.0,False
ORD008067,CUST05767,2024-06-29,Face Mask Set,2,0,40.0,True
ORD008068,CUST05768,2024-03-14,Hydrating Moisturizer,2,20,44.8,True
ORD008069,CUST05768,2024-08-29,Hydrating Moisturizer,1,0,28.0,False
ORD008070,CUST05769,2024-07-05,Gentle Cleanser,2,0,32.0,True
ORD008071,CUST05769,2024-07-19,Niacinamide Serum,3,25,42.75,False
ORD008072,CUST05769,2024-08-26,Niacinamide Serum,2,0,38.0,False
ORD008073,CUST05770,2025-06-13,Niacinamide Serum,1,0,19.0,True
ORD008074,CUST05771,2024-12-28,Face Mask Set,1,15,17.0,True
ORD008075,CUST05772,2025-02-20,SPF 50 Sunscreen,2,15,40.8,True
ORD008076,CUST05773,2024-06-30,Niacinamide Serum,1,0,19.0,True
ORD008077,CUST05773,2024-07-14,SPF 50 Sunscreen,1,0,24.0,False
ORD008078,CUST05774,2025-02-20,Niacinamide Serum,2,0,38.0,True
ORD008079,CUST05777,2024-12-24,Gentle Cleanser,2,0,32.0,True
ORD008080,CUST05777,2025-02-07,Niacinamide Serum,1,0,19.0,False
ORD008081,CUST05778,2024-05-01,Vitamin C Serum,1,0,22.0,True
ORD008082,CUST05779,2025-04-23,Eye Cream,1,0,26.0,True
ORD008083,CUST05780,2024-06-21,Face Mask Set,1,0,20.0,True
ORD008084,CUST05780,2024-09-05,Hydrating Moisturizer,1,15,23.8,False
ORD008085,CUST05781,2025-01-08,SPF 50 Sunscreen,1,0,24.0,True
ORD008086,CUST05782,2024-09-30,Gentle Cleanser,3,0,48.0,True
ORD008087,CUST05783,2024-12-13,Retinol Night Cream,2,0,64.0,True
ORD008088,CUST05785,2024-02-13,Eye Cream,1,0,26.0,True
ORD008089,CUST05786,2025-06-13,SPF 50 Sunscreen,1,0,24.0,True
ORD008090,CUST05787,2024-07-07,Face Mask Set,2,0,40.0,True
ORD008091,CUST05788,2025-04-21,Eye Cream,1,0,26.0,True
ORD008092,CUST05789,2025-08-02,Face Mask Set,2,0,40.0,True
ORD008093,CUST05790,2024-06-08,Gentle Cleanser,2,25,24.0,True
ORD008094,CUST05790,2024-07-08,Vitamin C Serum,2,15,37.4,False
ORD008095,CUST05791,2024-07-05,SPF 50 Sunscreen,2,0,48.0,True
ORD008096,CUST05792,2025-01-12,Gentle Cleanser,1,20,12.8,True
ORD008097,CUST05793,2025-07-11,Hydrating Moisturizer,2,15,47.6,True
ORD008098,CUST05794,2025-06-17,Vitamin C Serum,1,15,18.7,True
ORD008099,CUST05794,2025-07-26,Niacinamide Serum,2,0,38.0,False
ORD008100,CUST05795,2024-11-13,Retinol Night Cream,2,0,64.0,True
ORD008101,CUST05795,2024-12-21,Hydrating Moisturizer,1,0,28.0,False
ORD008102,CUST05795,2025-02-12,Vitamin C Serum,1,10,19.8,False
ORD008103,CUST05795,2025-02-26,Eye Cream,2,0,52.0,False
ORD008104,CUST05795,2025-05-06,Gentle Cleanser,1,15,13.6,False
ORD008105,CUST05795,2025-06-18,Eye Cream,1,0,26.0,False
ORD008106,CUST05795,2025-07-20,Gentle Cleanser,1,15,13.6,False
ORD008107,CUST05796,2025-04-09,Gentle Cleanser,3,0,48.0,True
ORD008108,CUST05797,2024-04-26,Eye Cream,1,0,26.0,True
ORD008109,CUST05797,2024-08-18,Eye Cream,1,0,26.0,False
ORD008110,CUST05797,2024-11-19,Eye Cream,1,0,26.0,False
ORD008111,CUST05797,2025-01-08,Eye Cream,2,0,52.0,False
ORD008112,CUST05798,2025-07-20,Eye Cream,1,0,26.0,True
ORD008113,CUST05799,2025-07-11,Face Mask Set,1,0,20.0,True
ORD008114,CUST05800,2024-05-11,Eye Cream,1,25,19.5,True
ORD008115,CUST05801,2024-07-25,SPF 50 Sunscreen,3,0,72.0,True
ORD008116,CUST05801,2024-08-08,Niacinamide Serum,2,0,38.0,False
ORD008117,CUST05801,2024-08-22,Hydrating Moisturizer,1,0,28.0,False
ORD008118,CUST05802,2024-04-05,Face Mask Set,1,0,20.0,True
ORD008119,CUST05802,2024-04-23,Hydrating Moisturizer,1,0,28.0,False
ORD008120,CUST05803,2024-07-09,Retinol Night Cream,1,20,25.6,True
ORD008121,CUST05803,2024-09-18,Retinol Night Cream,1,20,25.6,False
ORD008122,CUST05803,2024-10-25,Gentle Cleanser,1,10,14.4,False
ORD008123,CUST05803,2024-12-15,Hydrating Moisturizer,1,25,21.0,False
ORD008124,CUST05803,2025-04-19,Retinol Night Cream,2,0,64.0,False
ORD008125,CUST05804,2025-04-20,Face Mask Set,2,0,40.0,True
ORD008126,CUST05804,2025-05-04,Vitamin C Serum,1,0,22.0,False
ORD008127,CUST05805,2024-09-16,SPF 50 Sunscreen,1,25,18.0,True
ORD008128,CUST05805,2024-12-14,Vitamin C Serum,1,0,22.0,False
ORD008129,CUST05805,2025-01-26,Vitamin C Serum,1,0,22.0,False
ORD008130,CUST05806,2024-03-25,Niacinamide Serum,1,0,19.0,True
ORD008131,CUST05807,2024-08-24,Gentle Cleanser,1,0,16.0,True
ORD008132,CUST05808,2025-07-22,Retinol Night Cream,1,0,32.0,True
ORD008133,CUST05809,2024-12-25,Retinol Night Cream,1,0,32.0,True
ORD008134,CUST05810,2024-10-09,Hydrating Moisturizer,1,20,22.4,True
ORD008135,CUST05811,2024-05-15,Gentle Cleanser,2,0,32.0,True
ORD008136,CUST05811,2024-05-29,Eye Cream,1,0,26.0,False
ORD008137,CUST05812,2025-07-23,Gentle Cleanser,2,20,25.6,True
ORD008138,CUST05813,2025-04-21,Face Mask Set,1,0,20.0,True
ORD008139,CUST05813,2025-05-05,Face Mask Set,1,20,16.0,False
ORD008140,CUST05814,2024-07-14,Face Mask Set,1,20,16.0,True
ORD008141,CUST05814,2024-10-08,Niacinamide Serum,1,0,19.0,False
ORD008142,CUST05814,2024-10-24,Niacinamide Serum,2,0,38.0,False
ORD008143,CUST05815,2024-03-15,SPF 50 Sunscreen,2,0,48.0,True
ORD008144,CUST05815,2024-05-19,Hydrating Moisturizer,2,0,56.0,False
ORD008145,CUST05815,2024-07-13,Face Mask Set,2,0,40.0,False
ORD008146,CUST05816,2024-03-08,Eye Cream,1,0,26.0,True
ORD008147,CUST05816,2024-05-17,Eye Cream,1,0,26.0,False
ORD008148,CUST05817,2024-04-17,Retinol Night Cream,1,15,27.2,True
ORD008149,CUST05817,2024-05-14,Retinol Night Cream,1,0,32.0,False
ORD008150,CUST05817,2024-06-01,Niacinamide Serum,2,0,38.0,False
ORD008151,CUST05818,2024-12-07,SPF 50 Sunscreen,2,20,38.4,True
ORD008152,CUST05819,2025-06-20,Gentle Cleanser,1,0,16.0,True
ORD008153,CUST05820,2024-11-12,Gentle Cleanser,1,10,14.4,True
ORD008154,CUST05820,2025-03-29,Gentle Cleanser,2,15,27.2,False
ORD008155,CUST05820,2025-04-12,SPF 50 Sunscreen,1,0,24.0,False
ORD008156,CUST05821,2025-05-07,Hydrating Moisturizer,1,0,28.0,True
ORD008157,CUST05822,2024-10-25,Gentle Cleanser,1,20,12.8,True
ORD008158,CUST05822,2025-07-23,Retinol Night Cream,3,20,76.8,False
ORD008159,CUST05823,2025-02-14,Face Mask Set,1,15,17.0,True
ORD008160,CUST05824,2025-02-28,Eye Cream,3,10,70.2,True
ORD008161,CUST05825,2024-05-17,Eye Cream,2,0,52.0,True
ORD008162,CUST05825,2024-05-31,Retinol Night Cream,1,0,32.0,False
ORD008163,CUST05826,2024-09-03,Niacinamide Serum,1,20,15.2,True
ORD008164,CUST05826,2024-12-04,Gentle Cleanser,1,0,16.0,False
ORD008165,CUST05827,2024-12-28,Vitamin C Serum,3,25,49.5,True
ORD008166,CUST05828,2024-03-15,Hydrating Moisturizer,1,15,23.8,True
ORD008167,CUST05828,2024-03-30,Retinol Night Cream,1,0,32.0,False
ORD008168,CUST05829,2024-09-04,Eye Cream,2,0,52.0,True
ORD008169,CUST05830,2024-11-22,Face Mask Set,1,0,20.0,True
ORD008170,CUST05831,2025-07-29,Retinol Night Cream,1,0,32.0,True
ORD008171,CUST05832,2024-11-06,Niacinamide Serum,1,0,19.0,True
ORD008172,CUST05833,2025-04-20,SPF 50 Sunscreen,1,0,24.0,True
ORD008173,CUST05834,2024-10-18,SPF 50 Sunscreen,1,0,24.0,True
ORD008174,CUST05834,2024-11-01,Niacinamide Serum,1,0,19.0,False
ORD008175,CUST05834,2025-01-17,Niacinamide Serum,3,15,48.45,False
ORD008176,CUST05834,2025-05-07,Hydrating Moisturizer,1,0,28.0,False
ORD008177,CUST05835,2025-04-07,Eye Cream,2,0,52.0,True
ORD008178,CUST05835,2025-05-05,Niacinamide Serum,1,0,19.0,False
ORD008179,CUST05836,2024-12-14,Hydrating Moisturizer,1,25,21.0,True
ORD008180,CUST05837,2025-06-03,Eye Cream,1,0,26.0,True
ORD008181,CUST05838,2024-10-05,SPF 50 Sunscreen,3,0,72.0,True
ORD008182,CUST05840,2024-12-27,Retinol Night Cream,2,0,64.0,True
ORD008183,CUST05840,2025-03-03,Vitamin C Serum,1,0,22.0,False
ORD008184,CUST05841,2024-10-08,Face Mask Set,1,0,20.0,True
ORD008185,CUST05842,2024-04-28,Face Mask Set,1,0,20.0,True
ORD008186,CUST05842,2024-07-18,Eye Cream,3,0,78.0,False
ORD008187,CUST05843,2024-04-01,Vitamin C Serum,1,25,16.5,True
ORD008188,CUST05844,2024-02-11,Vitamin C Serum,1,20,17.6,True
ORD008189,CUST05845,2025-05-23,Vitamin C Serum,1,10,19.8,True
ORD008190,CUST05846,2024-06-18,Retinol Night Cream,2,0,64.0,True
ORD008191,CUST05847,2024-06-08,Hydrating Moisturizer,1,0,28.0,True
ORD008192,CUST05848,2025-03-04,Gentle Cleanser,2,20,25.6,True
ORD008193,CUST05849,2024-08-05,Niacinamide Serum,1,0,19.0,True
ORD008194,CUST05850,2024-11-17,Eye Cream,2,0,52.0,True
ORD008195,CUST05851,2024-05-11,Eye Cream,1,0,26.0,True
ORD008196,CUST05851,2024-09-26,Hydrating Moisturizer,2,10,50.4,False
ORD008197,CUST05852,2025-07-09,Vitamin C Serum,1,10,19.8,True
ORD008198,CUST05853,2025-05-10,Face Mask Set,1,0,20.0,True
ORD008199,CUST05855,2024-10-03,Face Mask Set,1,25,15.0,True
ORD008200,CUST05855,2025-02-20,Vitamin C Serum,1,15,18.7,False
ORD008201,CUST05856,2025-03-19,Retinol Night Cream,1,20,25.6,True
ORD008202,CUST05857,2024-05-01,Hydrating Moisturizer,1,0,28.0,True
ORD008203,CUST05857,2024-05-26,SPF 50 Sunscreen,3,15,61.2,False
ORD008204,CUST05858,2024-02-08,Vitamin C Serum,1,0,22.0,True
ORD008205,CUST05859,2024-02-16,Gentle Cleanser,1,25,12.0,True
ORD008206,CUST05859,2024-03-04,Hydrating Moisturizer,1,0,28.0,False
ORD008207,CUST05859,2024-07-23,Vitamin C Serum,2,25,33.0,False
ORD008208,CUST05860,2024-12-12,Face Mask Set,1,0,20.0,True
ORD008209,CUST05861,2024-10-31,Vitamin C Serum,3,10,59.4,True
ORD008210,CUST05861,2024-11-14,Niacinamide Serum,3,20,45.6,False
ORD008211,CUST05862,2024-11-19,Vitamin C Serum,1,0,22.0,True
ORD008212,CUST05862,2025-01-09,Retinol Night Cream,1,15,27.2,False
ORD008213,CUST05863,2024-02-07,Hydrating Moisturizer,1,15,23.8,True
ORD008214,CUST05863,2024-03-20,Niacinamide Serum,1,10,17.1,False
ORD008215,CUST05864,2024-10-14,Hydrating Moisturizer,3,25,63.0,True
ORD008216,CUST05865,2025-02-20,Face Mask Set,1,0,20.0,True
ORD008217,CUST05865,2025-03-06,Vitamin C Serum,1,25,16.5,False
ORD008218,CUST05866,2024-10-24,Niacinamide Serum,1,10,17.1,True
ORD008219,CUST05866,2024-11-14,Hydrating Moisturizer,2,0,56.0,False
ORD008220,CUST05866,2024-12-14,Niacinamide Serum,1,15,16.15,False
ORD008221,CUST05867,2025-02-27,Hydrating Moisturizer,2,15,47.6,True
ORD008222,CUST05868,2024-06-18,Niacinamide Serum,1,20,15.2,True
ORD008223,CUST05869,2025-04-20,Retinol Night Cream,3,10,86.4,True
ORD008224,CUST05869,2025-05-11,Niacinamide Serum,1,0,19.0,False
ORD008225,CUST05870,2024-12-11,Retinol Night Cream,1,0,32.0,True
ORD008226,CUST05870,2025-01-07,Niacinamide Serum,1,0,19.0,False
ORD008227,CUST05871,2024-06-06,Gentle Cleanser,2,20,25.6,True
ORD008228,CUST05872,2024-06-18,Hydrating Moisturizer,1,0,28.0,True
ORD008229,CUST05873,2024-12-25,SPF 50 Sunscreen,1,0,24.0,True
ORD008230,CUST05874,2025-04-28,Hydrating Moisturizer,1,0,28.0,True
ORD008231,CUST05875,2024-10-07,Retinol Night Cream,1,0,32.0,True
ORD008232,CUST05875,2024-11-27,Vitamin C Serum,2,0,44.0,False
ORD008233,CUST05875,2024-12-27,Hydrating Moisturizer,1,0,28.0,False
ORD008234,CUST05876,2024-07-01,Vitamin C Serum,1,0,22.0,True
ORD008235,CUST05877,2025-05-21,Hydrating Moisturizer,1,0,28.0,True
ORD008236,CUST05878,2025-01-18,Hydrating Moisturizer,1,0,28.0,True
ORD008237,CUST05878,2025-02-08,Niacinamide Serum,1,15,16.15,False
ORD008238,CUST05879,2024-10-29,Gentle Cleanser,1,0,16.0,True
ORD008239,CUST05879,2024-11-21,Eye Cream,3,0,78.0,False
ORD008240,CUST05880,2024-11-11,Vitamin C Serum,1,0,22.0,True
ORD008241,CUST05880,2025-03-12,Face Mask Set,1,10,18.0,False
ORD008242,CUST05881,2024-06-04,Gentle Cleanser,1,15,13.6,True
ORD008243,CUST05882,2024-12-24,Hydrating Moisturizer,2,0,56.0,True
ORD008244,CUST05883,2024-09-03,Gentle Cleanser,2,0,32.0,True
ORD008245,CUST05883,2024-11-08,Niacinamide Serum,1,0,19.0,False
ORD008246,CUST05884,2025-07-30,Hydrating Moisturizer,1,0,28.0,True
ORD008247,CUST05885,2024-11-07,Gentle Cleanser,3,20,38.4,True
ORD008248,CUST05886,2024-11-10,Retinol Night Cream,2,10,57.6,True
ORD008249,CUST05886,2024-12-21,Retinol Night Cream,2,25,48.0,False
ORD008250,CUST05887,2024-12-02,Face Mask Set,2,10,36.0,True
ORD008251,CUST05889,2025-04-11,Niacinamide Serum,1,0,19.0,True
ORD008252,CUST05890,2024-10-31,Hydrating Moisturizer,1,25,21.0,True
ORD008253,CUST05890,2024-11-14,Retinol Night Cream,1,0,32.0,False
ORD008254,CUST05890,2024-11-30,Face Mask Set,1,0,20.0,False
ORD008255,CUST05891,2025-02-20,SPF 50 Sunscreen,2,10,43.2,True
ORD008256,CUST05891,2025-04-12,Eye Cream,1,0,26.0,False
ORD008257,CUST05892,2024-12-09,Gentle Cleanser,1,0,16.0,True
ORD008258,CUST05892,2025-04-27,Hydrating Moisturizer,1,0,28.0,False
ORD008259,CUST05892,2025-05-11,Eye Cream,1,20,20.8,False
ORD008260,CUST05892,2025-07-01,SPF 50 Sunscreen,3,0,72.0,False
ORD008261,CUST05896,2024-06-23,Hydrating Moisturizer,1,20,22.4,True
ORD008262,CUST05896,2024-08-27,Niacinamide Serum,3,25,42.75,False
ORD008263,CUST05897,2025-06-14,SPF 50 Sunscreen,1,0,24.0,True
ORD008264,CUST05898,2024-08-19,Eye Cream,1,0,26.0,True
ORD008265,CUST05900,2024-11-24,Face Mask Set,1,25,15.0,True
ORD008266,CUST05900,2025-01-06,Eye Cream,2,10,46.8,False
ORD008267,CUST05900,2025-03-07,Vitamin C Serum,1,25,16.5,False
ORD008268,CUST05901,2024-12-26,SPF 50 Sunscreen,2,10,43.2,True
ORD008269,CUST05901,2025-02-06,Vitamin C Serum,2,0,44.0,False
ORD008270,CUST05903,2024-04-19,Face Mask Set,1,0,20.0,True
ORD008271,CUST05904,2024-09-14,Niacinamide Serum,1,0,19.0,True
ORD008272,CUST05905,2024-04-02,Face Mask Set,1,0,20.0,True
ORD008273,CUST05907,2024-10-27,SPF 50 Sunscreen,1,0,24.0,True
ORD008274,CUST05908,2025-03-29,Vitamin C Serum,2,25,33.0,True
ORD008275,CUST05909,2024-06-13,Face Mask Set,2,0,40.0,True
ORD008276,CUST05910,2024-05-13,Vitamin C Serum,1,15,18.7,True
ORD008277,CUST05911,2024-10-01,Niacinamide Serum,1,10,17.1,True
ORD008278,CUST05912,2025-06-22,Eye Cream,1,0,26.0,True
ORD008279,CUST05913,2025-02-16,Niacinamide Serum,2,0,38.0,True
ORD008280,CUST05913,2025-03-27,Face Mask Set,1,0,20.0,False
ORD008281,CUST05914,2024-10-08,Face Mask Set,1,0,20.0,True
ORD008282,CUST05914,2024-11-11,Gentle Cleanser,2,25,24.0,False
ORD008283,CUST05915,2024-11-19,Gentle Cleanser,1,20,12.8,True
ORD008284,CUST05915,2025-03-23,Face Mask Set,1,0,20.0,False
ORD008285,CUST05916,2024-03-26,Niacinamide Serum,2,0,38.0,True
ORD008286,CUST05917,2025-07-24,Eye Cream,2,0,52.0,True
ORD008287,CUST05918,2025-01-15,SPF 50 Sunscreen,1,0,24.0,True
ORD008288,CUST05918,2025-02-24,Vitamin C Serum,1,0,22.0,False
ORD008289,CUST05919,2024-07-15,SPF 50 Sunscreen,1,0,24.0,True
ORD008290,CUST05919,2025-04-17,Gentle Cleanser,3,20,38.4,False
ORD008291,CUST05920,2024-12-11,Gentle Cleanser,1,15,13.6,True
ORD008292,CUST05921,2024-04-07,Hydrating Moisturizer,1,15,23.8,True
ORD008293,CUST05922,2025-07-10,Eye Cream,1,0,26.0,True
ORD008294,CUST05923,2024-05-20,Face Mask Set,1,0,20.0,True
ORD008295,CUST05924,2025-01-04,Niacinamide Serum,1,0,19.0,True
ORD008296,CUST05925,2024-06-25,Eye Cream,1,0,26.0,True
ORD008297,CUST05926,2025-02-18,Gentle Cleanser,2,10,28.8,True
ORD008298,CUST05926,2025-03-17,Retinol Night Cream,1,20,25.6,False
ORD008299,CUST05927,2025-03-26,Eye Cream,1,25,19.5,True
ORD008300,CUST05929,2024-12-21,Retinol Night Cream,1,25,24.0,True
ORD008301,CUST05929,2025-01-14,Gentle Cleanser,1,0,16.0,False
ORD008302,CUST05930,2025-06-04,Vitamin C Serum,3,25,49.5,True
ORD008303,CUST05931,2024-03-20,Retinol Night Cream,1,0,32.0,True
ORD008304,CUST05932,2024-08-16,Vitamin C Serum,1,0,22.0,True
ORD008305,CUST05933,2024-06-24,Vitamin C Serum,1,25,16.5,True
ORD008306,CUST05933,2024-08-22,Niacinamide Serum,3,0,57.0,False
ORD008307,CUST05933,2024-12-25,Face Mask Set,1,0,20.0,False
ORD008308,CUST05933,2025-03-19,Retinol Night Cream,2,0,64.0,False
ORD008309,CUST05934,2025-07-25,Face Mask Set,2,0,40.0,True
ORD008310,CUST05935,2024-09-20,Vitamin C Serum,2,0,44.0,True
ORD008311,CUST05936,2025-02-28,Eye Cream,3,0,78.0,True
ORD008312,CUST05937,2025-01-28,Eye Cream,2,0,52.0,True
ORD008313,CUST05937,2025-03-02,Vitamin C Serum,2,0,44.0,False
ORD008314,CUST05938,2024-06-09,Eye Cream,1,25,19.5,True
ORD008315,CUST05938,2024-06-23,Retinol Night Cream,1,0,32.0,False
ORD008316,CUST05938,2024-09-03,Retinol Night Cream,2,0,64.0,False
ORD008317,CUST05939,2024-06-21,Gentle Cleanser,2,10,28.8,True
ORD008318,CUST05940,2024-07-13,Gentle Cleanser,2,25,24.0,True
ORD008319,CUST05941,2024-10-05,SPF 50 Sunscreen,1,10,21.6,True
ORD008320,CUST05943,2024-02-13,Face Mask Set,1,0,20.0,True
ORD008321,CUST05944,2025-05-30,Hydrating Moisturizer,1,0,28.0,True
ORD008322,CUST05945,2025-07-10,Gentle Cleanser,2,0,32.0,True
ORD008323,CUST05946,2024-08-23,Hydrating Moisturizer,1,0,28.0,True
ORD008324,CUST05947,2024-08-19,Face Mask Set,2,0,40.0,True
ORD008325,CUST05947,2024-11-14,Niacinamide Serum,2,0,38.0,False
ORD008326,CUST05948,2024-02-05,Retinol Night Cream,2,0,64.0,True
ORD008327,CUST05949,2025-01-25,Retinol Night Cream,1,10,28.8,True
ORD008328,CUST05950,2025-04-24,Face Mask Set,3,0,60.0,True
ORD008329,CUST05951,2024-04-30,Hydrating Moisturizer,1,0,28.0,True
ORD008330,CUST05951,2024-08-08,SPF 50 Sunscreen,1,10,21.6,False
ORD008331,CUST05951,2024-10-29,Hydrating Moisturizer,1,10,25.2,False
ORD008332,CUST05952,2024-05-10,Retinol Night Cream,3,15,81.6,True
ORD008333,CUST05953,2025-04-04,SPF 50 Sunscreen,1,0,24.0,True
ORD008334,CUST05954,2024-12-23,Gentle Cleanser,2,0,32.0,True
ORD008335,CUST05954,2025-01-06,Retinol Night Cream,1,0,32.0,False
ORD008336,CUST05955,2024-03-01,Niacinamide Serum,2,10,34.2,True
ORD008337,CUST05956,2024-12-24,Eye Cream,1,15,22.1,True
ORD008338,CUST05957,2024-08-01,Niacinamide Serum,2,0,38.0,True
ORD008339,CUST05959,2025-03-22,Gentle Cleanser,1,0,16.0,True
ORD008340,CUST05959,2025-04-05,Hydrating Moisturizer,3,25,63.0,False
ORD008341,CUST05960,2025-04-18,Retinol Night Cream,1,0,32.0,True
ORD008342,CUST05960,2025-06-26,Face Mask Set,1,20,16.0,False
ORD008343,CUST05960,2025-07-21,Retinol Night Cream,1,0,32.0,False
ORD008344,CUST05961,2024-09-28,Vitamin C Serum,1,20,17.6,True
ORD008345,CUST05961,2025-03-12,Face Mask Set,3,15,51.0,False
ORD008346,CUST05963,2024-10-04,Niacinamide Serum,1,0,19.0,True
ORD008347,CUST05964,2025-03-25,Vitamin C Serum,1,0,22.0,True
ORD008348,CUST05965,2024-11-10,Retinol Night Cream,1,0,32.0,True
ORD008349,CUST05965,2024-12-16,SPF 50 Sunscreen,1,0,24.0,False
ORD008350,CUST05965,2025-01-19,Eye Cream,2,20,41.6,False
ORD008351,CUST05966,2025-06-07,SPF 50 Sunscreen,1,25,18.0,True
ORD008352,CUST05967,2025-06-12,Retinol Night Cream,2,0,64.0,True
ORD008353,CUST05968,2024-03-25,Retinol Night Cream,2,25,48.0,True
ORD008354,CUST05969,2025-06-27,Vitamin C Serum,1,0,22.0,True
ORD008355,CUST05970,2025-04-24,Niacinamide Serum,1,0,19.0,True
ORD008356,CUST05970,2025-05-28,Face Mask Set,2,0,40.0,False
ORD008357,CUST05971,2025-04-03,Vitamin C Serum,1,0,22.0,True
ORD008358,CUST05971,2025-04-17,Face Mask Set,1,15,17.0,False
ORD008359,CUST05971,2025-05-01,Eye Cream,1,20,20.8,False
ORD008360,CUST05972,2024-06-05,SPF 50 Sunscreen,1,0,24.0,True
ORD008361,CUST05973,2025-04-12,Retinol Night Cream,2,0,64.0,True
ORD008362,CUST05974,2025-05-10,Hydrating Moisturizer,1,0,28.0,True
ORD008363,CUST05975,2024-07-18,Face Mask Set,1,0,20.0,True
ORD008364,CUST05976,2025-07-04,Niacinamide Serum,1,0,19.0,True
ORD008365,CUST05977,2024-03-03,Retinol Night Cream,2,0,64.0,True
ORD008366,CUST05977,2024-05-11,Retinol Night Cream,1,15,27.2,False
ORD008367,CUST05977,2024-06-03,SPF 50 Sunscreen,3,25,54.0,False
ORD008368,CUST05977,2025-03-19,Niacinamide Serum,1,0,19.0,False
ORD008369,CUST05978,2024-05-03,Retinol Night Cream,1,0,32.0,True
ORD008370,CUST05979,2024-11-26,Niacinamide Serum,1,0,19.0,True
ORD008371,CUST05980,2024-12-07,SPF 50 Sunscreen,2,0,48.0,True
ORD008372,CUST05981,2024-12-31,Gentle Cleanser,1,0,16.0,True
ORD008373,CUST05982,2024-02-11,SPF 50 Sunscreen,2,0,48.0,True
ORD008374,CUST05982,2024-02-25,Retinol Night Cream,1,25,24.0,False
ORD008375,CUST05983,2025-07-08,Vitamin C Serum,1,0,22.0,True
ORD008376,CUST05984,2024-02-29,Niacinamide Serum,1,0,19.0,True
ORD008377,CUST05984,2024-04-06,Hydrating Moisturizer,1,15,23.8,False
ORD008378,CUST05985,2024-04-29,Face Mask Set,1,15,17.0,True
ORD008379,CUST05986,2024-02-09,Niacinamide Serum,1,0,19.0,True
ORD008380,CUST05986,2024-04-06,Face Mask Set,2,20,32.0,False
ORD008381,CUST05987,2024-12-02,Vitamin C Serum,3,0,66.0,True
ORD008382,CUST05987,2025-01-12,Eye Cream,1,0,26.0,False
ORD008383,CUST05989,2025-01-16,Niacinamide Serum,2,0,38.0,True
ORD008384,CUST05990,2025-04-25,Gentle Cleanser,2,0,32.0,True
ORD008385,CUST05990,2025-07-02,SPF 50 Sunscreen,3,20,57.6,False
ORD008386,CUST05991,2024-02-12,Vitamin C Serum,1,10,19.8,True
ORD008387,CUST05992,2024-11-25,Retinol Night Cream,3,0,96.0,True
ORD008388,CUST05992,2025-01-27,Retinol Night Cream,1,0,32.0,False
ORD008389,CUST05992,2025-02-10,Retinol Night Cream,1,0,32.0,False
ORD008390,CUST05993,2024-11-04,Niacinamide Serum,1,0,19.0,True
ORD008391,CUST05993,2024-12-23,Gentle Cleanser,2,0,32.0,False
ORD008392,CUST05993,2025-07-02,Hydrating Moisturizer,1,0,28.0,False
ORD008393,CUST05993,2025-07-16,Retinol Night Cream,1,0,32.0,False
ORD008394,CUST05994,2024-11-12,Eye Cream,3,0,78.0,True
ORD008395,CUST05995,2024-03-16,Niacinamide Serum,3,0,57.0,True
ORD008396,CUST05996,2025-01-29,Eye Cream,1,0,26.0,True
ORD008397,CUST05997,2024-11-15,Vitamin C Serum,2,0,44.0,True
ORD008398,CUST05998,2025-03-21,SPF 50 Sunscreen,3,0,72.0,True
ORD008399,CUST05999,2024-11-08,Face Mask Set,1,10,18.0,True
ORD008400,CUST06000,2024-05-05,SPF 50 Sunscreen,3,25,54.0,True
